target,ceiling,GradDot_ALL,GradDot_head,TracIn_head_last5_lr,KFAC_embed_1e-4,datamodel_LOO,draw
C1,0.8430001509130237,0.17638864241348715,0.17019956724108407,0.3393676219534343,0.31151678367762053,0.6024033167805642,boot0
C1,0.9352837700212943,0.41373167603487904,0.41373167603487904,0.5392457800005165,0.06973005775868746,0.7028789822075697,boot1
C1,0.9284882366643371,0.406457819760466,0.40083858722921534,0.5422559392656908,0.16014812714064444,,boot2
C1,0.9138647525500566,0.2673785430558801,0.2673785430558801,0.5985092654168988,-0.03520642737746464,0.669873645236084,boot3
C1,0.9426745736220291,0.3948063557219732,0.38650435291473545,0.5267159558814175,0.1697298351701941,0.3809696843765769,boot4
C1,0.9463074949606011,0.325291819620786,0.325291819620786,0.41442545381066237,0.1497812615768026,0.5807469774020813,boot5
C1,0.8810508392118706,0.42932921998415474,0.4273552925359518,0.369124432813963,0.17765347033827095,0.13718795765010924,boot6
C1,0.9351358859206444,0.25292766825815727,0.24548861919174086,0.46122104211781617,0.1887658700603159,0.305001011723072,boot7
C1,0.9058039961941008,0.3455973693825356,0.33599744245524293,0.28127785896967483,0.2572780416514432,0.5126360979174278,boot8
C1,0.9471756843358051,0.5315574176955596,0.5260490506728077,0.6352983299573874,0.2478765160238361,,boot9
C1,0.9122724048238353,0.34981923501701717,0.34981923501701717,0.5137672143710416,-0.20398178826605362,0.5757242995920391,boot10
C1,0.8981508096196225,0.3369241472713611,0.3369241472713611,0.6080125416276286,0.24882041910557412,0.7890608621441357,boot11
C1,0.9002582002486371,0.2994310047016007,0.2994310047016007,0.44818060058562187,0.3882943996453017,,boot12
C1,0.908866644527729,0.18274073267155957,0.18274073267155957,0.3721787696818674,0.23249213633083235,0.6046709060126998,boot13
C1,0.9071038251366119,0.47163960188580406,0.47163960188580406,0.5234049240440021,0.19747511786275537,0.3288056574122578,boot14
C1,0.9388696655132642,0.5075483388526866,0.4964341416515329,0.46123918384787943,-0.17967952141865182,0.6298045080653775,boot15
C1,0.869501105922831,0.0020001474672499816,0.0020001474672499816,0.3800280187774965,0.030002212008749727,,boot16
C1,0.8665483934555489,0.09432725402539857,0.08529592119317957,0.1113864382640345,0.07124718123195001,,boot17
C1,0.8308255388369256,0.3569001255613016,0.3537602417587094,0.31503500819340696,-0.18629977228713102,,boot18
C1,0.9444214970856853,0.27438006820285066,0.2679348988155354,0.4640521958867004,0.19059286616775198,-0.035908800872185155,boot19
C1,0.9100559188702493,0.24078787933673235,0.23314381967524875,0.43475589324687786,-0.07739610407252112,0.36691486375121124,boot20
C1,0.9008363201911588,0.41024679967708455,0.40735093991465804,0.5096713181870604,0.20174489678237809,0.4643028485757122,boot21
C1,0.9254344982246309,0.289405773688277,0.289405773688277,0.4754523424878837,-0.05449848985038983,0.6962651892954976,boot22
C1,0.9161679468451062,0.4982948166899988,0.4982948166899988,0.5419549339618844,0.10630289422719975,0.8228982972766264,boot23
C1,0.8788144681680803,0.47197972236424496,0.4670323458195464,0.4828639507625818,0.24440040130811005,,boot24
C1,0.9220097487814022,0.387622045016532,0.3838495676927701,0.6573541736655056,0.23012111674947397,,boot25
C1,0.9407755365202173,0.5786160512851073,0.5592056086701118,0.5906320395705809,0.15528354091996494,0.16729952920543842,boot26
C1,0.9489077780824421,0.32806596701649177,0.32440042548558123,0.4600254621292706,0.12737756819914067,,boot27
C1,0.8722173188192605,0.4855192068908204,0.4855192068908204,0.534370215387022,-0.2741638231929684,,boot28
C1,0.8943370829727909,0.2362692455105494,0.2284908341357165,0.4112835014442897,-0.2294631355575706,,boot29
C1,0.9302823124505837,0.4253033392312942,0.4224991413902087,0.45988844593801487,0.26546406228942326,,boot30
C1,0.9301827991999627,0.5637040660587799,0.5580950703766029,0.5982928727655374,-0.01682698704653074,,boot31
C1,0.9457279061239456,0.4431828986631151,0.4431828986631151,0.6169620850683616,0.19952425105787547,,boot32
C1,0.931723176962378,0.4041133122372014,0.4003801638562573,0.48157614114179204,0.18012440938055396,,boot33
C1,0.9278888733510465,0.29988598587273224,0.29426312363761853,0.6025834028630213,0.3214402911073349,0.7403435276233078,boot34
C1,0.9569634030202712,0.5406594470748703,0.5342987476975188,0.6887728754331961,0.007269370716973046,,boot35
C1,0.9147359977351012,0.31180295955395865,0.31180295955395865,0.4097166938041348,0.028518563373837687,0.40211174357111135,boot36
C1,0.8264707383029746,0.26198355137778684,0.26198355137778684,0.3619371151564605,-0.01893856997911712,,boot37
C1,0.8179061520275479,-0.2200741485484479,-0.2200741485484479,-0.0893054515848774,0.05847380758533639,0.831391227849692,boot38
C1,0.9350865820909343,0.5347098435333729,0.5282003323947058,0.4947228465387033,0.15994798797867849,0.3505836713253593,boot39
C1,0.8863064110013558,0.397350068409851,0.397350068409851,0.5239134235329888,-0.3482945044086348,,boot40
C1,0.9453895180888624,0.4451811207598257,0.4415019379436288,0.5997067990400957,0.24834484009329116,,boot41
C1,0.90183346065699,0.41075741671730837,0.407864758853102,0.5534618713514906,-0.02314126291365118,,boot42
C1,0.8545246277205039,0.27678750437113886,0.27373470101410424,0.21776663946846955,-0.031545634689357734,0.3052803357034619,boot43
C1,0.8960353268695401,0.3561583178841263,0.35324694198861567,0.5502500442514975,0.18050530552165525,,boot44
C1,0.921200750469043,0.45026299477552467,0.44743115204108747,0.529554591339768,0.015103161250332064,,boot45
C1,0.9367112015163422,0.47994004626351316,0.4678719213091114,0.47437014243840464,0.032491105646466074,0.4084596138412878,boot46
C1,0.8641975308641976,0.15696894409937884,0.1539503105590062,0.24752795031055896,-0.023142857142857142,,boot47
C1,0.9298343569700354,0.608804086747659,0.6022578062449959,0.5798134159501513,0.14682371984544157,0.46104518397326555,boot48
C1,0.9191221391982705,0.47587941329468203,0.4588499313079936,0.423844885002023,0.019867728984469826,-0.05960318695340948,boot49
C1,0.899152826305461,0.5802563426048074,0.5802563426048074,0.5609144645179807,-0.282391420067673,0.4912837034054037,boot50
C1,0.9214536928487691,0.5294092266843676,0.5294092266843676,0.501098572850979,0.10569310764465095,0.18024449607257437,boot51
C1,0.9195791055993987,0.3555501856754499,0.3555501856754499,0.6089742541888026,0.3498765124997778,0.24775039533768053,boot52
C1,0.8844698806867786,0.11797781740847058,0.11306207501645096,0.37064697635827837,0.013764078697654902,,boot53
C1,0.9040312589345278,0.19910815939278936,0.19910815939278936,0.49248008506815527,0.06059813546737066,0.549230719870931,boot54
C1,0.9356779268857011,0.28716681718487935,0.27973207758138735,0.5492413882079731,0.22861824280737966,,boot55
C1,0.9157080897605129,0.4577118401260654,0.443467695723802,0.5526728028078217,0.016143363655898572,,boot56
C1,0.9374480273491639,0.5092456226056101,0.49625939543533965,0.502752509020475,0.21241757299942574,,boot57
C1,0.9423828574056192,0.6920477255273016,0.6892795346251925,0.7354160496603458,-0.02306825751757672,0.643143019590039,boot58
C1,0.9468382251934613,0.40225410749504825,0.39674377725539,0.5427675286063323,0.045001030290541935,0.39858055400194276,boot59
C1,0.9005736137667304,0.19118249792301298,0.18828579340902793,0.2568411335733407,0.19214806609434135,0.30898181482507153,boot60
C1,0.8739290085679314,0.3512373645110218,0.3512373645110218,0.520388503227378,-0.02686518085495067,,boot61
C1,0.9091254031493076,0.430418451041591,0.42085359657400007,0.4552870726573273,0.18364520577774548,,boot62
C1,0.9078822412155746,0.3754557031107877,0.36875113698380935,0.40418955794069483,0.3955694014917227,,boot63
C1,0.884632171087726,0.36664710677223605,0.36664710677223605,0.4118636400470963,-0.032437947784138846,,boot64
C1,0.9270886784531418,0.3714292214866703,0.3714292214866703,0.7222234862240813,0.03095243512388919,0.7681831626201592,boot65
C1,0.8608221892025754,0.19698053734927704,0.19698053734927704,0.20001100715465053,-0.21011257317256218,0.4495196877970682,boot66
C1,0.9243791797222091,0.37345864000105583,0.37345864000105583,0.5484291867018023,0.34617828594556316,0.41296811828832125,boot67
C1,0.9049704818129878,0.3574462011418533,0.3574462011418533,0.3478374322939541,-0.03939595227638706,0.5746043771043772,boot68
C1,0.8975170165851787,0.4214525881686373,0.41854601859506047,0.40691974030075334,0.2974389530293602,,boot69
C1,0.8867376573088093,0.44422726409720903,0.44422726409720903,0.5403294095310422,0.15886273020694894,0.5216973609265236,boot70
C1,0.9227670835089691,0.3948426776359054,0.3948426776359054,0.5484449603439068,0.3496101035869234,-0.14606352036650438,boot71
C1,0.866380797476465,0.3733673020128916,0.37035627538375543,0.30009898737057683,0.20374613523821772,,boot72
C1,0.9427231773466949,0.5174648281476582,0.5174648281476582,0.64844523028129,0.17525546764359184,0.7914167959905359,boot73
C1,0.9080377913877414,0.1599243915634988,0.15322097395305279,0.3648574442257069,0.37156086183615294,,boot74
C1,0.9135055978081157,0.4807090792177599,0.4807090792177599,0.6101673658981864,0.004759495833839208,,boot75
C1,0.9398967551622418,0.2942043768229655,0.2942043768229655,0.3756194244972453,-0.04163269483343852,0.6651979463387178,boot76
C1,0.8653741798628583,0.546634611094863,0.5426152389544595,0.43710672026887015,0.23111389807319574,0.4260534468827608,boot77
C1,0.9140698772426817,0.4946819978440532,0.4889741286381602,0.4433111749910169,0.1674308300395257,,boot78
C1,0.9085559720969961,0.4220744485168885,0.4220744485168885,0.6144485168885315,0.014356273759077842,,boot79
C1,0.9204918802215338,0.54980056575832,0.5469665422234833,0.46194583617838236,0.04912307460383616,,boot80
C1,0.9246809107485157,0.24168149063298258,0.24168149063298258,0.42035652261845613,0.07617198732012292,0.5595349685860882,boot81
C1,0.9342477179000046,0.41884431754958745,0.41884431754958745,0.6245434157239405,-0.10610722711256215,0.7706735442912409,boot82
C1,0.9415554532903819,0.5144124272174763,0.5097947214076246,0.6714144247524331,0.3481750180628161,0.3804989587317778,boot83
C1,0.9210489280855655,0.3077776350695997,0.3077776350695997,0.37764127002404874,0.19354115088732501,0.4824367224557223,boot84
C1,0.8834409437351328,0.41537187555249727,0.410450407832681,0.3267854565958036,-0.08858641895669375,,boot85
C1,0.8891035548686245,0.13105530676643423,0.11931901063809683,0.2709128356291215,0.3080777733688566,,boot86
C1,0.8990474366952276,0.42266957725481846,0.4168663336311825,0.6209470677290466,0.11026162884908307,0.70702851481298,boot87
C1,0.9317231769623779,0.5879708699986996,0.5879708699986996,0.6225024925224327,0.07186310633317439,0.600103602236768,boot88
C1,0.9263875274237968,0.31914524446937065,0.31914524446937065,0.44117136735471824,0.33885715662777294,,boot89
C1,0.9083487588400018,0.40876848700741075,0.40302466751784527,0.5169437540608941,0.12827863526696262,0.5370471222743733,boot90
C1,0.9189189189189189,0.23941176470588238,0.23373401534526853,0.4286700767263427,0.2441432225063939,0.047314578005115085,boot91
C1,0.911603255725913,0.47026560017333535,0.4664500577784199,0.579008558428427,0.10111187346526074,,boot92
C1,0.9427231773466949,0.34128696330594205,0.3274510053340795,0.36250209886279794,0.1697210844548469,-0.00830157478311751,boot93
C1,0.9236241108199176,0.31633422040499815,0.31068539504062315,0.3266904002396856,0.3878860083537477,,boot94
C1,0.9444699403396053,0.6702632357290742,0.6619770144082479,0.7733806566104703,-0.14178645371191953,0.4934905142181096,boot95
C1,0.8595229830911886,0.4724561931564505,0.4673977756708354,0.5442857214521849,-0.07891131277559557,,boot96
C1,0.8884593079450996,0.1732358951072766,0.1732358951072766,0.533409959511106,0.13506527415143602,0.43945150792749826,boot97
C1,0.9031950405340962,0.2329893026031863,0.22336164547082324,0.1367127312795556,-0.10012763417657593,,boot98
C1,0.9171884562873688,0.2967480796097177,0.28916346415643424,0.36880192641591114,0.1488480782706891,,boot99
C1,0.8953460448585562,0.3933383244007221,0.3933383244007221,0.644880610869332,-0.11848710018984712,0.3642021522228909,boot100
C1,0.9187664535539676,0.4117051380163377,0.4012942034917866,0.48363523109505413,0.08044813041698552,,boot101
C1,0.9171374764595103,0.19815909293813055,0.1905740558878672,0.2986608338541202,0.324260333898759,0.5281082046245871,boot102
C1,0.9320208023774146,0.5075460516055244,0.5075460516055244,0.6558913130122861,0.3368090526279307,0.748257230491968,boot103
C1,0.8404920346844121,0.420043812067095,0.420043812067095,0.4583236668613869,-0.1707074605691396,,boot104
C1,0.9349879607334691,0.6519498036243366,0.6519498036243366,0.7384424309239991,-0.33016002893957136,0.4603639840143319,boot105
C1,0.8805062058895109,0.49082438051289445,0.47897349003773393,0.4315699281370923,0.07900593650106953,0.5016876967817915,boot106
C1,0.9011514022263629,0.0443876577245255,0.03859796323871782,0.29816926601909516,0.3155383494765182,0.5413364344230174,boot107
C1,0.9310777524747874,0.4735045639803638,0.46136342131420055,0.477240300185337,0.010273274563676531,0.3436877308575422,boot108
C1,0.8999952173705102,0.5130462046052114,0.5130462046052114,0.557490885230145,0.308214198246822,,boot109
C1,0.9074672240167205,0.43024670453717856,0.43024670453717856,0.6918443667613429,0.45707723399606726,0.48199129706503524,boot110
C1,0.8976226993865031,0.16952992961016286,0.16177998997084111,0.37780955741693434,0.39621566406032344,,boot111
C1,0.8916196809792298,0.5363955953057953,0.5295687422746308,0.5227418892434661,-0.0994770013112566,,boot112
C1,0.9082451227037547,0.4337078544453079,0.4337078544453079,0.5045563781295304,0.0507428615576188,0.6184884635136179,boot113
C1,0.8850647147219931,0.20337495892211638,0.20337495892211638,0.24070949244405077,-0.02849214400358152,,boot114
C1,0.9199342568678093,0.1644730008655703,0.1540752824200457,0.39794904232416717,0.22591406440730627,,boot115
C1,0.9265378512088117,0.390420240212354,0.3847891790554451,0.579999299161622,0.08540442754645243,0.6297403393809845,boot116
C1,0.8587873375012404,0.3442670391173722,0.34224193888727,0.5822163161543795,0.2500998784176204,0.23288652646175179,boot117
C1,0.9075710078844874,0.7099696007135642,0.7099696007135642,0.6975139936835015,-0.008623112559274058,0.17150412756778405,boot118
C1,0.9032996376120541,0.5025055082256169,0.4967295828437133,0.513094704759107,0.20023207990599293,0.36869657021151586,boot119
C1,0.9221107882650669,0.541291177952394,0.541291177952394,0.7666719994343142,0.10090271087265883,0.5045135543632941,boot120
C1,0.9237248479176415,0.4104365446456103,0.40196423065063214,0.525283467688648,0.3172410907008502,,boot121
C1,0.9260867535135637,0.34084514513944003,0.34084514513944003,0.5812207846868136,-0.12957749319350614,0.38967144692250033,boot122
C1,0.9183596689240029,0.3986313520830736,0.3986313520830736,0.49899934096859805,0.365490978394457,,boot123
C1,0.9205425447036185,0.620616994959235,0.6158938823644158,0.5082069152025394,0.142638000363538,,boot124
C1,0.9378896328792427,0.2364234795453086,0.2299334232440648,0.4923171279943484,0.24847644124761842,0.6786744589300623,boot125
C1,0.8682216317291604,0.5348263728031699,0.5167985175401418,0.2814348516061625,-0.051078923245246564,0.20231259795176093,boot126
C1,0.9465970504717413,0.5842438215767286,0.5805693321328498,0.6953971272540621,0.24251630329600052,0.36193721022206143,boot127
C1,0.9333085984602542,0.4313778918531193,0.4276510850120556,0.49566530986146756,0.27951051307977487,,boot128
C1,0.9418476260581523,0.482862191413086,0.4800924274088044,0.6241201556314456,0.22435088434680664,0.3785344139184804,boot129
C1,0.9640572921358436,0.6530371405588553,0.6503311855565395,0.7441376256368172,0.1695731801451171,0.5745644454916999,boot130
C1,0.8900149606679215,0.4592008789011848,0.4592008789011848,0.6321339758490778,-0.0009770231465982657,,boot131
C1,0.9223633041278171,0.5109747381719076,0.5109747381719076,0.602422246663928,-0.08390544593597744,,boot132
C1,0.9360225748253689,0.35394909987923895,0.350233098830638,0.49051213841532326,0.1718650484977932,,boot133
C1,0.9270886784531416,0.5468263538553758,0.5411986383783052,0.47554195781247954,0.1894664210613824,0.4089473246671422,boot134
C1,0.946452292611424,0.4786754512589799,0.47408163694747346,0.5916832833220405,0.2912478273495137,0.0909575233678292,boot135
C1,0.9284383153186729,0.41116262021538413,0.3989869617579809,0.4102260311032762,-0.005619534672647619,0.06556123784755556,boot136
C1,0.8855509254772749,0.41830997173770296,0.41830997173770296,0.6245191127351623,-0.061862742299237765,,boot137
C1,0.9205932044302609,0.5280149301368892,0.5280149301368892,0.6649776579899284,-0.10579190013476134,,boot138
C1,0.8511488511488512,0.39843845682792395,0.39537354562155536,0.3310104102878138,0.23293325168401713,,boot139
C1,0.9447605065149567,0.5513244484983616,0.5513244484983616,0.6608530117225769,0.1306979493936016,0.7262019864193777,boot140
C1,0.9138647525500566,0.5338055610475043,0.5338055610475043,0.4643442313568308,-0.07421895501195247,,boot141
C1,0.873267035712536,0.23599534631876257,0.2260377367694477,0.07567783257479305,0.0945972907184913,0.874278118429846,boot142
C1,0.8703339882121807,0.35868289331632147,0.35868289331632147,0.5065521640985376,0.13088428697615073,0.7573304544116204,boot143
C1,0.9097459233978006,0.5276198416006669,0.5228406763687767,0.45688819616869336,0.12330246298276455,,boot144
C1,0.8895326380842022,0.36169457607279726,0.36169457607279726,0.45065189072853934,0.12121656062980234,0.42034775057108875,boot145
C1,0.9465970504717413,0.4115428177144252,0.4051124611876373,0.48135811714812227,-0.13779335414545482,,boot146
C1,0.9196298557940719,0.46710664588024714,0.4567054857493105,0.33567380422568366,0.04538688057136005,,boot147
C1,0.9036133091810468,0.3685685844564529,0.35798306375404826,0.36471930420103305,0.1732176114938943,,boot148
C1,0.8645339652448657,0.05029098059467296,0.04224442369952529,0.1388031064412974,0.3037575227918247,0.23033269112360216,boot149
C1,0.9184105337408888,0.24711881386495688,0.24049110621340633,0.5122271199269796,0.1410754914401478,,boot150
C1,0.9258861439312567,0.49963885806516695,0.49682134570765657,0.5625633007162312,0.30616967618279023,,boot151
C1,0.9471274891279469,0.6022787736146425,0.5986063420682118,0.6729730808834345,0.12761699623846848,0.5086317691806586,boot152
C1,0.9264877479579928,0.24871865075019167,0.24871865075019167,0.4589563027050707,0.30221662468513855,0.6785795641222212,boot153
C1,0.8912456613960663,0.3629507271461629,0.3629507271461629,0.5795503546366151,0.11610520572686395,0.4575911049235226,boot154
C1,0.9187156222086407,0.2612342646607308,0.25555525890723657,0.35777736247013125,-0.030288030685302118,0.37292137781278234,boot155
C1,0.9362686152992321,0.2526216678264306,0.2526216678264306,0.5108158724431501,0.09008934477633739,,boot156
C1,0.9437913299044818,0.5150364716435089,0.5104297053497386,0.5758457867212755,0.31233875471761985,0.8255325198436206,boot157
C1,0.927788914269731,0.05248570167734945,0.04686223364049057,0.4320697941653231,0.3111652313728574,0.3720861351054951,boot158
C1,0.9274389106509979,0.2325243974955402,0.2325243974955402,0.4078552939941935,0.12563818251775158,0.8250865717583685,boot159
C1,0.9250327163955879,0.4051560577835577,0.3995158342413272,0.4643784049769779,0.12690502970018627,,boot160
C1,0.8936988936988937,0.5332016661206533,0.5263906959329806,0.540985632049422,0.27243880750690314,0.6538531380165675,boot161
C1,0.9132489132489131,0.5608261949323352,0.5608261949323352,0.7255510365678088,0.0666516700259142,0.3142150158364526,boot162
C1,0.8640853417621494,0.1086849168008588,0.10264686586747777,0.0543424584004294,0.3300801176914971,-0.06339953480050098,boot163
C1,0.9312764276752937,0.5714457031538119,0.5649095594902879,0.6405420790253513,0.027078309463170826,0.17180720486977352,boot164
C1,0.9361210046718165,0.4932472705242397,0.4932472705242397,0.5657016718441845,-0.02786707743074801,,boot165
C1,0.9445668135095447,0.369159330167796,0.36271515233444296,0.4741073691681171,0.24027577350073503,,boot166
C1,0.9128379655889581,0.10859587190663161,0.10192770433341738,0.3419817369691293,0.28577861028060947,,boot167
C1,0.9441307441582886,0.5074831401764837,0.5074831401764837,0.5599813960568096,0.2560441251707123,0.7248443399616928,boot168
C1,0.9165253438854343,0.4667913329519451,0.4667913329519451,0.5721040117276888,-0.07590102974828376,,boot169
C1,0.950825654593559,0.49659357713198665,0.49659357713198665,0.6575520846370136,-0.08779554954819653,,boot170
C1,0.9145823501651721,0.1815986898191771,0.17779557589626244,0.25956252523892853,0.34988648090815283,0.3451325885045094,boot171
C1,0.9371534195933456,0.49919903953348765,0.49270388474401844,0.6365251693679788,0.34331532458622754,,boot172
C1,0.9224642773483249,0.5297718992205269,0.5250586260957891,0.5175173890962087,0.32615850023185466,0.24414754786141724,boot173
C1,0.9174942344801618,0.29191037599082886,0.29191037599082886,0.39047751593578406,0.2710596348486268,0.5430670306582628,boot174
C1,0.9269385089110759,0.5300290613702611,0.5281528523034636,0.7092070272494112,-0.1679207114783659,,boot175
C1,0.9487156047170673,0.4766169237601281,0.46470150066612487,0.5050306249842895,0.4537026485793526,,boot176
C1,0.877775067089534,0.44579114000531694,0.44579114000531694,0.4210249655605771,-0.0881675810232738,0.6023133624960727,boot177
C1,0.9220097487814022,0.488535813427162,0.4828770974415192,0.5224881093410189,0.1744770762239864,,boot178
C1,0.9142236699239956,0.42611587317979965,0.42611587317979965,0.4736734483114737,-0.06467830217907673,0.10652896829494991,boot179
C1,0.9334569904938556,0.43876174431413206,0.43503552992505246,0.42571999395235327,0.20680489859392218,,boot180
C1,0.8946559015763168,0.3800343790287924,0.3800343790287924,0.5034726555931316,0.22257767978924156,0.8524044767474448,boot181
C1,0.9407267535577766,0.2810038356910842,0.27823077152308007,0.4011699496379294,0.21445029565898532,0.672005883379665,boot182
C1,0.9360717920251642,0.5490102873054479,0.5452944816384059,0.47933893104841135,0.2368826112739242,,boot183
C1,0.9453895180888624,0.40654970118975814,0.4019507226695121,0.5905088419996034,0.4552988735043671,0.6199423045291789,boot184
C1,0.9303818071896943,0.35516040839921936,0.35516040839921936,0.41497689823487743,0.17571093889224537,0.36357210228235876,boot185
C1,0.8823557996015355,0.29762222424419466,0.29762222424419466,0.39420162151548954,0.2739701269532653,0.6425486430702481,boot186
C1,0.8906038973567431,0.5311491221460327,0.5243144827066536,0.36028313616155533,-0.17770062542385653,,boot187
C1,0.8942307692307692,0.4725946704067321,0.46967741935483875,0.5688639551192146,0.14586255259467037,,boot188
C1,0.9266881329040085,0.6033641900975184,0.6033641900975184,0.6286998559336506,0.11260295927169862,0.5142201806740904,boot189
C1,0.9307298930729893,0.2531907223211571,0.2531907223211571,0.4596672892325066,0.1868566216392303,0.6427867784389523,boot190
C1,0.9344452165855918,0.5173960466469789,0.5173960466469789,0.7230516695048608,-0.03908387402728977,0.8356504494406242,boot191
C1,0.9252336448598131,0.3402195871761089,0.3402195871761089,0.4981115502854633,-0.03007465963987703,,boot192
C1,0.9146335708555517,0.1987015742979816,0.1987015742979816,0.4658553655789998,-0.07510729363416527,0.3679306662838223,boot193
C1,0.9321695529040346,0.23041152548538954,0.22388164419632994,0.48787541631116904,-0.02985088589284399,0.747204987505251,boot194
C1,0.9176470588235294,0.34303232998885175,0.33639910813823853,0.5723522853957635,0.26343366778149385,,boot195
C1,0.8913525498891353,0.12292018170019466,0.12096906770495347,0.2819359723123513,0.16389357560025955,,boot196
C1,0.9419936519619116,0.26862546019694516,0.2640099024616025,0.5381740319409588,0.025847123317919128,0.4421704310458307,boot197
C1,0.9519730246969834,0.5087831414562678,0.5014756636615638,0.6211356125498422,0.4229202773684955,,boot198
C1,0.9411656385231564,0.3834283259465942,0.37234124182283723,0.4924513198302042,0.06005503900368343,0.50723409866188,boot199
C1,0.8939117052996056,0.39688775366996937,0.3881328767507788,0.4416349023680542,0.08657600508977273,,boot200
C1,0.9028287935887038,0.15217869137923903,0.14351028490826973,0.3361415398186989,0.08090512706238025,0.5692253582603183,boot201
C1,0.7966935230720936,0.1353419901554345,0.1353419901554345,0.4453188063178813,-0.0982320896289444,,boot202
C1,0.9252838652399419,0.5103016823070134,0.5037232075811403,0.5469531843511635,0.08176104302156569,,boot203
C1,0.945776229545767,0.4799370393314537,0.4762593608691438,0.5921062324319085,0.26111517082400937,0.23996851966572685,boot204
C1,0.9268383725270622,0.6379800031518674,0.6379800031518674,0.6764464445183771,0.09663520635976816,,boot205
C1,0.8999426057011669,0.1913165483584738,0.17875536083998814,0.10145574534161492,0.13044310115350488,,boot206
C1,0.9038745651241481,0.436767029329372,0.4309947778404376,0.39251310124754135,-0.08850785616366129,0.5060340471965852,boot207
C1,0.8917798978510166,0.27985068736433594,0.27595032935228947,0.3227546254968474,0.04875447515058118,0.7420431117918457,boot208
C1,0.9395057174474363,0.2859968249091002,0.28044348850309825,0.5655147573445315,0.25545347467608953,0.6950926068179103,boot209
C1,0.9320703904907832,0.4496768045189321,0.4496768045189321,0.5793553850752218,0.4888602605143577,0.815389060476238,boot210
C1,0.9287377736376339,0.14886965243556757,0.14325192970214995,0.3426810867384763,0.13295277135755093,0.7480934106667829,boot211
C1,0.9147359977351012,0.20248179995424753,0.20248179995424753,0.36123513606861063,0.05798774552680329,,boot212
C1,0.9130434782608695,0.33714285714285713,0.33238095238095233,0.35333333333333333,-0.08095238095238094,,boot213
C1,0.9037700776893379,0.45798489427367317,0.45798489427367317,0.6321346124743767,0.026940287898451366,,boot214
C1,0.8827358398911881,0.2777924949037698,0.2777924949037698,0.5043608418110997,-0.181254677525864,,boot215
C1,0.9001530221882174,0.3748154991777379,0.3728834605221825,0.4047620983388458,0.22121842606108755,,boot216
C1,0.9041879079517842,0.41930491598968145,0.41930491598968145,0.5702931540868832,-0.11829014831818994,,boot217
C1,0.931524667843538,0.5470227842392389,0.5423553543395865,0.6273025785132568,0.20536691558469716,0.21003434548434938,boot218
C1,0.856460995376125,0.141126759852397,0.141126759852397,0.5157726187411344,0.13401965683824751,,boot219
C1,0.9073115112356882,0.3431063575971989,0.3431063575971989,0.538619477568787,-0.15813561174172572,,boot220
C1,0.9390654550486646,0.2185336391633243,0.2083477492023219,0.3370603587095341,0.4639209882238367,0.4454011882947415,boot221
C1,0.9518775063798759,0.6275926265132467,0.6275926265132467,0.7262534760961151,0.12698016751869184,0.7746703745025227,boot222
C1,0.9219592219357862,0.1726002961915077,0.15279370482526913,0.210327136889105,0.37443889392365326,0.04149952476735705,boot223
C1,0.949003838420764,0.32894905205332614,0.3216187110604944,0.4553974341796745,0.4407367521940108,0.8063375092114959,boot224
C1,0.9133002598629812,0.4017917631975527,0.398935423648755,0.5141411187835984,0.09711554465912414,,boot225
C1,0.8941244350418309,0.23632543698036976,0.23632543698036976,0.3306611052400235,-0.16046788930765848,,boot226
C1,0.9348893211077149,0.28461867144493935,0.278107786804042,0.554355320853542,0.18788552820875082,0.7552626183440874,boot227
C1,0.8426508327882051,0.6016211009507785,0.5985252805342223,0.5531199144247295,0.13827997860618238,,boot228
C1,0.9204918802215338,0.2380579769262829,0.230500580833385,0.2881257260417313,0.34480619673846535,0.35614229087781213,boot229
C1,0.9002056137330846,0.27240153534196465,0.27240153534196465,0.38541919362214133,-0.17483928332232482,,boot230
C1,0.8845780795344325,0.2890102974828375,0.2890102974828375,0.3538901601830664,0.170063882532418,,boot231
C1,0.8759102683153316,0.461631562859347,0.45766053866270745,0.4308561253353905,-0.1270727742924654,,boot232
C1,0.9150431624133213,0.23282341971606219,0.23282341971606219,0.36301447482259486,0.15584914625891505,,boot233
C1,0.921200750469043,0.5389940671212256,0.5342743292304968,0.5824156557159302,-0.07929159656424334,,boot234
C1,0.9224137931034482,0.45061357171881344,0.45061357171881344,0.7089150751726939,0.3506867127184071,,boot235
C1,0.8958233317330773,0.11939465958339157,0.11939465958339157,0.3591546670394705,0.15919287944452207,0.8687660189198005,boot236
C1,0.9514952589350838,0.3619017781258853,0.35733231123035647,0.5611305347709434,0.3299155098571833,0.7411675304547803,boot237
C1,0.9281386895330412,0.14334439428207166,0.13678615402080038,0.24921312992830758,0.21080057982657596,0.3279120130635626,boot238
C1,0.9434031606027196,0.5309178367575075,0.5309178367575075,0.6986731254551921,0.04516488541860741,0.12719906505648618,boot239
C1,0.8925802879291251,0.5591994821447835,0.5591994821447835,0.5114629409860826,0.07696299492933432,,boot240
C1,0.8895326380842025,0.07918178557269345,0.07918178557269345,0.4389212558288809,0.3802680813305895,0.5112601710434405,boot241
C1,0.933901918976546,0.49069485805042673,0.4851081993249949,0.5260770299781615,-0.1527020051618026,0.6210502283105022,boot242
C1,0.8827901102637586,0.35263687733551513,0.3437717044416055,0.4048428954885383,-0.21965928392687115,0.4097679915407103,boot243
C1,0.933506445330613,0.5598340517799911,0.5514505135669797,0.5188478649608237,0.20120491711227634,,boot244
C1,0.912786575277712,0.3534327786909238,0.34771688469592243,0.38677549366176567,0.01524238398667057,,boot245
C1,0.9303320621337549,0.4757534580040514,0.4757534580040514,0.5495933856706919,0.05514627509280753,,boot246
C1,0.9182070457645454,0.14015973060493625,0.14015973060493625,0.302101040966045,-0.1174311256419736,,boot247
C1,0.864590018265291,0.39526148025678837,0.38822119943796507,0.3349162160954466,0.07442582579898814,,boot248
C1,0.8281449024303255,0.36645550794185777,0.358055381685311,0.3454551923004906,-0.22890344049090258,0.5071576227390181,boot249
C1,0.8830071390413288,0.4008042832615151,0.4008042832615151,0.6371507893616715,-0.17725987957511727,,boot250
C1,0.9230697195298965,0.5275403487259109,0.5181199853558053,0.6622515449184203,0.0018840726740211105,,boot251
C1,0.8742046010768477,0.3183017673693948,0.3183017673693948,0.5361395394128243,-0.1422411022931983,,boot252
C1,0.8758003812503055,0.2700635261117069,0.2670848842795925,0.4338888268779998,-0.12708871817021503,,boot253
C1,0.9183087993227672,0.3399443773964702,0.3399443773964702,0.47819473700617676,0.048292933836267364,,boot254
C1,0.8914059864076733,0.23704613952351172,0.23216864694072342,0.32191451046402825,0.05950540951001734,,boot255
C1,0.9353330555941303,0.42114735614475257,0.41463956035443633,0.4936627949511338,0.15060898829017644,0.5968578424832917,boot256
C1,0.9123238437529555,0.2849865229110512,0.2716426723399652,0.27545520107456123,0.26306448268712423,,boot257
C1,0.926788297326303,0.33589585531471505,0.33589585531471505,0.5967311843021194,0.022518157898193183,0.3086864145210649,boot258
C1,0.9327146171693734,0.45775686783473934,0.44936621241617997,0.634892926670993,-0.05127622755786286,0.3794440839281851,boot259
C1,0.9203398582359291,0.32218721864203065,0.32218721864203065,0.494146379324874,0.02078627217045359,0.7577541036683535,boot260
C1,0.9043445121951219,0.45096319097088616,0.45096319097088616,0.5605789772623169,0.24327012220817532,0.5932714047527438,boot261
C1,0.8940180804000769,0.2344082541345506,0.23149030906233628,0.2431620893511936,0.07294862680535806,,boot262
C1,0.8997321086873326,0.23775192794925376,0.23388604294194884,0.3295666968727461,0.04542414883583303,,boot263
C1,0.9283384586711397,0.39621980918795763,0.3905996700505398,0.3222213105452894,0.05245463194923317,0.4421176121435367,boot264
C1,0.8862524817200135,0.4503574805319447,0.4503574805319447,0.5887025889306466,0.10694763698906748,,boot265
C1,0.8962472406181016,0.4220496894409937,0.4152580852430927,0.5064596273291925,0.1319511672735061,,boot266
C1,0.8643657729719052,0.27162413880458375,0.27162413880458375,0.6458618411575658,0.18108275920305586,0.40341214689125227,boot267
C1,0.9159636140830465,0.1870209091193829,0.17847680667230448,0.5211902492717827,0.14145236273496473,0.5999858607281725,boot268
C1,0.9164232544991989,0.3653143970889325,0.35487684288639154,0.35297910575865676,0.30363794043755427,,boot269
C1,0.9457279061239456,0.4937535613736366,0.48271996223679553,0.5489215570578418,0.09194665947367534,0.4726058296946912,boot270
C1,0.8992581957406077,0.5279714001434621,0.5279714001434621,0.5782543906333155,-0.18469329199157739,0.41773561330032155,boot271
C1,0.9161168708765315,0.5381884057971014,0.5334424762927179,0.5106620146716765,0.30184111647879763,0.07213812846663088,boot272
C1,0.8525816911948116,0.252940188770448,0.252940188770448,0.2559999491184776,0.22132266517414198,0.5109799781209453,boot273
C1,0.9038223238966733,0.331923644800675,0.32999944975835227,0.3655970580413231,0.1116033124547197,,boot274
C1,0.9257356375525454,0.29682621857587854,0.29682621857587854,0.510991971219234,0.035694292107225904,0.7843351028824638,boot275
C1,0.9514474583998176,0.3536945063644507,0.35003874919272515,0.5812653903043686,0.14714422616195494,0.27600966646528197,boot276
C1,0.9380857842005632,0.35687845859529144,0.3420471460302923,0.4236193651377874,0.29940712240591977,,boot277
C1,0.9403363280350149,0.354174850350425,0.3486264192744392,0.47716507253477625,0.28019576933728135,0.6917044074728927,boot278
C1,0.926036608143444,0.41316800252556257,0.4047168388375397,0.6920564042303173,0.03662170931476577,0.768116877422523,boot279
C1,0.9106237862928054,0.26833015979267205,0.2549613973830727,0.25687122058444406,0.1728389997241055,,boot280
C1,0.9306304630835038,0.48774788864560514,0.4737321447190074,0.5251232057831995,0.4186035519410558,,boot281
C1,0.8986784140969163,0.36188405797101453,0.36188405797101453,0.4015558397271952,0.4954134697357203,,boot282
C1,0.869612227846857,0.3179828092057735,0.3139830254421789,0.2449867555201714,-0.10099454003076454,0.5759688619576274,boot283
C1,0.9331601651282526,0.4025591618148575,0.4025591618148575,0.7110014825572599,-0.0027955497348254,0.5004034025337465,boot284
C1,0.9507299270072992,0.4810948844195944,0.47286322289910704,0.5926796294750898,0.012804806809647,0.856092798130685,boot285
C1,0.8901220865704772,0.03223788355198959,0.023445733492356065,0.05079908923343814,0.06252195597961617,0.23250352379919764,boot286
C1,0.9360225748253689,0.6902471947776234,0.6902471947776234,0.6521581840294639,0.06410101808836612,0.6289331774757081,boot287
C1,0.9326650888672328,0.3281852834156113,0.3169971487537155,0.40743457060404026,0.3645467210667728,,boot288
C1,0.8629060167103376,0.09069454616108927,0.08464824308368332,0.2851839618176474,-0.045347273080544634,,boot289
C1,0.9061682598563751,0.1535370868150474,0.14010259171873074,0.021111349437069018,0.3617717608079554,0.20727506720031397,boot290
C1,0.9142236699239956,0.6420272642775999,0.6420272642775999,0.5697397500774553,0.10082205927914901,,boot291
C1,0.9158614188074476,0.41870773568439656,0.4149099330931549,0.5506813757300454,0.12152968291973414,,boot292
C1,0.9188172801203403,0.41452155228023974,0.41452155228023974,0.5896048563255464,0.04164143447564052,0.3246139096623795,boot293
C1,0.9073115112356882,0.5434114658033847,0.5414946705095456,0.5529954422725802,0.22138985643841602,0.732215802246536,boot294
C1,0.8874377206984957,0.6143725678859032,0.6143725678859032,0.4928698590855013,0.03331525886462633,,boot295
C1,0.9200356857773394,0.5812628976927277,0.5812628976927277,0.656874331538936,0.04442171738464747,,boot296
C1,0.8874377206984956,0.25966304703311704,0.25966304703311704,0.3243338436526858,0.3184546803236341,,boot297
C1,0.9286379727967207,0.4756849745271826,0.47100303580152136,0.4972218926652243,0.1844683857910531,,boot298
C1,0.9248317127898278,0.4870451308918934,0.4785829568030381,0.5716668717804463,0.014103623481425484,,boot299
C1,0.9040834802496783,0.10195287830944862,0.10195287830944862,0.29720225846810966,0.11349471358976355,0.6049845326098413,boot300
C1,0.8731566312282592,0.5985280039814006,0.5985280039814006,0.5885691353627417,-0.3595151571335867,0.6303963835611092,boot301
C1,0.9343464763934579,0.3704053745219029,0.3620293735905031,0.43927471551341246,0.160074684466752,,boot302
C1,0.94257735276539,0.34318484304818614,0.34318484304818614,0.5018617059629389,0.33488198394218166,,boot303
C1,0.9253340809270161,0.6239814530222265,0.6145841419827353,0.6869434369868186,0.08927445487516794,0.6634501593880903,boot304
C1,0.9206945096198966,0.6167366928156717,0.6167366928156717,0.7366839516021805,-0.13694765766963615,0.9199104728981076,boot305
C1,0.9034042147420616,0.49474699635616004,0.4918593679727583,0.652604014648787,0.3157140365852539,,boot306
C1,0.9133002598629812,0.47415236510042963,0.4589185541735082,0.45511010144177777,0.21517757934276524,,boot307
C1,0.9140698772426817,0.39669690980955796,0.38908641753503403,0.2730264103485447,-0.16838214157384115,,boot308
C1,0.9053873976775175,0.33134987384356607,0.33134987384356607,0.5090302409770724,0.1719177606318792,0.29773466925074044,boot309
C1,0.8891035548686245,0.13203333144379567,0.11736296128337395,0.04303308580390378,0.34426468643123026,,boot310
C1,0.9046575864368034,0.47868219396303113,0.47868219396303113,0.4642640555906507,-0.2893239766724345,0.6074842300896298,boot311
C1,0.83926318445622,0.28078459567570396,0.27560406808021126,0.29114565086668936,0.13676592852100708,,boot312
C1,0.9086595492289442,0.6660551708479964,0.6612702917470767,0.551218072425928,-0.08995572709728684,,boot313
C1,0.8809963997275468,0.2813020428155703,0.2753798945457689,0.24083402963859354,0.03849396375370963,,boot314
C1,0.9140698772426817,0.41001527128997484,0.41001527128997484,0.41286920589292125,-0.012367049946101329,0.42713887890765356,boot315
C1,0.8805606930789448,0.19059002778071496,0.19059002778071496,0.1965151063645714,0.2952664160955118,,boot316
C1,0.8183312782572953,0.18170593758871445,0.17745550630008955,-0.001062607822156225,0.12857554648090322,,boot317
C1,0.9102108505093578,0.5321270624448318,0.5283056831813141,0.5646087861847318,0.30857637552904965,,boot318
C1,0.8424178368312445,0.3540533646428071,0.34889223687833465,0.43147028110989327,0.2807653503872989,0.44798588995620486,boot319
C1,0.9422369389256806,0.4651280919477785,0.4651280919477785,0.5214233570446326,-0.20395497682630762,0.6690830687740862,boot320
C1,0.9392611723469999,0.368467223718986,0.36476403554090575,0.5147431567531564,0.369393020763506,0.7573019824174133,boot321
C1,0.8910318225650916,0.19713344626388105,0.19225390551477506,0.20884434406173535,0.36303783173348386,0.7046056841709014,boot322
C1,0.9225147568631124,0.135734838248152,0.13102182303120227,0.2761826917132537,0.2271673334569766,,boot323
C1,0.9172394313153187,0.4142865941285157,0.4114425213999446,0.5763987396570653,0.07110181821427614,0.46168780627136646,boot324
C1,0.889318137917713,0.4497827975673327,0.4497827975673327,0.5289836814867978,-0.11342348808219696,,boot325
C1,0.9248819707380919,0.24162895152039868,0.23316723726482053,0.4146239985233301,0.2115428563894541,-0.03384685702231265,boot326
C1,0.9224137931034482,0.44401462819991866,0.43741568468102404,0.4581552214546932,0.23661926046322634,0.15648923201950427,boot327
C1,0.9012563894329526,0.5094337639830567,0.5094337639830567,0.5200469673993704,0.1784947847289119,,boot328
C1,0.9397501498179136,0.5292803671744035,0.5292803671744035,0.6708536122402842,0.057369550288134646,0.7596838836541701,boot329
C1,0.9181052730608212,0.28887470651394254,0.28887470651394254,0.4735650926458075,-0.12312692408790994,0.7643340595303333,boot330
C1,0.9202891747253779,0.30897660637137053,0.3042521934299122,0.4261420473195355,0.22771670377828834,,boot331
C1,0.9273388676429437,0.4632235662494642,0.45384657098125647,0.5626197160924666,0.03000638485826489,,boot332
C1,0.9106237862928054,0.4287553087078638,0.4287553087078638,0.5595781980018001,-0.31034627022284134,0.5118326179675168,boot333
C1,0.9106753812636166,0.5920116496775534,0.5920116496775534,0.6502579571458289,0.12890576242978985,0.7237819846057832,boot334
C1,0.9574834557157103,0.5558048129883174,0.5530802795913158,0.6711433934613832,0.194350048986111,0.637540814898364,boot335
C1,0.8885667343191263,0.44722730325070226,0.4452700721642659,0.6204422544003179,-0.3669808287068126,0.5597680907207914,boot336
C1,0.9249824725403131,0.5715736977393062,0.5696935211020058,0.44842212799613335,0.2068194301030384,0.4822653074675396,boot337
C1,0.9111395161672111,0.14411003528683541,0.14411003528683541,0.3817484378459216,0.13742943762453178,0.5907557075665636,boot338
C1,0.9089184060721062,0.3434564763547245,0.3434564763547245,0.5529744939638741,-0.10810747027321412,,boot339
C1,0.9036655703322368,0.5282831614048445,0.5282831614048445,0.5484907140268879,0.24922648233853326,,boot340
C1,0.9353330555941303,0.5754750848865382,0.5680376039833197,0.5596704379671987,0.11714032422569276,,boot341
C1,0.9320703904907832,0.43381683423506934,0.4226215610935192,0.530842534795171,0.4431462285196945,0.721162178201524,boot342
C1,0.9112941399223705,0.561074987127255,0.5553497321565687,0.5963807261131536,-0.10019196198700982,,boot343
C1,0.907778516478298,0.39465669550660953,0.39465669550660953,0.5096052475959133,0.049811039238698285,,boot344
C1,0.941263119130915,0.634669830577669,0.622660066680275,0.6198885827039533,0.29192964550588557,0.46191399605361644,boot345
C1,0.9239766081871345,0.18634012107870113,0.18634012107870113,0.4131480462300495,0.13081452944413868,,boot346
C1,0.87177474737565,0.2753004726536124,0.27131061073109625,0.3381407979332413,0.12069332315611268,,boot347
C1,0.819362455726092,0.36295451697782233,0.3608319759428643,0.4064666081944619,0.1093108633003383,,boot348
C1,0.8745351340771187,0.3539768790627068,0.34900529368261257,0.2704542446771243,0.11136351251411002,,boot349
C1,0.9183596689240029,0.6315608357230643,0.6268264966246906,0.6647012094116809,-0.09373991414780115,,boot350
C1,0.9287377736376339,0.42694692773974097,0.42694692773974097,0.6123317779425232,-0.06460381143430291,,boot351
C1,0.8894790208101975,0.33629847110968447,0.33629847110968447,0.5415969563801315,0.21214176811279517,0.7185446984465642,boot352
C1,0.9069480087444161,0.30776894826533485,0.30776894826533485,0.44679230495839894,0.17353950042375582,0.08916670463762037,boot353
C1,0.8421847470425372,0.30768834948933177,0.30768834948933177,0.35828140024428906,0.005162556199485433,0.5059305075495725,boot354
C1,0.87127643912254,0.053893941842867,0.053893941842867,0.32236561509714895,0.2455168461730608,,boot355
C1,0.8705558829306619,0.2127576126196829,0.2127576126196829,0.4564799482027939,-0.1598179249725318,0.3925527782137812,boot356
C1,0.9440337909186906,0.415423596926369,0.40529131407450636,0.3785789320105048,0.3076529520474662,0.2505437214278767,boot357
C1,0.9425287356321839,0.48528101802757156,0.48528101802757156,0.6162884411452809,-0.18174973488865323,0.4751325556733828,boot358
C1,0.9126837800784758,0.05907089032920605,0.045732302190353076,0.2229449731779712,-0.0019055125912647115,0.45732302190353075,boot359
C1,0.9291367911351149,0.27608608503926024,0.27608608503926024,0.4726219421858523,0.12728036462826914,,boot360
C1,0.9168314966563058,0.6439948722988004,0.6392526420167768,0.6506339946936334,-0.03414405803056968,,boot361
C1,0.9405315767653968,0.3420822207174402,0.3420822207174402,0.5103496914487218,0.14422926062681266,0.2625712180641974,boot362
C1,0.9129921073774753,0.2866827964007436,0.28477792732166884,0.46193075167561676,0.018096256251209728,,boot363
C1,0.933506445330613,0.6697515527950311,0.6697515527950311,0.5803271451895747,0.024219110393144373,0.6539159806148981,boot364
C1,0.9301827991999628,0.44124099366458375,0.44124099366458375,0.6599918252694834,0.040197802388934535,,boot365
C1,0.928588065402711,0.43544370335149474,0.43544370335149474,0.5122316252328335,0.04494902744273494,0.5646721572493577,boot366
C1,0.9281386895330412,0.33915471065431335,0.3269751215976667,0.4675088414820507,0.201431665167617,0.4216011596531519,boot367
C1,0.9230697195298965,0.3928291525334015,0.3928291525334015,0.5925408559796392,0.036739417143411654,0.5887727106315971,boot368
C1,0.883332524154003,0.6014771711648847,0.6014771711648847,0.6526667176470026,0.16538161171145765,,boot369
C1,0.8973584543841985,0.6405273231532542,0.6405273231532542,0.7025450972558385,-0.05135846917870267,0.5688192718471409,boot370
C1,0.9046054198218795,0.44410427091392696,0.44410427091392696,0.552727177003264,0.23454857598051548,,boot371
C1,0.9178507575044698,0.1800046357793012,0.17432027885995488,0.5191712653003003,0.03126396305640495,0.5096973371013898,boot372
C1,0.8512636100289682,0.3922557472730426,0.388169749905615,0.44230921502402976,0.17059039009009924,,boot373
C1,0.87442497797788,0.36595477949406763,0.36595477949406763,0.4514768203540943,-0.12529973428329486,0.29336048899660305,boot374
C1,0.9241779316151364,0.40176716530893375,0.39518081833665614,0.46386700819040827,-0.05457258919887156,0.3180264680899756,boot375
C1,0.8881906511335621,0.20951240173969835,0.20951240173969835,0.5962292180349359,0.1889527735315971,0.8625253548255805,boot376
C1,0.9258861439312567,0.5278139816402704,0.5278139816402704,0.6724462826591345,-0.051654393221022894,0.5879209119338242,boot377
C1,0.8836577197495509,0.22141171806714463,0.2184595618262494,0.24207681175341145,0.06199528105880049,,boot378
C1,0.9187664535539676,0.2792023349765968,0.26216626030005874,0.46092046485967003,0.14480663475057398,-0.006625140151987044,boot379
C1,0.9385268598855454,0.4391711422023057,0.4391711422023057,0.5864880443334588,0.3900655081585879,0.43546505661410045,boot380
C1,0.8691120070803421,0.2421261942009308,0.2421261942009308,0.3301720830012692,-0.05002607318201049,,boot381
C1,0.9177489177489176,0.5486013125512715,0.5457588187038556,0.5637612797374898,-0.09948728465955703,,boot382
C1,0.8956642819417102,0.444654183040355,0.444654183040355,0.568924347732856,-0.15048340255732537,,boot383
C1,0.9099009431726621,0.32206085778862836,0.32206085778862836,0.5007711854042767,-0.0181577338219108,0.6106732585368947,boot384
C1,0.9334569904938559,0.6362511069353548,0.6362511069353548,0.7191593770923776,0.1825845050649042,0.5253962288602344,boot385
C1,0.859296731637157,0.31168056050469517,0.31168056050469517,0.5838950760104192,-0.16899562858533793,,boot386
C1,0.9165763813651137,0.28556172268475694,0.27892075238976255,0.47530373111316676,0.0882300339192106,0.6403792784458835,boot387
C1,0.9396035039188566,0.4016495285232751,0.39794768955071036,0.628387165592866,0.19342108631650812,0.6256107863634423,boot388
C1,0.9144798942797808,0.21680178077765414,0.20824381574695727,0.3603854162926795,0.36989426632678707,,boot389
C1,0.8672740704260035,0.4752522035404785,0.4752522035404785,0.5414265609954817,-0.15540947584129566,,boot390
C1,0.9322191272051995,0.40669669149489,0.40669669149489,0.5419513251342456,0.1035397540273688,0.5811285293608176,boot391
C1,0.9514474583998176,0.395735713839295,0.395735713839295,0.5401381221224558,0.2860629986875273,0.6424993229307723,boot392
C1,0.9167804832100975,0.28265265189248584,0.28265265189248584,0.4505369451306402,0.1527083119284907,,boot393
C1,0.9149407935085154,0.5198720805627915,0.5198720805627915,0.5940037483578515,0.22809743936941498,0.5265249225443995,boot394
C1,0.8882981294407656,0.3641550625275021,0.3582815937770586,0.41603736982308714,0.1321530468849806,0.7527829115151858,boot395
C1,0.9214031138623148,0.29067200113298397,0.2840658192890525,0.38221480668460556,0.2585848321767455,0.19912919558136236,boot396
C1,0.9042401143401619,0.26830118660374763,0.2606079626151097,0.4000476474091721,0.12212993081962706,0.311575571539836,boot397
C1,0.842126459927507,0.26640633772066624,0.26640633772066624,0.44091281475474603,-0.3521107021811906,,boot398
C1,0.9302823124505837,0.6159887924251052,0.6122498619703246,0.589816279241641,0.1663824052377371,,boot399
C1,0.8781582284655155,0.24953411319223745,0.2475536837224578,0.23864175110844932,-0.17229736387083064,,boot400
C1,0.9292863460732741,0.1918255555119945,0.1918255555119945,0.4725458806514986,0.16656072624943913,,boot401
C1,0.927038626609442,0.4399235104669887,0.4399235104669887,0.5449798711755233,0.30954106280193233,0.30766505636070846,boot402
C1,0.917901670195248,0.3372531366300448,0.3344111158157467,0.4092509972589307,-0.03220956922871215,,boot403
C1,0.909177140147024,0.23815132339933318,0.23815132339933318,0.3538794765371617,0.23815132339933318,,boot404
C1,0.8946027779112798,0.37811292108324257,0.37811292108324257,0.5394670210827754,0.22064687168610816,0.4296295915650211,boot405
C1,0.9271887681328419,0.4389144214491003,0.43328731348180427,0.5917841878939795,0.10785290270650971,0.4501686373836927,boot406
C1,0.9314750290360047,0.42942643391521196,0.42942643391521196,0.5358495066681123,0.08215114387943186,0.5423842567494307,boot407
C1,0.9513996535059724,0.5968323457592652,0.5968323457592652,0.7284462167995932,0.15629147186038952,0.7211343350751305,boot408
C1,0.9199849737039819,0.4536936105242601,0.4536936105242601,0.5217476521028992,-0.18525822429740624,,boot409
C1,0.9114487197690377,0.4951505641924079,0.49228842220285646,0.5113693687998664,0.3272382341387205,,boot410
C1,0.9170864918310654,0.22092648562257533,0.22092648562257533,0.3792729366911164,0.2683356027089649,,boot411
C1,0.8803427124914809,0.25286594924170297,0.25286594924170297,0.3565804987353701,-0.011853091370704826,,boot412
C1,0.8895862501810455,0.1544440511753241,0.1446691112275188,0.29715817441328185,0.02541484386429384,,boot413
C1,0.862849797290616,0.37388743285932097,0.37388743285932097,0.5230392928678911,-0.16729195109069347,,boot414
C1,0.8669392580915316,0.30993596110229915,0.30993596110229915,0.2748299460907119,0.017051493005628107,0.4654054561536143,boot415
C1,0.9527842280198515,0.5393803007700011,0.5329917016069046,0.5914017510980724,0.15332637991431503,,boot416
C1,0.9387227759320782,0.5196700234232078,0.5168910393407307,0.655840243464583,0.34088871411718447,0.16951802903109986,boot417
C1,0.9411168914875006,0.42687484845777873,0.42687484845777873,0.6809670201588375,0.25778805783489234,,boot418
C1,0.9391143911439114,0.5824173571367557,0.5787135901597334,0.5666763474844111,0.3037088921158281,0.35556162979414024,boot419
C1,0.9465488022717903,0.48138265329737145,0.4703586230691874,0.5934602939505762,0.019292052899322138,0.19108319062185736,boot420
C1,0.9210995402945866,0.4068861098071865,0.4068861098071865,0.5390532916471078,-0.20108292665645175,,boot421
C1,0.8935392312503005,0.2773533363607848,0.2773533363607848,0.4797726134240945,0.34742154765193045,,boot422
C1,0.9401410073268514,0.3514736406916627,0.3514736406916627,0.6308026919781947,0.1424393175434633,0.3773716984268379,boot423
C1,0.9542602527962172,0.5494809456335297,0.5494809456335297,0.6150906107838019,0.2369237908204274,0.6679428410437435,boot424
C1,0.8986256763874922,0.38319384270350165,0.38319384270350165,0.39577343854982866,0.07644523629691068,0.32416650834765925,boot425
C1,0.9349386432044453,0.16090337446432804,0.1543928333010315,0.4427167991041626,0.10044834937657471,0.6231517970583802,boot426
C1,0.9478018207603274,0.5046000747092425,0.5009302559840845,0.6697419173413585,0.000917454681289532,,boot427
C1,0.9385758456781578,0.3937510421699367,0.3937510421699367,0.6216634101083002,0.15379452470637528,0.410427556897134,boot428
C1,0.9307298930729893,0.49330148112756805,0.49330148112756805,0.7436893541241367,0.10557399122616512,0.6399839291143639,boot429
C1,0.8851187590887056,0.20238011333873043,0.1955031191961522,0.5147921329587123,0.16210057621791513,0.7623639220915281,boot430
C1,0.9327641408751334,0.763509103571784,0.7532544025470103,0.6301979902497262,0.11093722017709678,0.5696020296487911,boot431
C1,0.8906574060676216,0.05076855701901026,0.036123780955834225,0.09958447722959705,0.3963852721099647,,boot432
C1,0.9359241267638213,0.4887055384813772,0.48220185260805093,0.6159919620021922,0.1384355993036601,0.4914928324270885,boot433
C1,0.8434074223071507,0.20929592799593524,0.20517187030143405,0.3412657742199733,0.08454318273727432,,boot434
C1,0.9302823124505837,0.37295831286436565,0.37295831286436565,0.558970102989701,0.3187438212700469,0.5888815466279459,boot435
C1,0.9255850889895827,0.5232882766247844,0.5195303715861863,0.6397833328213254,0.2545980663650208,,boot436
C1,0.938281863084522,0.5625453370923511,0.5560579938309895,0.48006340134075437,0.26412754706972,0.22520348750155078,boot437
C1,0.9493399113791056,0.5266817438167645,0.5266817438167645,0.4863791408116555,0.16121041202043573,0.711707330340219,boot438
C1,0.9288375558867361,0.3763469889603935,0.3585594447060465,0.45873140445421096,0.262132231116692,0.27055790997401424,boot439
C1,0.9307796011343035,0.44749770904179303,0.43628691048542245,0.47085353936756513,0.18871510903223843,0.7016091429861934,boot440
C1,0.9277389277389276,0.368357002403321,0.368357002403321,0.5267598863884642,0.12278566746777364,0.42553200786541406,boot441
C1,0.9373498429125855,0.3701462419421203,0.36365244822383763,0.5649600534906047,-0.04267350157728707,0.3330388492662185,boot442
C1,0.9532131804114327,0.5446110539077291,0.5446110539077291,0.6860092337330188,0.35212708008104426,0.5354885906931942,boot443
C1,0.8559490648627138,0.2245155943646029,0.2133406100297132,0.12902027368463606,0.1503543346876074,0.4927152184019566,boot444
C1,0.9106237862928053,0.5328406731826014,0.5328406731826014,0.6331063912545963,-0.08116748605828158,0.6436104188621388,boot445
C1,0.9052310914370031,0.4072945081776075,0.4072945081776075,0.5734783523161124,0.22189865893638522,,boot446
C1,0.9406779661016949,0.4326204465334899,0.4307716412064238,0.555566000783392,0.10538190364277321,,boot447
C1,0.862962230571485,0.42724425138484834,0.4201906906308532,0.43530546367512846,-0.019145379189415376,,boot448
C1,0.9316735565980768,0.23333420038410352,0.22960085317795786,0.41253486627909497,0.2604009676286595,,boot449
C1,0.9432575235469791,0.6646716364175437,0.6646716364175437,0.7946559647599483,0.008296872021855608,,boot450
C1,0.9447120899288827,0.4408980720907152,0.4298526089068142,0.5421481512764745,0.285341132250776,0.6931028147897883,boot451
C1,0.9174432834415889,0.5080280873312575,0.5080280873312575,0.5108715281185593,0.15070236172699614,,boot452
C1,0.9486194916803803,0.48949850826321606,0.48949850826321606,0.7800809560524286,0.17049948040628873,0.6682479635278736,boot453
C1,0.8757454296607683,0.24227807060970516,0.24227807060970516,0.4100854227942961,0.25320044264538866,,boot454
C1,0.911191062298807,0.13455871191586252,0.13455871191586252,0.3750466225739998,0.1555536882431602,,boot455
C1,0.9499634769905041,0.4640910686525249,0.45219129766143445,0.5089440516189425,-0.0778061949417448,,boot456
C1,0.9212513484358144,0.4011556867936056,0.3973801038590775,0.3945484166581815,0.1368648813766419,0.05380205681702475,boot457
C1,0.9357764205071255,0.47298551871216293,0.46926854017611447,0.5129430379746837,0.2899243258117777,0.38191954457897637,boot458
C1,0.9068960600731903,0.09300715903446453,0.09300715903446453,0.3902465332683202,-0.015341387057231263,0.45161208149724524,boot459
C1,0.9319712096586951,0.4534568141937999,0.45159073676913414,0.5038409046597777,0.25098741361755594,,boot460
C1,0.9366128808544084,0.18661136555821212,0.17361355900191874,0.5059860409414209,0.3527976065279631,0.5793308065090763,boot461
C1,0.9400433199686621,0.37278578036209853,0.3663105931101514,0.3561352988570917,0.33393465685041585,0.2932334798381768,boot462
C1,0.9318720104026378,0.4572376375352641,0.44697311914161525,0.453505085392119,0.21368861019505195,,boot463
C1,0.9350865820909343,0.5263404720693723,0.5198309609307051,0.4305576653146985,0.13390994342400991,,boot464
C1,0.9214536928487691,0.26989489987830506,0.26989489987830506,0.4878869343953976,0.1859066268392521,,boot465
C1,0.9180034812061908,0.19418321740021657,0.18186915971142234,0.3211127351154801,0.2756454451876245,,boot466
C1,0.9056478089165912,0.1488245291035264,0.13922294658071827,0.3254936475231965,0.04896807086632159,,boot467
C1,0.8396730905054988,0.21954714063300002,0.21954714063300002,0.44220108042590106,0.41216868854685856,,boot468
C1,0.9156058462989155,0.3551936596068599,0.3551936596068599,0.5080978820579412,0.057932655711279264,0.5650808221018225,boot469
C1,0.926587949782984,0.5940448316186422,0.5893525343704696,0.5799679398741245,0.15953810643786598,0.03847683743501473,boot470
C1,0.9157592042615377,0.40925890447137186,0.40925890447137186,0.5906242194459241,0.2725227507732801,,boot471
C1,0.9143774190503162,0.26152268177288596,0.26152268177288596,0.44411306322886457,0.00475495785041611,,boot472
C1,0.940385146963973,0.7323548807606778,0.728656118736634,0.6260154725694178,0.31624415305574727,0.5187513738721468,boot473
C1,0.8914059864076733,0.30728203271566334,0.3014290416163174,0.3911749051396223,-0.0078039881324612915,,boot474
C1,0.9389675693130967,0.4584128320039646,0.45378239935745995,0.4454476205937515,0.2194825074443225,0.22596511314942902,boot475
C1,0.8933262762835008,0.2832598625819052,0.2832598625819052,0.5966951744422951,-0.03406905563699891,,boot476
C1,0.9236744817258645,0.4255216378030459,0.4255216378030459,0.6015670941507664,0.05648517315969637,0.9065870292131267,boot477
C1,0.8976755331895518,0.5686183523294412,0.56668098145268,0.6306142203858028,-0.023248450521135586,,boot478
C1,0.9211501477555231,0.4030877579847413,0.4030877579847413,0.6570236055207961,0.21995186794015156,,boot479
C1,0.9109332828258913,0.31405917635838493,0.3083316533852836,0.4114270669011061,0.2615568824382902,0.4018811952792707,boot480
C1,0.8501149885011497,0.21480470068423801,0.2076445439947634,0.38153406359628933,0.029663506284966203,0.12888282041054278,boot481
C1,0.9078303813096538,0.25670376653915955,0.24425171816226002,0.29501776154500425,0.3486573545531868,0.6484643654739216,boot482
C1,0.9477055405590886,0.41289654969753703,0.41289654969753703,0.4844652849784434,-0.11194084236244335,0.5037337906309951,boot483
C1,0.9139673245821134,0.45572935478943727,0.45572935478943727,0.5651424566699912,0.1855265640583304,,boot484
C1,0.9443730493849825,0.4705215024680505,0.4521057880857394,0.5626000743796065,0.3020177158699033,,boot485
C1,0.9095908595268573,0.5324897683546426,0.5248418004069996,0.4808659847080525,0.19119919869107452,0.0908196193782604,boot486
C1,0.8896934588462466,0.04495930548019534,0.04495930548019534,0.31178300974309375,-0.0068416334426384205,0.3753124631390219,boot487
C1,0.9138134592680047,0.5661891922255926,0.5661891922255926,0.7469891023480507,-0.010467363217615998,0.7203449050668463,boot488
C1,0.8322502030869211,0.22255013049844036,0.22255013049844036,0.45241411505082013,-0.06269017760519448,0.5652564347401701,boot489
C1,0.9458245485379044,0.4992193465198008,0.4992193465198008,0.6978038379530916,0.004596863227622475,0.6214959083745585,boot490
C1,0.8914059864076733,0.43117034431848633,0.43117034431848633,0.492626750861619,-0.2068056855102242,0.2555806113381073,boot491
C1,0.8982563709522897,0.456923875945986,0.456923875945986,0.5982604985902952,0.12487961863778009,,boot492
C1,0.8225657827377906,0.6363968351895747,0.6321682847896438,0.4291978655929689,-0.15751350239741962,,boot493
C1,0.888888888888889,0.3668478260869565,0.3668478260869565,0.49695652173913035,0.046956521739130425,,boot494
C1,0.9168825052978572,0.5054936245282599,0.4922161184430897,0.48083539894151545,0.3091762131261026,0.2731372680377839,boot495
C1,0.9338030780641573,0.41997496287598846,0.41997496287598846,0.4842283385709845,0.009312083434057395,,boot496
C1,0.9139160409878642,0.5328241325240035,0.5233094158717891,0.5718344707980824,0.14652663644410097,,boot497
C1,0.9146847867119667,0.36886073677977355,0.35840334475766655,0.25668144054262587,0.32037646467727754,0.4743853290028531,boot498
C1,0.7763353905086188,0.24417953852021357,0.24417953852021357,0.38307065217391306,-0.6048483981693363,,boot499
C1,0.9243288747544663,0.1937951303643867,0.18344684670415246,0.33490808936758093,0.18909136506428026,,boot500
C1,0.8821385176184688,0.2996670259911367,0.29375254521499583,0.4337285902503294,-0.09758893280632411,,boot501
C1,0.9074153246876632,0.1926158881610394,0.18494958415462984,0.18303300815302745,0.1379934721153715,,boot502
C1,0.879633688927858,0.4221124685193122,0.4221124685193122,0.5140479710305442,0.3400625039125138,,boot503
C1,0.8299928782175194,0.26715787117473383,0.26715787117473383,0.46307364336953855,-0.15715168892631398,,boot504
C1,0.9374971127638934,0.5667263830388934,0.5667263830388934,0.6539150573525693,0.08997129157900599,0.3923490344115416,boot505
C1,0.9213525301317825,0.43697573131381984,0.43697573131381984,0.5596687012291471,-0.09060403932208791,0.5011535925002987,boot506
C1,0.9379877175970815,0.5812628258087162,0.5784816639627416,0.6674788430339326,-0.0491338592788867,0.5821898797573746,boot507
C1,0.9434031606027194,0.4617879100963737,0.4553357836080012,0.660882098880439,0.2820501007774259,,boot508
C1,0.9185630994921948,0.43262276110102194,0.42883612861873727,0.5272885731581383,0.14294537620624576,,boot509
C1,0.9392122497924545,0.4101494538529203,0.4101494538529203,0.5999477338525787,0.40922360858462925,0.2481265319019924,boot510
C1,0.9359241267638213,0.5249403597756238,0.5212239678480087,0.5955518064003095,0.3251842936663156,,boot511
C1,0.9575779550398839,0.5167021714436232,0.5139779069193159,0.5693712855802314,0.3378088010141086,0.6229484878916091,boot512
C1,0.9478980833447693,0.4054737875729637,0.4054737875729637,0.5641773288628342,0.21649731644167294,0.34676265091081515,boot513
C1,0.9026193997805237,0.18593228441282053,0.18593228441282053,0.10115486975827026,0.04142532761529162,,boot514
C1,0.9069480087444161,0.591568352273245,0.591568352273245,0.6366310954772036,-0.06136203329900758,,boot515
C1,0.9144286590834001,0.4735672640607538,0.47166538749826076,0.5743667218728821,0.2310780023428979,,boot516
C1,0.8903362763545134,0.24905098929889125,0.24514430711381058,0.2695610707705646,0.15236060521814523,,boot517
C1,0.9305807411540429,0.5158069351453982,0.5158069351453982,0.5877582648667671,0.1569847193920777,0.5989714591090584,boot518
C1,0.8449176376054641,0.25729289420910084,0.25729289420910084,0.3982894002356881,0.17701751121586135,-0.17290082490851574,boot519
C1,0.9024623019660241,0.46828404325755896,0.46828404325755896,0.525133340690061,-0.160912418156404,,boot520
C1,0.9141724105372486,0.533625912720153,0.5260162740360866,0.4993825386418544,0.03043855473626541,,boot521
C1,0.9259864580901237,0.02441579512815453,0.02441579512815453,0.35872437457519346,0.26857374640969983,0.7474989585388848,boot522
C1,0.8742046010768477,0.15019864647743317,0.14621987438531572,0.051724037197526655,0.1422411022931983,0.03481425580602756,boot523
C1,0.9195283506365387,0.255329385475853,0.255329385475853,0.5049847846077983,0.014184965859769614,0.488908489966726,boot524
C1,0.9328631745000696,0.3271834494570082,0.31972627681981153,0.4231945471609167,0.15939706512008095,0.2759153875762805,boot525
C1,0.8919934483090857,0.18327293903275188,0.17839865873932767,0.4182132491758009,0.019497121173697014,0.32950134783547946,boot526
C1,0.9304812834224598,0.6074462768615692,0.6027736131934032,0.5653923038480759,0.24578210894552724,0.4803498250874562,boot527
C1,0.8943370829727909,0.6018545801276957,0.6018545801276957,0.7292260663905847,-0.022362932702644597,0.6115775943462369,boot528
C1,0.9319216123339834,0.527194928547287,0.5122655146415231,0.43481918000537306,0.36390446395299453,,boot529
C1,0.8828443753642898,0.26396892222902635,0.26396892222902635,0.461945613900796,0.010834545315370484,0.9849586650336803,boot530
C1,0.9120151371807,0.34038336640808226,0.34038336640808226,0.47196012989355934,0.061974562511275484,,boot531
C1,0.9407267535577764,0.4215057535366264,0.412262206309946,0.48805929356872524,0.16361078591224312,,boot532
C1,0.932566018471249,0.7189140171628129,0.7086571375405158,0.6014261233074115,0.1920833820175609,0.19954293083377686,boot533
C1,0.9010463949543694,0.4043607833372528,0.39857041412478617,0.3898848603060862,0.25188106074229827,,boot534
C1,0.8795791114575214,0.41324112423185844,0.41324112423185844,0.3697420585232417,-0.18289379900213823,0.34799252566893335,boot535
C1,0.9131975617823559,0.25424280874154664,0.25424280874154664,0.400884728390229,-0.37612700169629565,0.3218504470211339,boot536
C1,0.9500593444718343,0.40821248610751315,0.4045513875774009,0.6104881798962136,0.22881865813201413,0.5052315971554872,boot537
C1,0.9326155559680712,0.444751973137635,0.4400900027693159,0.5426533508723345,0.19953233176405427,,boot538
C1,0.890924872215257,0.17666057964739215,0.17666057964739215,0.4245710063348927,0.0302567843594981,,boot539
C1,0.9379386775027705,0.47374933643851563,0.4681867219206466,0.5924184461530558,-0.009271024196448449,0.41719608884018017,boot540
C1,0.938428874734607,0.5022270312807398,0.5022270312807398,0.6375132795593154,0.054670470194766875,0.2196084989179619,boot541
C1,0.9385268598855454,0.1704799370574351,0.1704799370574351,0.4947624260253823,0.4956889474224336,,boot542
C1,0.9073634204275534,0.5644639198725245,0.5644639198725245,0.6152560892328703,0.2769610744366037,,boot543
C1,0.9373007438894793,0.4286128364389234,0.4249019027901015,0.4722163068125801,0.10576160899142265,,boot544
C1,0.9263374101391092,0.27034942113704286,0.2637784282621842,0.5115987309711402,0.24218802310193427,0.3003882457078254,boot545
C1,0.8661013606783672,-0.022087986061614003,-0.022087986061614003,-0.035139977825295,-0.22891185554763602,0.365455769383068,boot546
C1,0.9170864918310654,0.17351736853618577,0.16213918043545228,0.2247192149894865,0.23230467372330882,0.8144886315441725,boot547
C1,0.9280387770320655,0.5106608206543575,0.5106608206543575,0.678382447988541,-0.029046762275752442,,boot548
C1,0.9198835352681506,0.45563423924141666,0.45563423924141666,0.6683265708375137,-0.3091128552529943,0.8866906979428398,boot549
C1,0.9291367911351149,0.3462774625916145,0.3462774625916145,0.4052382197355922,0.19840762721465482,0.6588630639580991,boot550
C1,0.8969353987818329,0.46632217898109013,0.4624442398627443,0.5273997200950374,0.17256829076639094,0.49346775280951116,boot551
C1,0.9225147568631124,0.28466611910376316,0.2799531038868135,0.440195621263104,0.3148294164922414,,boot552
C1,0.927788914269731,0.4648733577136665,0.4648733577136665,0.660757494330917,0.06279539307825738,0.6298284201281933,boot553
C1,0.9193252830897899,0.2241719664546752,0.2241719664546752,0.4360475803190094,0.3944291561670866,0.681974632125826,boot554
C1,0.9087631067039901,0.4765196507937949,0.4765196507937949,0.5262767227642312,0.028706003059867164,0.4784333843311194,boot555
C1,0.9269385089110759,0.3292746912229409,0.3292746912229409,0.5900677515077773,0.10694391680745091,,boot556
C1,0.9063242986210176,0.5037068296911356,0.5037068296911356,0.5795027145398968,-0.06044481956293626,,boot557
C1,0.9462109410794465,0.5265854028244448,0.5265854028244448,0.6561640098021878,0.1075226738751484,,boot558
C1,0.9333085984602542,0.4304461901428534,0.4174023661991306,0.45560213632003316,0.3177102832006775,,boot559
C1,0.8943902321780511,0.5823739420196383,0.5823739420196383,0.41709252274862246,-0.19930994676798977,,boot560
C1,0.926437640029873,0.3848308010444596,0.36981301368662706,0.34634772094001365,0.3379002155512328,0.42800693969822823,boot561
C1,0.8895862501810458,0.4379173096616784,0.4379173096616784,0.5708564929518307,-0.27956328250723217,0.5708564929518307,boot562
C1,0.9439853076216712,0.38228303163593297,0.37583488411436305,0.5932295719844358,0.13817458974792757,0.2708221959059381,boot563
C1,0.9161679468451062,0.31701041671325636,0.31701041671325636,0.6444612962523985,-0.14521734657822824,0.4944982847533131,boot564
C1,0.8918866833686645,0.2310685430836872,0.2310685430836872,0.36756472887151925,-0.07799782045018977,0.770228476945624,boot565
C1,0.9251331900177587,0.5977987647921845,0.5977987647921845,0.6325763658885851,0.09305358131199098,0.25848217031108606,boot566
C1,0.9176979906827915,0.4804081186767912,0.4737752649672497,0.4775654670869876,-0.028426515898034983,,boot567
C1,0.9176470588235294,0.48896321070234117,0.48896321070234117,0.5941471571906354,0.16488294314381272,0.7580824972129319,boot568
C1,0.8762947039280828,0.22426443780785785,0.22426443780785785,0.4008974905945778,0.16075592444634063,,boot569
C1,0.8588439593153063,0.2753954738402029,0.27134554040137643,0.28552030743726925,0.31083239142993496,,boot570
C1,0.9268884430551019,0.43061323913700045,0.43061323913700045,0.4812736202119417,-0.11070231420079751,0.6689046612302427,boot571
C1,0.9362194163082187,0.5219883754397874,0.5219883754397874,0.7783385384671562,0.035294587663188465,,boot572
C1,0.917596122170455,0.5250012710333724,0.5250012710333724,0.5648028114366245,0.09571322811258233,0.553430942749981,boot573
C1,0.9383798753750288,0.39846660535939604,0.39661327231121285,0.5782399110331701,0.27985329027566885,0.5495132487863299,boot574
C1,0.9029334605294539,0.14156756011851443,0.13675233698523162,0.23594593353085738,0.4314439927421392,0.44203748363536133,boot575
C1,0.8894790208101975,0.30892533974029157,0.3050148924018069,0.4624103977758162,-0.13295520950847992,,boot576
C1,0.9005736137667304,0.38236499584602596,0.37850272316071265,0.5011298809194129,0.16414658912581923,,boot577
C1,0.9340995458337195,0.4086707162394195,0.39377611154732217,0.44963087914268707,0.2150408552421547,,boot578
C1,0.9286878755414784,0.23970238173119277,0.232211682302093,0.4522509780318989,0.13015090258060857,,boot579
C1,0.9314253856160565,0.4294493216280926,0.4107776119920885,0.5610848745619209,0.2389978833408515,,boot580
C1,0.926988570095638,0.3770976565064222,0.371469333274983,0.5084251985733353,0.17916828953414585,0.306743616113433,boot581
C1,0.943694314319831,0.5869623617235571,0.5869623617235571,0.6708141276840652,-0.043308054946636074,0.35383602339379266,boot582
C1,0.922767083508969,0.3637452829772303,0.3637452829772303,0.556926067978091,0.11025439924439363,0.3797651529529114,boot583
C1,0.944808918658531,0.28531188906857624,0.2770286406762628,0.4307289164003022,0.1150451165599098,0.6433322918030157,boot584
C1,0.9149407935085154,0.46094690872569277,0.45714528473620253,0.555987508462949,0.0731812617976873,-0.18627957548502225,boot585
C1,0.9344452165855918,0.44481170916772644,0.44481170916772644,0.6383699424457331,0.29685132892155813,,boot586
C1,0.82874166114987,0.07659595727514146,0.07659595727514146,0.27595529812824937,-0.3189749453649727,,boot587
C1,0.9155035835533759,0.19091417208577421,0.19091417208577421,0.36473155264147905,0.2441041901793232,,boot588
C1,0.9020431544777544,0.07711961123587233,0.0722996355336303,0.35957018738725466,0.09832750432573721,,boot589
C1,0.939261172347,0.3647640355409057,0.3647640355409057,0.6036196730270825,-0.015738549756841108,,boot590
C1,0.9221107882650669,0.5280889540998966,0.5233738741525761,0.49696942644758124,0.10938985477783575,,boot591
C1,0.8753606180626864,0.583113715737372,0.5731799216021528,0.5403984009559291,0.06357628246540342,,boot592
C1,0.913402938536401,0.48647514403551295,0.48647514403551295,0.5626356362524231,0.12376079985247886,0.4007945902914892,boot593
C1,0.8999952173705102,0.5159447707329246,0.5159447707329246,0.5545923191024319,-0.08695698383139178,,boot594
C1,0.9158614188074476,0.4234549889234486,0.41585938374096526,0.41111213050191314,0.2791384904562644,,boot595
C1,0.9173923276064955,0.32701385325808113,0.32701385325808113,0.5308050951435519,-0.15071073237111565,,boot596
C1,0.8975170165851787,0.3487883488292171,0.34200635315753786,0.4204837316441117,0.04650511317722895,0.7528015195563935,boot597
C1,0.9293361884368306,0.46877780004007213,0.46316369465037066,0.5791885393708676,0.28070526948507313,,boot598
C1,0.9050747405503188,0.5197745131221471,0.5197745131221471,0.5226568117161702,0.32377820872858337,,boot599
C1,0.8952929875120077,0.2428158238477328,0.2428158238477328,0.5681890278036946,0.04759190147415562,,boot600
C1,0.9223128104207665,0.3346973485417421,0.3346973485417421,0.4732903351209987,-0.0047140471625597485,,boot601
C1,0.9217570671792227,0.40565248349276684,0.3962187048068886,0.4622551556080367,0.0566026721152698,0.29527727286799077,boot602
C1,0.9413605817914019,0.35656068503983873,0.35656068503983873,0.495120536739258,0.23647548023367546,0.6382990501619912,boot603
C1,0.9258861439312567,0.5109089074952082,0.5109089074952082,0.5663199838595784,-0.03944517300514476,0.5174831029960657,boot604
C1,0.9114487197690377,0.3949755945581057,0.3835270265998998,0.468437238956594,0.5008748481715108,,boot605
C1,0.9413118527042577,0.3454937812267461,0.3408748804082067,0.44895715956202825,0.35935048368236416,0.39168278941213985,boot606
C1,0.9281886387995713,0.6229992971181846,0.6183150918766943,0.5339993975298724,0.38035746560899686,-0.01498945677276835,boot607
C1,0.9267382174521698,0.4682153334209028,0.45132580235561975,0.6052081965059766,0.04503874950742152,,boot608
C1,0.9408243149896384,0.6312688075932665,0.6312688075932665,0.6580723147970802,-0.09242588690970227,0.4131437144863692,boot609
C1,0.9028287935887038,0.5104728255126373,0.5066202004144288,0.48639391864883363,0.2687206006000487,,boot610
C1,0.951781970649895,0.6157785864776864,0.6121241141543766,0.6413598927408543,0.12699291323501247,0.4860448190001916,boot611
C1,0.9332591252724827,0.23573302852599146,0.23014252192063195,0.5488013984261224,0.08851635458485843,,boot612
C1,0.8409010734263972,0.14166997587146735,0.13443136396562597,0.34124884698966584,0.21302200751476114,0.2502491544590883,boot613
C1,0.9375952699893759,0.3552102798733651,0.3515005119373509,0.5240047209620138,0.2810149211530799,-0.08717954649633503,boot614
C1,0.9312764276752937,0.5957228081897582,0.5957228081897582,0.719909537796714,0.03828312717206909,0.47807222224632623,boot615
C1,0.9438883276701259,0.36758217213634853,0.36758217213634853,0.5619677318375254,0.19991311116187377,,boot616
C1,0.8985729336270472,0.33579815187268874,0.33579815187268874,0.5486961155960071,-0.2245105799264086,-0.2080593736386976,boot617
C1,0.8974641675854464,0.2470729622903536,0.24222839440230745,0.33039952996474736,0.084295481252003,,boot618
C1,0.895239925068447,0.4079547628267635,0.402126837643524,0.6507849787950751,0.16026794253908563,0.9324680293183165,boot619
C1,0.9127351801077809,0.2962905216130282,0.2943851163293431,0.6030607722863243,0.09908107475162357,,boot620
C1,0.9047619047619047,0.4036613272311213,0.4017391304347827,0.42000000000000004,-0.014416475972540047,,boot621
C1,0.9303818071896943,0.22244257157635317,0.21309624503953165,0.47012022480212456,0.34301018390135135,0.5906878371271227,boot622
C1,0.938428874734607,0.32153649419634084,0.3187566397796577,0.48832775919732446,0.22980129844579975,,boot623
C1,0.9198328089043347,0.4953641243301559,0.4953641243301559,0.5445223962102477,0.08697232717247014,,boot624
C1,0.9122724048238353,0.24020285347217527,0.24020285347217527,0.36507020984064736,-0.002859557779430658,0.7558764396961706,boot625
C1,0.9338525008111992,0.4041230322989998,0.40039839605661276,0.625738888721032,0.04190215772685482,0.5745251403882096,boot626
C1,0.868833915310087,0.38232153141135755,0.37231311435870423,0.46138802612731894,0.2802356774742935,,boot627
C1,0.8267700469291981,-0.027345808832997122,-0.03786342761491909,0.17038542426713593,0.12936671101764025,,boot628
C1,0.8552087999601811,0.2186092118647928,0.21047491560935866,0.26538141533353915,-0.08032617552241222,,boot629
C1,0.9277389277389276,0.3008717500546209,0.3008717500546209,0.4592746340397641,0.04217828271793751,0.7610836792658947,boot630
C1,0.8970940826699914,0.22100343029255096,0.22100343029255096,0.3886946295934778,0.09305407591265304,0.33538239860185365,boot631
C1,0.9038223238966733,0.3184542795044157,0.3184542795044157,0.4608447126362994,0.11256540997588105,0.6523021193474134,boot632
C1,0.917901670195248,0.45756535110199903,0.4556706705591336,0.5807195863882513,-0.07294520090031868,0.4452499275733737,boot633
C1,0.9426745736220291,0.6152706524919536,0.6152706524919536,0.8763225185417629,0.08486491758509705,0.6733846721426179,boot634
C1,0.8227465834058452,0.16064960427587627,0.15536507781943296,0.2008120053448453,-0.11943029791561853,,boot635
C1,0.9413118527042577,0.49514616774742215,0.49514616774742215,0.6614265972148401,0.14688104602955246,0.35288402253640905,boot636
C1,0.9316239316239315,0.6412365376944555,0.6412365376944555,0.8139130434782609,0.07000398883127243,0.6524371759074592,boot637
C1,0.9369569236457754,0.5225055763357469,0.5141529117051576,0.4993037301396658,0.19211128650355172,0.5596285302494768,boot638
C1,0.9438883276701256,0.38232230936487394,0.37403098217382846,0.591448006294576,0.29203896884015673,,boot639
C1,0.9349879607334691,0.17763539585199475,0.1729852545993247,0.42967305174670983,0.22878694963136498,,boot640
C1,0.917901670195248,0.49924832304503824,0.49924832304503824,0.6309286207741849,-0.41872439997325783,0.5693515031310588,boot641
C1,0.8761848920160265,0.27887701364575357,0.27887701364575357,0.39697795536762065,0.30170324607939175,0.7393714418721935,boot642
C1,0.8864142538975501,0.3001835263272886,0.3001835263272886,0.49147694996722735,0.12164299759667903,0.31882237273323133,boot643
C1,0.9188681019084327,0.3624497113015009,0.3624497113015009,0.5100793587245666,0.07949288707395842,0.6690651328724834,boot644
C1,0.915656970439866,0.1965801668211307,0.19183185361289082,0.3760664060925978,0.048432794724046685,,boot645
C1,0.9396523903923286,0.5024984961154983,0.5015730845204421,0.6329815310184177,0.08606327834022345,0.4349434496763981,boot646
C1,0.9194775909048201,0.353698006913159,0.349915140529061,0.3442408409529141,0.26385493029083246,,boot647
C1,0.9048140564735012,0.38249511493069377,0.38249511493069377,0.4286251790429383,0.023065032056122238,0.509352791239366,boot648
C1,0.9400433199686621,0.36908567336098586,0.36908567336098586,0.5494658896652272,0.002775080250834481,0.9111513490239878,boot649
C1,0.9465970504717413,0.256295638710546,0.256295638710546,0.4289966425728494,0.3169247145345462,0.4574739357629101,boot650
C1,0.8644779066897061,0.3601067712859733,0.3601067712859733,0.41140689792168444,-0.22732997293472051,,boot651
C1,0.9251834197859713,0.44832473196677747,0.4455050795644707,0.6128044554346728,0.2030149729660879,0.6419408635918428,boot652
C1,0.9140186033334905,0.2901662945776828,0.28255537537564523,0.5184938706388103,-0.008562284102292279,0.6516849566744678,boot653
C1,0.9013088755135186,0.27303287830326944,0.27303287830326944,0.4650241955553917,0.21321648800361317,0.167871805034519,boot654
C1,0.9460660770746461,0.5551593107834341,0.5468870693975884,0.48714310383314585,-0.03033155174810153,0.5459679314658276,boot655
C1,0.9235737351991388,0.3606030201682376,0.354012364447147,0.5903344481605352,-0.016947400425661296,0.10639201378331813,boot656
C1,0.911191062298807,0.08779717373233584,0.07634536846290073,0.32446781596732804,-0.11547236980013734,0.5792704832122592,boot657
C1,0.9397990227712731,0.5079716969061083,0.5042706280761915,0.5893952111642824,0.34327413397480183,,boot658
C1,0.896829584152717,0.4052924516456074,0.4052924516456074,0.5517019258046665,0.37232607998065365,,boot659
C1,0.9237752093959103,0.4151207533706554,0.4151207533706554,0.5261961476965904,0.022591605625613898,0.19014601401558365,boot660
C1,0.9498196429386786,0.4403582013435163,0.42754112271813327,0.5200071899441108,0.24443999949837597,,boot661
C1,0.9124781313537284,0.39643594515313585,0.38595326391110585,0.403106742307155,0.11054463855231675,,boot662
C1,0.9131975617823559,0.4446868602333419,0.4446868602333419,0.5494310885538293,0.1971095932940081,,boot663
C1,0.9041879079517842,0.23177175402181932,0.23177175402181932,0.3000530591485794,0.22119296026978608,0.3789131580273727,boot664
C1,0.928987194412107,0.5269881224801133,0.5269881224801133,0.5822142312302496,-0.08517925247902365,0.6449286259126076,boot665
C1,0.9050226136634135,0.5909052443793884,0.5870619582370834,0.5505507398851862,0.40258422340644506,,boot666
C1,0.9465005496518872,0.6072712888619569,0.6072712888619569,0.6164584490565402,0.17914962379437455,0.64401992964029,boot667
C1,0.9391633227249665,0.41202260818318864,0.41202260818318864,0.5796093319610698,0.2768421569590413,0.5527584204165474,boot668
C1,0.9275389349995335,0.5418734208202556,0.5418734208202556,0.7312478689269883,0.1546870491960937,0.5718733333916192,boot669
C1,0.943694314319831,0.3934582864300768,0.3934582864300768,0.6523851681323052,0.20087565911418437,0.7417656219583414,boot670
C1,0.9343958487768718,0.4615863270268871,0.4615863270268871,0.6169994653605366,0.1833316661780177,0.341536657296104,boot671
C1,0.8708885616102111,0.08786628106465369,0.08786628106465369,0.374430174991422,-0.11083133179746091,,boot672
C1,0.9517341962535892,0.39378915895945327,0.3883071753080456,0.5756082833978087,0.15532287012321822,0.5765219473397101,boot673
C1,0.830409356725146,0.0020943049601959587,-0.003141457440293938,-0.14345988977342317,-0.1267054500918555,,boot674
C1,0.9329621897471584,0.4958493503124122,0.4865288738027803,0.5489760664173134,0.12582643288002937,,boot675
C1,0.9282885233679697,0.35783477300602784,0.3503408510582577,0.4515087973531555,0.2341850608678193,0.4917886278224205,boot676
C1,0.9255850889895829,0.48570922623880336,0.4781934161616072,0.5702620896072604,-0.04791328924212567,,boot677
C1,0.8630184388748825,0.21058545478091523,0.21058545478091523,0.2196537279532991,0.14005444121792926,,boot678
C1,0.9089701627057539,0.4744978058930038,0.4744978058930038,0.5510297100692947,0.19132976044072733,0.5950355549706621,boot679
C1,0.9455345681276363,0.5122476135865347,0.5094886497790669,0.667669241407225,0.33843289371605895,0.39637113367288423,boot680
C1,0.9023575450987877,0.48375695587788925,0.48182963732857503,0.6764888108093192,0.1464762097478868,0.5223033268641752,boot681
C1,0.9244797755436053,0.3847051967187877,0.3847051967187877,0.6236174704756877,0.03009918409535748,0.6189144729607882,boot682
C1,0.931524667843538,0.6002314850952739,0.6002314850952739,0.6067658869547871,0.3985985134302986,,boot683
C1,0.9376443418013856,0.17991432855001072,0.17434996787320625,0.44051188691368603,0.40990790319126147,,boot684
C1,0.9415067421418382,0.33156843076164516,0.32233254132538763,0.42762168089872354,0.3999140125899509,0.4996616185015321,boot685
C1,0.8854969230023745,0.30442253427297505,0.2946024525222339,0.4369936379079804,0.0,,boot686
C1,0.8830071390413285,-0.03742153013252477,-0.03742153013252477,0.21960529525139535,0.32300689167021374,,boot687
C1,0.9449057296206247,0.41780105286709984,0.412279453049473,0.5751666476694656,0.5125885164030277,0.5484789152176024,boot688
C1,0.9325660184712488,0.5296279659513332,0.5296279659513332,0.552939056002008,0.10723101423310441,0.6032910105114657,boot689
C1,0.9159636140830465,0.2572724181286942,0.2544243839796681,0.3474601661811885,0.3341693401523999,,boot690
C1,0.8904968644476602,0.5243775024730323,0.5243775024730323,0.42477507183569646,-0.34274954072259645,0.4286810495077489,boot691
C1,0.9299339350516423,0.5526339281829967,0.5498286798165856,0.5788162462695007,0.16924998477347278,0.45258006978099896,boot692
C1,0.8918866833686644,0.3285658186464245,0.3266158731351697,0.36366483784900977,-0.13162132200969523,,boot693
C1,0.8897470554161034,0.33424252717391306,0.33424252717391306,0.4593391455314009,0.36356204710144924,,boot694
C1,0.8841992917091155,0.1858719268698801,0.16521949055100454,0.04818901807737633,0.059990410259590926,,boot695
C1,0.9067401844281776,0.43155068513132816,0.428673680563786,0.520737826725136,0.16782526643996096,,boot696
C1,0.9234225800411907,0.5734809055326351,0.5715975528051059,0.7279158291900278,0.12335960365316125,,boot697
C1,0.9250327163955879,0.6317050367298161,0.6307649994727778,0.6570860426698535,-0.002820111771115251,,boot698
C1,0.8748104300181009,0.4602239317652436,0.4602239317652436,0.4721519818325933,-0.20277685114494534,,boot699
C1,0.866883436791802,0.36612915978928023,0.36612915978928023,0.4684447058125859,-0.39321268667780235,,boot700
C1,0.9211501477555231,0.37193577668849664,0.37193577668849664,0.5258076843032807,0.08307195012331904,,boot701
C1,0.9408730889666604,0.2874296074359062,0.2874296074359062,0.4630296891491607,0.012014742433012154,,boot702
C1,0.9110879651548147,0.10403233531851826,0.09926020984519174,0.37222578691946895,0.4304457176940526,0.6385103883310892,boot703
C1,0.904970481812988,0.20562765334504465,0.20562765334504465,0.281536927243449,-0.03266981408285756,,boot704
C1,0.9022527682321496,0.5474220316841156,0.541639404588861,0.4182766932234263,0.04915233030966531,,boot705
C1,0.9206438594021304,0.3617506105750265,0.3617506105750265,0.6186596603828782,-0.03116911266051142,0.7848949279056057,boot706
C1,0.9212513484358144,0.2746736584869158,0.2746736584869158,0.5578423785765197,0.20010589552998675,0.5672813359128398,boot707
C1,0.9155035835533759,0.2536024076960284,0.2536024076960284,0.32388921731964676,0.0930825316637108,0.20611132011250247,boot708
C1,0.9086595492289442,0.6067226699965944,0.6067226699965944,0.6383028720626631,-0.01722556476331025,,boot709
C1,0.8901756417679983,0.2959845770956672,0.2871929559938158,0.3878081752705607,-0.08889305780760964,0.1787629624043139,boot710
C1,0.9397012723584732,0.562620981502969,0.5598448911337109,0.801364753259163,0.11104361477032283,0.821722749300389,boot711
C1,0.9331601651282526,0.15468708532700545,0.14630043612252927,0.39044511296394746,0.1034353401885398,0.46406125598101633,boot712
C1,0.9000478240076518,0.407707803908885,0.40480940719863234,0.496591969689969,0.11496973617335858,,boot713
C1,0.904448890159093,0.40956961376063594,0.40956961376063594,0.603778679440562,-0.13171604949579138,0.7739519696650516,boot714
C1,0.9359733530717986,0.41714305362146914,0.41714305362146914,0.5732233053105713,0.05760104526621623,,boot715
C1,0.9449057296206247,0.2862029238803261,0.2862029238803261,0.5401965154911621,0.19877759343456727,0.641425845480988,boot716
C1,0.9274889251573792,0.47814938684503905,0.4687739086716069,0.5147137517214243,0.3337670229741841,0.2259490239797145,boot717
C1,0.8926869192624332,0.2561879727809485,0.2561879727809485,0.5182205380968237,0.1714413810245131,0.4091214774448608,boot718
C1,0.9438883276701256,0.5463063360322175,0.5463063360322175,0.752668257231571,0.07462194471940914,0.9590301784309248,boot719
C1,0.9319712096586951,0.5383633370160958,0.535564220879097,0.7081763826606876,0.0867726002469617,,boot720
C1,0.9334569904938556,0.4545981554677207,0.44435106589775164,0.4667083522322297,0.17513207628674488,0.0717296269897838,boot721
C1,0.8647581441263573,-0.0020111177288068293,-0.0020111177288068293,0.34691780821917806,0.062344649593011704,,boot722
C1,0.9012038983374736,0.33288804071246825,0.33288804071246825,0.2827136113876904,-0.004824464358151714,,boot723
C1,0.9305310146005765,0.46537242871668305,0.44761725573351635,0.4691103598710339,0.07102069193266648,,boot724
C1,0.9100559188702491,0.4290228485007653,0.4290228485007653,0.4509995200275305,-0.08121813390326292,,boot725
C1,0.9061162370398553,0.5383703183050507,0.5316526850998183,0.47311331002565066,0.19865001049758557,,boot726
C1,0.8896398571014772,0.34014741272732424,0.34014741272732424,0.5063113787148101,-0.07428506714734667,0.5933031020847293,boot727
C1,0.9307298930729893,0.23170221083264558,0.2242279459670764,0.4531273074751335,0.02242279459670764,0.7661121487208444,boot728
C1,0.9395546129374337,0.5312415349887132,0.5275395033860044,0.6802483069977425,0.16381489841986455,0.5923250564334086,boot729
C1,0.9047619047619047,0.2527688787185355,0.2450800915331808,0.43441647597254,-0.03459954233409611,,boot730
C1,0.8759102683153316,0.38518934707403574,0.3772472986807566,0.3355515446160414,0.05162331455631407,0.4030589559589137,boot731
C1,0.8490792634107286,0.006144763544677448,-0.002048254514892483,0.16693274296373734,0.2304286329254043,,boot732
C1,0.931723176962378,0.4909090120941523,0.4909090120941523,0.5515726732844943,0.2043898738566908,,boot733
C1,0.9171884562873688,0.3896596189124409,0.38491923425413865,0.5290269278665255,0.2085769249652968,,boot734
C1,0.9443245972368842,0.22376241013351592,0.22376241013351592,0.48067480695347864,0.2182374123524415,0.42266233025219674,boot735
C1,0.9157080897605129,0.2953285939402622,0.2953285939402622,0.4406188668433494,0.1547863691712628,,boot736
C1,0.9268884430551019,0.44468556721337316,0.44468556721337316,0.658584953974236,0.08161950284296089,0.6989256277931707,boot737
C1,0.9254846998364867,0.42562890942211884,0.42093101858964516,0.38052915743037113,0.21798213462678054,,boot738
C1,0.9297347603536529,0.47792966879923393,0.4695121208164686,0.44519475997736857,0.1851860556208382,,boot739
C1,0.9290869302044046,0.3631428807997525,0.35752726924099343,0.4698395004161746,0.2873321247565052,,boot740
C1,0.9227670835089691,0.3665723188552916,0.3665723188552916,0.7039319336372825,0.08009934987840563,0.8188980593451116,boot741
C1,0.8968295841527172,0.2763357624856413,0.2763357624856413,0.5167963558064801,0.2113726183223502,0.33160291498276956,boot742
C1,0.9220097487814024,0.33292112382198485,0.32160369185069926,0.3791339710380678,0.1565578089361175,,boot743
C1,0.928987194412107,0.3238683665685954,0.3238683665685954,0.5363484798953906,0.07862700228832951,0.6084232319930261,boot744
C1,0.9349879607334691,0.39805209122855373,0.3868917522221456,0.4175826844897677,0.33946031144491146,,boot745
C1,0.8808875048657064,0.4175630655728256,0.4175630655728256,0.3770900497608023,0.1382005417971527,,boot746
C1,0.9501072716483314,0.5171040812830829,0.5143583958957392,0.6196096690772516,0.13453858397984636,0.6946584029979822,boot747
C1,0.774183232958482,0.3279753844680303,0.32348257098216693,0.19094457314919575,-0.3706571125837329,,boot748
C1,0.9293361884368309,0.43041474654377876,0.418250851532759,0.46971348427168896,-0.008421158084552193,0.7008274894810659,boot749
C1,0.9201877934272299,0.4809982253771074,0.4791082519964508,0.6066814551907719,0.09827861579414375,0.6888952972493346,boot750
C1,0.8869531552458381,0.30490311806122256,0.30490311806122256,0.6127474237564763,0.19411838384605165,,boot751
C1,0.9164743015970225,0.31121155367623066,0.31121155367623066,0.5616989017570994,0.09772801838003586,,boot752
C1,0.8222643248502226,0.18718195454520842,0.1840093790444422,-0.14488094786832514,-0.11738529352835106,,boot753
C1,0.8966708241389235,0.16098195926646133,0.1493447091990063,0.16970989681705262,0.37239200215856116,,boot754
C1,0.9259363033529466,0.47989027374551574,0.4742555542886212,0.4470210769136311,-0.07325135293962863,,boot755
C1,0.9299837171435217,0.20103203775800943,0.19542184135546037,0.45536094134023536,0.12622941905735474,0.5479291819822956,boot756
C1,0.940385146963973,0.4438514428852593,0.4364539188371716,0.4780649916076647,0.364328059368317,,boot757
C1,0.9259864580901237,0.2657565392795282,0.2657565392795282,0.46014383126137387,0.1690324278103006,0.4817424192593567,boot758
C1,0.9383798753750289,0.3938332727389379,0.3836399409739301,0.40124660493167086,0.3901266066425715,,boot759
C1,0.9423342223857261,0.5001456347758192,0.48261285422094735,0.4050995086099347,0.3718795033480722,,boot760
C1,0.9148896018116625,0.18914137609413115,0.18058724350695937,0.23571387573539962,0.1995964270340078,,boot761
C1,0.8917264973738737,0.17552662121333149,0.17552662121333149,0.26816567129814534,-0.09946508535422119,0.5392567862831795,boot762
C1,0.9248317127898278,0.28583343589022314,0.28583343589022314,0.5462803495138804,0.2162555600485241,,boot763
C1,0.9520685256059777,0.3772106997802783,0.3772106997802783,0.6046331313669353,-0.005480058592449564,0.8000885544976364,boot764
C1,0.8227465834058453,0.2673970386960309,0.2599987016570102,0.2473158381615463,-0.3043887238911339,,boot765
C1,0.8966178939793715,0.3956898597250331,0.3956898597250331,0.6507546467536698,0.10668108963174912,0.26864238025449555,boot766
C1,0.8536682615629984,0.5245902970980647,0.5245902970980647,0.47773368803687827,-0.16501675365026502,,boot767
C1,0.9248819707380919,0.4578727602740629,0.4578727602740629,0.5894994264719454,0.07051428546315136,,boot768
C1,0.9041879079517842,0.49816501486847475,0.49816501486847475,0.5481738580599046,0.28658913982780976,0.5375950643078714,boot769
C1,0.8971998465669352,-0.09788910162276707,-0.10564269383051099,0.29657490194620517,0.3624804357120286,,boot770
C1,0.9433546193779573,0.38161683062238244,0.37424259234948615,0.660916105208329,0.16684214092427832,0.2608636789037059,boot771
C1,0.8983091440341044,0.4772250789396813,0.475289074562644,0.4859370986363489,0.013552030639260727,,boot772
C1,0.9034564958283671,0.4215693472524951,0.4215693472524951,0.5139681082941379,-0.1126109900195021,0.17709762532981532,boot773
C1,0.9315246678435379,0.3995319994102291,0.3995319994102291,0.6319700084129091,0.11201831759165301,0.6366374383125614,boot774
C1,0.893326276283501,0.4448445264602428,0.4448445264602428,0.5412112838334683,-0.2423769958175065,,boot775
C1,0.9181052730608212,0.19889733891123915,0.19889733891123915,0.4906134359810565,0.013259822594082609,,boot776
C1,0.9375952699893759,0.3858158653454827,0.3858158653454827,0.5759414720662135,0.22258607616085543,0.5369889087380637,boot777
C1,0.9349879607334691,0.4399033625025839,0.4352532212499138,0.46780421001860395,0.2966790119203473,,boot778
C1,0.9389675693130967,0.3833998231305886,0.3833998231305886,0.49638237970530313,0.26208248779216564,0.39173460189429704,boot779
C1,0.9284383153186732,0.6481196655786919,0.6481196655786919,0.7586371808074284,0.0852296092018222,,boot780
C1,0.9050747405503188,0.359326558054867,0.3487581298767827,0.36316962284689763,0.2738183664321847,,boot781
C1,0.9509213647144682,0.6355392238646601,0.6355392238646601,0.6181647702626045,0.1618567519770429,0.40875688211151523,boot782
C1,0.950634181950908,0.5991423706461224,0.5963982071164455,0.6906144883020189,0.2799046800270435,0.7299474988940543,boot783
C1,0.9230697195298965,0.44369911473197143,0.43804689670990815,0.48703278623445706,0.29674144615832493,,boot784
C1,0.9192237206898171,0.2705496459417771,0.2677117125927375,0.36893133537515055,0.03500117797148865,0.4587992247614052,boot785
C1,0.9271887681328419,0.4520443400394581,0.4501686373836927,0.5570836887623197,0.11910711864110203,,boot786
C1,0.8983619120605421,0.5120430795478781,0.5120430795478781,0.7724203733066287,0.015487125279330905,0.16842248741272361,boot787
C1,0.9042401143401619,0.4990979062628854,0.4990979062628854,0.6116113070967151,0.37312136344893937,0.2750327575938058,boot788
C1,0.9201877934272299,0.4961180124223603,0.4857231588287489,0.529192546583851,0.09071872227151731,0.5254125998225377,boot789
C1,0.8858748304592133,0.04613469511963177,0.03926357031458024,0.3180349195481,0.11190117539655368,,boot790
C1,0.8772272394434951,0.6215235537490019,0.6145846942972587,0.4827463647141371,-0.02775543780697298,,boot791
C1,0.9402875046074457,0.5141813099722189,0.5104821638573108,0.5659693555809315,0.2755863855606496,,boot792
C1,0.8963531669865641,0.19693324643887908,0.19693324643887908,0.45692393631877853,0.06693790149892935,,boot793
C1,0.9266380436811646,0.2974755631853695,0.2974755631853695,0.606212030970816,0.06662701888378939,0.49360298497004523,boot794
C1,0.9410193839495373,0.2947774605700379,0.29108119147198097,0.4417041572177996,0.3714750443547186,0.5960233920616752,boot795
C1,0.9310777524747874,0.477240300185337,0.46696702562166054,0.6238679462305384,0.30072676450034935,,boot796
C1,0.9199342568678093,0.3308364959939632,0.3308364959939632,0.40551101937545775,-0.042536120913509556,0.3629748984619482,boot797
C1,0.9061162370398553,0.4376058202265653,0.4376058202265653,0.6113046216761449,0.17753744899542667,,boot798
C1,0.9346426420862476,0.5479890280848276,0.5414764250345835,0.6317224958736808,0.0074429749145647215,,boot799
C1,0.9373007438894793,0.3163570935620625,0.31079069308882973,0.5881829833382628,0.1957517499753524,0.6633293897269052,boot800
C1,0.9316735565980768,0.7242693579922573,0.7177360003815023,0.7392027468168398,0.02053340963380111,,boot801
C1,0.9387227759320782,0.47150096599360564,0.45945870163620506,0.6836300842893536,0.42981620475645,,boot802
C1,0.8363857128402308,0.4106696893508242,0.4106696893508242,0.5385491116043719,-0.12476041195468075,,boot803
C1,0.9351851851851851,0.397968144640551,0.39424881618596636,0.5123374946190271,0.5104778303917348,,boot804
C1,0.9303320621337551,0.6589512532276152,0.6524084748267736,0.5897847387044329,0.15515731636281438,0.17852438208010568,boot805
C1,0.8949214433286886,0.2040499722220926,0.19627663994696523,0.27789662883580224,-0.06218665820101869,,boot806
C1,0.9367112015163422,0.6721017282297554,0.6693167763172011,0.7445104779561655,0.30727302768515063,,boot807
C1,0.9537369785743528,0.5397532236457371,0.5397532236457371,0.676515020177596,0.1568201933565317,,boot808
C1,0.9285381533587999,0.4429590171801517,0.43453062150441946,0.4916564144177159,0.28281949934123846,,boot809
C1,0.9083487588400018,0.2469842380513161,0.236453902320446,0.4595055591652392,0.3542022018565385,0.6136313821352465,boot810
C1,0.8766788766788767,0.4453566670703645,0.4413891243793145,0.6070340317306528,0.21226353397117598,,boot811
C1,0.886791539615701,0.10590205170310815,0.10590205170310815,0.2500465109656721,0.07942653877733113,,boot812
C1,0.9270386266094421,0.5506078904991947,0.5506078904991947,0.6490982286634459,0.09567632850241545,0.8291948470209337,boot813
C1,0.9139160409878642,0.45385198431062446,0.45385198431062446,0.5061829258978033,-0.20646935135305136,0.5366300191848893,boot814
C1,0.9114487197690377,0.3224679974894679,0.3224679974894679,0.48274794890435146,-0.12975043685966758,0.44458605571033155,boot815
C1,0.9162190180001885,0.48592900011627593,0.48592900011627593,0.5855824083432466,0.3445160684418128,,boot816
C1,0.9343464763934579,0.45695738414636766,0.44485871613434563,0.5490933943917656,0.39181071023548025,0.08748267639462028,boot817
C1,0.8881369041864061,0.24770955802307865,0.2457513796987855,0.376949327426424,-0.07930622213387102,,boot818
C1,0.9166274140367404,0.31495419813217745,0.31495419813217745,0.5227101300326198,-0.1299660395906877,,boot819
C1,0.9231705604194953,0.45306998240407126,0.44836031522731373,0.5067601882191067,-0.004709667176757498,0.5595084605987908,boot820
C1,0.9115002366303833,0.2165565036796244,0.2165565036796244,0.48081267777326286,0.19175267506433702,,boot821
C1,0.9410193839495373,0.29847372966809477,0.2892330569229525,0.41213400443334447,-0.009240672745142254,0.6468470921599577,boot822
C1,0.9183596689240029,0.5302459790178651,0.5255116399194913,0.3957907486240494,0.07480255775430597,,boot823
C1,0.9154013015184382,0.31917576756645366,0.3115763445291571,0.43031732948691526,0.22893261899855755,0.34482382031732944,boot824
C1,0.9450992982617071,0.3073061033299714,0.3073061033299714,0.573208689744228,0.14169203566711255,0.6569358017293401,boot825
C1,0.9230192920022475,0.40603984330886506,0.40132940429136077,0.6745348673066065,0.2289273362507058,0.13283438029361944,boot826
C1,0.9230697195298965,0.23268297524160714,0.23268297524160714,0.476670386527341,0.10739214241920331,0.512467767333742,boot827
C1,0.8646460657518018,0.07140393379469205,0.06335842012768449,0.21924024742595585,0.1247054618386171,0.8387447997855375,boot828
C1,0.9492439124674494,0.5890271482797439,0.5890271482797439,0.7163596111271536,-0.02198546121106354,0.6513192883777572,boot829
C1,0.9176979906827915,0.2567861936122493,0.25204844096257684,0.4481914006590182,0.39512857098268617,,boot830
C1,0.8836035336375108,0.3700262722956254,0.36412159773771646,0.23618698231635668,0.03739627220008981,,boot831
C1,0.8864142538975501,0.5160017478697836,0.5160017478697836,0.5964430849901682,-0.19227441555604108,,boot832
C1,0.9039268013724743,0.24145856637265506,0.23472466213118656,0.4819551464251003,-0.0028859589606293435,,boot833
C1,0.8873300759518166,0.29399382742387387,0.29399382742387387,0.195015905524503,0.21265553516993543,-0.0039199176989849855,boot834
C1,0.9417502530597222,0.24191773372645312,0.2354542828253647,0.5244628731168908,0.35271974917368354,0.8180882140520515,boot835
C1,0.9363669996300407,0.385393297029873,0.38260732138869324,0.5135481765241441,0.13001219658839092,,boot836
C1,0.898414675032329,0.4461965909038231,0.4461965909038231,0.608801856135585,0.26229777903456847,0.33972885771635986,boot837
C1,0.9337536507347827,0.42558473965281285,0.41627216329279515,0.5038103810769622,0.2095329681004002,0.42465348201681113,boot838
C1,0.9313260849363441,0.313718167856802,0.313718167856802,0.421091945545886,0.07002637675375044,0.3949487648911525,boot839
C1,0.9346919870310328,0.5470297754987719,0.5395871935191968,0.5265626750549404,-0.057680010341707236,,boot840
C1,0.9025146729016558,0.06744440511054613,0.06744440511054613,0.1686110127763653,0.24279985839796603,0.7341805242033735,boot841
C1,0.9511127325793506,0.6317543069661946,0.6317543069661946,0.912432414402695,-0.031084871833358348,0.6856957022064342,boot842
C1,0.8852268321054672,0.08546077815231676,0.07858462358833725,0.3575600373269344,0.40274619589022836,,boot843
C1,0.9266380436811646,0.45888186245314094,0.45888186245314094,0.5592915951371615,0.1651599341344638,,boot844
C1,0.9356779268857011,0.5046329505870211,0.5046329505870211,0.7574140971057496,-0.04832580742269814,,boot845
C1,0.8952399250684471,0.327335131125284,0.3185932433504247,0.29916682607295986,-0.0505086849214088,0.11364454107316979,boot846
C1,0.9366620434581601,0.4038392205674062,0.38991373020301295,0.5078162152882096,0.422406541053264,0.30914588608953164,boot847
C1,0.9023051591657518,0.2910419972495504,0.2881508515815085,0.3421189040516238,-0.04433090024330901,,boot848
C1,0.8892644999275607,0.4067846298421333,0.4067846298421333,0.5974649250806333,0.4351422122109359,0.827259127034723,boot849
C1,0.8888352094304073,0.4177426185265884,0.4177426185265884,0.4470922170179178,0.18294583059595326,-0.11055015431734071,boot850
C1,0.928588065402711,0.3558464672549849,0.35116427689636676,0.5403247673845429,0.3034059352384609,0.1732410432688742,boot851
C1,0.922817534657175,0.2921110699217991,0.288341894826034,0.3599562216455718,0.27514978199085594,0.7020088615862592,boot852
C1,0.8850647147219933,0.42738216005372265,0.4224697214324155,0.4283646477779841,0.2151648116132535,,boot853
C1,0.910520581687272,0.35813243882688767,0.35813243882688767,0.4679597200671332,0.21010436411177408,0.5300360094637937,boot854
C1,0.9199342568678093,0.36392014559335956,0.3582486628048916,0.5926699513948998,0.12382737421488337,0.318548283285616,boot855
C1,0.8981508096196225,0.21977523399597407,0.21299802413706737,0.46956382593853485,0.3088471349987477,,boot856
C1,0.9243288747544665,0.4920138503911371,0.48919159121107325,0.6020819584136285,-0.10254208354232111,,boot857
C1,0.9309783871717406,0.5034441815537563,0.4941038442336495,0.6986572315439884,0.07472269856085437,,boot858
C1,0.9130948442890223,0.3104587246796847,0.3104587246796847,0.35426578399031505,0.04285473193431231,,boot859
C1,0.9192745042759138,0.22229249819988797,0.2175628705786138,0.5514745806405731,0.360397624741095,0.14094290311397153,boot860
C1,0.9042401143401619,0.005769917991478444,0.005769917991478444,0.27022449260090714,0.2836876345810235,,boot861
C1,0.9152990001886436,0.495917774830639,0.495917774830639,0.46076651492885046,0.19380694648553712,,boot862
C1,0.9255348967579183,0.5956602498266312,0.5928416682028459,0.6022369402821303,-0.08737603033734494,,boot863
C1,0.917290401544038,0.1251322465627496,0.11849644560866442,0.40193994350458967,0.10901672995997126,0.6275571759434868,boot864
C1,0.9206438594021307,0.41181009454493867,0.41181009454493867,0.6772198114420207,0.23801867849845076,,boot865
C1,0.902619399780524,0.4007659601851468,0.4007659601851468,0.5327489807268899,0.12909288140579248,,boot866
C1,0.9143261741798442,0.6333958833696213,0.6333958833696213,0.602962447532042,0.016167762788714058,,boot867
C1,0.8995741830534424,0.16722887944390744,0.15852911114913767,0.2861257128057607,0.2687261762162212,0.09569745124246726,boot868
C1,0.8853889023503756,0.2553532757430808,0.243567739939554,0.32508436258061446,0.2612460436448442,0.6992751243425905,boot869
C1,0.9001004256133135,0.2289599589749276,0.21929920121227242,0.33522829436413454,0.040575182603151724,,boot870
C1,0.9450025228200541,0.6339987675320673,0.6339987675320673,0.8336761732714847,0.17299240681571645,,boot871
C1,0.9207451550842287,0.2521587127137685,0.24460339547889903,0.33148954367989786,0.07460875769433599,,boot872
C1,0.9186647860836858,0.42784210760535796,0.42784210760535796,0.4789559877175026,0.03786213341640337,,boot873
C1,0.883332524154003,0.5424123098393641,0.5424123098393641,0.7097627502616723,0.2953243066276029,0.5748979835684004,boot874
C1,0.8820298449424003,0.23069316989251426,0.23069316989251426,0.36871472452906134,0.20703233195482054,,boot875
C1,0.9401898442539857,0.4420938775858101,0.43192016910580194,0.45689199901127653,0.35515491421119477,,boot876
C1,0.9528319067565106,0.535702865310464,0.535702865310464,0.6077991623454327,0.1825222709746044,,boot877
C1,0.9059601388954953,0.5950928872432417,0.5883740965808181,0.3541762506334778,-0.2025235471102,,boot878
C1,0.911242603550296,0.6441276115189157,0.6403105590062111,0.5649237718802935,0.38647656691134946,0.1545906267645398,boot879
C1,0.8775012201073694,0.33593412970933884,0.33197030516999565,0.1417067272815205,0.1268423852589834,,boot880
C1,0.9389186196715261,0.34359601449275357,0.34359601449275357,0.6232887270987146,0.20930646704949407,0.403794777139732,boot881
C1,0.9380367531628035,0.46164873263309275,0.46164873263309275,0.7323343348998862,0.029664175590881463,0.43569257899107144,boot882
C1,0.9323182619998143,0.38706692759973327,0.38147077924889367,0.471009152862326,0.19586519227938312,,boot883
C1,0.9330611866215149,0.23671498545248607,0.23671498545248607,0.44360761053300535,0.4538590469108689,,boot884
C1,0.9004684960321254,0.3196403741217096,0.3196403741217096,0.47994340162685706,0.1303669199590054,,boot885
C1,0.914479894279781,0.4060278964563961,0.4041261264495745,0.63519118227839,0.014263275051161454,,boot886
C1,0.9257858110317126,0.5616849964685702,0.558867178760534,0.6377660745855506,0.022542541664290445,,boot887
C1,0.9255348967579183,0.5430467261826386,0.5430467261826386,0.6285437021041267,-0.14092908118926603,0.8850346298685906,boot888
C1,0.9292364990689013,0.403323168075281,0.3995800296244663,0.3939653219482443,0.18622113792802997,0.3967726757863553,boot889
C1,0.922565231648475,0.38550355217435456,0.38550355217435456,0.5476224054114914,-0.10933597078783652,,boot890
C1,0.8951337848873516,0.44103196121162347,0.43811765309789025,0.6158904480356151,0.0524575460471975,,boot891
C1,0.9169335091354304,0.38597459897824293,0.37933621521203237,0.36795612875567146,0.29872726947947553,0.8639382301454039,boot892
C1,0.9296849550933035,0.2057733071596147,0.1973553082303577,0.3703919528873064,0.12814065036757824,,boot893
C1,0.9271887681328419,0.604914106484337,0.5992869985170409,0.5242588922864255,0.055333228345078894,,boot894
C1,0.9244797755436053,0.5775280948296717,0.5775280948296717,0.6744098436366035,0.09782234830991181,,boot895
C1,0.9019383175785353,0.4184225206896869,0.41456609192756994,0.37503769711587137,0.07230803928969243,,boot896
C1,0.9432089689395332,0.6785346843335931,0.6683935409536073,0.7771803517570909,0.026735741638144295,-0.08758260191805887,boot897
C1,0.9273388676429437,0.5166724392782486,0.5129216411709654,0.6048161947994016,-0.17910060962276855,,boot898
C1,0.9109332828258913,0.3216958736558533,0.3131045891962013,0.37324358041376443,-0.06586651419066432,0.5288412878496815,boot899
C1,0.9322686969035793,0.7359326327275559,0.7312689278306768,0.7890988685519802,0.2191941301533278,0.3842892835028556,boot900
C1,0.8799610421232044,0.3883571136401915,0.3883571136401915,0.47828204326171164,0.1630506965664926,,boot901
C1,0.9496278028953736,0.42854318344338455,0.42396473062881856,0.4834846172181775,0.2124402105958659,0.6272480355955522,boot902
C1,0.9238759182145697,0.2710697158257699,0.2710697158257699,0.5026084314269483,0.25036300142241247,0.7190877183711395,boot903
C1,0.9397501498179134,0.6079321699887819,0.6079321699887819,0.7606091989813983,0.31275658060305667,0.7032396486932635,boot904
C1,0.881758070789576,0.4625147197023455,0.45462534282042916,0.45955620337162695,0.23470896223701115,,boot905
C1,0.94905186200594,0.3930696447635595,0.3884884134726089,0.5433340311067384,0.3857396746980386,0.579983881434343,boot906
C1,0.9456795782718311,0.5875691795401379,0.5875691795401379,0.7880231406352085,0.18666125734999683,0.5563057177179709,boot907
C1,0.9256854593862394,0.38232537833414504,0.3795072551523209,0.6209264743952578,0.15123927742456353,,boot908
C1,0.9506820566631689,0.5030713120261061,0.5030713120261061,0.5972828486419043,-0.14360399270563395,0.7591803436030329,boot909
C1,0.9322191272051995,0.3292750736185692,0.3227455395808072,0.5027741209076737,0.13152347133206305,0.059698596916681106,boot910
C1,0.8914059864076733,0.368738439258796,0.3648364451925655,0.4184888636032368,0.0907213620398625,,boot911
C1,0.8643657729719054,0.28570835340926587,0.28570835340926587,0.6317776265528837,0.2313835256483491,0.4919414958349684,boot912
C1,0.9162700843424587,0.37771281899932474,0.3767637918159093,0.5172198149613869,-0.13476186004498522,0.4640742926901251,boot913
C1,0.9325164763761254,0.6667325952791074,0.6667325952791074,0.8019441006154299,0.027974794207514996,0.706829800309879,boot914
C1,0.943694314319831,0.3851652546317848,0.3851652546317848,0.540889962844157,0.2884132169850445,0.3225067921558006,boot915
C1,0.9226157017050777,0.7436324303323562,0.7417474305089535,0.7869874262706176,0.2997149719210257,0.47030745593896794,boot916
C1,0.951017057374806,0.512037631673325,0.49649363214038494,0.61444515800799,0.16001175989791408,0.34928281303430386,boot917
C1,0.9307796011343035,0.16442504549343545,0.15508271336312662,0.2830726635483576,0.17003044477162074,0.6539632491216183,boot918
C1,0.9042401143401619,0.43755211435378194,0.43082054336372383,0.5192926192330599,0.30388234755119803,0.01730975397443533,boot919
C1,0.9125295508274232,0.48027033115566564,0.47645866186077945,0.5002815949538184,0.2010655553052489,,boot920
C1,0.8955051863234729,0.36802156193460545,0.36802156193460545,0.4991110365023408,0.2184824576128924,,boot921
C1,0.9354316130525341,0.4545681216788934,0.4462018372308156,0.6246825721231417,0.046479358044876615,0.3281442677968289,boot922
C1,0.8821385176184691,0.4159851479219067,0.4159851479219067,0.4159851479219067,0.16954844891603782,,boot923
C1,0.9086077631204327,0.4383199062678813,0.43544881517879036,0.34548796105394136,0.02105466798666679,,boot924
C1,0.9407755365202174,0.6128154025591472,0.6026480278560542,0.6109667889767668,0.23015239100637655,0.4658506227598947,boot925
C1,0.9077266467208054,0.5402890665162344,0.5402890665162344,0.6629078617539613,0.029696739471636993,0.6887727638744194,boot926
C1,0.9298343569700354,0.3291843909910537,0.3245084763462944,0.37687872036759834,0.06359243916872628,,boot927
C1,0.9298841483273622,0.5059068739421942,0.5059068739421942,0.5704310408590362,0.240329143443889,,boot928
C1,0.9385268598855454,0.32984161735025486,0.32984161735025486,0.5837084801423049,-0.007412171176410222,0.4095224574966647,boot929
C1,0.9023575450987877,0.5993960688367472,0.5936141131888044,0.532903578885404,0.032764415338343095,0.2197143146218302,boot930
C1,0.8864142538975501,0.08240332095258902,0.08240332095258902,0.13733886825431504,0.24917194668997159,,boot931
C1,0.8916730917501927,0.21259497358972912,0.20576852948363686,0.41641309047162545,0.33547096749938904,0.7509088516701442,boot932
C1,0.9141724105372485,0.5222114546940535,0.5222114546940535,0.6525265171586899,0.1797777139110676,,boot933
C1,0.9059601388954953,0.13341598601098487,0.13341598601098487,0.15069287628578865,0.22939870975989476,0.6718790662423697,boot934
C1,0.8887815247850034,0.22111366365088814,0.22111366365088814,0.5537625381699235,0.15947578396059633,,boot935
C1,0.945776229545767,0.38339797969581646,0.378800881617929,0.4220136035500714,0.24088793928130436,0.2270966450476419,boot936
C1,0.868833915310087,0.3492937551376015,0.3492937551376015,0.3673089058323776,-0.11609763781077875,0.3983349986956029,boot937
C1,0.8693343820666601,0.20805523047117017,0.20805523047117017,0.5191378106468141,0.38510222947788714,,boot938
C1,0.9452444281390443,0.5722007441844768,0.5722007441844768,0.5924393557151173,0.22906428505134196,0.301739299184097,boot939
C1,0.8153489569920164,0.2239638550907743,0.21756488780246644,0.17490510588041416,-0.17170562223626026,,boot940
C1,0.9512562126670011,0.4241530888280335,0.4195824736466968,0.4981970547656858,0.41684010453789494,,boot941
C1,0.9113971980310488,0.5180769856035838,0.5180769856035838,0.5562410361084517,0.0791904047976012,0.5848640739871028,boot942
C1,0.8252119726223311,0.28345813104836537,0.28345813104836537,0.5131751294444384,-0.5100138863472448,,boot943
C1,0.9048140564735011,0.32963774980208044,0.32194940578337294,0.2969622877225738,0.1797150414372858,0.07303926817772043,boot944
C1,0.9226661670335846,0.3176050978470558,0.3176050978470558,0.5843179841696574,0.0933023877948324,,boot945
C1,0.9392122497924545,0.2925671047799612,0.2925671047799612,0.4240371328772855,0.3805224052676078,0.3120098554140726,boot946
C1,0.9507777929838968,0.6356351931509535,0.6328914441157695,0.6027102047287457,-0.22132908883817373,0.592649791599738,boot947
C1,0.9348893211077149,0.11998630266796463,0.11254529164979628,0.46227280950370875,0.26136551201316327,0.32554423204486527,boot948
C1,0.9194775909048201,0.19103475239694684,0.18441473622477536,0.3953095371382366,0.14185748940367335,0.2373748656021468,boot949
C1,0.9198328089043347,0.5019815840063221,0.5019815840063221,0.629604020618099,-0.15314692393413218,,boot950
C1,0.9074672240167205,0.2175189352559901,0.2088948365013473,0.4206643725875755,0.17631490787269682,0.23764183235015654,boot951
C1,0.8738738738738739,0.23085611833258626,0.2199103541012998,0.2696638278798745,0.11045271178843567,0.31742716270730614,boot952
C1,0.8996268299684239,0.2010495454251177,0.2010495454251177,0.41563127179231063,0.2155483107201983,0.3789010663781065,boot953
C1,0.9388696655132639,0.36028522593739987,0.3436139301356693,0.4436417049460528,0.23525050742442052,,boot954
C1,0.8288609399663933,0.33151834698205634,0.33151834698205634,0.3493531947627366,-0.06399563027185264,,boot955
C1,0.9434031606027196,0.36500601277078637,0.36500601277078637,0.4507271218305923,0.06175606781727951,0.4599444453854101,boot956
C1,0.8742597033919044,0.23572738823735598,0.22677571526631712,0.2198133029555091,-0.09946303301154259,0.48140107977586616,boot957
C1,0.9355794150314698,0.44706078697888885,0.44706078697888885,0.6217955644259391,0.2955620171710741,,boot958
C1,0.9061162370398553,0.3665908406283946,0.35123625044500634,0.4865485764361154,0.47119398625272707,,boot959
C1,0.8993108728943338,0.1827486256871564,0.17501323412367892,0.3132833583208396,0.0976593184889037,,boot960
C1,0.9204918802215338,0.3164659613900983,0.30229584371591484,0.3646443614823222,0.4005419929235871,0.41943548315583185,boot961
C1,0.9107269713473833,0.23774604897239368,0.23392683533428293,0.20050871600081396,0.2329720319247552,,boot962
C1,0.9440337909186906,0.4098968971889894,0.4016068475829199,0.45042602859644004,0.19988230716856334,0.35278766656939986,boot963
C1,0.9269385089110759,0.4362186080303918,0.4362186080303918,0.6322824555107186,-0.15009672534379076,0.18293038401274495,boot964
C1,0.9456795782718311,0.45056165567240625,0.4432055470083669,0.42941284326329326,-0.011953676579063838,0.4763080359965437,boot965
C1,0.9446152434267885,0.47316251230257783,0.47316251230257783,0.5339187882013525,-0.12243310143237911,0.2503895006737377,boot966
C1,0.891299108218848,0.42341712323935377,0.4195146612740141,0.4721978978060996,0.2995139558398194,,boot967
C1,0.9347906632085958,0.6492967309448722,0.6455758327732686,0.655808302745179,0.3199972427579313,,boot968
C1,0.9212513484358144,0.3907728337236534,0.3869972507891254,0.4474065777415743,0.3171489665003564,0.569169127380104,boot969
C1,0.9388207068376857,0.5298043606464902,0.5298043606464902,0.5788946248322664,0.17691019734874058,0.6742964590046238,boot970
C1,0.8907644080057873,0.4256236905910878,0.4256236905910878,0.5320296132388598,0.08200089451754902,0.5437440267413667,boot971
C1,0.9455345681276361,0.47178281107700604,0.4653452288595811,0.5113279589840456,0.1692164468580295,,boot972
C1,0.9125295508274232,0.45644739806262663,0.45644739806262663,0.6384546068934445,-0.3030277089434557,0.4316715476458662,boot973
C1,0.9239766081871345,0.26821684094661524,0.2503357182168409,0.30303797468354426,0.1929279031370391,,boot974
C1,0.9131462054626217,0.3523413101977265,0.34567539351831017,0.5618415486936721,0.12284332166353172,0.1342706073996742,boot975
C1,0.8417766139591095,0.20660237002819481,0.20040429892734898,0.2272626070310143,0.1394565997690315,,boot976
C1,0.9185630994921948,0.44871594915073176,0.44492931666844704,0.5784081116689812,-0.015146529929138624,,boot977
C1,0.9291866474230643,0.4482648779828945,0.4445215387095509,0.49131327962634574,0.0552142542818179,0.61577931046502,boot978
C1,0.9237752093959103,0.4687758167314884,0.45936264772081586,0.5007805913677748,0.013178436614941441,,boot979
C1,0.8807785888077858,0.42946192649531584,0.4245255825126111,0.39392024981984136,-0.1638866202257987,,boot980
C1,0.8733222298422652,0.40027060510579354,0.40027060510579354,0.5595822887299899,0.016926866385070866,0.805519700324843,boot981
C1,0.8257517741359064,0.41701130639082584,0.41701130639082584,0.5581211928968124,0.11373035628840704,,boot982
C1,0.8881369041864061,0.34268120675129454,0.3358275826162687,0.5453526633156315,-0.06951533051240547,,boot983
C1,0.8895326380842022,0.377335422605675,0.377335422605675,0.5112601710434406,0.21897185146028814,,boot984
C1,0.9065842643213691,0.4584815667677435,0.4517674015640318,0.5639898771117849,0.03548915893390484,,boot985
C1,0.9441307441582886,0.3536724606674587,0.3472253064365415,0.5885330790794431,0.31498953528195545,,boot986
C1,0.9280887356107566,0.4216238521293736,0.4150652588740278,0.5181288671723191,0.22018134500089506,,boot987
C1,0.8954521442635546,0.6302378409636756,0.6253823876434624,0.5904231237379273,-0.2282063060500212,,boot988
C1,0.9132489132489131,0.2818413475381515,0.2818413475381515,0.563682695076303,-0.07426900374316153,,boot989
C1,0.9036655703322368,0.26366044849713555,0.25403780439140067,0.3714340624813661,0.23383025176935746,,boot990
C1,0.9045010716837343,0.1788158527371385,0.1788158527371385,0.3932026009112346,0.18458410605123976,,boot991
C1,0.9202384864560349,0.37891878823367625,0.37891878823367625,0.6047581657594833,-0.12189656778589586,,boot992
C1,0.9196298557940721,0.2865046836067102,0.2836680035710002,0.452923245701697,0.11157608140459342,0.6987688487965639,boot993
C1,0.8916730917501927,0.43396680388729114,0.42518994717945824,0.396908964454219,0.0916693922818098,0.4466444857986052,boot994
C1,0.9252838652399419,0.5112414644107095,0.5074823359959248,0.4990242970626595,0.26031964272383556,0.42478151087066307,boot995
C1,0.9135055978081156,0.27985835502974543,0.27605075836267406,0.4978432642195812,0.29318494336449524,0.17514944668528287,boot996
C1,0.9280887356107563,0.3213710695119449,0.3213710695119449,0.41600220076764877,0.029982140595866572,0.5106333320233526,boot997
C1,0.9362194163082187,0.4792633482685592,0.4736905186375294,0.4263214667737764,0.2823567013055077,,boot998
C1,0.9084005695301376,0.47479532960792326,0.470966335014311,0.5226577620280769,0.1426300486120576,0.2814311026305029,boot999
C1,0.9404827713285424,0.3328540275316887,0.3291556494480033,0.36336564672209354,0.20988295624914818,0.5954388714733542,boot1000
C1,0.9155035835533759,0.3837279876748894,0.3837279876748894,0.7370616792963223,0.030394296053456588,0.4388176492717795,boot1001
C1,0.8912991082188477,0.6029303736449785,0.6029303736449785,0.5307348272861947,-0.02243915630070309,,boot1002
C1,0.9270386266094421,0.1800966183574879,0.1800966183574879,0.458683574879227,0.37426328502415446,,boot1003
C1,0.9148896018116626,0.3773322930119098,0.3773322930119098,0.3782827521882623,0.0912440809298321,0.5417617305208781,boot1004
C1,0.9365145420076756,0.45125694978125624,0.44382885184247006,0.44382885184247006,0.03714048969393056,0.4280441437225497,boot1005
C1,0.9389675693130967,0.5074954180569143,0.5074954180569143,0.7010475026808106,0.17410426750857647,0.8029170209039137,boot1006
C1,0.9210995402945866,0.3813967247380588,0.3813967247380588,0.4370957513705971,-0.08590866819594888,0.7146468332344319,boot1007
C1,0.9121695123681598,0.4499545063100513,0.4499545063100513,0.4928527113607977,0.06768383463562214,0.25643593685890637,boot1008
C1,0.9232713824259164,0.5839349567686493,0.573574820438883,0.6583395722278805,-0.008476475178899748,,boot1009
C1,0.9292364990689013,0.609195782870088,0.609195782870088,0.6026452905811623,0.10480787662281084,0.5100026139234992,boot1010
C1,0.8653182042427233,0.06330920628625253,0.05526994199593475,0.41301720291507604,-0.08340736701204698,,boot1011
C1,0.8490792634107286,0.07988192608080683,0.07373716253612937,0.18946354262755463,-0.018434290634032343,,boot1012
C1,0.9313757375830506,0.21660337744925803,0.21660337744925803,0.4640167180701778,0.49295941074658717,,boot1013
C1,0.9435487575214735,0.4792268650019261,0.4764620946269149,0.5750722380023112,0.1419248792505704,0.610092662752452,boot1014
C1,0.936317809739629,0.5015019606664118,0.5015019606664118,0.8386227231143887,-0.12258936816290067,0.5999449381305593,boot1015
C1,0.9225147568631125,0.29691995866783244,0.29691995866783244,0.48167015517226147,-0.1894632117213788,0.6240032147241431,boot1016
C1,0.9295853306650532,0.5041986321348187,0.501392331770432,0.5893230765212167,0.2628568007975586,0.5257136015951172,boot1017
C1,0.94519605595047,0.5381906208467818,0.5335907010104846,0.5575102841592304,0.23367592768390189,,boot1018
C1,0.9427231773466949,0.5073184589682922,0.5073184589682922,0.7010218705743674,-0.1521955376904877,0.4510522298827181,boot1019
C1,0.9013088755135186,0.5499248785613553,0.5499248785613553,0.6869237079573421,-0.19295609774082642,,boot1020
C1,0.9197820777756903,0.430158603296391,0.430158603296391,0.5568426754759875,0.07185066780335322,0.8622080136402387,boot1021
C1,0.8899078140836914,0.13582256870263207,0.13582256870263207,0.12898258322839878,-0.11041690836976563,0.789529751882926,boot1022
C1,0.9296351451973194,0.35918719855130504,0.3545102819035016,0.47798088140551265,0.2553596489700684,0.47985164806463404,boot1023
C1,0.8854429152936616,0.37023966344323456,0.3692575953704408,0.5028188532703876,0.11686610066245334,,boot1024
C1,0.9255850889895829,0.5185908953265367,0.5185908953265367,0.7318520062669784,0.046034336722826634,0.6886360983231005,boot1025
C1,0.875525569570744,0.35854240514319563,0.35456963611113806,0.286039370308145,0.15195841547620206,0.4896437832010955,boot1026
C1,0.8957173036297292,0.33007308524125584,0.33007308524125584,0.5863651278991721,-0.0834890745022,0.7902337981952419,boot1027
C1,0.9181561618062088,0.6032884889522451,0.6032884889522451,0.610865110477548,0.1628973627940128,0.8732056307911616,boot1028
C1,0.849482267020159,0.2200829010768435,0.21189376987398423,0.3193761169115124,0.21189376987398423,0.1320497406461061,boot1029
C1,0.9008888464111631,0.3503786012786096,0.3503786012786096,0.5405289716694803,0.3445872194392937,,boot1030
C1,0.9337536507347828,0.18997655774436284,0.1815952390203468,0.487979001264932,-0.10336959759619743,0.37902185785272385,boot1031
C1,0.9080896315989365,0.28248504355099735,0.28248504355099735,0.28823050206389905,0.08330914843707381,,boot1032
C1,0.9283883893211574,0.35873292050150773,0.35404972310592664,0.5217081898677278,0.2650689725898869,0.7455650253765016,boot1033
C1,0.8901220865704772,0.2793949907839098,0.27255665184863925,0.2823257074704543,-0.11820557302396183,,boot1034
C1,0.9169845081697037,0.2560377046764694,0.2560377046764694,0.44569526369607637,0.28164147514411636,,boot1035
C1,0.9161168708765315,0.4537108606190731,0.44516818751118264,0.35879227053140095,0.1490221864376454,,boot1036
C1,0.9099009431726622,0.4185835481051015,0.4109381864958759,0.49599283439851066,0.010512372212685198,,boot1037
C1,0.9507299270072993,0.4938996912292413,0.4938996912292413,0.6749962446799632,0.18566969873988146,,boot1038
C1,0.9416041599558234,0.5125388312587915,0.5060743775312031,0.43311839974842015,0.34908050128977147,,boot1039
C1,0.8761848920160265,0.2342169936668962,0.23024721411322002,0.38109883715291587,0.1855871941343627,,boot1040
C1,0.9437428243398392,0.3630318417433619,0.3630318417433619,0.5823251877710779,0.16493070982756797,0.4653073098487252,boot1041
C1,0.9334569904938556,0.6679239292425323,0.6679239292425323,0.7480375386077455,0.11551264606147002,0.48813408496943783,boot1042
C1,0.9311770993075886,0.4407698416486935,0.43329916636651233,0.4491743513411474,0.13820749272035307,,boot1043
C1,0.9076747720364742,0.29315231040821155,0.29027826814930746,0.5039154093945074,0.1369960143410923,0.5728924236082041,boot1044
C1,0.9272888391399654,0.3432165428200295,0.33852779223505636,0.4538710566253942,0.1059657632203916,,boot1045
C1,0.9436457998438432,0.4561401986634444,0.44231776840091586,0.5519757151503095,-0.1161084142052404,0.10689346069688802,boot1046
C1,0.9232209737827716,0.1704806420319252,0.1704806420319252,0.3880553840726695,0.09136255401710908,,boot1047
C1,0.9060121765601219,0.34935704764165576,0.3445581870971275,0.3781502109088252,0.26201778573124185,0.5480298741851248,boot1048
C1,0.8784864443144137,0.3860394625067573,0.3830699281797823,0.2197455401961542,0.27022762375473014,,boot1049
C1,0.9446152434267883,0.4289761298307419,0.4289761298307419,0.5016995509823055,0.135320796319998,,boot1050
C1,0.8598621920388637,-0.06573348573032751,-0.07483504529298825,0.03236110066723816,0.3792316484441972,-0.19416660400342894,boot1051
C1,0.9121180588402232,0.2545437082330023,0.2450102360145378,0.30507111099086426,0.08294120830064122,,boot1052
C1,0.9443730493849825,0.7357077895733315,0.7301830752586381,0.8701425045642033,0.2863643586449388,0.3554232875786057,boot1053
C1,0.9340501459887843,0.20853549408683572,0.20853549408683572,0.5343722035975165,0.43289734263561874,0.20294972192379546,boot1054
C1,0.9131462054626217,0.48375509616336515,0.48375509616336515,0.5266074176738995,0.013331833358832899,0.29330033389432375,boot1055
C1,0.9327146171693734,0.5621739130434783,0.5584447328574519,0.6936275146009084,0.3412199870214147,0.37291801860263896,boot1056
C1,0.9417989417989417,0.4625744992672203,0.4607278944797264,0.6010698583292624,0.23359550561797754,0.7035564240351734,boot1057
C1,0.9422369389256806,0.37007215252194287,0.3617662937371611,0.5223462302429418,0.24456139755190737,0.5731042561499415,boot1058
C1,0.8590703903963489,0.30366494775478636,0.30366494775478636,0.26115185506911637,0.1700523707426804,0.07996510290876042,boot1059
C1,0.9469346641637288,0.6354600303561592,0.6354600303561592,0.7732042565894307,-0.11478685519439293,0.7741225514309859,boot1060
C1,0.9306304630835038,0.2821836443888367,0.27097104924755844,0.4195379348694956,0.2588240711778403,0.5335326521391581,boot1061
C1,0.9302325581395349,0.24865217391304348,0.24865217391304348,0.30380434782608695,0.20004347826086957,0.35708695652173905,boot1062
C1,0.9146335708555519,0.4154669280775978,0.4154669280775978,0.6740641922357364,-0.3260987559052999,0.6113163266679527,boot1063
C1,0.9355794150314698,0.5920534746477176,0.5920534746477176,0.6859269455102287,0.22492455394779856,0.39036492833915454,boot1064
C1,0.8774464346722632,0.14270659308236633,0.14270659308236633,0.35280241067585016,0.36766768078859663,,boot1065
C1,0.8605964529872189,0.5082420486740281,0.5042003624022664,0.44256464675790125,0.2798867743194946,,boot1066
C1,0.9361702127659574,0.3557509881422925,0.3557509881422925,0.46071146245059286,0.42541501976284585,0.562885375494071,boot1067
C1,0.907103825136612,0.28566788894709266,0.27895756940806704,0.3901571503404923,0.13324777370350968,0.5051911995809324,boot1068
C1,0.8604270921072189,0.3062179971859054,0.3062179971859054,0.5912129648638769,-0.14755058610277952,,boot1069
C1,0.9118607181719259,0.30992528795268237,0.30992528795268237,0.43866348448687353,-0.012397011518107294,0.7543104700632978,boot1070
C1,0.9030381075022654,0.3245084297399204,0.3245084297399204,0.46702251757822366,0.499762240459996,,boot1071
C1,0.946452292611424,0.5457451402069752,0.5457451402069752,0.6945847238997865,0.09830762626623965,,boot1072
C1,0.9489558104464653,0.5186478734051062,0.5140661784103614,0.5589667893588599,0.20984163075930973,0.5003210934261272,boot1073
C1,0.9110879651548149,0.303507180103567,0.2939629291569139,0.37508906220346483,-0.1775230676077467,0.2529226500863058,boot1074
C1,0.9248317127898278,0.45883788392904234,0.4503757098401871,0.49362682184989193,-0.0018804831308567311,0.37045517677877604,boot1075
C1,0.9340995458337195,0.4822128269066499,0.4822128269066499,0.47755826294036946,0.10426223284468106,0.6320897866208789,boot1076
C1,0.8727147968436013,0.30091009869658003,0.2939353613095732,0.2540797190981057,-0.06675820070420815,,boot1077
C1,0.9261368942011392,0.37087202013028575,0.3661774375969909,0.4713360863427935,0.06102957293283183,0.4675804203161577,boot1078
C1,0.9256854593862394,0.24235859363687823,0.2339042240914057,0.4396272163645697,0.03757497575765554,0.3748103831826139,boot1079
C1,0.9436457998438432,0.44968973120759775,0.44600374980425683,0.6330673060238109,0.4515327219092683,0.7629981504915799,boot1080
C1,0.9405803777061261,0.3993833837243963,0.3993833837243963,0.566717625516331,0.18674871183409275,0.6998454200911297,boot1081
C1,0.9245300663985785,0.40161414033019904,0.40161414033019904,0.5257665209474971,0.17117979751778975,0.7336277036476703,boot1082
C1,0.9361702127659574,0.5684584980237155,0.5684584980237155,0.7133596837944665,0.010217391304347827,0.7718774703557312,boot1083
C1,0.924077279318894,0.34346835643634094,0.33876331045776087,0.45827147831369325,0.09410091957160024,,boot1084
C1,0.9001004256133135,0.28306020244579655,0.2762976720119379,0.27243336890687586,0.09177719874522412,,boot1085
C1,0.9347906632085958,0.7190635716624445,0.7125519998621378,0.7739468196936014,-0.08558065794688863,,boot1086
C1,0.8922602706737948,0.421011879896174,0.421011879896174,0.41224079906500377,-0.1325407770043511,,boot1087
C1,0.8734326018808777,0.043805176819396496,0.03783174361675152,0.19513215128640257,0.1841808570815534,0.8412585093725009,boot1088
C1,0.9296849550933035,0.49104993753998966,0.49104993753998966,0.462989941109133,0.1440413150117303,0.20951464001706224,boot1089
C1,0.9072595971113644,0.34983515782954777,0.34983515782954777,0.47922624360212024,0.13226644323418518,0.4830600535509371,boot1090
C1,0.9423342223857261,0.6736278844766569,0.6690139948569537,0.5610489777559005,0.08397279107859694,,boot1091
C1,0.9302823124505837,0.6617906904961677,0.650573899131826,0.6963757972028883,0.35987205627263363,,boot1092
C1,0.9427231773466949,0.577420646025729,0.577420646025729,0.6825739266118841,0.15588512648298433,,boot1093
C1,0.8605400049541739,0.09094390628519936,0.08387049135190608,0.18795073965607864,0.1465207379039323,,boot1094
C1,0.9017810246860525,0.4310310835263297,0.4310310835263297,0.5158873147350925,0.22081905621371248,,boot1095
C1,0.9281386895330412,0.40380022180112995,0.3963050900739628,0.2885625714959351,0.10774251857802772,,boot1096
C1,0.9281386895330412,0.3429022765178969,0.3354071447907298,0.5059213915837822,0.13303858815721684,,boot1097
C1,0.9169845081697037,0.5955247353215659,0.5955247353215659,0.5945764475264679,0.08344932596862707,,boot1098
C1,0.9378405837258705,0.4802892841544561,0.4728716890323796,0.5924804103758639,0.19656627073502836,0.8159354634284196,boot1099
C1,0.9015187697010221,0.19194661728258564,0.19194661728258564,0.3578502261901471,0.1456479357269871,0.12635681841215435,boot1100
C1,0.9451476793248945,0.6826630434782608,0.6826630434782608,0.8041071428571429,0.011960403726708074,0.6605822981366458,boot1101
C1,0.8839285714285714,0.16723759332454982,0.1514975845410628,0.013772507685551164,-0.05804128238910847,0.6286166007905138,boot1102
C1,0.9149407935085154,0.4371867587913787,0.43338513480188845,0.2784689572301608,0.05227232985549093,0.32218763310929865,boot1103
C1,0.8719960765080922,0.42481244192302037,0.4218208050080696,0.4427622634127256,0.051855039859148036,,boot1104
C1,0.9195283506365387,0.3688091123540099,0.36124379722879946,0.49079981874802864,0.15130630250420923,0.6108991963607446,boot1105
C1,0.9336053412462907,0.5057532258900348,0.5057532258900348,0.7590955416213228,0.21142906496692063,0.7618897583389472,boot1106
C1,0.9365637137044572,0.5013702864207705,0.5013702864207705,0.664779861254207,0.27018287657119305,0.7566977470980147,boot1107
C1,0.9353330555941305,0.5643188635317102,0.5587407528542963,0.5959281573703893,0.29006175522552485,0.0557811067741394,boot1108
C1,0.9246809107485154,0.598091159698743,0.5962103698883697,0.6977730196485336,-0.09403949051867028,,boot1109
C1,0.9001004256133136,0.5989669812846206,0.596068753955824,0.6308474819013827,0.2057741403445551,0.2695351415780793,boot1110
C1,0.9149919803755071,0.301261846907027,0.28985761295471046,0.326921373299739,0.39249571852555876,0.18531880172514276,boot1111
C1,0.8997321086873326,0.37692378821223155,0.37209143195310046,0.46970502838755007,0.07441828639062008,,boot1112
C1,0.9209476894205957,0.6024040399565883,0.6024040399565883,0.6864384593235731,0.20394870318279473,0.5797430729362777,boot1113
C1,0.9185630994921948,0.4553425559947299,0.4553425559947299,0.5225552825552825,0.300090624221059,0.5556883167752732,boot1114
C1,0.9383308714918759,0.3595653884981948,0.3595653884981948,0.4068278493574936,0.2678206115360266,0.29469534418151017,boot1115
C1,0.9300334946036471,0.5226553229987647,0.5226553229987647,0.6068037649842545,-0.13650747255423906,0.5852991631435182,boot1116
C1,0.9155035835533759,0.32008993031296473,0.3162906433062826,0.38562763117823046,0.3951258486949356,,boot1117
C1,0.9154013015184382,0.440766536163198,0.43316711312590145,0.4873130022666391,0.21943334020193692,,boot1118
C1,0.91851224902431,0.5178506594967079,0.5178506594967079,0.7024592126993736,-0.44022039609866404,0.757368423395551,boot1119
C1,0.9370060544437769,0.4649406178828312,0.4612285171412518,0.5818717912425851,0.1187872237305437,0.3795623008265029,boot1120
C1,0.9058560487131916,0.2083064438792052,0.20254681870282162,0.3542169483475886,0.34845732317120504,,boot1121
C1,0.9314253856160565,0.37530136368368094,0.3725006072382802,0.4126447829556889,0.28661074291266175,0.5041361601721086,boot1122
C1,0.9599819127289171,0.6059896782649655,0.6059896782649655,0.6857013250322553,0.02717442503430338,,boot1123
C1,0.950538419419602,0.35128831897415347,0.35128831897415347,0.56626945167969,0.18845154611634274,0.5159547184932879,boot1124
C1,0.910520581687272,0.5586866045699447,0.5539115053855862,0.49852035484702756,0.24066499889166848,,boot1125
C1,0.9276389406937708,0.5568133424240835,0.5521263614272478,0.5549385500253493,-0.07499169594937152,,boot1126
C1,0.9382328501523405,0.4161384698321966,0.4105775994112764,0.5171609491455806,0.225215252047269,0.6283783575639852,boot1127
C1,0.9290869302044046,0.5765361200325967,0.5765361200325967,0.720670150040746,0.17689176410091034,0.3790537802162365,boot1128
C1,0.9227166276346603,0.2996821893621717,0.29025822114323546,0.36564996689472523,0.10554844405208565,,boot1129
C1,0.9374971127638934,0.4563492315141335,0.44892891880658664,0.5073638813785183,0.29588496921343216,0.3997693471190885,boot1130
C1,0.9196806012212306,0.4462796997823866,0.4462796997823866,0.524756850379713,-0.1578998090331749,,boot1131
C1,0.9241779316151364,0.6031212013185632,0.6031212013185632,0.6398165630212527,0.03293173486138801,0.8270569983760018,boot1132
C1,0.9160147044961824,0.3920574997539304,0.38446316561826105,0.4252827115974839,0.02373229417396673,,boot1133
C1,0.9231201423354246,0.14883361119196942,0.1422397170252366,0.42954510571859533,0.1441236867871603,0.34099852690818316,boot1134
C1,0.9307298930729893,0.37184467706206836,0.37184467706206836,0.634378230465187,0.10370542500977284,0.32699908786865306,boot1135
C1,0.9050747405503188,0.2680537692441387,0.2680537692441387,0.48326539759785586,0.09607661980076657,0.6888693639714963,boot1136
C1,0.9006787114042634,0.30991121611768935,0.30991121611768935,0.45279863040248075,0.19116018938100468,0.4865895729698301,boot1137
C1,0.8918866833686644,0.293466799443839,0.293466799443839,0.4679869227011387,-0.14819585885536057,,boot1138
C1,0.8987838743656037,0.1451236346454942,0.1451236346454942,0.45568821278685173,0.32023948711772393,0.3908663226451978,boot1139
C1,0.8948683451854699,0.24876139249962648,0.24098759898401312,0.20503380397430146,0.034010346630808305,,boot1140
C1,0.9108301368565609,0.20144070057099972,0.19475783372741207,0.2587224163731798,0.14415898476881972,0.5308105664335349,boot1141
C1,0.9211501477555233,0.3832637698871309,0.3832637698871309,0.5097596939385485,0.23316786000522496,0.35022378972444723,boot1142
C1,0.9596996698177211,0.4593828455741024,0.4593828455741024,0.7384556590589613,0.2147410934932195,0.8399366821443647,boot1143
C1,0.9314750290360047,0.4966410061802016,0.4966410061802016,0.7402938306407892,-0.02800607177707904,0.4863721131952726,boot1144
C1,0.9518775063798759,0.5152288811549798,0.5006124589945549,0.5846568864169984,0.2183328060213478,0.36815113316570364,boot1145
C1,0.924932223988034,0.2829819565656832,0.2829819565656832,0.3619536653747111,0.25477777484817327,0.7267277489211731,boot1146
C1,0.8906574060676216,0.4481301475331867,0.44422487391633975,0.38662208806784737,0.35537989913307183,,boot1147
C1,0.8999426057011669,0.3720043995859214,0.3720043995859214,0.6029370008873114,0.05797471162377995,0.4435065439219166,boot1148
C1,0.940385146963973,0.5418686365224208,0.5418686365224208,0.7332795712666889,0.15349862399781886,0.7711918820131379,boot1149
C1,0.9292364990689013,0.5614707676222008,0.5549202753332751,0.6559850135052713,0.08422061514333014,0.5614707676222008,boot1150
C1,0.9355301522654695,0.35134693561500635,0.3448405108813951,0.38666752702603874,0.13756440865349456,0.7073413174683065,boot1151
C1,0.9224137931034482,0.5684518488419342,0.5656237301909792,0.6919463632669647,-0.05750507923608288,,boot1152
C1,0.9329621897471584,0.45763539662292174,0.45763539662292174,0.5088980174258967,0.45763539662292174,,boot1153
C1,0.9230192920022475,0.44843379446640314,0.44843379446640314,0.548295101637493,0.10174548277809146,0.720697169678148,boot1154
C1,0.8789237668161435,0.02770186335403727,0.02770186335403727,0.18401952085181897,-0.16027506654835846,0.6292280390417037,boot1155
C1,0.9454378725355341,0.6208303462235903,0.6208303462235903,0.6953299877704212,0.10853034200649432,0.5260962341331759,boot1156
C1,0.9310777524747874,0.5360781454136662,0.5323424092086929,0.6014535290006987,0.17371173353125768,0.200795821017314,boot1157
C1,0.9166784419009938,0.4600731414171652,0.4562787237559927,0.46197035024775146,0.3130394570467309,,boot1158
C1,0.9303320621337551,0.34209384210114496,0.3243348721560036,0.39910948245133576,0.2037608130547803,,boot1159
C1,0.8510340693375961,0.46388578662066016,0.46388578662066016,0.4894301581306083,0.33922925365211265,0.28609696091142034,boot1160
C1,0.9323678224945458,0.18746100463658444,0.18746100463658444,0.47844525063964083,0.33015520219577554,0.8263206473035513,boot1161
C1,0.9192745042759138,0.5297182935827118,0.5297182935827118,0.6148515907656477,-0.15229400940502966,,boot1162
C1,0.8485030539701612,0.029719859211295933,0.029719859211295933,0.18036880073062359,-0.039968086525535906,,boot1163
C1,0.9376934090804119,0.37557469172024177,0.3727926569667585,0.5109670497230944,0.4256513172829406,,boot1164
C1,0.8664925336356019,0.17762766267872776,0.17762766267872776,0.3412056797218499,-0.2067305000667679,0.3913829855632984,boot1165
C1,0.9160147044961825,0.1357487226750897,0.12815438853942032,0.258207360612758,0.13669801444204835,0.43952208810186383,boot1166
C1,0.9412143810707545,0.44900365331371284,0.436993267525486,0.49242581731730245,0.2734672456396276,0.4868825623381207,boot1167
C1,0.9008888464111631,0.5067459109401379,0.4970936078746114,0.4855108441959796,0.00868707275897379,0.7287488814472457,boot1168
C1,0.9517341962535891,0.5253567665932382,0.5226157747675343,0.8012832770474259,0.26770353497707616,0.40566679020417,boot1169
C1,0.8997321086873326,0.43877794832911066,0.4242808795517171,0.4986991659423372,0.17783071033602724,0.3595273056793593,boot1170
C1,0.8713872123264145,0.2355065445090271,0.2355065445090271,0.38020336210991246,-0.13671354490566406,,boot1171
C1,0.9122724048238353,0.24306241125160594,0.24306241125160594,0.476592963238443,-0.08864629116235039,0.22113913494263757,boot1172
C1,0.9455345681276363,0.4340769723749451,0.4313180085674772,0.5977754916180388,-0.01839309204978581,0.838724997470233,boot1173
C1,0.8950807071483473,0.2613317900946478,0.2613317900946478,0.622727425467172,0.21567158885134508,0.7373636753971662,boot1174
C1,0.906064209274673,0.2389695309825402,0.2389695309825402,0.42803377838639733,-0.048945566586785345,,boot1175
C1,0.9193760571321179,0.24307600696789788,0.24307600696789788,0.576950833659213,0.08039478829677557,,boot1176
C1,0.9276389406937708,0.5108809286550935,0.5108809286550935,0.5586881348228178,0.10686316672785441,0.5755612664114265,boot1177
C1,0.8509192645883292,0.29533277513427414,0.2912451242673637,0.2473028774480773,-0.2575220046153532,,boot1178
C1,0.8063109819389662,-0.0010784489320736128,-0.0010784489320736128,0.35373124972014497,0.08627591456588904,,boot1179
C1,0.8881369041864061,0.22421141813156126,0.22421141813156126,0.5463317524777781,-0.2996012836168461,0.42296651804731206,boot1180
C1,0.8766240109407052,0.07737192469065222,0.06943634267109815,0.20930097576573867,0.14780021511419464,,boot1181
C1,0.9422369389256806,0.4872770487071965,0.48266268271565116,0.6192479160653956,0.15411982411761707,0.20487785002461675,boot1182
C1,0.9365637137044572,0.5013702864207705,0.4976564324472834,0.7102745724294252,0.23025894635620575,0.5292241912219244,boot1183
C1,0.9332096474953617,0.5283308842596594,0.5255354827556401,0.5888979168467455,0.14442907770766703,,boot1184
C1,0.9324173783884144,0.49986944401156647,0.49240870604124454,0.5539597942964002,0.16506882759337174,,boot1185
C1,0.9131462054626217,0.6418325488466696,0.6418325488466696,0.6561166560168477,0.23711617902495655,0.33805720302754844,boot1186
C1,0.9461143695014661,0.5238818792850766,0.513771878105891,0.5174482421710493,0.08455637349864395,0.0579027340262453,boot1187
C1,0.911654757961482,0.30808764256924787,0.30808764256924787,0.5675298678907199,0.06772205146259011,,boot1188
C1,0.9222623119816316,0.5148021365803228,0.5148021365803228,0.7476888174142783,-0.005657166336047503,0.5930596042289799,boot1189
C1,0.9282885233679697,0.5123969131787885,0.5086499522049035,0.533941938778628,0.2070195938071522,0.266970969389314,boot1190
C1,0.9263875274237968,0.4627606044805875,0.45431264212698647,0.5603815027888656,0.24592957073816207,,boot1191
C1,0.9528795811518326,0.5438891543239368,0.5356760630673673,0.6278451982799808,0.25186813186813184,0.35316292403248917,boot1192
C1,0.9003633581946834,0.27718277861918655,0.27718277861918655,0.45778619186583436,0.3013276199623213,,boot1193
C1,0.911654757961482,0.4874080041885005,0.4826388456347971,0.6686360292292345,-0.0829833588344414,,boot1194
C1,0.909021914429371,0.3453305563874293,0.3453305563874293,0.46490484876534804,0.12531385841205883,,boot1195
C1,0.9380857842005632,0.6340386121537125,0.6340386121537125,0.6451620965774618,0.1334818130849921,,boot1196
C1,0.9405315767653968,0.5658224839974959,0.5621242978275776,0.6416353004808205,0.3504031395997564,0.3180440106129715,boot1197
C1,0.8971998465669352,0.409001988958492,0.409001988958492,0.45358514415301954,-0.3382504600628287,,boot1198
C1,0.9385268598855454,0.39377159374679305,0.39377159374679305,0.5225580679369206,0.2723972907330756,0.12508038860192247,boot1199
C1,0.9369077883059856,0.275652388408657,0.26915553076939575,0.39630831599493793,0.2793648784882349,,boot1200
C1,0.9191221391982707,0.21665285416398045,0.21665285416398045,0.49953147160952693,0.175971313862447,,boot1201
C1,0.9235737351991388,0.3577784534306273,0.3577784534306273,0.4378078443295834,0.2815151515151515,0.8445454545454545,boot1202
C1,0.8815405563120015,0.6303194673625235,0.6303194673625235,0.5957949268966576,-0.08581814344372386,,boot1203
C1,0.9271387256273905,0.263550447557465,0.263550447557465,0.5890024237227331,0.041267685738535446,0.6743515010456134,boot1204
C1,0.8707222467717386,0.24167842660377264,0.23968108423514642,0.19773689449399579,-0.1498006776469665,,boot1205
C1,0.9103141138011085,0.3305118097763859,0.3305118097763859,0.34292988355411136,0.18722634311032266,0.29134711555432863,boot1206
C1,0.9228679810799418,0.4013952051681456,0.4013952051681456,0.4183555659498983,0.2591166230545541,0.47300561735776786,boot1207
C1,0.9084523753025484,0.37522007150222825,0.37522007150222825,0.694922887527086,-0.11294889907465032,,boot1208
C1,0.897781185604064,0.3787114337568057,0.3748371479894727,0.38452286240780525,0.14431714483315614,,boot1209
C1,0.9544504045822346,0.36078126682515094,0.35713701160469496,0.6641655139281188,0.3307161612563884,0.5849029628831992,boot1210
C1,0.8683886838868389,0.09813277497228723,0.09012193619903928,0.122165291292031,0.25634684074393393,,boot1211
C1,0.9295853306650532,0.3638836139154814,0.3638836139154814,0.5275844685047083,-0.06080317456171284,0.4312348226607633,boot1212
C1,0.9491959064327484,0.4342348194404916,0.4195771040163399,0.48278850178299376,0.2427684117125111,0.26658719927675745,boot1213
C1,0.8995741830534424,0.23682702580206547,0.2310271802722189,0.3673235502236117,-0.07249806912308125,,boot1214
C1,0.931673556598077,0.2949344292855068,0.2949344292855068,0.4022681614621944,0.15213389865043545,0.6421357194570527,boot1215
C1,0.8914059864076733,0.47604327608013874,0.47214128201390815,0.5355486855901561,-0.17461423446382143,,boot1216
C1,0.9215548365921133,0.609555837731892,0.609555837731892,0.6048379132912427,-0.27363961755766053,0.7473192313988521,boot1217
C1,0.8855509254772749,0.450714265323018,0.450714265323018,0.5273062319792172,-0.2837830559441225,,boot1218
C1,0.9410193839495373,0.47219837727676905,0.4629577045316268,0.4860593863944825,0.311410671511294,0.8030144615528616,boot1219
C1,0.9121180588402232,0.36036524985795837,0.36036524985795837,0.5672415969986382,-0.1601623332702037,0.36036524985795837,boot1220
C1,0.9501072716483315,0.638829466788658,0.6305924106266267,0.7047259160849094,0.02745685387343803,,boot1221
C1,0.9320703904907832,0.5877518399313844,0.5858859610744593,0.7025033896322738,0.035451698281575565,,boot1222
C1,0.881866796305299,-0.005916303149417573,-0.00887445472412636,0.12227026508796317,0.2800383490724318,0.6152955275394276,boot1223
C1,0.8618368962787014,0.20885622416169042,0.20885622416169042,0.47925945157875816,0.3642371831998562,0.8959629326356575,boot1224
C1,0.8823014870249781,0.34199095759456694,0.33509200455951793,0.39324032299778716,0.18528616722702757,,boot1225
C1,0.9270386266094421,0.6068880837359097,0.6068880837359097,0.648160225442834,-0.1688405797101449,,boot1226
C1,0.8964590730256212,0.22115997877747062,0.22115997877747062,0.2793599731925944,0.18623998212839632,0.4888799530870403,boot1227
C1,0.9427231773466949,0.5811102348182257,0.5811102348182257,0.7102458425556093,-0.03781828512309087,,boot1228
C1,0.9285381533587999,0.2762640804823356,0.2697086616234327,0.4036265040267344,0.13579081922013106,0.3858332242668551,boot1229
C1,0.9095908595268573,0.34989453360466644,0.34989453360466644,0.484689968681874,0.007647967947642982,0.6347813396543674,boot1230
C1,0.9341983317886932,0.47378450655624565,0.46633799171842644,0.6459851621808145,0.3239233954451346,0.9336067977915805,boot1231
C1,0.8986256763874922,0.3812585202656052,0.3812585202656052,0.5689847967415631,0.2961043329981604,,boot1232
C1,0.9123238437529555,0.46226910906976537,0.46226910906976537,0.3907841952960904,0.1210477873234231,,boot1233
C1,0.915656970439866,0.3893616830756695,0.3893616830756695,0.553653320080769,0.3409288883516227,,boot1234
C1,0.8526961640145657,0.34162736988823944,0.34162736988823944,0.2855392942349464,-0.06934525717134413,,boot1235
C1,0.924731182795699,0.5096663296258847,0.5059049544994944,0.5670273003033367,0.20029322548028305,,boot1236
C1,0.8902291917973462,0.32624720160245074,0.3223400494874514,0.3135489572287027,-0.0009767880287498527,0.22466124661246611,boot1237
C1,0.8416016116847141,0.1632498113600291,0.15808367808914214,0.21387791741472173,0.13845237165977153,0.524879140322119,boot1238
C1,0.9002582002486371,0.4520442264527392,0.4501124135191806,0.47039644932154706,0.1110792436796261,,boot1239
C1,0.9242785650811466,0.2286154367406925,0.22579302394142473,0.2860044969924713,0.38384814070042206,0.6068187518425788,boot1240
C1,0.8767885920789178,0.5355512396414023,0.5355512396414023,0.48199611567726214,-0.32033898222994994,0.7953927670229717,boot1241
C1,0.9205425447036183,0.4109107957492652,0.40429843811651844,0.5091515377215033,0.08407140418778071,,boot1242
C1,0.8831156218132374,0.284565623819565,0.2796423431306452,0.3160746202286517,0.2904735606462687,,boot1243
C1,0.9241276078211245,0.3632097678635879,0.35662306222875606,0.43660448779457206,-0.0479888553394896,,boot1244
C1,0.944808918658531,0.24757709083692586,0.24757709083692586,0.4482157741174086,0.007362887459834227,0.9148387668844029,boot1245
C1,0.9004159296266194,0.4278216084694193,0.4278216084694193,0.5823395708962976,0.2646120106560291,,boot1246
C1,0.9333085984602542,0.44255831237631027,0.44255831237631027,0.6167865321960367,0.3139834763596139,0.20311097283796978,boot1247
C1,0.930879003393297,0.4511864576051134,0.44091098962652897,0.4773421942778735,0.13171281681639954,,boot1248
C1,0.9204412109833372,0.571559541493914,0.568725361949316,0.5536097377114605,-0.1379300711704321,0.6461929361683258,boot1249
C1,0.9471756843358051,0.29194345220585144,0.28276284050126493,0.3461090612629119,0.47096538044528863,0.6187732288891318,boot1250
C1,0.8632432165274552,0.3666657705156353,0.3666657705156353,0.5963355388605938,0.17628162044020929,0.48653727241497763,boot1251
C1,0.8664925336356019,0.3652907865257452,0.3652907865257452,0.3391985874881919,-0.14049645635605587,,boot1252
C1,0.8672182821118991,0.040108251190170474,0.031083894672382116,0.15642217964166483,0.10327874681468897,,boot1253
C1,0.941165638523156,0.3972871811012905,0.3935914863933715,0.5340278852942929,0.301199118695397,,boot1254
C1,0.9294358592440884,0.3349390328874025,0.3349390328874025,0.42943300585284283,0.06736204013377926,0.24980089882943146,boot1255
C1,0.9237248479176415,0.16850491167789966,0.16850491167789966,0.3313616140258138,0.19015638077617725,0.6090652394167657,boot1256
C1,0.9286379727967207,0.15731314118221787,0.15169481471142438,0.30338962942284875,0.09551155000348942,0.44946611766347966,boot1257
C1,0.939847891219175,0.3321536558841716,0.32290146491246763,0.42467556560121106,0.1831933812397381,0.1998473249888052,boot1258
C1,0.8999426057011669,0.3739368899733807,0.3739368899733807,0.23576382727003842,0.10145574534161492,,boot1259
C1,0.9450992982617071,0.3845926682393056,0.3845926682393056,0.5308850946748308,0.1462924264355253,0.8032282281648655,boot1260
C1,0.9394568174482409,0.3480271957866163,0.3480271957866163,0.4998262918212042,0.2156657888784085,0.6025683629177851,boot1261
C1,0.8314195711817904,0.2949381994409786,0.2949381994409786,0.4319484977628516,-0.12864325720298003,,boot1262
C1,0.8957173036297292,0.42521179804608844,0.42521179804608844,0.44948187784323956,0.1834818032664628,,boot1263
C1,0.9528795811518325,0.5174247491638795,0.5174247491638795,0.5886048733874819,0.15239847109412324,0.4736215957955088,boot1264
C1,0.9161679468451062,0.24107977797954228,0.23348671410617086,0.30467168791902777,0.15281041045159963,0.5951063810754843,boot1265
C1,0.9395057174474363,0.35356241784879056,0.3461579693074547,0.515534729690514,0.1323545176763797,0.2665601474880934,boot1266
C1,0.9097976015547233,0.34216879369005715,0.33452256366346367,0.44730445655571704,0.2437235820976664,,boot1267
C1,0.9177998400225849,0.2738117145672012,0.2652847061550738,0.3192890927652139,0.04452993281888739,0.18190951279205061,boot1268
C1,0.9162700843424587,0.2733198288236319,0.2733198288236319,0.5456906304638485,-0.2581353938889857,0.5846007449838795,boot1269
C1,0.9557321225879682,0.3675761644118558,0.3675761644118558,0.4785768873283073,0.0846153051740163,0.5422658267065991,boot1270
C1,0.931524667843538,0.43033703674793355,0.42473612086835094,0.6627750457506135,0.11295180357158344,0.5694264477575693,boot1271
C1,0.909694240341313,0.2934574166798831,0.28389854317239505,0.40434034936674446,0.09941228447787571,,boot1272
C1,0.9327641408751334,0.6022306238185254,0.6022306238185254,0.6926584419460748,0.00932245547706696,0.46052930056710767,boot1273
C1,0.9095391617674947,0.36616727707872504,0.35660677376074257,0.4350029009681981,0.22753997896798053,,boot1274
C1,0.9490038384207641,0.44531821531453064,0.44531821531453064,0.5103749916259126,0.2574782273732163,,boot1275
C1,0.9177998400225849,0.5836263535411624,0.5807840174037866,0.6868978998658162,-0.2273868909900633,0.3856102693039823,boot1276
C1,0.8828986351935499,0.39001966065047566,0.39001966065047566,0.385095169985697,-0.12015757222060108,,boot1277
C1,0.9146335708555517,0.1283479068431938,0.11979137972031423,0.2804639445832754,0.07986091981354282,0.6217743042625835,boot1278
C1,0.9399944695363629,0.6586532738729673,0.6549529745815461,0.5235923497360948,0.03885314255992223,0.20536661067387466,boot1279
C1,0.8997321086873326,0.18073012409150593,0.18073012409150593,0.4339455920699794,0.2967066743106541,0.31217021433987385,boot1280
C1,0.9258359798243975,0.4273458609678211,0.4179536442432537,0.4132575358809699,0.17563445274941225,0.8067914166403481,boot1281
C1,0.9370551807006192,0.30252034961016233,0.29602451388233686,0.5734894971137433,0.17631554118383694,0.7284615780490106,boot1282
C1,0.8899613899613898,0.10161652362538905,0.09868527775157974,0.2657662925587098,0.18955389983966803,,boot1283
C1,0.9393590039197601,0.403605472668673,0.403605472668673,0.6331792277646155,0.18791722695353352,,boot1284
C1,0.9158614188074473,0.4101626798541028,0.4101626798541028,0.4604835641880553,0.1984351853923785,0.731076998814026,boot1285
C1,0.9398478912191748,0.590289783994712,0.5865889076060303,0.6254481096871868,0.1572872465189671,0.7392500586391454,boot1286
C1,0.9067921479157754,0.2790534510499232,0.2790534510499232,0.44399226060520425,0.21672192418310182,0.870723483001135,boot1287
C1,0.90183346065699,0.4338986796309596,0.4310060217667533,0.5524976520634218,0.3162639264865661,,boot1288
C1,0.9314253856160565,0.4378515909642943,0.43131649259169297,0.49480030535410663,0.09802647558902114,0.6189671744335333,boot1289
C1,0.9241276078211245,0.501530586195058,0.501530586195058,0.5730433902303758,0.25123577207144554,0.27099588897594123,boot1290
C1,0.9374971127638934,0.4480013797181433,0.4480013797181433,0.7466689661969055,0.21611660760730309,0.7522342007275656,boot1291
C1,0.9263374101391092,0.5632279607021725,0.5632279607021725,0.5594731076308248,-0.10138103292639106,0.2628397149943472,boot1292
C1,0.9066882160003802,0.29826656819435515,0.29251222925812964,0.3529327880884975,0.2579861956407766,0.6550355822403362,boot1293
C1,0.9005736137667303,0.5696852210837257,0.5667885165697406,0.47409397212221915,0.07531431736361119,,boot1294
C1,0.9511127325793506,0.5357569086572939,0.5320998649121929,0.6344970897750205,0.015542435916679174,0.48181551341705436,boot1295
C1,0.946452292611424,0.6137335920172717,0.6137335920172717,0.6615092608569396,-0.06982597753489919,-0.04777566883966786,boot1296
C1,0.9262371615312792,0.30229838709677415,0.30229838709677415,0.5585948457223001,0.1530268232819074,0.591453366058906,boot1297
C1,0.91088171228336,0.310258392325983,0.29880269784010055,0.3828111240699052,0.15274259314509933,,boot1298
C1,0.9005210574119221,0.4123216717365917,0.4123216717365917,0.5822715879558894,0.13422180883228627,0.6585559253497787,boot1299
C1,0.89321976805736,0.3845394752252147,0.38161892224882066,0.5266730534097243,0.020443870834758248,,boot1300
C1,0.9229688597518145,0.1422630313458187,0.1356680563827675,0.16581651335671585,0.17241148831976705,,boot1301
C1,0.9453411592076302,0.43048640988004244,0.423127667830811,0.5611040812539015,0.3274640211908016,0.58410015015775,boot1302
C1,0.9218076129758109,0.4075168924894753,0.4075168924894753,0.7584342165776348,0.14149892100329003,0.4810963314111862,boot1303
C1,0.9306801803896042,0.5484534788255787,0.5484534788255787,0.5054741602123306,-0.18873526869295895,0.20275026389293113,boot1304
C1,0.883982725993498,0.33248731545962656,0.33248731545962656,0.49971466347186483,-0.20952603015651022,,boot1305
C1,0.9183596689240029,0.35412856455835995,0.3484473576403114,0.4194624441159183,0.26322925386958307,,boot1306
C1,0.9470792895074162,0.5995549614983692,0.5912915699922661,0.65831685665288,-0.00918154611789233,0.1689404485692189,boot1307
C1,0.8543534568639171,0.15572416450356913,0.15165294451654768,0.3501249188838416,-0.06412171479558727,,boot1308
C1,0.9026717557251908,0.36798970493611544,0.3660630572662928,0.5895541869657138,0.09922235499586358,,boot1309
C1,0.9292364990689013,0.5390119369173129,0.5390119369173129,0.758921320902675,-0.05708286137492375,,boot1310
C1,0.9242282507015902,0.3151865868685091,0.3001328991374758,0.44314293258229176,-0.3349445520154902,0.5042985389896145,boot1311
C1,0.8943370829727911,0.302385742196629,0.2975242350873585,0.36655763603900043,0.1545959260748039,,boot1312
C1,0.9260867535135641,0.5708921439250123,0.5671362745570846,0.6469484986255485,0.0234741835495482,,boot1313
C1,0.8346169436562627,0.24379838249889133,0.24379838249889133,0.30839453512680276,-0.39174440948539807,,boot1314
C1,0.914274924471299,0.09035432717346406,0.08179444354650431,0.40231453046710847,0.13315374530826285,,boot1315
C1,0.9390165144386013,0.48431800900492966,0.4806138559723871,0.6658215075995113,0.287997898280178,0.12871931788085128,boot1316
C1,0.90371782650143,0.25883415886993205,0.25883415886993205,0.4022032654558797,0.1212383048981838,0.5773252614199228,boot1317
C1,0.9139160409878642,0.606087450746054,0.6022815640851683,0.6726904673115545,-0.13986633478755092,,boot1318
C1,0.9520685256059778,0.611939876156868,0.6037197882681937,0.6210733071442838,-0.07306744789932752,0.3571171516079632,boot1319
C1,0.911191062298807,0.26530015540858,0.26530015540858,0.5468237016155264,-0.4370772344501066,0.6441640464057248,boot1320
C1,0.8726042841037203,0.44145713964723066,0.44145713964723066,0.4125581395348838,0.12556117290192112,,boot1321
C1,0.9404339613949416,0.4456776892243601,0.44012983417177465,0.5168751623992061,0.3023581003659041,0.5381419401007833,boot1322
C1,0.8498849884988499,0.11459351049351765,0.11459351049351765,0.604685399122044,0.09617669630705944,0.7857840719555496,boot1323
C1,0.9273888914797368,0.4791386118265417,0.4791386118265417,0.7238649869473389,-0.026254170511043385,0.6535413159356157,boot1324
C1,0.9019907385305772,0.5389045981931232,0.5389045981931232,0.5022706541299055,-0.13014690654037855,0.26222191539987383,boot1325
C1,0.9028811295554283,0.5393362490352457,0.5393362490352457,0.6048270792752398,0.22247620272703886,,boot1326
C1,0.8876529477196885,0.3281736951073336,0.3281736951073336,0.4212378773019505,0.02938868911408957,,boot1327
C1,0.9131975617823559,0.4189769132819495,0.4189769132819495,0.597994321684237,0.0019044405149179525,0.6836941448555448,boot1328
C1,0.8810508392118707,0.20430149088901156,0.20430149088901156,0.2605584231627973,0.30398482702326357,,boot1329
C1,0.857767183154549,0.09427915500332278,0.0892103832289506,0.28283746500996837,0.420708057272892,-0.03345389371085647,boot1330
C1,0.9038745651241481,0.25686519125758217,0.2530170235982926,0.44831153230724086,0.3482591731657107,,boot1331
C1,0.9399456146010968,0.6133564859229697,0.6087308713986637,0.5522983742021311,0.010176351953473103,,boot1332
C1,0.9051268624744132,0.4303984706920759,0.4303984706920759,0.4524948207499279,0.18349577656738056,,boot1333
C1,0.940385146963973,0.49286003970384007,0.4891612776797962,0.6130698054852644,0.22100103093661866,0.6352623776295274,boot1334
C1,0.8941244350418309,0.6428440898931047,0.6302011652809861,0.6263110346311034,0.5786569341700413,,boot1335
C1,0.90183346065699,0.26998140065926374,0.26998140065926374,0.3490473822809053,-0.05496049941992155,0.3355483122479421,boot1336
C1,0.9215548365921133,0.3076086735303356,0.29345490020838766,0.32836754106919264,0.43593621831599716,0.4255567845465686,boot1337
C1,0.9498196429386786,0.3680332576717122,0.3680332576717122,0.5300777517211973,-0.01007056177708665,0.6710656166004105,boot1338
C1,0.8907109096170541,-0.02343023420063847,-0.02343023420063847,0.10934109293631286,0.1864656138467478,,boot1339
C1,0.9119636690477316,0.45291659336842627,0.45005606751557303,0.41000870557562796,-0.18116663734737048,0.1163280513493642,boot1340
C1,0.871331828442438,0.3592701058797026,0.3552782158143726,0.4920004505519261,0.20957422842982654,,boot1341
C1,0.9310280721323666,0.6061555424364494,0.5968157035699403,0.624835220169468,0.1737210029170718,,boot1342
C1,0.9276389406937708,0.22497508784811457,0.2202881068512788,0.45838674149053343,0.35902274435761616,0.29527980280065036,boot1343
C1,0.8694455367675973,0.4010551983167168,0.4010551983167168,0.4020553359683795,-0.3270450120936818,0.6530898865357009,boot1344
C1,0.9396035039188566,0.4710590092588641,0.465506250800017,0.5515740069121474,0.21470666040875538,0.38684217263301623,boot1345
C1,0.9096425523845644,0.14721501663177164,0.14721501663177164,0.35465435824926805,0.46554359155631686,0.5879041248606466,boot1346
C1,0.9080896315989365,0.3571760042187187,0.3485578164493663,0.5352852181186697,-0.09384248904406016,,boot1347
C1,0.8869531552458382,0.2882363881350464,0.2882363881350464,0.4205898316664452,-0.028431480462300495,,boot1348
C1,0.9315743020392995,0.4639178132086844,0.4517831420382359,0.5432598939385398,0.12881420165553006,0.4209797459901743,boot1349
C1,0.8961942698085137,0.16785956759223472,0.16300813500286376,0.1523349833062477,-0.3192242643806082,,boot1350
C1,0.9234225800411906,0.3644287527768963,0.3644287527768963,0.5678308473500477,0.26366938185408517,,boot1351
C1,0.8868992885834583,0.4882668007914628,0.4882668007914628,0.4010062681198961,-0.06078823624311384,0.4274785645483489,boot1352
C1,0.9397990227712731,0.44690406121247794,0.44690406121247794,0.7476159036432343,-0.048113894788921016,0.7577938429255061,boot1353
C1,0.9319216123339834,0.5467897842986021,0.53839198897661,0.5775817004792401,0.32938019429591564,,boot1354
C1,0.9296351451973194,0.34141491528965195,0.33673799864184845,0.47049781476902713,0.1337598161271787,0.5322331145200327,boot1355
C1,0.8215401957268023,0.373635426891768,0.373635426891768,0.47842269958945927,-0.3408232505924909,0.505942589388853,boot1356
C1,0.9263875274237968,0.4261527676149832,0.4261527676149832,0.5697681276262,0.1614499472021522,0.4730858918016553,boot1357
C1,0.8999426057011669,0.41258669772256734,0.40195800059154096,0.44447278911564625,0.2657174282756581,,boot1358
C1,0.9108817122833601,0.31312231594745354,0.294984133011473,0.3493986818194147,0.24343350782500203,,boot1359
C1,0.9419936519619116,0.49201845458753196,0.49201845458753196,0.642485636759704,0.35262861098018233,0.5750984938237005,boot1360
C1,0.9494838768612405,0.5320968619019333,0.5320968619019333,0.7271685169537608,-0.08425630171252646,0.843478846491705,boot1361
C1,0.9293860261602198,0.2928534595769329,0.2806902168469005,0.3555409413394073,0.41635715498956916,,boot1362
C1,0.9152990001886436,0.6412729846947919,0.6403229506433923,0.5966213842790065,0.021850783182192912,,boot1363
C1,0.8952929875120077,0.02039652920320955,0.01845400261242769,0.3350858369098712,0.20590781862287735,,boot1364
C1,0.9306801803896042,0.36999587327926603,0.3681272072526031,0.540978814718927,0.2606789107194829,0.6446897791987213,boot1365
C1,0.9261368942011392,0.5689834030353244,0.5492661563954865,0.5314267427689664,0.4262680940231639,,boot1366
C1,0.8930066900900032,0.5141399721611652,0.5141399721611652,0.4245549770118714,-0.4109224777500222,0.5005074728993162,boot1367
C1,0.8351481387693087,0.2113657816331373,0.20407730640440847,0.2759208479447359,0.1540991905502676,,boot1368
C1,0.9058560487131916,0.39357438705287623,0.39357438705287623,0.6805957083426567,0.20542663129101343,0.5865218304617253,boot1369
C1,0.9203905369883589,0.2805992230323027,0.2805992230323027,0.28532311567594415,0.3363411562272719,0.3089425788941515,boot1370
C1,0.8859827569504988,0.34056998069956934,0.34056998069956934,0.4367540098308598,-0.12464664999667234,0.43773547951587294,boot1371
C1,0.9378896328792427,0.516423051398968,0.516423051398968,0.5117872968980798,-0.14278123862736283,,boot1372
C1,0.9290869302044047,0.41461932008837715,0.41461932008837715,0.5746642495130103,0.2658056137812621,0.27142122534002117,boot1373
C1,0.9259864580901237,0.5831618759455371,0.5784665307285842,0.631993466201846,0.20189984432897015,,boot1374
C1,0.8913525498891353,0.632160934458144,0.632160934458144,0.7306921912178239,-0.1570646766169154,,boot1375
C1,0.9571998549147623,0.6195607690660165,0.6159269815641629,0.7213068191179135,0.2988790220274478,0.3125057251593983,boot1376
C1,0.8854969230023745,0.5401044962907622,0.5401044962907622,0.5960789622699867,0.10802089925815245,0.7620383438575118,boot1377
C1,0.8861446074870453,0.45041230450465003,0.45041230450465003,0.5191026341676687,-0.047101940340355565,0.21490260280287227,boot1378
C1,0.899152826305461,0.36846277755405277,0.36266021412800475,0.5560789949962739,0.03288119274760576,,boot1379
C1,0.9340995458337195,0.31371761132729925,0.30533939618799444,0.5706495422659775,0.10053858167165672,0.6069551412029647,boot1380
C1,0.9146847867119667,0.27569488058282043,0.2699908485707621,0.5523404331676505,0.08556048018087531,0.6464569613666133,boot1381
C1,0.8212986214318658,0.33880596205079794,0.33880596205079794,0.4468003624544897,0.1736380555510339,0.7199626693579455,boot1382
C1,0.9316239316239315,0.2762824092540886,0.2762824092540886,0.4050897487036298,-0.028001595532508975,0.13907459114479456,boot1383
C1,0.8929534077782055,0.16262594446631792,0.1606783283649249,0.40802557324183963,0.022397585166019838,,boot1384
C1,0.9234225800411906,0.24012747275997043,0.23259406184985368,0.39738742550865686,0.07815913819246095,0.293803025494552,boot1385
C1,0.9261368942011392,0.2657133713844832,0.25820203933121155,0.3211094452773613,0.23097346063810198,0.4516188397029555,boot1386
C1,0.9157592042615377,0.4776269813204177,0.47382875482880404,0.636202937345288,0.21175112690746153,0.5497932846610772,boot1387
C1,0.8817037001021052,0.36194748274919564,0.36194748274919564,0.4566258433593394,0.29685610982972177,0.23570966860233716,boot1388
C1,0.9124781313537284,0.23824275550068263,0.2344308714126717,0.4850622501993898,0.15819318965245327,0.7090104403700315,boot1389
C1,0.8623998417251952,0.29745105079944545,0.29745105079944545,0.2621602481622231,-0.25510208763477865,,boot1390
C1,0.9346426420862476,0.5005400630044775,0.5005400630044775,0.6549817924816955,0.08001198033157075,,boot1391
C1,0.8905503834836718,0.3632340930607169,0.35835191439054603,0.3905742936136741,0.12791308115847827,,boot1392
C1,0.9256352765321375,0.48098576468729703,0.4781674887223324,0.611565884397325,0.24612943427357775,,boot1393
C1,0.9030381075022655,0.3351006930251996,0.33413775999926515,0.2782876444950652,0.08184930720443094,,boot1394
C1,0.9197820777756903,0.44244884910485927,0.44244884910485927,0.6164030974708724,-0.10872140522875817,,boot1395
C1,0.9255348967579183,0.3222578323194551,0.313802087448099,0.4660054951325064,0.37768993758723307,0.4857355664990036,boot1396
C1,0.9087113304232303,0.5397036068431948,0.5397036068431948,0.5827650648360029,-0.006698449021103483,0.5674543242163378,boot1397
C1,0.9063242986210176,0.3693850084401661,0.3693850084401661,0.6984734705050412,-0.1304840549295132,,boot1398
C1,0.9071557540625297,0.4102646225598703,0.4073889359531422,0.4792811011213438,0.06422366755026006,,boot1399
C1,0.9310280721323666,0.6407129462425337,0.6407129462425337,0.7966882553132381,0.09620034032504514,,boot1400
C1,0.9351358859206444,0.5411908195817924,0.5411908195817924,0.6276697649788829,0.05300322459821678,0.6704442971107771,boot1401
C1,0.9039268013724743,0.37421267856160484,0.37421267856160484,0.4213500082518842,0.08176883721783139,0.5762298058056589,boot1402
C1,0.9015712307177993,0.5111848620662652,0.5073268631072746,0.5613388485331441,-0.15817795731861792,,boot1403
C1,0.8879756321616787,0.36232878333783114,0.36232878333783114,0.32217883707607153,-0.23698260964258147,,boot1404
C1,0.8992055135445582,0.20984708093047363,0.20791300645185176,0.548310114689302,-0.050285936444168795,,boot1405
C1,0.941750253059722,0.591867432513956,0.591867432513956,0.7571471055560748,0.2742349882318954,0.4090441070260258,boot1406
C1,0.9189697311524723,0.4769045755354728,0.4769045755354728,0.5459800398491425,0.21006511065252972,0.4286463744396214,boot1407
C1,0.9329621897471584,0.4110330140747627,0.4110330140747627,0.5601606382288715,0.40357663286705725,,boot1408
C1,0.9131462054626217,0.18474111940097016,0.17331383366482767,0.22664116710015925,-0.014284107170178105,0.2999662505737402,boot1409
C1,0.8635802164138544,0.45211177281252946,0.45211177281252946,0.46721572958800384,0.1510395677547426,,boot1410
C1,0.9435972809112622,0.34281389678992275,0.33359846945686034,0.460771366653122,0.35295086685629146,0.3004229310578355,boot1411
C1,0.9007312526884288,0.46821860480138794,0.46821860480138794,0.5888935029460756,-0.003861596740630004,,boot1412
C1,0.9412631191309152,0.5524491392801251,0.5524491392801251,0.6937948220725316,0.3602929169218207,,boot1413
C1,0.9300334946036471,0.354358439027785,0.3440736294517807,0.4628164309201941,0.2131760530299076,0.6077387476729822,boot1414
C1,0.9213525301317825,0.6153524337291804,0.6134648495766369,0.654991700932594,0.009437920762717492,,boot1415
C1,0.9332591252724827,0.3717686892564054,0.36804168485283256,0.5711634248475603,0.20218998889383455,0.5255076209037912,boot1416
C1,0.931276427675294,0.42204813370183475,0.4155119900383108,0.49954812285504785,-0.13165660807955465,0.3034638129493281,boot1417
C1,0.9441792141020932,0.5461380278355571,0.541533154076404,0.6474452505369253,0.10222819745319874,0.37207379973957017,boot1418
C1,0.9421396375678409,0.6589995160591936,0.6589995160591936,0.7300680913204792,0.17536401687849687,0.609159216525305,boot1419
C1,0.904866203218741,0.20853431314231327,0.20853431314231327,0.3430725796857412,0.1979634493424725,,boot1420
C1,0.9342970994347141,0.65336260058822,0.65336260058822,0.6403325772146657,0.04002078607591661,0.5165473551659004,boot1421
C1,0.9213525301317825,0.4936032558901248,0.4936032558901248,0.6247903544918979,-0.19819633601706732,0.7135068096614423,boot1422
C1,0.8981508096196225,0.35628760401109455,0.35628760401109455,0.5770310108440552,-0.33886049294533443,,boot1423
C1,0.8680545302426299,0.1172036166971509,0.10618447324699143,0.14425060516572422,0.1232140585790561,0.721253025828621,boot1424
C1,0.9357271759751977,0.3419800217584809,0.3419800217584809,0.579879167329598,0.05389902516845623,,boot1425
C1,0.9351358859206444,0.31987910985590473,0.31615958532269656,0.48353818931706544,0.286403389057031,0.9187225597024241,boot1426
C1,0.904866203218741,0.5131673881013608,0.5093234376286915,0.6054221994454256,0.1451091303432687,,boot1427
C1,0.9131462054626217,0.4618527985024254,0.4618527985024254,0.48661191759740074,0.21902297660939762,0.059993250114748035,boot1428
C1,0.9512562126670011,0.36747746057946007,0.36747746057946007,0.5896093583924171,-0.3016606019682134,0.6636533243300695,boot1429
C1,0.9203398582359291,0.5650086708150566,0.5650086708150566,0.6783883371993489,0.1823522967680701,0.652877912262883,boot1430
C1,0.936317809739629,0.37891259250351117,0.37519776316524145,0.5525808640676205,-0.01857414669134859,,boot1431
C1,0.9293860261602197,0.22268090536520777,0.22268090536520777,0.24700739082527248,0.08046452882944483,,boot1432
C1,0.9315743020392995,0.4975215179883879,0.49472120925674584,0.6562056794480988,0.18855412126389184,0.5012552629639104,boot1433
C1,0.9394568174482407,0.3591344467159765,0.3591344467159765,0.46095091356844403,-0.009256042441133415,,boot1434
C1,0.924630634000374,0.4843297101449275,0.4786870339102293,0.4128558111720838,0.28119336569579284,0.6630144575770366,boot1435
C1,0.9312267657992563,0.5219855940293328,0.5126477479822963,0.6200329775232145,0.35016922676386364,0.11485550637854726,boot1436
C1,0.9080896315989365,0.24035168112305202,0.23460622261015038,0.36579419198807117,0.13980615714727326,0.37920026185150835,boot1437
C1,0.9296849550933035,0.5368812650437219,0.5368812650437219,0.5471699304017027,-0.12626998393885447,,boot1438
C1,0.9474165942062148,0.4322968585265863,0.42862554762614824,0.6874529661070343,0.11013932701314302,0.8159488476223679,boot1439
C1,0.909021914429371,0.5490851505994028,0.5443021789042861,0.5203873204287024,0.09278965088526495,,boot1440
C1,0.8636363636363636,0.34032036613272304,0.3262242562929062,0.35038901601830663,0.24567505720823793,,boot1441
C1,0.945776229545767,0.4652263254822139,0.45970980778874887,0.576476098967091,0.179286825037612,0.5553294478088086,boot1442
C1,0.9177489177489176,0.3685767022149303,0.3685767022149303,0.4159515996718622,0.03316242821985234,0.38752666119770296,boot1443
C1,0.9229184227779339,0.47769071928415735,0.46732662083814996,0.5719097960660424,-0.058415827604768746,,boot1444
C1,0.9354808849393687,0.333704213596744,0.3281269844001411,0.36066082138032507,0.20821655667317737,0.20821655667317737,boot1445
C1,0.9305310146005765,0.4597655319851567,0.4597655319851567,0.6307758822967089,0.056068967315263014,,boot1446
C1,0.9545929730466797,0.49099005063699935,0.4864354119483444,0.5893702463119455,0.37439130020743366,,boot1447
C1,0.946259220231823,0.5403427907427132,0.5385048900939285,0.534829088796359,0.16081630676866465,0.8252173913043477,boot1448
C1,0.9224642773483249,0.4458756376001944,0.4364490913507188,0.5363704815951599,0.06221520524653874,,boot1449
C1,0.8779940484901702,0.5001519492503997,0.5001519492503997,0.5031231489489171,-0.21491677819274604,,boot1450
C1,0.9124781313537281,0.45075529340729165,0.45075529340729165,0.6527851500718705,0.09148521811226215,,boot1451
C1,0.8538396372153287,0.44097477174801175,0.4307905968808521,0.2566412066524225,0.244420196811831,,boot1452
C1,0.8797428279187569,0.39339559873479274,0.3874650118191929,0.269841704659795,0.01779176074679967,,boot1453
C1,0.9385268598855454,0.4456567919816646,0.4456567919816646,0.6976706119796122,0.12230082441076864,0.7782779735230734,boot1454
C1,0.8925269645608628,0.13932108611210148,0.13932108611210148,0.2620795256234636,0.07794186635642042,,boot1455
C1,0.9026193997805237,0.3622307717058058,0.3622307717058058,0.43833776895250437,0.07899713638264914,,boot1456
C1,0.9085559720969961,0.2986104941888191,0.29669632435427534,0.4306882127723352,0.07369553862993292,,boot1457
C1,0.9302325581395349,0.35615217391304343,0.34680434782608693,0.49356521739130427,0.03926086956521739,0.44963043478260867,boot1458
C1,0.9354808849393687,0.3866878909644722,0.3690266651752295,0.39040604376220756,0.1691759522969566,,boot1459
C1,0.9267382174521698,0.7065453828976751,0.7065453828976751,0.6793344717369413,-0.38752090722010596,,boot1460
C1,0.9210995402945866,0.24356523510499795,0.23884497861071505,0.4984590857962748,-0.021713179873701367,0.5758712923025144,boot1461
C1,0.9342970994347142,0.41137645222221253,0.41137645222221253,0.5910046315862103,0.08562586788335648,0.7771478226369851,boot1462
C1,0.926988570095638,0.44182337366797214,0.44182337366797214,0.5937881009168289,-0.1726019124308002,0.8170449224305814,boot1463
C1,0.8205128205128205,0.46630434782608693,0.46630434782608693,0.5012771739130435,0.12081521739130434,,boot1464
C1,0.9233217863495926,0.4831327096540961,0.4831327096540961,0.6460605045276998,0.042380062250359306,-0.030136933155811063,boot1465
C1,0.9207957957957957,0.7111051241603007,0.7111051241603007,0.7139382123043655,-0.020775979723142914,,boot1466
C1,0.8864681675139191,0.343326288794434,0.3325360340037518,0.3266504404815615,0.23640467314131028,0.11084534466791726,boot1467
C1,0.913351601625248,0.3303647028130876,0.32370028517708865,0.3884403422125064,0.26467258611538425,0.7292777013107351,boot1468
C1,0.9338030780641572,0.4227685879062058,0.4190437545325828,0.5922485064060503,0.3305789619090375,0.33523500362606623,boot1469
C1,0.9206438594021307,0.614881586120998,0.6111035118591177,0.5487652865380949,-0.031169112660511412,0.5336529894905742,boot1470
C1,0.8809419549457499,0.2171588567806012,0.21222342821740572,0.2536810281482478,0.30895782805603716,,boot1471
C1,0.9105721864342554,0.41922994807215613,0.41922994807215613,0.7057196620166819,0.15661437695634076,,boot1472
C1,0.9261368942011392,0.5933952322084571,0.5933952322084571,0.7004317139675774,0.3154759462374076,0.8309411083931717,boot1473
C1,0.933901918976546,0.33613063331348014,0.33613063331348014,0.5325947984911652,0.2932995830851697,0.3072662298987492,boot1474
C1,0.9220097487814024,0.39611011899499615,0.38950828367841284,0.5036257227222093,0.1028000070725109,,boot1475
C1,0.9101592115238818,0.2445821487423718,0.24076055266827223,0.24935914383499622,0.17961501548267927,,boot1476
C1,0.8964590730256212,0.2909999720756192,0.29002997216870047,0.540289948153733,0.004849999534593655,,boot1477
C1,0.9409706234459895,0.5757237441173716,0.5711031683218871,0.5572414409354336,0.174657765069315,0.4796157675712936,boot1478
C1,0.9321695529040346,0.3768674343971554,0.3768674343971554,0.4990694985209855,0.21268756198651345,,boot1479
C1,0.9458728631009671,0.5332088970535567,0.5249349658923808,0.5350475484227069,0.1535273893240413,0.4881619385093769,boot1480
C1,0.8943370829727911,0.3762806502575416,0.3762806502575416,0.5007352322548679,-0.10695315640395238,,boot1481
C1,0.9306304630835038,0.40552219094289776,0.39057206408786016,0.3018056858860737,0.0971758245577451,,boot1482
C1,0.9523072017491914,0.645571731019595,0.645571731019595,0.7295782363290755,-0.013696712822197914,,boot1483
C1,0.927938845902862,0.45542731346803983,0.4516789405176856,0.3842082274113094,0.31580042106734457,0.6681474784006429,boot1484
C1,0.9255850889895829,0.3992774103510473,0.3992774103510473,0.7093045760353898,0.18977420444920365,0.25553754262467027,boot1485
C1,0.9302325581395349,0.2729565217391304,0.2692173913043478,0.3692391304347826,0.38419565217391305,0.15984782608695652,boot1486
C1,0.933061186621515,0.2068926250805193,0.2068926250805193,0.4846133560444596,0.21248431765026304,0.3904865311204395,boot1487
C1,0.8871685697696922,0.1832895136201533,0.1715276196980044,0.33619413460808867,0.17054746187115868,,boot1488
C1,0.933901918976546,0.5586658725431802,0.5586658725431802,0.6303613261862218,0.2113619217788366,,boot1489
C1,0.9405803777061262,0.4705697738789762,0.45855129242430687,0.5288131840054506,0.4271183409274794,0.7534663373504235,boot1490
C1,0.9222623119816316,0.43088750259561814,0.43088750259561814,0.4978306375721802,-0.08202891187268879,0.6317169075253045,boot1491
C1,0.9299339350516423,0.3375648867581418,0.32821405887010463,0.383383943409524,0.2225497037352846,0.5068148715316145,boot1492
C1,0.9534989534989535,0.4733139414259276,0.4696660497771728,0.512528776650041,0.2197854718374731,0.5134407495622296,boot1493
C1,0.9150943396226415,0.3858000896458986,0.381999103541013,0.37249663827879875,0.14823845809054234,0.6081577767817122,boot1494
C1,0.9326155559680712,0.42703648573802266,0.41398296870672946,0.5295998338410413,0.3328646842979784,,boot1495
C1,0.9101075676444107,0.2809032503429635,0.2809032503429635,0.4461966595583807,0.11178802819770993,0.5073456664357605,boot1496
C1,0.8983091440341044,0.23522453181002545,0.23522453181002545,0.3116967047029967,-0.009680021885186234,,boot1497
C1,0.9340007415647014,0.23182180644493158,0.22344270500716298,0.36961147453268206,0.30350967430139636,0.6991894644182475,boot1498
C1,0.9240269461077844,0.27573071301530283,0.27573071301530283,0.46111962244879995,0.2851413175550742,0.3114910102664342,boot1499
C1,0.9349386432044453,0.6110607920408296,0.6110607920408296,0.6584947348019898,0.1413717509744385,,boot1500
C1,0.9215548365921131,0.30383433397781623,0.2972292397609072,0.34440848416740044,0.32364961662854347,,boot1501
C1,0.9508735118368837,0.4554164911212243,0.4435281088228791,0.5596684589682516,0.3100124307030021,0.35207901422022364,boot1502
C1,0.9287377736376339,0.382941432994636,0.38013257162792724,0.5308747983079672,0.05898608870088526,0.40166717543936153,boot1503
C1,0.9167804832100975,0.414493989520189,0.40880299652906515,0.5359018399974983,0.17167828856557027,,boot1504
C1,0.9363669996300407,0.4373981756652293,0.4373981756652293,0.6649195196949136,0.20523353890024562,,boot1505
C1,0.9194775909048201,0.24777774815841616,0.24777774815841616,0.6733502163694364,-0.2789863958272243,,boot1506
C1,0.9345932925699462,0.5573221735682515,0.5480179636589319,0.6633901665344965,0.053964417474054414,0.5033577560941971,boot1507
C1,0.9405803777061261,0.26070859770898097,0.25238811054805604,0.49830473108205936,0.3947608908572159,,boot1508
C1,0.9233217863495926,0.6074475589218167,0.6046222214384593,0.6498276211721761,0.24015368608536944,,boot1509
C1,0.9336053412462907,0.33158038382477417,0.3166778946641101,0.4209953187887582,0.11549429099514605,0.38932752932234727,boot1510
C1,0.8373856341303137,0.33125873318320925,0.33125873318320925,0.45898545475541835,0.35098887716590815,0.6054038916796581,boot1511
C1,0.9522594752186587,0.4903668946238706,0.4903668946238706,0.6291672074410556,0.23468210785537197,0.799928118604303,boot1512
C1,0.8907644080057873,0.18547821378969417,0.17474000141239615,0.3982900590852381,0.24405028130222925,0.36998022645417955,boot1513
C1,0.8714425907752698,0.38816196631414024,0.38816196631414024,0.5987074030552291,-0.12273501762632198,,boot1514
C1,0.9331601651282526,0.5758832453740323,0.5758832453740323,0.6522949381259265,0.0,,boot1515
C1,0.889425398358281,0.31383231836850295,0.31383231836850295,0.5494509748383137,0.09092338195722983,,boot1516
C1,0.9053873976775175,0.4129867992832852,0.3976198486122792,0.4437207006252971,0.05186345851464511,,boot1517
C1,0.9337536507347828,0.3166275962406047,0.3073150198805869,0.4442098923728484,0.2961399282485656,0.5438544594250386,boot1518
C1,0.8819755006805365,0.00492964496587685,-0.00197185798635074,0.15084713595583163,0.26620082815734986,,boot1519
C1,0.9192237206898172,0.33771406853571473,0.3320382018376355,0.4313658690540222,0.35947155754501847,,boot1520
C1,0.913402938536401,0.4436348671635011,0.4436348671635011,0.7006765283955726,0.030464196886764022,0.3493862580450749,boot1521
C1,0.9136082376836236,0.37595792890443425,0.3731025522292107,0.616761361848287,0.43306546240890514,0.7071816232303659,boot1522
C1,0.8781582284655155,0.1782386522801696,0.1782386522801696,0.24260261004800865,0.4396553422910851,,boot1523
C1,0.8978868177679811,0.16948006144222158,0.1627008589845327,0.4280582123283539,0.28472650322293225,0.7215008329968862,boot1524
C1,0.9221613009044471,0.2800604073407955,0.2800604073407955,0.5167444552954745,0.15747504385829242,0.15653207952381162,boot1525
C1,0.9326155559680711,0.4149153627803933,0.40652381611741906,0.5034927997784547,0.13706192882857934,,boot1526
C1,0.9177998400225849,0.4272978659854939,0.4187708575733665,0.3297109919355918,0.2529679162264454,,boot1527
C1,0.9106237862928054,0.21676493335564612,0.20435108254673245,0.4010628722879796,0.3819646402742662,,boot1528
C1,0.9203398582359291,0.3732080685149622,0.3647045935361402,0.48469807379284957,0.15495221072519946,,boot1529
C1,0.849424712356178,0.3695595841655144,0.3695595841655144,0.605013058841604,-0.0419721411379116,0.4770492139089466,boot1530
C1,0.930879003393297,0.405413918427783,0.39513845044919865,0.5156416658344153,0.274635235063982,,boot1531
C1,0.8957703202266072,0.2669550769689653,0.2669550769689653,0.4513967665111596,-0.06406921847255169,,boot1532
C1,0.9234729698104375,0.6148811124088235,0.6148811124088235,0.8493457326075938,0.3540509927499504,,boot1533
C1,0.947223875131597,0.5875292565372866,0.5875292565372866,0.7619520045717935,0.05875292565372865,,boot1534
C1,0.9020955654207837,0.5696880277185992,0.5696880277185992,0.6487310366406382,0.11567269598347192,0.7933219066199781,boot1535
C1,0.938428874734607,0.392886090891206,0.392886090891206,0.5504111745032462,0.24740704308479247,0.421611253196931,boot1536
C1,0.9360225748253689,0.51745314601768,0.51745314601768,0.6103531722327035,-0.0027870007864507006,0.6633061871752667,boot1537
C1,0.9132489132489131,0.2599415131010654,0.2599415131010654,0.4284750215951627,0.07902983731644113,0.6836557011229484,boot1538
C1,0.9148384052842652,0.6805668542727089,0.6805668542727089,0.7993809000605421,0.14352736731170254,0.5807630558109289,boot1539
C1,0.9445183791473544,0.5100367987223956,0.5100367987223956,0.6518159810387294,-0.05892121862496989,0.3774640568162134,boot1540
C1,0.8841451581602948,0.4150410352330419,0.4150410352330419,0.4947053097682941,0.3757006527464977,,boot1541
C1,0.8858748304592133,0.502573700026627,0.49472098596371095,0.27386340294419714,0.1658885845791015,,boot1542
C1,0.9364161849710982,0.47637681159420286,0.46709071390230805,0.5107353730542136,0.10400429414922169,,boot1543
C1,0.9362686152992322,0.746719929898714,0.7374323685815657,0.7922289803527401,0.05758288016631873,,boot1544
C1,0.9306801803896044,0.6633764394653505,0.6549674423453672,0.5727461371721971,0.2307802542928755,,boot1545
C1,0.9114487197690377,0.30434109822230854,0.301478956232757,0.4522184343491356,0.08395616502684373,,boot1546
C1,0.9039790326423637,0.42324952442070995,0.42324952442070995,0.5011659141436133,-0.20200545483715704,,boot1547
C1,0.9289373195492223,0.40813349491286033,0.40813349491286033,0.5569711685164035,0.1535181035910759,0.38753960296771606,boot1548
C1,0.9182579249365065,0.466857557699331,0.4583348030963006,0.48295609417172175,0.37594817526700686,,boot1549
C1,0.9389186196715261,0.46214127016680334,0.4593628657369428,0.6482943669674596,0.05742035821711785,,boot1550
C1,0.859466428642269,0.22865551530719755,0.22865551530719755,0.45022878014027845,-0.06272850419931969,,boot1551
C1,0.9371043024169322,0.5716035798059153,0.5632522288022573,0.6142882627134999,0.047324322354061164,,boot1552
C1,0.9248317127898281,0.2501042564039452,0.2501042564039452,0.3431881713813533,0.3591722779936355,0.5979936356124403,boot1553
C1,0.8089073019161056,0.5009441630017257,0.5009441630017257,0.4149451650615153,0.0064499248455157825,,boot1554
C1,0.9505863028699182,0.21497030355898175,0.21131123456223316,0.4729346678297599,0.22777704504760196,0.48208234032163144,boot1555
C1,0.9585691645913516,0.591461255673533,0.591461255673533,0.7620052987205028,0.20410856215727752,0.4753461625351707,boot1556
C1,0.9280387770320656,0.4535042884343284,0.4535042884343284,0.49004698936188795,0.07495938651807081,0.6230999004314637,boot1557
C1,0.9449057296206249,0.40951865314065944,0.40951865314065944,0.4859007839511644,0.2245450592501593,0.5733261143969232,boot1558
C1,0.944954128440367,0.5604136766568171,0.5604136766568171,0.6929252849303503,0.32943858168003376,0.8935331363444491,boot1559
C1,0.8891572084037671,0.22591006777979833,0.22591006777979833,0.34228798148454287,0.1760338190491935,,boot1560
C1,0.8578806236964942,0.34361728258352875,0.34361728258352875,0.6112130424715866,-0.004054481210425118,,boot1561
C1,0.9039268013724743,0.5367883666770579,0.5367883666770579,0.6031654227715327,-0.16449966075587258,0.6589606293437,boot1562
C1,0.8583341606274197,0.15196270705729714,0.15196270705729714,0.5257909664182482,0.12460941978698367,0.4011815466312645,boot1563
C1,0.9150943396226415,0.2803227252353204,0.27082025997310616,0.39150156880322723,0.2299596593455849,0.4589690721649484,boot1564
C1,0.9100559188702493,0.40800168443168544,0.40800168443168544,0.6010141908841454,-0.06975204441103754,0.6927429068219482,boot1565
C1,0.9152478422864688,0.35533259547697044,0.3486819854011982,0.41423799900523817,0.14061289874489738,0.8341765209325668,boot1566
C1,0.8984674329501915,0.19646982478909797,0.18485584499860944,0.42971725224807644,0.24002224900343005,,boot1567
C1,0.9487156047170673,0.5526923173603023,0.5508591753458403,0.6810122583726443,0.07332568057848124,0.2914695802994629,boot1568
C1,0.9163722025912839,0.4792053202190677,0.4792053202190677,0.6177478484408181,-0.3605901419470212,,boot1569
C1,0.9252336448598129,0.3843917435221783,0.3843917435221783,0.36841458058849375,0.26409310496267024,0.656943346508564,boot1570
C1,0.9168825052978572,0.3385764051718363,0.3385764051718363,0.5367906031575892,-0.13846542060248765,,boot1571
C1,0.9328136599851522,0.35796328656205123,0.3542345023270298,0.5733005761345352,0.24982854374643157,0.5005892835516185,boot1572
C1,0.9107269713473833,0.4506672092970675,0.4439835854303737,0.5299158922878654,0.09452553754324085,,boot1573
C1,0.8526961640145657,0.24168861690600824,0.23862926732491946,0.3079745244962636,0.12033441685615598,0.35080541863150555,boot1574
C1,0.8917798978510166,0.4992458255419513,0.4992458255419513,0.5177725260991721,0.012676163539151106,0.3646834741263473,boot1575
C1,0.9281386895330412,0.5761882515259744,0.5761882515259744,0.7954208545456133,0.18269383584969914,,boot1576
C1,0.907778516478298,0.22798129497711908,0.22798129497711908,0.28832928482400355,-0.2346866271823285,0.36400374828279514,boot1577
C1,0.9344452165855918,0.43736716173395696,0.43736716173395696,0.4717981936151409,0.08840400077601257,0.703509732491216,boot1578
C1,0.9244797755436053,0.453368960436322,0.45148776143036223,0.5991618833982097,0.13732752743506849,,boot1579
C1,0.8803427124914809,0.23508631218564568,0.23508631218564568,0.34966619543579236,-0.12643297462085148,0.3378131040650875,boot1580
C1,0.9288874400409818,0.43811177134785645,0.43811177134785645,0.6421894768047641,0.1582070285422815,0.4605790416733876,boot1581
C1,0.8994162120777107,0.528845452779037,0.5182105350814696,0.4689031893927477,0.10828279837523248,,boot1582
C1,0.9236241108199176,0.5385213514037468,0.5385213514037468,0.5413457640859343,-0.09885444387656193,,boot1583
C1,0.894974536369751,0.3060568008887976,0.2973123208634034,0.3128580631307709,-0.0058296533502628116,,boot1584
C1,0.9553052325581394,0.48425223675723955,0.4751497511039079,0.7036221410025303,0.3022025236906081,0.7882752575785139,boot1585
C1,0.9085041761579346,0.5513123421573793,0.5513123421573793,0.4804840204218827,-0.28331328694198665,0.4287984883446284,boot1586
C1,0.897728361928496,0.3603297774559229,0.3554866352858164,0.4998122719549899,0.3777650892683062,0.47269067580239343,boot1587
C1,0.9027241066742998,0.3226947698331365,0.3188416979545319,0.5278708473688322,0.2119189533232538,,boot1588
C1,0.9386738037007982,0.5234026409271031,0.5234026409271031,0.6466106962249873,0.2705018958419718,,boot1589
C1,0.8315976631953262,0.11397652120793605,0.11397652120793605,0.3963036838330988,0.42871902472709894,0.4956410188308413,boot1590
C1,0.9287876670858367,0.22563307504807417,0.21720694361474363,0.39883688784431365,0.36232365163321456,0.18911983883697506,boot1591
C1,0.9526888575201493,0.6270581414196831,0.6270581414196831,0.7393261929402376,-0.08671109670286736,0.3915690577424221,boot1592
C1,0.8451496284394456,0.24899115556290294,0.24899115556290294,0.3158689452802116,-0.10700446354769383,0.3776022896346503,boot1593
C1,0.9257858110317125,0.653733708264423,0.6499766179870412,0.7523573280456936,0.09674507464257984,0.6847297030528223,boot1594
C1,0.9089701627057539,0.5787725253332002,0.5787725253332002,0.6313882094544002,-0.0019132976044072734,,boot1595
C1,0.9163722025912838,0.392853470437018,0.38810886330613603,0.5019794344473008,0.23058790656085837,0.3207354420476137,boot1596
C1,0.9379877175970815,0.4412776795613221,0.4338612479720561,0.5432536139137285,-0.04635269743291198,0.5858980955520074,boot1597
C1,0.9467899990841652,0.33431039558572423,0.32879978466947607,0.543713610403156,0.24430375062033696,,boot1598
C1,0.9164232544991991,0.4364795393789841,0.4288885908680452,0.49341165321102554,0.01707963414961242,,boot1599
C1,0.9324669296820608,0.43269980738849095,0.43269980738849095,0.5091683078321466,0.19769904992750012,0.5958947778475122,boot1600
C1,0.9052831984769157,0.5590371691126045,0.5523133543638274,0.6214725917798198,-0.014408174461665067,,boot1601
C1,0.9028811295554283,0.179136682715278,0.17239497960233746,0.4603620125693703,0.1146089529199897,,boot1602
C1,0.9143774190503162,0.34140597365987657,0.3395039905197102,0.5144864394150229,0.2681796227634686,0.8254606828322365,boot1603
C1,0.9069480087444161,0.5532170814613652,0.5484231726098802,0.6049912970574028,-0.10834234004356025,,boot1604
C1,0.9357271759751977,0.6625862921570568,0.6625862921570568,0.6755964016804771,-0.01486869659819482,0.6821014564421873,boot1605
C1,0.9210489280855655,0.5013187859569247,0.49282185738138357,0.5211449526331873,0.19637346041250536,0.03776412700240488,boot1606
C1,0.8970411931137006,0.5273375201632585,0.5195825566314459,0.5253987792803053,0.09596767370618123,,boot1607
C1,0.9443730493849825,0.24308742984650752,0.24308742984650752,0.4161951450402326,0.22283014402596527,0.5533922171884509,boot1608
C1,0.8936456780027899,0.21601791740581427,0.20920654163175703,0.44663164004175104,-0.015568858912130756,,boot1609
C1,0.9187664535539676,0.31232803573653206,0.31232803573653206,0.6729249497232553,0.18077168128993218,,boot1610
C1,0.9257858110317125,0.13995161283246985,0.13525524998574268,0.2639355919860673,0.42642974648282767,,boot1611
C1,0.9015187697010221,0.2517490809585671,0.2517490809585671,0.2170250697918682,0.13407326533808747,0.20159217594000203,boot1612
C1,0.921200750469043,0.27185690250597716,0.27185690250597716,0.4606464181351279,-0.006607633047020279,,boot1613
C1,0.8742597033919044,0.37099711313305384,0.37099711313305384,0.4237125206291714,-0.12333416093431282,,boot1614
C1,0.921200750469043,0.587135393606659,0.583359603294076,0.6248932967324892,0.40967324891525725,,boot1615
C1,0.9016236867239732,0.31537306558585115,0.31247973470891677,0.542981761238025,-0.04243551952837141,0.5892750552689757,boot1616
C1,0.9340501459887842,0.6144349379344266,0.6116420518529067,0.7103240267332841,0.18898529151619486,0.4310354185812721,boot1617
C1,0.8826815642458099,0.41966978536048427,0.41966978536048427,0.4866593285635663,-0.13397908640616402,0.5487231700605394,boot1618
C1,0.9322686969035792,0.28635148066839006,0.28262051675088656,0.3404504574721901,0.08114846520570011,0.3441814213896936,boot1619
C1,0.9058039961941008,0.43583668249908664,0.43583668249908664,0.5759956156375593,0.4761563755937157,0.8390336134453782,boot1620
C1,0.9418476260581523,0.49024822875783675,0.49024822875783675,0.552106291520125,-0.028620894710909492,,boot1621
C1,0.917290401544038,0.598170057432538,0.598170057432538,0.6929672139194695,0.4427027207939703,0.28059958320131734,boot1622
C1,0.8887278349519253,0.46965031130188956,0.463779682410616,0.24754485158203765,-0.028374706307822496,,boot1623
C1,0.9294856876890855,0.6707776882715376,0.6707776882715376,0.8036234786963052,0.0729716313600836,0.6352274063268816,boot1624
C1,0.9474647629507595,0.5791198508164774,0.5736131644378738,0.6534601169276258,0.2845121295611854,0.463479436865802,boot1625
C1,0.9341489411001436,0.4160960153914511,0.4160960153914511,0.6348489541319231,0.27088129861054194,0.23643934655353147,boot1626
C1,0.8875991487715225,0.39187293885751107,0.3889338918160797,0.4996379970433267,0.12441965808725977,,boot1627
C1,0.9180034812061908,0.24722838898271474,0.24722838898271474,0.5285572454113212,0.32300720552914075,,boot1628
C1,0.9444214970856853,0.5515223518574078,0.5432357055022882,0.6831879550554201,0.29555705333260085,,boot1629
C1,0.9211501477555233,0.441791734746742,0.4370717375806444,0.5560156661663057,0.18879988664390684,0.34550379255834957,boot1630
C1,0.9329126844205252,0.27776493889518333,0.2731044533432508,0.5872211795435085,0.03821598152584737,,boot1631
C1,0.9449057296206247,0.39019305377896546,0.3855917205976097,0.46933598449828395,0.44356851868269187,0.49602371695014713,boot1632
C1,0.9016236867239732,0.4262840825350036,0.4214618644067797,0.33659082535003676,0.18903095062638176,,boot1633
C1,0.8864142538975501,0.2638868254315053,0.2638868254315053,0.4159405724273541,0.07357439370766876,,boot1634
C1,0.9339513325608343,0.6982953932463049,0.6982953932463049,0.7923325062034738,-0.043759844643435096,,boot1635
C1,0.9138134592680047,0.33400404448938315,0.331149309066397,0.6118649589933715,-0.038063138973149085,0.49006291427929444,boot1636
C1,0.9285381533587999,0.6508594438482144,0.6508594438482144,0.7145406556204137,0.19291661213342756,0.6349391409051646,boot1637
C1,0.9182070457645454,0.17235858763579995,0.17235858763579995,0.3636576794074021,-0.06723878968209779,,boot1638
C1,0.89518685752714,0.29238491185830134,0.29238491185830134,0.39340827010834567,-0.0709106264639734,,boot1639
C1,0.9043967036631257,0.36344189540118804,0.36344189540118804,0.6115054113099354,0.12499324445014405,,boot1640
C1,0.9248317127898278,0.3695149352133477,0.36293324425534906,0.5453401079484521,0.2265982172682361,0.5152523778547443,boot1641
C1,0.893326276283501,0.47988698368687027,0.4711263693802134,0.3475043674973888,-0.03698926040588452,,boot1642
C1,0.860201199266564,0.27799360775885823,0.27799360775885823,0.47208369026686114,0.10108858463958481,,boot1643
C1,0.9006261650972707,0.4634456787103741,0.4518595367426147,0.3456532353714874,0.04924110336297725,,boot1644
C1,0.9114487197690377,0.3215139501596175,0.31865180817006594,0.5352205520461287,0.08681830701639522,,boot1645
C1,0.9271387256273906,0.5055291502970591,0.49333642496521907,0.528038797063533,0.3770365833384374,0.4389381119462405,boot1646
C1,0.8367976533657008,0.1122290951707755,0.10287667057321088,0.11534657003663042,0.03948801496749509,,boot1647
C1,0.8931665062560153,0.21126592953523238,0.20931877811094451,0.3631437406296851,0.12461769115442278,,boot1648
C1,0.9344945798202537,0.5545894869341058,0.5517979291139677,0.5210907930924484,0.10887075498538654,,boot1649
C1,0.9244294799850356,0.28972040891735434,0.28972040891735434,0.5230017771365227,0.17590167684267943,0.33581229215420616,boot1650
C1,0.9050747405503188,0.347797363678775,0.347797363678775,0.5658912906265152,-0.007686129584061326,,boot1651
C1,0.914274924471299,0.487913366736706,0.487913366736706,0.6077517375141426,0.23016575974714007,0.4489183413250004,boot1652
C1,0.90136135657989,0.5711167945439046,0.5711167945439046,0.7524849657841984,0.17075620377410658,0.7766030736618972,boot1653
C1,0.9279388459028619,0.36734054913471537,0.36078089647159545,0.47323208498222247,0.21834272435813437,0.3307939128687615,boot1654
C1,0.8997847404927052,0.4658118946906131,0.4658118946906131,0.51606546009292,0.037690174051730106,,boot1655
C1,0.9489077780824421,0.46644015980836395,0.4636910036601811,0.6588810901811665,0.12646118281641303,0.44078136909199034,boot1656
C1,0.9375952699893759,0.4906168095378855,0.4906168095378855,0.6158214773783667,-0.02133116563208198,0.2884344570251085,boot1657
C1,0.9113456714157239,0.3539915816476305,0.3473124952014488,0.3654414441267992,0.13358172892363415,0.5810805208178086,boot1658
C1,0.9505863028699182,0.38603177915698,0.37688410666510846,0.4674460643346369,0.21131123456223316,0.4582983918427654,boot1659
C1,0.869612227846857,0.35898059278261846,0.35898059278261846,0.4089778898275514,0.3049835119740909,,boot1660
C1,0.8886204397197389,0.15069768541504128,0.15069768541504128,0.22213230252736604,0.06556327871953094,0.11840532425467529,boot1661
C1,0.9440822697640253,0.4052705022707475,0.40066515565403443,0.4338236512943683,0.4513239684378779,0.7654086076977071,boot1662
C1,0.9482348637278215,0.5172081320450885,0.5172081320450885,0.6199161298980138,0.13755535426731075,0.6703530931293612,boot1663
C1,0.9527842280198516,0.2354655120112695,0.23272754094137102,0.46636773890604144,0.2674085078267518,0.6443358584494429,boot1664
C1,0.9161168708765315,0.4556092324208266,0.44421900161030586,0.38726784755770266,0.4053023796743604,0.6369037394882806,boot1665
C1,0.9199342568678093,0.5246121579332845,0.5198859222762279,0.6767969460905077,0.028357413942339704,,boot1666
C1,0.8770079585957717,0.32620793656172686,0.32620793656172686,0.4818755537051649,0.4947652290100356,0.6712546293382647,boot1667
C1,0.9246809107485157,0.3865023060317348,0.3818003315058013,0.6131374781817301,0.4250584971443896,,boot1668
C1,0.875140607424072,0.47296747513132886,0.47296747513132886,0.5941902313624677,-0.09737565664468538,0.6677187884206996,boot1669
C1,0.922565231648475,0.40529713309284227,0.4024694786759155,0.5353692362714754,-0.08200197809087739,,boot1670
C1,0.9227166276346603,0.3590531891414699,0.3590531891414699,0.5946523946148753,0.09047009490178769,,boot1671
C1,0.9456795782718314,0.6013618832852115,0.5921667474551623,0.6758424835086091,0.08643427680246157,,boot1672
C1,0.9204412109833372,0.6272984058710064,0.6216300467818104,0.6726452785845731,0.05290468483249451,,boot1673
C1,0.9227166276346603,0.6436570293533436,0.6436570293533436,0.6059611564775987,-0.011308761862723461,,boot1674
C1,0.8955582232893157,0.18739829816994985,0.18739829816994985,0.3796514745308311,0.1679787854062245,,boot1675
C1,0.9181561618062088,0.3750427655024946,0.3693602993585174,0.4176612615823236,0.06629543834640056,0.20835709194583032,boot1676
C1,0.9038223238966733,0.4656552002421063,0.4656552002421063,0.631135973881863,-0.1683670662032409,,boot1677
C1,0.9606398843147,0.38199176166926413,0.377465792929107,0.5404006675747648,0.37927618042516986,0.6119109736692477,boot1678
C1,0.8895326380842025,0.2404780154429949,0.2404780154429949,0.4897540070607335,-0.17889218221978892,,boot1679
C1,0.9175451807228915,0.5373506271074556,0.5373506271074556,0.6738206276426824,-0.04643770851545914,0.2881033344632567,boot1680
C1,0.9187156222086409,0.2243207272630188,0.21958822246844034,0.4950200015129064,0.15333315534434194,0.7108222201456839,boot1681
C1,0.9314750290360047,0.5554537569120677,0.5554537569120677,0.6422725794210126,0.08308467960533449,,boot1682
C1,0.8441630232675008,0.093738333238429,0.093738333238429,0.18644657490280936,0.10403924897891571,,boot1683
C1,0.9253340809270161,0.6249211841261757,0.6174033352945826,0.551622158018143,-0.13720074117657388,,boot1684
C1,0.9058039961941008,0.3331174643770552,0.3273575082206796,0.4473565948118378,0.2015984654731458,,boot1685
C1,0.9165253438854343,0.3225793764302059,0.3225793764302059,0.6005668978832952,-0.045540617848970254,,boot1686
C1,0.9207957957957957,0.36924582144313084,0.3626352824403127,0.44573920133288425,0.010387989861571457,,boot1687
C1,0.9261368942011392,0.4093675969033027,0.3915281832767826,0.3999784318367131,0.1783941362652007,0.3727498531436036,boot1688
C1,0.867720179195589,0.21746140829505817,0.21746140829505817,0.27959323923650337,-0.1803827349912925,,boot1689
C1,0.9522594752186588,0.5962934491422486,0.5962934491422486,0.5972066090949933,-0.03926587796801943,0.9314231517995308,boot1690
C1,0.9410681399631676,0.4509214668595251,0.432441078873479,0.37699991491534074,0.15061516208627582,0.3936322641027821,boot1691
C1,0.9157080897605129,0.3247664923716066,0.31716961535706606,0.24879772222620153,0.09591057230857389,,boot1692
C1,0.8900149606679213,0.5295465454562601,0.5295465454562601,0.6389731378752659,0.21787616169141327,,boot1693
C1,0.9208464317552667,0.46365659573148305,0.46365659573148305,0.5873613086455854,0.1340921315557446,0.4542134878754447,boot1694
C1,0.9226661670335846,0.059374246778529705,0.05371955660914593,0.30064102733890447,0.008482035254075673,0.8406639385150556,boot1695
C1,0.8995215311004784,0.2948427382053654,0.2909759481961147,0.46594819611470856,-0.10246993524514338,0.46594819611470856,boot1696
C1,0.9128379655889581,0.36389143042397604,0.3591284535859659,0.332455783293109,0.08192320161377471,0.47820287453621985,boot1697
C1,0.9144286590834001,0.5572498328104453,0.5477404499979802,0.5078010421856275,-0.11411259374957923,,boot1698
C1,0.9147872039256393,0.3536103910083332,0.3460058664705196,0.44581525102932335,0.05988563073528224,,boot1699
C1,0.9446152434267885,0.5173488947744139,0.5173488947744139,0.6581929889033914,-0.02853703867972746,0.4032007400555041,boot1700
C1,0.9417015598398747,0.6463785111255571,0.6408381238873382,0.663923070713251,0.24100684486252916,,boot1701
C1,0.9014663036729235,0.255622180962078,0.24211761291125128,0.2893836010891449,0.20739158078055386,,boot1702
C1,0.9312764276752937,0.550903537354165,0.5471685981178657,0.6666866536794471,0.47527101781910164,,boot1703
C1,0.882247169169461,0.06308002548246643,0.06308002548246643,0.24936322573537514,0.07096502866777474,,boot1704
C1,0.9353823366043326,0.5819522186650141,0.575444765740645,0.6637601982856551,0.19243467933491684,,boot1705
C1,0.8635240636426523,0.5095399404898147,0.503497964910884,0.4330082498233602,0.04128683312269248,,boot1706
C1,0.9001004256133136,0.5255452222884412,0.5236130707359102,0.4279715688856241,-0.2502136260527689,0.6134581179286033,boot1707
C1,0.9055436592909825,0.22374260321231926,0.22374260321231926,0.5800022847220636,0.1757291690465855,0.6136116886380772,boot1708
C1,0.926988570095638,0.28892059254720903,0.27860199995623725,0.4193100807422157,0.19230104374083717,0.5074871447014287,boot1709
C1,0.9353823366043325,0.25750920857860854,0.25750920857860854,0.5531334985713795,0.39509535612241387,0.5912485799855417,boot1710
C1,0.9050747405503188,0.2613284058580851,0.2613284058580851,0.620654963912952,-0.20848626496766345,0.5591659272404614,boot1711
C1,0.924077279318894,0.409339000136461,0.409339000136461,0.7866836876185782,0.20796303225323653,0.49120680016375323,boot1712
C1,0.9559217395251713,0.46028872637477447,0.45028244971445314,0.4984945099869098,0.3147428840428299,0.4366375269958334,boot1713
C1,0.9383798753750288,0.27799995722748555,0.26595329241429455,0.39197993969075473,0.2817066233238521,0.6449599007677667,boot1714
C1,0.9027764526285659,0.28125793793021053,0.28125793793021053,0.4353718765221067,0.13581290838410853,0.4353718765221067,boot1715
C1,0.9376443418013856,0.684416363246948,0.6742150353394731,0.6213536089098308,0.27543585350182054,,boot1716
C1,0.8900685262040343,0.21981697830330116,0.21981697830330116,0.5246298548838788,0.04005553826860154,,boot1717
C1,0.8946027779112798,0.5229428060225823,0.5229428060225823,0.555019223492369,0.1875984415657219,0.57640350180556,boot1718
C1,0.9087631067039901,0.4191076446740606,0.4191076446740606,0.6066535313318594,0.2143381561803415,,boot1719
C1,0.9224642773483253,0.4175959988517675,0.4147680349769248,0.5420264093448449,-0.01602512862410846,,boot1720
C1,0.9092288722375035,0.4007217953718738,0.4007217953718738,0.5690440769600595,-0.03156042779778481,,boot1721
C1,0.9432089689395332,0.45819529635026607,0.4554295299739062,0.5337929106374325,0.15857060557795924,0.4674145176047985,boot1722
C1,0.8908713893041423,0.2830643301278883,0.2830643301278883,0.34553369953542223,0.1181061515361189,,boot1723
C1,0.928987194412107,0.37160618938650974,0.36879808216192655,0.7188754494932985,0.3407170099160946,0.7188754494932985,boot1724
C1,0.8933795227097766,0.42827117247063673,0.42827117247063673,0.5596725549332184,0.12653466459359725,0.43411123391341816,boot1725
C1,0.9122724048238353,0.44037189803232135,0.43560596839993687,0.4127295061644916,0.22781143642797572,,boot1726
C1,0.8382664915648045,0.15248860385425508,0.15041392897188427,0.21991553753130663,0.15767529106018213,,boot1727
C1,0.9287876670858367,0.49995046504428053,0.4980779913924293,0.5373999380813053,0.16009649723328084,,boot1728
C1,0.9299339350516422,0.680740270249106,0.6723245251498726,0.6087388955112198,-0.21226379305844378,,boot1729
C1,0.9326155559680712,0.3748224176128497,0.36456608280254776,0.5538420797563002,0.19393796732207144,0.5678279908612572,boot1730
C1,0.9496757694766645,0.4642316666248526,0.46056908937337443,0.5420614332187628,0.16298468769077665,,boot1731
C1,0.8988365969263177,0.3802016201870302,0.3743970152986786,0.5282190448399962,0.26023978582776364,,boot1732
C1,0.9259864580901237,0.43572803613321937,0.4300936218728759,0.48831590256309065,0.31177092240566556,0.5099144905610735,boot1733
C1,0.9115002366303833,0.4626868030159375,0.4626868030159375,0.6076938010745405,-0.06582554517133957,0.5285123481872771,boot1734
C1,0.9422369389256806,0.46235947235285124,0.4558993599646876,0.634013887238341,0.16242568290239887,,boot1735
C1,0.9123752778171844,0.46128997075008676,0.46128997075008676,0.6318910136514617,0.19728723955633876,,boot1736
C1,0.8938585100755062,0.31519432578986517,0.30838457183761503,0.349243095551116,-0.09825502131103822,,boot1737
C1,0.9147359977351012,0.3907043182215763,0.37644503653465744,0.2405065511193645,0.21293860652465474,0.1330866290779092,boot1738
C1,0.9137108581684219,0.35688199785148267,0.35117188588585896,0.4006595229212645,0.2360179612457805,,boot1739
C1,0.8971469671541596,0.5224290660655776,0.5224290660655776,0.53212162758813,0.06687867450561197,0.3247008110055074,boot1740
C1,0.9218076129758109,0.5310926168323487,0.5310926168323487,0.6433484274949588,0.011319913680263204,0.5546757703328971,boot1741
C1,0.9284882366643372,0.30999432797399595,0.30343855668753683,0.4748251488906826,0.09271733676563625,,boot1742
C1,0.9002056137330846,0.3593381955574852,0.3593381955574852,0.494573000337184,-0.03767255276005894,0.5109943694890046,boot1743
C1,0.9120151371807,0.3422902760238138,0.3356160923687534,0.31940736063503516,0.21643424138553133,0.7017427385892117,boot1744
C1,0.9271387256273906,-0.01031692143463386,-0.013130627280443095,0.3498374268289481,0.26073674171165573,0.19789731115524944,boot1745
C1,0.9029334605294539,0.6731681940329359,0.6693160155263097,0.5258223661544821,-0.021186981786444334,,boot1746
C1,0.8966178939793715,0.23760788145253217,0.2269397724893572,0.4965519808314141,-0.047521576290506434,,boot1747
C1,0.946500549651887,0.5282617111885405,0.5245868471107071,0.6835247184769984,0.293989126226666,0.028480196603208267,boot1748
C1,0.8887815247850034,0.26709747865793126,0.26709747865793126,0.6496436843548219,0.19763256662601508,0.24850827684657342,boot1749
C1,0.9076228924246021,0.234726867335563,0.234726867335563,0.42921484312788666,0.32861761426978825,0.9896851181944349,boot1750
C1,0.9119121960450374,0.38333210029141895,0.38333210029141895,0.6531902703970695,0.044817434611185786,0.7332895152340824,boot1751
C1,0.9077266467208054,0.4732319128706024,0.46940007551942353,0.4703580348572182,0.2979253540541647,0.727091137386209,boot1752
C1,0.9292364990689013,0.29757950683976647,0.2844785222619151,0.3593412912782086,0.30038686067787745,,boot1753
C1,0.8574267262791853,0.15009521890271552,0.14502443448032645,0.2890347120761751,0.20080306312660584,0.7707592322031335,boot1754
C1,0.9543553373340607,0.727101338812301,0.7234567205726403,0.7407686572110286,0.13302856574761399,0.66514282873807,boot1755
C1,0.94905186200594,0.6184662242783279,0.6093037616964267,0.7238345439701912,0.13926943124489755,,boot1756
C1,0.9369077883059856,0.33598035220179745,0.33041161708243066,0.42229574655198293,0.291430471246863,0.4770549752257566,boot1757
C1,0.927938845902862,0.4526160337552742,0.4488676608049199,0.45542731346803983,-0.1058915358475072,0.1799219016170034,boot1758
C1,0.9258861439312567,0.2676636739634823,0.2676636739634823,0.4273227075557348,0.34561484918793506,0.6254877433672954,boot1759
C1,0.8878143133462282,0.32713460263332383,0.32615515771526,0.5719958321492847,0.00783555934451075,,boot1760
C1,0.9371534195933456,0.5808524140296715,0.5715736214732869,0.610544550210102,0.2347534516765286,,boot1761
C1,0.9284383153186732,0.42989440245754273,0.4139723875517078,0.4055430855427364,0.16390309461888886,0.32218665456513007,boot1762
C1,0.8880831520425428,0.43963764171262215,0.4337627511774869,0.47684528176847885,0.35641002579820596,,boot1763
C1,0.9067921479157754,0.25891557313910396,0.25699768000474027,0.5753679403091199,0.12753989343518826,-0.12562200030082452,boot1764
C1,0.8608786092813628,0.11919066700684866,0.11919066700684866,0.30403720990730043,0.057575152706698086,,boot1765
C1,0.8812685441898924,0.5081607529384662,0.5081607529384662,0.6620890586829337,-0.10952590985664029,0.6463015401450395,boot1766
C1,0.9079340961967618,0.37064555735938115,0.37064555735938115,0.5143066261033273,0.21261838174104036,,boot1767
C1,0.9215042670918128,0.5076765281108682,0.5076765281108682,0.5746747316347931,-0.17551642049929644,0.6312929317958567,boot1768
C1,0.9053353005568512,0.42837839938195127,0.42837839938195127,0.6608169030824719,0.11910072090439901,0.12774512806681507,boot1769
C1,0.8979396262577862,0.37573940884413715,0.37573940884413715,0.5239046911976242,0.04745162637464619,,boot1770
C1,0.9268884430551019,0.5300576908767,0.5216142940308764,0.7111216454593604,0.3077149072700134,,boot1771
C1,0.9284383153186732,0.4102260311032761,0.4055430855427364,0.544158274134711,0.06087829228701586,0.352157506152584,boot1772
C1,0.8938053097345133,0.2743521308652604,0.2685148514851485,0.40179939733103737,0.16538958243650448,0.3842875591907017,boot1773
C1,0.9347413274049373,0.5256046067740086,0.5256046067740086,0.5758393833506394,-0.18326390714067203,0.2595463456459264,boot1774
C1,0.9342970994347141,0.2503625919632923,0.2503625919632923,0.4541893861638908,0.1479838368853661,0.4811801488662532,boot1775
C1,0.8791423001949317,0.3076120697965873,0.3076120697965873,0.5479649088981009,-0.10484527137761496,,boot1776
C1,0.9146847867119667,0.5418830411455435,0.5418830411455435,0.5666005131977965,0.26333614455669396,0.5761072332178936,boot1777
C1,0.8908179012345679,0.3797194343495207,0.37776714934001165,0.7155124559850867,0.19034778842713762,,boot1778
C1,0.8995215311004783,0.5104162812210916,0.5104162812210916,0.6138529139685477,0.07636910268270121,,boot1779
C1,0.894815241939359,0.2555786283638333,0.2526632827931432,0.3741360149052313,0.18075142538278705,,boot1780
C1,0.9409706234459895,0.32436442084301353,0.32436442084301353,0.4565128885938709,0.09795620686427191,0.38997659713889377,boot1781
C1,0.9266881329040084,0.5348640565405685,0.521727044625537,0.5132818226801595,-0.06943849155088083,0.5789668822553172,boot1782
C1,0.9216054013503375,0.33118012422360243,0.33118012422360243,0.35288138592486423,0.16134416308329352,,boot1783
C1,0.9420423183072678,0.336918308423913,0.3304568614130434,0.4698395040760869,-0.02676885190217391,,boot1784
C1,0.8918866833686644,0.3802393746946751,0.3802393746946751,0.5810837623539138,0.4660369771898838,,boot1785
C1,0.9297347603536529,0.4517417417417417,0.4517417417417417,0.5854872263567914,0.0766932149540845,0.5013117465291378,boot1786
C1,0.9096425523845644,0.2733993166018616,0.26575178327034105,0.5439308082044031,0.05257679165420416,0.5716531165311651,boot1787
C1,0.9287377736376339,0.47657014521826346,0.47657014521826346,0.6404203916096114,0.17695826610265578,0.6535284113209191,boot1788
C1,0.9365145420076755,0.5301804903808588,0.5301804903808588,0.6230317146156852,0.26648301355395176,0.6499585696437848,boot1789
C1,0.9435972809112622,0.547396383583909,0.547396383583909,0.721567960178789,0.2810705336584044,0.8837594812406878,boot1790
C1,0.9371534195933456,0.5047663150673184,0.5047663150673184,0.5149729868793413,0.33774804905239686,0.6550827544807477,boot1791
C1,0.9128379655889581,0.4677243254925975,0.4677243254925975,0.602040272324484,-0.1714671661683657,,boot1792
C1,0.9256854593862394,0.5664427595466572,0.5626852619708916,0.5260496606071775,0.0319387293940072,,boot1793
C1,0.9273388676429437,0.4397810780789448,0.4313417823375578,0.57856060804842,-0.011252394321849334,,boot1794
C1,0.9446152434267883,0.4041212896903341,0.4004390911510144,0.4943351539036661,0.0957371620223115,,boot1795
C1,0.9125809654389864,0.12006081820761982,0.11434363638820937,0.3049163637018917,0.3535124091668806,0.4173542728169642,boot1796
C1,0.9097976015547233,0.45112757156901384,0.44730445655571704,0.34790346621000223,0.1586592730518142,,boot1797
C1,0.9521640091116174,0.3771728728936966,0.37260661535261075,0.4411004784688995,0.17443103806948196,0.8155335968379445,boot1798
C1,0.9111395161672111,0.2863113283844412,0.2863113283844412,0.4170601683466694,0.1202507579214653,,boot1799
C1,0.9348893211077152,0.48366571618094256,0.47808495791731626,0.6687608652578803,-0.05394732988172052,0.6575993487306276,boot1800
C1,0.8941776046925333,0.4074669553060871,0.4074669553060871,0.36856796195944397,0.016532072172323345,0.430806351314073,boot1801
C1,0.9149919803755071,0.2860562016372717,0.28225479031983286,0.4409637128229039,0.019957409416553835,0.42005595057699024,boot1802
C1,0.9425287356321839,0.5646235418875928,0.5553976670201485,0.6605726405090138,0.1872852598091198,0.4695970307529162,boot1803
C1,0.931524667843538,0.39299759755071595,0.38646319569120285,0.558224615998404,0.175495364226923,,boot1804
C1,0.9006261650972707,0.19213685429867594,0.19213685429867594,0.26261921793587867,-0.022206772104872097,0.7164097783397866,boot1805
C1,0.9191729323308271,0.6404623455143593,0.6404623455143593,0.7823668533831243,0.09081888503600959,0.8675095581043832,boot1806
C1,0.9263374101391092,0.32761093047509704,0.32291736413591227,0.5303729963278792,0.08917776044451066,,boot1807
C1,0.9150431624133215,0.4285851522120164,0.41813185581660134,0.3554120774441112,0.05321678164938563,,boot1808
C1,0.8971469671541596,0.6804178188831825,0.6707252573606302,0.5922155090279553,0.30725420026491296,,boot1809
C1,0.9407755365202174,0.3392205923668281,0.33275044482849625,0.47879091783655847,0.24216837929185003,,boot1810
C1,0.7888362295945234,0.3218830904974749,0.3218830904974749,0.2910175886689499,-0.06944737911418122,,boot1811
C1,0.9253340809270162,0.3899884081388915,0.3824705593072984,0.5328275359391602,0.09961149701860843,,boot1812
C1,0.9081932972562421,0.3858592478797189,0.3858592478797189,0.6003318819369325,0.23553691061640414,0.4777760910470962,boot1813
C1,0.9344945798202539,0.36569407443809326,0.3591804395244376,0.47270379087672104,0.200061643776565,0.6057680469699713,boot1814
C1,0.8464239141338149,0.4345648567041437,0.4345648567041437,0.32463946741964395,-0.0020546801735420507,,boot1815
C1,0.9216559613671526,0.5840149601666762,0.5840149601666762,0.5802410347374894,0.07830895265562865,0.7066675366152513,boot1816
C1,0.9352837700212943,0.6461652018971706,0.6387273290695773,0.7112465891386124,0.14968719065531577,,boot1817
C1,0.912786575277712,0.35248012969175685,0.35248012969175685,0.38010695066759725,0.18957715083421522,0.6087427104676559,boot1818
C1,0.9283384586711397,0.4233838150188105,0.4233838150188105,0.5311031484859857,-0.128326510304374,0.23604584377154922,boot1819
C1,0.9351851851851852,0.46956521739130425,0.46956521739130425,0.6062505380972879,0.24268618166164438,0.3375290572535514,boot1820
C1,0.9316735565980768,0.3528013109807645,0.3528013109807645,0.5693354489372126,0.14746721464275342,0.6169356258155698,boot1821
C1,0.9222623119816316,0.5204593029163703,0.5166878586923386,0.6430312401973995,0.10182899404885504,,boot1822
C1,0.9312267657992563,0.21010153605831816,0.21010153605831816,0.4808990714223727,0.3595070728109,0.49490584049292724,boot1823
C1,0.9181052730608212,0.4243143230106435,0.4224200626400602,0.5654367206190941,0.15059369946136678,,boot1824
C1,0.898731146756045,0.40346737393157434,0.40346737393157434,0.6424516457807323,0.3260635611869079,0.1702883880382664,boot1825
C1,0.9197820777756903,0.2788940394998579,0.2637675831202046,0.33939986501847114,0.2609313725490196,,boot1826
C1,0.9300334946036471,0.5796892670111522,0.5768843189449693,0.7330264279624894,0.2243958452946396,,boot1827
C1,0.9107269713473833,0.2348816387438106,0.2272432114675891,0.5136842343258947,-0.19477989554364783,0.7103737366885979,boot1828
C1,0.9307796011343032,0.5007490021845535,0.5007490021845535,0.5717507263749008,-0.2027286072277017,,boot1829
C1,0.893326276283501,0.43705731374321444,0.43705731374321444,0.6190834110037515,0.12362200188282459,0.3737862104173594,boot1830
C1,0.9010989010989011,0.3435418875927889,0.34064687168610813,0.3695970307529162,0.17080593849416753,,boot1831
C1,0.9450992982617071,0.36343087070460695,0.36343087070460695,0.5879299402031489,0.21529828796171646,0.4738402491465128,boot1832
C1,0.9390654550486646,0.33150441873080555,0.32594847875207694,0.4370672783266486,0.2694630889683363,,boot1833
C1,0.944663668899697,0.33782439749621984,0.3295398754867758,0.52744790126794,0.19422601599918904,,boot1834
C1,0.9365145420076756,0.37233340918165386,0.37233340918165386,0.6091040309804611,-0.020427269331661807,0.5329660271079034,boot1835
C1,0.9019383175785353,0.2979091218735328,0.28826804996824046,0.3625043036389914,0.23234983291754502,,boot1836
C1,0.951781970649895,0.3444340164719403,0.3444340164719403,0.6377054204175445,0.22657728404520208,0.9401130051714233,boot1837
C1,0.9401898442539859,0.4097229869676022,0.4041736914330523,0.5049858936440424,0.33573237984027,0.10266196738917346,boot1838
C1,0.9224642773483253,0.5957577229668557,0.5957577229668557,0.6042416145913837,-0.19418685273919664,0.7201881334599332,boot1839
C1,0.8923136197264496,0.4307317714199894,0.4268337463392656,0.5028452354133814,0.4862786288203048,,boot1840
C1,0.8862524817200135,0.41601649617765696,0.41601649617765696,0.4768490970338238,0.15306267312196814,0.6171565473956279,boot1841
C1,0.9130948442890223,0.42283335508521486,0.4133100813220343,0.6009185744566904,0.18570383838201998,,boot1842
C1,0.8941776046925333,0.06904571319029162,0.06223838935462906,0.3996871566367585,0.08168788602795064,0.4551182221557249,boot1843
C1,0.9209983111277914,0.43431132844335774,0.43147886325785756,0.36727631905318725,0.06420254420467027,,boot1844
C1,0.8945496491396712,0.04179902634111699,0.04179902634111699,0.2216320466459227,0.33439221072893593,,boot1845
C1,0.8528106139957106,0.18659527938685935,0.18659527938685935,0.34871904672298304,0.011216109689920508,,boot1846
C1,0.8992581957406077,0.16341971909202396,0.16341971909202396,0.3307073605294213,0.2030659231321008,,boot1847
C1,0.8857129015067099,0.13253877655855364,0.1266481642670624,0.20420789277169749,0.311220682733789,,boot1848
C1,0.926988570095638,0.36584101004354386,0.36208879455591775,0.5440712457057832,0.11819478786022186,,boot1849
C1,0.902567038839584,0.40849669476955314,0.40849669476955314,0.5809516673255675,0.34105620270854203,0.6464652881848354,boot1850
C1,0.917035502401356,0.24559288131658139,0.24559288131658139,0.5224775197121094,0.3736046148213632,0.6523857233428879,boot1851
C1,0.9351851851851852,0.4649160568230736,0.4649160568230736,0.5792854068015496,0.016736978045630648,,boot1852
C1,0.9351851851851851,0.5588291003013345,0.5504606112785192,0.7336375376668101,0.01952647438656909,,boot1853
C1,0.8918866833686644,0.025349291646311674,0.019499455112547446,0.22326876103866822,0.03607399195821277,0.4621370861673745,boot1854
C1,0.9232713824259164,0.4398348787273536,0.43230023412388713,0.5509708866284837,0.18271513163406125,0.7412206628660114,boot1855
C1,0.9164743015970225,0.4393016748539476,0.4393016748539476,0.5303879832469908,0.3643452335721725,0.7932099355894174,boot1856
C1,0.9017810246860525,0.5737438360137945,0.5737438360137945,0.7164565885012593,-0.037606738831156276,0.5486726767930237,boot1857
C1,0.8756355103637075,0.220460997728023,0.211523389712022,0.2651490378080276,0.1479670660426821,,boot1858
C1,0.9184613937740994,0.15716264947599926,0.15716264947599926,0.3256864543358057,-0.020828784870313154,0.43077714163602204,boot1859
C1,0.883061383061383,0.4618320931922951,0.4618320931922951,0.4480460605596893,0.07976204594579085,,boot1860
C1,0.9364653657634329,0.26092564126785117,0.26092564126785117,0.46706618347946305,0.2952823983031198,0.5487795515633453,boot1861
C1,0.9003633581946834,0.35541206457094315,0.35541206457094315,0.4519914299434819,0.22792730227919175,0.4790336522477928,boot1862
C1,0.9432575235469791,0.38995298502721354,0.38995298502721354,0.49965607064952666,0.10140621360045743,0.4166873504309705,boot1863
C1,0.9332096474953617,0.19101910277465642,0.19101910277465642,0.38110640504797294,0.2180413173135102,0.37272020053591487,boot1864
C1,0.9301827991999627,0.3814117063880301,0.3814117063880301,0.3832813716154224,0.14957321819138436,0.6057715336751067,boot1865
C1,0.9326155559680712,0.41211818055940175,0.40745621019108286,0.47179140127388536,0.24335485322625308,0.3496477776239269,boot1866
C1,0.9449057296206247,0.6616717114789533,0.6616717114789533,0.7509375751972543,0.1352791955318583,,boot1867
C1,0.9413605817914019,0.5921124329288514,0.5884175035502002,0.6022734887201422,0.45262884888476945,,boot1868
C1,0.9393590039197601,0.4498905039380162,0.4498905039380162,0.6239222215107469,0.3526919382723955,0.5119124458389362,boot1869
C1,0.9467899990841651,0.4518700951323526,0.4518700951323526,0.5501426564721122,0.035818970955613316,0.37472154230487775,boot1870
C1,0.8966178939793715,0.38793123502454224,0.38793123502454224,0.6061425547258473,-0.0077586247004908454,,boot1871
C1,0.9227166276346603,0.5475325535201941,0.5475325535201941,0.6662745530787906,0.13099315824321342,0.6389450452438755,boot1872
C1,0.8949214433286886,0.4984649321425404,0.4984649321425404,0.4800032679891129,-0.10591165224860995,0.7073732370365875,boot1873
C1,0.9017810246860525,0.2613186211088039,0.2613186211088039,0.4339239095902647,0.21599767944048734,0.9382399200696168,boot1874
C1,0.9223128104207664,0.30924149386391947,0.30924149386391947,0.4572625747682956,0.049026090490621385,0.5835990387248968,boot1875
C1,0.9350865820909343,0.4240481541760314,0.4240481541760314,0.530990122882706,0.1822663118826802,0.6546708345173818,boot1876
C1,0.9073115112356882,0.17538676938627762,0.16676119056400168,0.3316055858341642,0.19167952938390995,0.6162496869692705,boot1877
C1,0.9220602708909406,0.35553650591599595,0.35553650591599595,0.6007340962028896,0.03772270619798366,0.5969618255830913,boot1878
C1,0.9004159296266194,0.18155860585158198,0.1738327077302381,0.3563570508469881,-0.21632514739762965,,boot1879
C1,0.8866298770452126,0.5904135134878509,0.5904135134878509,0.5884520067985224,0.08924855436444257,,boot1880
C1,0.9447605065149567,0.37184487010573974,0.3607999729738861,0.44363670146278844,-0.05062244518766258,,boot1881
C1,0.92783889614022,0.363631343492241,0.363631343492241,0.32145760520061517,0.025304242974975532,,boot1882
C1,0.9288375558867361,0.49898742566141724,0.49898742566141724,0.6309897277594657,0.02714940965137167,,boot1883
C1,0.8984674329501915,0.357129878557523,0.357129878557523,0.49359414109576344,0.030970612774636135,0.4829479929544822,boot1884
C1,0.9416041599558234,0.5365496593898339,0.5365496593898339,0.4968394436346483,-0.138524008448322,0.6261285181864156,boot1885
C1,0.8989947343226425,0.22343797749687452,0.22343797749687452,0.414956243922767,0.12380978839653653,,boot1886
C1,0.9086077631204327,0.25457007656606206,0.24882789438788025,0.2258591656751528,0.13015612937212195,,boot1887
C1,0.9066882160003802,0.2608633651088894,0.2608633651088894,0.519808617239037,0.0911103664902371,0.6099599272399032,boot1888
C1,0.9162700843424587,0.31128091616024745,0.3065357802431705,0.5362003586296946,0.0502984407210156,,boot1889
C1,0.7942964982176558,0.34156558468389875,0.33390225425829845,0.2101942059593223,-0.2550794270235526,,boot1890
C1,0.9004684960321254,0.3080522034586869,0.29549835190707896,0.10525921685578955,0.30322379901576074,0.6074132789201067,boot1891
C1,0.925082955554517,0.507592551102442,0.507592551102442,0.5940712820310062,0.13347804121582738,,boot1892
C1,0.8990474366952276,0.2698508284990717,0.2698508284990717,0.5126198534211757,-0.014508109059089877,,boot1893
C1,0.8722173188192605,0.24026720505274685,0.24026720505274685,0.44564083260820686,0.022930065212502813,,boot1894
C1,0.9051789794364051,0.26033765616140186,0.26033765616140186,0.5908031680415577,0.009606555577911508,,boot1895
C1,0.9235233548628663,0.4754946720841889,0.4717283776518389,0.5498789871231016,0.42653284446363876,0.5272812205290016,boot1896
C1,0.8876529477196886,0.41536013947913253,0.4134008935381932,0.5965903890160181,0.1949449711234608,0.5074446987032799,boot1897
C1,0.9263374101391092,0.38862729288449915,0.3792401602061296,0.5716763801127052,0.0535066562667064,0.2797365538154124,boot1898
C1,0.8862524817200135,0.19721536729176667,0.19721536729176667,0.4101294702883506,0.17072375078988755,,boot1899
C1,0.9308293045741911,0.7361364623321579,0.7361364623321579,0.7949900119856171,-0.12237801594608208,0.5427605134707915,boot1900
C1,0.9397501498179136,0.5866499174625383,0.5866499174625383,0.7217459552378229,0.23132883180699457,,boot1901
C1,0.9098492748127783,0.5657888871775824,0.555275917990161,0.5428514998595723,0.04491905016443643,0.09270527374362413,boot1902
C1,0.9211501477555231,0.1444319132825888,0.1444319132825888,0.353055788024106,0.3908157653528873,0.6825115902177236,boot1903
C1,0.9258861439312567,0.4216876828407142,0.4066609502673257,0.5146655906385554,0.22258347624331687,0.28362957732270755,boot1904
C1,0.8770627868372229,0.4332643063905589,0.431281403386483,0.4015378583253463,0.1259143407588123,,boot1905
C1,0.9321199739994427,0.49070003551720853,0.49070003551720853,0.4729751292913018,0.21363176451224478,0.4655120108803937,boot1906
C1,0.9423342223857261,0.631180099975388,0.6228750986599224,0.6874695533357662,-0.1467216899065595,-0.1079650171010532,boot1907
C1,0.9150943396226414,0.3781981174361273,0.3753473778574631,0.4703720304796055,0.16914388166741373,,boot1908
C1,0.9199342568678093,0.30247908205162355,0.30247908205162355,0.5888889628692544,0.06333155780455867,0.22402357014448368,boot1909
C1,0.9311274281996469,0.40437186976485795,0.3940991432812241,0.35394212157247384,0.02614875832197696,0.6406445788884356,boot1910
C1,0.9301330356312215,0.26550666655070143,0.2598973707785035,0.44967854440453303,0.21221835671482123,,boot1911
C1,0.9275389349995335,0.5671858470523435,0.5559358798380822,0.6646855629092754,0.09187473224980112,,boot1912
C1,0.9492919141160346,0.7227354898104363,0.7163233878729548,0.6998351257480018,0.23541574256182782,0.2766363978742101,boot1913
C1,0.9208970629633105,0.4126411249235786,0.4079198305880684,0.5268964478429218,0.19451732662301413,0.8677738988667473,boot1914
C1,0.9179525780955965,0.4149120273811434,0.4149120273811434,0.516271814892062,-0.12788384405583184,,boot1915
C1,0.9222623119816316,0.4422018352677131,0.4422018352677131,0.5760881052208374,0.36771581184308766,0.5091449702442752,boot1916
C1,0.9224642773483249,0.3600940667299667,0.35349548435533384,0.31955991785722176,0.2073840174884625,0.74469715370857,boot1917
C1,0.9427717766030798,0.3375799715939202,0.3375799715939202,0.5238946007249909,-0.07655502088058846,0.46763127212600425,boot1918
C1,0.9155547173369795,0.5147746376065238,0.5071764879739551,0.49103042000474684,0.10827363226410279,,boot1919
C1,0.9175451807228915,0.543984585466807,0.543984585466807,0.6340168774865749,0.1051956254125707,,boot1920
C1,0.8283836788752482,0.5259062738953976,0.5259062738953976,0.6970095127076728,0.08607647596691138,,boot1921
C1,0.9508735118368836,0.499312056530499,0.49473960180036614,0.618195879513951,0.1984445352877624,0.5505235495079861,boot1922
C1,0.9383308714918757,0.5458350871789609,0.536567937990863,0.6144119911708845,0.16773540030457032,0.6941094741885258,boot1923
C1,0.927938845902862,0.4685466187942797,0.46479824584392543,0.4816659241205195,0.0506030348297822,,boot1924
C1,0.6982851321523572,-0.15067969581427473,-0.1643778499792088,-0.3984917575253547,-0.06849077082467032,,boot1925
C1,0.9191221391982707,0.30558459342779776,0.29517768776926595,0.25733439446551387,0.16934873753429042,,boot1926
C1,0.9246809107485157,0.4673762678777913,0.4645550831622311,0.6366473508113977,0.1796154268906602,,boot1927
C1,0.8727700450891982,0.2839534747451072,0.2839534747451072,0.35270010547287,-0.028893511465291614,,boot1928
C1,0.908866644527729,0.3052057262943849,0.30329221076902824,0.3205138504972381,0.23918944066958064,0.6400709432317978,boot1929
C1,0.9581445914114876,0.40749046240873504,0.40749046240873504,0.5935384463592712,0.3085673880155232,0.5826478326646055,boot1930
C1,0.9322191272051995,0.3777801836133726,0.37031785899878744,0.4048311103412437,0.17163346613545818,,boot1931
C1,0.9251331900177585,0.44176952744076536,0.44176952744076536,0.43425004612262474,0.1597889780104896,0.15696917251618683,boot1932
C1,0.9234225800411907,0.30604481822349167,0.2956863782220812,0.4397628618780634,0.1826852145703304,0.6205647237208646,boot1933
C1,0.9123238437529555,0.2468612355650912,0.2440018390141442,0.36695589070486534,0.27545520107456123,0.7739433331229886,boot1934
C1,0.8874377206984957,0.34295119419468284,0.34295119419468284,0.34295119419468284,-0.4526955763369814,0.37626645305930917,boot1935
C1,0.9281886387995713,0.2548207651370619,0.24732603675067774,0.46935736519730886,0.14052615724470324,,boot1936
C1,0.9173923276064955,0.6047386619671182,0.6047386619671182,0.6710892988600621,0.029383853481160908,,boot1937
C1,0.8926869192624332,0.331193576979173,0.32632308320006753,0.4626969090150211,-0.18313056609436623,,boot1938
C1,0.9299339350516422,0.48811321575554023,0.48811321575554023,0.46660631161305477,0.15802899130782816,0.6452071242745647,boot1939
C1,0.9032996376120541,0.41875459018801403,0.41875459018801403,0.5544888366627496,0.2791697267920094,,boot1940
C1,0.9243791797222091,0.4336635592959364,0.4336635592959364,0.6218039320924382,0.050797900655055454,0.5390221680619773,boot1941
C1,0.9150431624133213,0.24327671611147722,0.23377371938837263,0.36586537383952633,0.2746366052977223,0.37251747154569953,boot1942
C1,0.9268884430551019,0.33867402903803306,0.33210694260239254,0.38558178929260833,0.4137264454453535,0.7467715432528375,boot1943
C1,0.9397990227712731,0.40804283849834944,0.40434176966843244,0.6014236848615127,0.23964420673712583,0.6745197942523735,boot1944
C1,0.9110364092609251,0.36174758115173783,0.3560207065160902,0.27107206608731804,-0.04676947619112178,,boot1945
C1,0.9191729323308271,0.2781328354227794,0.2734026851604872,0.3159740375211167,0.3282724282030764,-0.03216502178358673,boot1946
C1,0.9524026417672511,0.5021624768677354,0.5021624768677354,0.7112446717817562,0.2611244879712224,0.7532437153016032,boot1947
C1,0.9232209737827716,0.576431784107946,0.576431784107946,0.7911808801481612,-0.13563100802539904,0.48601111209101333,boot1948
C1,0.9050226136634134,0.5447858106717288,0.5447858106717288,0.6860265764014363,-0.12971090730279256,0.44293872790064726,boot1949
C1,0.9316735565980768,0.3294678909423542,0.3285345541408178,0.5114685672419549,-0.0728002705198403,0.13533383622278006,boot1950
C1,0.8954521442635547,0.5088515079583451,0.5088515079583451,0.5632325851447332,0.2689921139398122,,boot1951
C1,0.9201877934272301,0.39027950310558995,0.38366459627329186,0.5537622005323868,0.08504880212954746,,boot1952
C1,0.9254846998364867,0.5214658824045826,0.51300967890613,0.5073722099071615,-0.25556526128657026,0.3720729539319184,boot1953
C1,0.9406779661016949,0.46035252643948293,0.4437132784958872,0.46035252643948293,0.16824128476302389,,boot1954
C1,0.911654757961482,0.44162408207294673,0.43399342838702104,0.4797773505025749,-0.03147644645444328,,boot1955
C1,0.9031950405340962,0.5795849593682568,0.5766966622285479,0.5150796565814243,-0.023106377117671367,-0.08279785133832239,boot1956
C1,0.912786575277712,0.4801350955801229,0.4801350955801229,0.6982917163893455,-0.029532118974174227,0.20577218382005266,boot1957
C1,0.9009938837920489,0.35226798989135044,0.35033775433030195,0.32041910313405025,-0.10133736695504603,,boot1958
C1,0.9262872881751552,0.5191365263845247,0.5106876498249212,0.5116264138870994,0.27318034209384573,,boot1959
C1,0.9579085678039055,0.5800680697396076,0.5718980969263736,0.6899088153397522,0.05809758444966335,0.18881714946140588,boot1960
C1,0.924630634000374,0.44106919234557473,0.44106919234557473,0.6188134937385675,-0.014106690586745461,,boot1961
C1,0.9328136599851522,0.3206754442118375,0.3132178757417948,0.5434703022543641,0.22838803439505873,,boot1962
C1,0.941263119130915,0.46006634006940195,0.4489804041641151,0.5441346873511602,0.3030155814111723,0.19954684629516226,boot1963
C1,0.9211501477555233,0.37382377555493557,0.37382377555493557,0.5701756576645987,0.16142390308054036,0.33889579652581275,boot1964
C1,0.9290370646302849,0.40715369059656215,0.40715369059656215,0.4576969073602734,-0.13571789686552074,,boot1965
C1,0.9257858110317125,0.6847297030528223,0.6828511579141314,0.7439038749215847,0.07326326040894394,,boot1966
C1,0.9248819707380918,0.356332189207125,0.356332189207125,0.47385599831237724,0.03478704749515468,0.8113843780626618,boot1967
C1,0.9433060736929155,0.285766438814491,0.285766438814491,0.5226760348639239,0.3963857054523585,0.41943138600191426,boot1968
C1,0.926988570095638,0.3564604713244786,0.3527082558368525,0.45870834336228966,0.20824795956324807,,boot1969
C1,0.8880293947012182,0.3955999091046811,0.3955999091046811,0.43966425541584603,0.05483563096500531,0.7765117027723072,boot1970
C1,0.94519605595047,0.49311140645106855,0.4894314705820307,0.6025894985549438,0.4020329936923824,,boot1971
C1,0.9032996376120541,0.18482961222091657,0.17520306991774381,0.05583394535840189,0.24451417450058754,0.7210280185076381,boot1972
C1,0.9166784419009938,0.5359614946406152,0.5359614946406152,0.7294767953604123,-0.0664023090705187,,boot1973
C1,0.8999426057011669,0.0705358991422656,0.05700846643005028,0.13334183673469388,0.02995360100561964,0.23479758207630877,boot1974
C1,0.9373007438894793,0.5427240461401952,0.5427240461401952,0.7208488612836438,0.14658187912846296,0.3599605639357192,boot1975
C1,0.9050226136634134,0.3478173958785994,0.3478173958785994,0.5957093520572695,-0.03074628913843972,0.6552802872629966,boot1976
C1,0.9252838652399419,0.5488327485585558,0.5450736201437713,0.6822818072834101,-0.23024661540555855,0.60897880319511,boot1977
C1,0.9190205386097664,0.5497346033948352,0.5497346033948352,0.5639274072690564,0.14665897336695258,0.5762278372933815,boot1978
C1,0.9217065166432254,0.38397585032509174,0.38397585032509174,0.5273771506922023,0.2000070768278119,,boot1979
C1,0.8743148003132342,0.28444634825444415,0.2804680776494869,0.2874300512081622,0.04575011195700851,,boot1980
C1,0.9406291741513518,0.278259634750248,0.273637381681307,0.34574452955678664,0.2727129310675188,,boot1981
C1,0.9272888391399654,0.28695153580035254,0.2813250350983848,0.39666829948872256,0.32727479083112093,0.6648648329491827,boot1982
C1,0.9341489411001436,0.3760688819197902,0.3723454276433566,0.45053796744846153,0.2504023000901573,0.32580224918793704,boot1983
C1,0.9414580265095728,0.5384802162860689,0.534785669347571,0.5514111305708116,0.11730186529730834,,boot1984
C1,0.9217065166432254,0.31416205935689323,0.31416205935689323,0.5962475120527223,-0.2830288823035074,0.5745486310761201,boot1985
C1,0.9205425447036183,0.28905449080293144,0.28716524576500374,0.49309295489911825,0.23048789462717403,,boot1986
C1,0.9171884562873688,0.35837308016764635,0.3526846185776837,0.5185980816182607,0.02559807715483188,,boot1987
C1,0.9354316130525341,0.5242871587462082,0.5205688101026181,0.6023724802616011,0.12270550523847427,,boot1988
C1,0.9467899990841651,0.5639191837627328,0.5602454431519006,0.6116778117035504,0.15797084626578178,,boot1989
C1,0.8937521042758886,0.572087433842007,0.5643039313407552,0.5643039313407552,-0.0418363259442284,,boot1990
C1,0.9376934090804119,0.3607371730349976,0.3523910687745478,0.5545522608609988,0.20957995142907315,0.7307477952482728,boot1991
C1,0.8706113429904246,0.2556923906912872,0.24570440667990878,0.3395914563868658,-0.18278010740822484,,boot1992
C1,0.9408730889666604,0.3133075142147016,0.3133075142147016,0.6053581764325354,-0.006469476694698853,0.4713475877566307,boot1993
C1,0.8810508392118707,0.41353780039853066,0.41353780039853066,0.5299995198425083,-0.04737425875687225,,boot1994
C1,0.9296351451973194,0.5144608312583796,0.5069777646218941,0.4358886315752816,-0.027126116557260018,0.23852274903797602,boot1995
C1,0.9268383725270622,0.44095676688437896,0.42969829624052247,0.5131986201824581,0.27395611900050776,,boot1996
C1,0.9316735565980768,0.19320071791803772,0.19320071791803772,0.25480094681944104,-0.1325338258181708,0.4069348454698765,boot1997
C1,0.9505384194196022,0.24059590596406863,0.24059590596406863,0.47112886529085685,0.19211079943899018,0.6458582114472716,boot1998
C1,0.9275389349995338,0.4565611694454401,0.448123694034744,0.3056241093207669,0.2428117923744743,0.43687372682048276,boot1999
C5,0.9148896018116625,-0.08934316257712727,-0.08364040751901278,-0.2157542330319989,0.3896882623044914,0.6065248220700203,boot0
C5,0.8434655805299943,-0.042268676678710836,-0.042268676678710836,-0.03402113000969409,0.45258412346229415,0.792795423559235,boot1
C5,0.9462109410794465,0.23066830036463465,0.23066830036463465,0.15898651778120237,0.6083761547465663,0.7427112243028582,boot2
C5,0.8623435722411831,0.11293793736377195,0.11293793736377195,0.05041872203739818,0.6141000344155099,0.8298921647355741,boot3
C5,0.9331106781705166,0.1453762957455454,0.1453762957455454,0.021433684629150927,0.5041575384508977,0.5824370823138839,boot4
C5,0.8905503834836718,0.28902497727411885,0.29097784874218724,0.2216509116257601,0.558521239867554,0.39091436707262667,boot5
C5,0.9084523753025484,-0.02680143367873059,-0.02680143367873059,-0.1904816179309781,0.6097326161911207,0.5168847923755184,boot6
C5,0.9056998762965077,0.37059977890861245,0.3782806033419516,0.3254749353627452,0.682633271513014,0.705871141529847,boot7
C5,0.8324280420325905,0.0825244329902374,0.0835690460660632,0.017758422289038428,0.6434816547086866,1.010140844323539,boot8
C5,0.9318224038640163,0.06532313986547396,0.06532313986547396,-0.20996723528188058,0.4376650370986755,0.6410999583940088,boot9
C5,0.9043967036631257,-0.1365310823993881,-0.13076216342476607,-0.2846000027480203,0.5355479781440786,0.6845783849884812,boot10
C5,0.9167804832100975,0.36327505260007414,0.36991454442305194,0.19539075936191974,0.5899662734131752,0.6683627390852604,boot11
C5,0.8993635450064603,0.3364698261702393,0.3432378973863073,0.27845778717537045,0.7009788045213319,0.8247378210437188,boot12
C5,0.9280387770320656,0.05247157056264957,0.05247157056264957,0.08151833283840201,0.5500144985763445,0.6371547854036018,boot13
C5,0.917901670195248,-0.22925634568671585,-0.22925634568671585,-0.41872439997325783,0.48030151761638407,0.6626856998525458,boot14
C5,0.9093840390725021,-0.02390533537069196,-0.02199290854103661,-0.03155504268931339,0.41117176837590175,0.6263197867121294,boot15
C5,0.9129921073774753,0.12476892467939339,0.12476892467939339,-0.10952997204679572,0.7114686010344037,0.8371899602533344,boot16
C5,0.9208464317552667,0.3295644641757384,0.3295644641757384,0.22757889933052425,0.5675307821479049,0.7494735551238945,boot17
C5,0.9065842643213691,0.013428330407423453,0.013428330407423453,-0.04987665579900139,0.6167440322838056,0.7011506805590387,boot18
C5,0.9073634204275534,0.22329387662189848,0.22329387662189848,0.000958342818119736,0.6142977464147508,0.5419351452588234,boot19
C5,0.9011514022263629,-0.44001678092138313,-0.44001678092138313,-0.5017735221033317,0.3965940722778256,0.2894847242903836,boot20
C5,0.9198835352681506,0.1049282169207412,0.11154531168150864,-0.06900684536228924,0.5378752741252408,0.715591533414424,boot21
C5,0.866604247770167,0.058198171470389005,0.058198171470389005,-0.05719475472089953,0.7304873936283308,0.7351405914924408,boot22
C5,0.8915128439924815,0.2896883329337602,0.29846676726508625,0.23311620057632548,0.5735243763133029,0.6408257061868028,boot23
C5,0.912940731638151,0.6238797302529103,0.6238797302529103,0.45909928241511877,0.5981625505325614,0.7448457237523296,boot24
C5,0.9037178265014298,0.2530609062557329,0.2588341588699321,0.1385580627407815,0.47629334067143636,0.6600752155567787,boot25
C5,0.8780487804878049,-0.12478260869565215,-0.12280193236714974,-0.2555072463768116,0.5278502415458938,0.7080917874396134,boot26
C5,0.8440468412323465,0.015453500473771689,0.015453500473771689,-0.011332567014099239,0.7840075907026838,0.8284877510079901,boot27
C5,0.9180034812061908,0.25480627063735733,0.25670074105101803,0.1468214570587003,0.48024824986297465,0.6204390604738627,boot28
C5,0.9371043024169322,0.2858017899029576,0.29136935723872953,0.15310810173372727,0.6950179890821924,0.881531494830551,boot29
C5,0.920086393088553,0.2740763421106348,0.275021432945499,0.22965707287201464,0.655893039395795,0.530657600551973,boot30
C5,0.9127351801077809,0.18577701515929418,0.18768242044297928,0.16291215175507337,0.4773040235631097,0.8250404878356348,boot31
C5,0.8730462051055905,-0.020916269331940834,-0.020916269331940834,0.05179266691718683,0.43525760466943547,0.8177265295963535,boot32
C5,0.9004684960321254,0.15257758039646557,0.15450894217363606,0.07918583286398846,0.6460405144635158,0.8246914788517824,boot33
C5,0.9358256604821171,0.0966363569920765,0.0966363569920765,-0.030663459430178116,0.4385803894255779,0.2536704371042008,boot34
C5,0.9243791797222091,0.2633965219151024,0.2633965219151024,0.13640177027746372,0.662254112243686,0.8513351869041702,boot35
C5,0.8834409437351328,-0.006890054807742848,-0.00492146771981632,0.006890054807742848,0.5138012299488237,0.6482982484239284,boot36
C5,0.8675529295913342,0.21850565069338201,0.2255218871835365,-0.024055667966243893,0.6715540640576421,0.7367048314662191,boot37
C5,0.8891035548686245,0.16333012111936204,0.16333012111936204,0.010758271450975946,0.7051557923776051,0.7092220865637213,boot38
C5,0.9293860261602197,0.22174527130905147,0.22174527130905147,0.08046452882944483,0.49588604976285766,0.6876910312749064,boot39
C5,0.9115002366303833,0.3234037654070161,0.3234037654070161,0.023849835207007085,0.6344056165063886,0.8147103706713622,boot40
C5,0.8975698605186214,0.07944155765756979,0.07944155765756979,0.0629719664358785,0.5628724999883908,0.8225107616009362,boot41
C5,0.9419449811390193,0.060928510153987266,0.06831378411204633,-0.23632876665789002,0.5603576615677314,0.8289970017921298,boot42
C5,0.9167804832100975,0.28265265189248584,0.28265265189248584,0.04078544976972111,0.7502625759964977,0.9001253914294265,boot43
C5,0.9255348967579183,0.2142122034076844,0.2142122034076844,0.11274326495141285,0.5909626137869889,0.6078741035297008,boot44
C5,0.9004159296266194,0.4345817693255952,0.43651324385593115,0.3254534583616125,0.4915602679705066,0.8440543697568228,boot45
C5,0.8965649587411245,0.11347658576533648,0.11541635646217985,0.10377773228111971,0.5363465976771887,0.7371128648004763,boot46
C5,0.9372025322304883,0.16237036052528908,0.16979300557787372,-0.06309248294696947,0.5613375321017137,0.7320583683111604,boot47
C5,0.9217065166432254,-0.053775487637666416,-0.05283205802998806,-0.20849794329691712,0.5113388473616701,0.6387018443982484,boot48
C5,0.8823557996015355,0.08869536484098516,0.08968086889477388,0.16260816887513946,0.6011574728111216,0.6711282606301211,boot49
C5,0.9407755365202174,0.1636023020406773,0.1636023020406773,0.09243067911902672,0.5471896203846383,0.6192855500974791,boot50
C5,0.9415554532903819,0.2918390071826257,0.2918390071826257,0.06649496366186408,0.5929134259849547,0.8064267636257041,boot51
C5,0.8938585100755062,0.05253238763164419,0.05934214158389436,-0.13133096907911046,0.5739649759753718,0.8161976522768423,boot52
C5,0.8132707290645478,-0.025661276708429187,-0.016038297942768242,-0.03528425547409013,0.5666865273111446,0.623490736242631,boot53
C5,0.8929534077782055,0.13535931904681553,0.13535931904681553,0.16944260082119356,0.5482539325421377,0.6219116532538651,boot54
C5,0.9354316130525341,0.08459243164167544,0.08459243164167544,-0.18684701934040404,0.41366628659940197,0.7427401415571284,boot55
C5,0.9235737351991388,-0.000941522245870072,-0.000941522245870072,-0.02447957839262187,0.46793655619742586,0.4830009121313469,boot56
C5,0.9321199739994429,0.38901504716858537,0.38901504716858537,0.35356523471677187,0.6427610731394613,0.7481776206935383,boot57
C5,0.925082955554517,0.14945780671349682,0.14945780671349682,0.0,0.4840928959588105,0.4493134063462357,boot58
C5,0.8885130237278307,0.13701445807064921,0.13799313277115383,0.299474458354419,0.6449466276325558,0.7428140976830195,boot59
C5,0.9109332828258913,-0.20905458851819544,-0.20905458851819544,-0.37801651622468213,0.5765706459588585,0.8896752351550601,boot60
C5,0.9321695529040344,0.3992555988167885,0.3992555988167885,0.2266801647487841,0.6166073617240589,0.5942191973044257,boot61
C5,0.862005838404829,0.4176305820227299,0.4176305820227299,0.30263085653821,0.606270482598214,0.6274546425558888,boot62
C5,0.9340007415647014,0.21692562611112073,0.21692562611112073,0.061446743876969814,0.46550563543158957,0.6200535063948772,boot63
C5,0.9286878755414784,0.3661079345972515,0.36704427202588896,0.214421271157981,0.5767838560406826,0.5561844326106583,boot64
C5,0.9583333333333331,0.20778827977315692,0.20778827977315692,0.0353875236294896,0.5271833648393195,0.8955765595463139,boot65
C5,0.8934860001924373,0.15474318515952015,0.15474318515952015,0.0029196827388588706,0.7766356085364594,0.9819866278362002,boot66
C5,0.8886741399304212,0.39139890689713863,0.39139890689713863,0.28082871569869694,0.46576469920759495,0.5422053695998809,boot67
C5,0.9059080962800875,0.2745263600084016,0.2850850661625709,0.10558706154169291,0.6383217811384163,0.8859714345725687,boot68
C5,0.8674971687429217,0.1874457940742423,0.1954648654784879,0.009021455329776365,0.6715972301055739,0.69465206039278,boot69
C5,0.8648141750160407,0.16590646293107295,0.16590646293107295,0.04424172344828613,0.47559852706907585,0.2936041647022624,boot70
C5,0.8697233279276623,0.008998363853444505,0.008998363853444505,-0.18996545912827287,0.44991819267222527,1.0368114795579948,boot71
C5,0.9229688597518145,0.38250854785696947,0.3834506871374054,0.07254472459356319,0.608621975161582,0.748058588666093,boot72
C5,0.9158103139436221,0.42063010804665607,0.42063010804665607,0.2544669728137784,0.5753991997207077,0.6807941026398474,boot73
C5,0.8738187337805415,0.046771216543470946,0.04776634881035331,-0.004975661334411804,0.5522984081197101,0.6050404182644753,boot74
C5,0.8954521442635546,0.27384756726002546,0.27384756726002546,0.09516688507617908,0.7254047260398548,0.9108830428719996,boot75
C5,0.8745351340771188,-0.18196002491144758,-0.18096570783542873,-0.26846561052508655,0.7328116850258845,0.6075277334475108,boot76
C5,0.8817037001021052,0.2455719978325605,0.25247562829371684,0.1163754849166351,0.6025883159666445,0.7349874036097465,boot77
C5,0.9364653657634329,0.062213587063864866,0.062213587063864866,-0.11514156411819766,0.5311368925452343,0.9082521489554503,boot78
C5,0.9356779268857008,0.2109607362490862,0.21839547585257818,0.1356839977637294,0.5157850599922591,0.8131746441319401,boot79
C5,0.9192237206898171,0.2639278014606847,0.2639278014606847,0.13054493405582254,0.4796107359876958,0.714213226174971,boot80
C5,0.8687226403029855,0.1231192981246892,0.1231192981246892,0.11711347870397265,0.5885703032302216,0.748725487782663,boot81
C5,0.9309286975922654,0.3493472616597634,0.3493472616597634,0.12516720070162643,0.6249019199208067,0.9275450022142913,boot82
C5,0.9136082376836238,0.08661309248178102,0.08661309248178102,-0.06377007907999263,0.4996909181641213,0.7243138832817073,boot83
C5,0.9053873976775176,0.21801861264489705,0.22186035031264853,0.07299301568727831,0.6655810509379455,0.6262032398434928,boot84
C5,0.9169845081697037,0.1820712566588227,0.18396783224901878,-0.17827810547843054,0.679922349085291,0.7093192707333302,boot85
C5,0.8948683451854699,0.1700517331540415,0.1700517331540415,-0.1681082847751382,0.5830345136709995,0.6189883086807111,boot86
C5,0.926788297326303,0.2983655921510597,0.2983655921510597,0.17170095397372304,0.6361379606239574,0.711353145752042,boot87
C5,0.8972527209090473,0.35858250739971465,0.35858250739971465,0.2975265669505741,0.5640405927206322,0.49135494932879825,boot88
C5,0.9293361884368309,0.2994189541174113,0.2994189541174113,0.15906631937487475,0.6512362252053696,0.5894810659186535,boot89
C5,0.9262872881751552,0.3163634889540413,0.3163634889540413,0.23656854366889732,0.6543185513381803,0.6590384785694141,boot90
C5,0.8864142538975501,0.16480664190517805,0.16480664190517805,-0.012752894909329253,0.7269150098317675,1.0045357220887043,boot91
C5,0.9275389349995338,0.30281161751720154,0.30281161751720154,0.026249923499943168,0.6281231694629258,0.5231234754631531,boot92
C5,0.8994688741088089,-0.08217409807703872,-0.08120734398201473,-0.1875502944346531,0.5529833423537194,0.8294750135305792,boot93
C5,0.8752506235023717,0.45105093112176736,0.45105093112176736,0.18181127840370798,0.6288881925111866,0.7391671646576978,boot94
C5,0.9050226136634134,-0.02978546760286348,-0.02978546760286348,-0.06341422134803192,0.49962719849964554,0.605317567413032,boot95
C5,0.911654757961482,-0.01526130737185129,-0.007630653685925645,-0.1526130737185129,0.4750081919488714,0.49599248958516695,boot96
C5,0.9332096474953617,0.4342190336243409,0.4342190336243409,0.24692713285504364,0.6140565303829197,0.5935569193534445,boot97
C5,0.9401898442539859,0.16370421826922255,0.16555398344740588,0.12393426693828148,0.5956243873750244,0.9045351721316365,boot98
C5,0.8741494933672719,0.07858570266888058,0.07858570266888058,-0.041779740659404874,0.6097852624813139,0.6326646442709881,boot99
C5,0.8967237492205113,0.13672961796623886,0.13769933156883632,0.05333424814285913,0.7767405956805483,0.3316420520883241,boot100
C5,0.9262872881751552,0.1736713515029603,0.18118146400038562,0.16803876712989138,0.567013493555611,0.5304016951306626,boot101
C5,0.9171374764595104,0.42665833407731446,0.42665833407731446,0.18678153736273545,0.7300598160878493,0.8390947236853851,boot102
C5,0.8756904726988316,0.27406944289382607,0.27406944289382607,0.059580313672570884,0.6285723092456228,0.662334486993413,boot103
C5,0.8978868177679811,0.2595466083800879,0.2682627258256879,0.10749878182906628,0.6130335936738643,0.39513065753386517,boot104
C5,0.8610478359908884,0.03938578329882677,0.03938578329882677,-0.053524269611226125,0.6109845870715436,0.6321923165401425,boot105
C5,0.8893717707277028,0.3627377282148371,0.3627377282148371,0.39109189025858443,0.697121294385927,0.5328627004773214,boot106
C5,0.9365145420076755,0.12813468944406045,0.12813468944406045,-0.24884128094933478,0.5208953679573761,0.5877482494064511,boot107
C5,0.8960353268695401,0.3580992351478,0.3600401524114737,0.1931212677355344,0.5570432546743554,0.8802059790760287,boot108
C5,0.8884055869701802,0.06460034154394893,0.06460034154394893,0.12234913171202452,0.4717782518815665,0.543703135874715,boot109
C5,0.9373498429125854,0.4220965916883829,0.4220965916883829,0.14379114661911946,0.6568008503634618,0.7645889378256069,boot110
C5,0.9383798753750288,0.2918999550888599,0.2918999550888599,0.0148266643854659,0.6338399024786673,0.8171738956595941,boot111
C5,0.9346426420862476,0.08745495524613546,0.0948979301607002,0.11908759863303554,0.5647357216425982,0.42424957013018916,boot112
C5,0.9214536928487691,0.44919570748976645,0.45108308441199235,0.2840502267949994,0.7426828188958956,0.60732001466668,boot113
C5,0.914479894279781,0.26434603094819226,0.2710022259720676,0.1435836355150253,0.6332894122715684,0.6817845474455174,boot114
C5,0.8650382432765852,-0.247287383119621,-0.24628214985490712,-0.1889838537662144,0.5096532652099507,0.40771073124524254,boot115
C5,0.8455553882447423,0.07507285950993396,0.07507285950993396,0.09049878954622177,0.38461985557144257,,boot116
C5,0.9080896315989365,0.08905460694997544,0.08905460694997544,-0.08139399559943993,0.47112759805793464,0.3389820522611969,boot117
C5,0.9462109410794465,0.2995930913102426,0.3014310857354588,0.16174350941902668,0.5275044000370529,0.5422083554387825,boot118
C5,0.927388891479737,0.27941938615324735,0.2812946840468933,0.07126131995854632,0.6225989006904573,0.7482438595647362,boot119
C5,0.9127351801077809,0.32487160086830424,0.331540519361202,0.18577701515929418,0.45158105223336137,0.499216184325488,boot120
C5,0.9333580670593146,0.03353948386037528,0.03353948386037528,-0.09875514692221611,0.5226569568241816,0.7714081287886316,boot121
C5,0.9330116904806085,-0.0027959946041299162,-0.0027959946041299162,-0.03448393345093564,0.5312389747846841,0.5293749783819308,boot122
C5,0.8366799858378433,0.196428537635426,0.196428537635426,0.11328418308074834,0.7607708441753007,0.7687327614012105,boot123
C5,0.9181052730608212,0.1468051787202003,0.1468051787202003,0.08524171667624533,0.627000182663049,0.7955893556449566,boot124
C5,0.8783770603725739,-0.12176606899747992,-0.12176606899747992,-0.15344504629763728,0.36331827091117996,0.84642267473858,boot125
C5,0.9084005695301376,0.025845713506882917,0.026802962155285995,-0.060306664849393475,0.4881968106855663,0.6442283403752668,boot126
C5,0.9577669023019757,-0.0263293618141724,-0.0263293618141724,-0.1071332653128394,0.5038895105815752,0.761447270052564,boot127
C5,0.9356286732380027,0.3280751547265243,0.33551028571182795,0.03810504629968129,0.4628369038351533,0.736077967545063,boot128
C5,0.933061186621515,0.02889041161034278,0.02889041161034278,-0.11369774891812319,0.5004564849920669,0.7306478291131853,boot129
C5,0.9079859462539172,0.1455682365886707,0.1455682365886707,0.1254568354810254,0.3256131607904476,0.545880887207515,boot130
C5,0.9344452165855918,0.3126709922183182,0.31918497122286654,0.1935582332780065,0.4438811407385053,0.4894789937703434,boot131
C5,0.9186139451784286,0.20446683608753508,0.2129862875911824,0.11927232105106213,0.5263127817808774,0.7392990693720597,boot132
C5,0.9201877934272301,0.5745519077196095,0.5764418811002661,0.40161934338952965,0.6992901508429457,0.734254658385093,boot133
C5,0.8943370829727911,0.19154338010526017,0.1934879829489684,0.14973441896553333,0.49781832798930564,0.8310683969117104,boot134
C5,0.9121695123681598,0.5452838508672656,0.5452838508672656,0.5204982212823899,0.7159233776246792,0.8036263746173162,boot135
C5,0.9381838326947047,0.2057629555461419,0.20761667586637741,0.05839219008741864,0.5839219008741864,0.45601519877793606,boot136
C5,0.9249824725403131,0.3450124129446141,0.3450124129446141,0.21716040160819036,0.39577718215172353,,boot137
C5,0.9221107882650669,-0.09901667889373063,-0.09713064691480242,-0.21595066158727913,0.3932376676065301,0.5831098765281021,boot138
C5,0.9130434782608695,0.49238095238095236,0.49238095238095236,0.23333333333333334,0.5009523809523809,0.7714285714285714,boot139
C5,0.9369077883059856,0.49561742562364597,0.49561742562364597,0.29607108384633535,0.74156989339568,0.9114163145363677,boot140
C5,0.9254846998364867,0.31475868577573907,0.31475868577573907,0.12214516164431667,0.6163632772205516,0.776730227362888,boot141
C5,0.9234729698104375,0.13276912228123142,0.13465237224266732,-0.03766499922871814,0.6403049868882082,0.8896679427469832,boot142
C5,0.9039790326423637,0.1779571864041621,0.1866145630400403,0.084649904884142,0.4482597235910247,1.001369897549907,boot143
C5,0.8878680914849378,0.44562044486960306,0.4465998304627231,0.2722691948873619,0.8295395973726456,0.8314983685588857,boot144
C5,0.956821480406386,0.365340060345254,0.365340060345254,0.14268256088110665,0.4671263458145784,0.6234409984996127,boot145
C5,0.8293378123886597,-0.0052425272572993,-0.0052425272572993,-0.1625183449762783,0.6270062599729962,0.8136402303328514,boot146
C5,0.9520685256059777,0.24934266595645516,0.24934266595645516,0.006393401691191158,0.6018931020707103,0.8905095212730542,boot147
C5,0.905074740550319,0.33242510451065227,0.33242510451065227,0.17101638324536447,0.6850262991794656,0.8502780852367839,boot148
C5,0.9322686969035792,0.4822270863373213,0.4822270863373213,0.24531087757585204,0.6034834136561835,0.5288641353061144,boot149
C5,0.8599752168525403,0.07583636135822576,0.07583636135822576,0.02426763563463225,0.6623042225285051,0.6113771592712821,boot150
C5,0.9486675503953922,0.2740686132793678,0.27956831789366954,0.02933175794294238,0.5664695752730747,0.7158782172949375,boot151
C5,0.8388529886914378,-0.23842079922965814,-0.23842079922965814,-0.36488748403843335,0.4529995185363505,0.3254962215570116,boot152
C5,0.8758003812503055,0.3365865270289289,0.3435366913038625,0.4299173044351805,0.5202694400093177,,boot153
C5,0.9180034812061908,0.07956775737374727,0.07956775737374727,-0.1922887469865559,0.5323461862386425,0.81651674828774,boot154
C5,0.9191729323308271,0.2686725348981951,0.26961856495065345,-0.08325064461634213,0.6707353071930292,0.8835920689961767,boot155
C5,0.8856589147286821,-0.003927314242222433,-0.0029454856816668253,0.02847302825611265,0.7638626201122632,0.882663875939492,boot156
C5,0.9371534195933456,0.25052739902238225,0.25052739902238225,0.18186433410513678,0.4416705256839035,0.7005488380070318,boot157
C5,0.8597491448118585,0.12743858839810862,0.12743858839810862,-0.23363741206319918,0.594713412524507,0.613558030518691,boot158
C5,0.8956112551618169,-0.11068466838851644,-0.11068466838851644,-0.16214333000773898,0.5029355984671185,0.6283206453067753,boot159
C5,0.9214031138623148,0.34729641693811075,0.35295885851862346,0.33880275456734166,0.657786963602889,0.5791488372986088,boot160
C5,0.9305807411540429,0.2373459447951651,0.2373459447951651,-0.04859050838326214,0.4625442624945146,0.6316766089824079,boot161
C5,0.8874377206984957,0.21164987984586137,0.21164987984586137,0.008818744993577559,0.5271649785049696,0.7652710933315636,boot162
C5,0.8790876748379549,0.08704676600606451,0.08704676600606451,-0.03758837622989149,0.6498832416589134,1.0801712327116186,boot163
C5,0.9159125188536953,0.013291567472747776,0.013291567472747776,-0.13956145846385165,0.6057157176866487,0.8157099517501202,boot164
C5,0.8908713893041423,0.17179076587071843,0.17276684976771112,0.25280572932111406,0.7486563489934149,0.7935562082550799,boot165
C5,0.8975698605186214,0.4989317340688835,0.4989317340688835,0.3516742125572907,0.6345636617769295,0.6056313505711888,boot166
C5,0.9366620434581598,0.2339482381218078,0.2339482381218078,0.01021202626722177,0.6702802695394652,0.8550251083737499,boot167
C5,0.88835186080232,0.2682055163930548,0.2682055163930548,0.23296683540710597,0.5647977480247907,0.5941633155130812,boot168
C5,0.8583908274184742,0.5966675046887335,0.5966675046887335,0.6452923607584434,0.5136000422363122,0.7678675187675043,boot169
C5,0.9297347603536529,0.22353266309788042,0.22353266309788042,0.1636745441093267,0.5059881620751184,0.5808108108108109,boot170
C5,0.9271887681328419,0.3010502762503445,0.3010502762503445,0.19882448151113094,0.5101911223681851,0.7174562658302603,boot171
C5,0.8736532810969638,-0.014929810879313705,-0.013934490154026124,-0.02886430103333983,0.7435045817898225,0.7982472216806393,boot172
C5,0.8755805426546075,0.24927560507853277,0.24927560507853277,0.18372903163158788,0.5213931978734252,0.8044352195761416,boot173
C5,0.9441307441582886,0.27446456583047574,0.2818327420943812,0.18236236253165838,0.5590603740238215,0.6530046213886151,boot174
C5,0.9019383175785353,-0.07520036086128012,-0.07520036086128012,-0.24488322639442506,0.4849459168362039,0.7548959301843889,boot175
C5,0.9108817122833601,0.3283965752619635,0.3283965752619635,0.1298312041733344,0.5374629996293182,0.8248100029835361,boot176
C5,0.9276889365471582,0.08436111123250316,0.08436111123250316,0.027183024730473244,0.45648734633587823,0.5417858032487426,boot177
C5,0.889800646811797,0.00097725846851989,0.00097725846851989,-0.03224952946115637,0.44074356930247033,0.6528086569712864,boot178
C5,0.9426259654284662,0.37822185278800324,0.38006683743574954,0.19280089568949435,0.5258206246077117,0.43172640757264746,boot179
C5,0.9138647525500566,-0.02664270179916243,-0.02664270179916243,0.0019030501285116018,0.36824019986699497,0.630861117601596,boot180
C5,0.9226157017050778,0.11875498887436864,0.11875498887436864,0.08388249214141913,0.6145099424292727,0.860502419383322,boot181
C5,0.9319712096586952,0.1810095101925868,0.1810095101925868,0.049451051753644844,0.5924795823314052,0.8826546218669439,boot182
C5,0.9383308714918759,0.31044949780127645,0.31230292763889606,0.16866211522338004,0.7144972024023407,1.0008521123145628,boot183
C5,0.9274389106509979,0.23158679911854205,0.23158679911854205,0.25315156178949944,0.5447446570359228,0.5653718213298822,boot184
C5,0.9324173783884144,0.22009177012449566,0.22755250809481753,0.1482821671601475,0.47562204560802035,0.7367478745692865,boot185
C5,0.9072076780538794,0.13610804213479308,0.1380250568127479,-0.039298800898074054,0.6201542483183882,0.6579268768770178,boot186
C5,0.9436457998438432,0.324366363494005,0.3252878588448402,0.04791775824343255,0.5685626314653439,0.8431682460142458,boot187
C5,0.9291367911351149,0.2994832108900451,0.3069702911622961,0.1506774904790539,0.6757089945706641,0.8563348061387225,boot188
C5,0.9244294799850356,0.3282870867277813,0.3282870867277813,0.28313585416923265,0.4355212640543346,0.5662717083384653,boot189
C5,0.9015712307177993,0.003857998958990681,0.009644997397476703,-0.1003079729337577,0.6240313316167427,0.6356053284937146,boot190
C5,0.877665544332211,0.21796953185811183,0.21796953185811183,-0.04557544757033248,0.4844868230846214,0.755957967307906,boot191
C5,0.90183346065699,0.09835036738301751,0.10702834097563671,0.06653113087674714,0.710629615306705,0.8533340699408872,boot192
C5,0.8861446074870453,0.23256583043050563,0.23256583043050563,0.20999615068408523,0.5828865117119001,0.41116068755435375,boot193
C5,0.8910318225650916,0.11613306982872199,0.11613306982872199,0.017566346696781476,0.626533032185206,0.41183323922454346,boot194
C5,0.8684443569812061,0.19024522409087774,0.19024522409087774,0.032041300899516255,0.6458324712558744,0.6698634469305118,boot195
C5,0.8882443928847641,0.08517044916810207,0.09300221460884706,0.0832125078079158,0.7263962446291002,0.6921322708258408,boot196
C5,0.9284383153186732,0.029034262475346025,0.029034262475346025,-0.07961007452917458,0.5038849423140697,0.5928609079643237,boot197
C5,0.9147359977351012,0.39450679333808797,0.39450679333808797,0.2623707830393067,0.5370996102072764,0.5332971350907647,boot198
C5,0.9258861439312567,0.2948996267527489,0.3005346514677696,0.21225259759911225,0.5954342782205185,0.8997256128316351,boot199
C5,0.9299837171435217,-0.05610196402549101,-0.048621702155425536,-0.2973404093351023,0.43292015573003895,0.6807038301759575,boot200
C5,0.8987838743656037,0.03676465411019187,0.03676465411019187,0.013544872566912794,0.4585906854797618,0.8388146082509564,boot201
C5,0.8964590730256212,0.16586998408310297,0.17168998352461534,0.0126099987899435,0.5829699440581572,0.9040399132482572,boot202
C5,0.9189697311524723,0.27346313954315804,0.27346313954315804,0.17978545506297583,0.5658510638297871,0.8705400981996726,boot203
C5,0.9023575450987877,0.06841980850065765,0.06841980850065765,0.026018800415743046,0.3710088207430028,0.44135594779297466,boot204
C5,0.9407267535577766,0.2625167412377234,0.2625167412377234,0.19319013703762042,0.37251495323522016,0.4455389763259953,boot205
C5,0.8986256763874922,0.3357784429750381,0.3357784429750381,0.14224619918539078,0.7499374446848832,0.7876762322238644,boot206
C5,0.9304315476190476,0.4289734540966222,0.4299080367852859,0.10000034768701216,0.6280395667819828,0.7121520087617127,boot207
C5,0.8926869192624332,-0.007792790046568777,-0.0009740987558210971,-0.20358663996660933,0.5279615256550346,0.5250392293875713,boot208
C5,0.9085559720969961,0.31296676794789696,0.31296676794789696,0.259370012580673,0.644118149323959,0.7481341549230578,boot209
C5,0.9128893510422083,0.42292853573213396,0.42292853573213396,0.254328646487567,0.5924809667238452,0.44197937067502285,boot210
C5,0.9421882904842938,0.0858316389984252,0.0858316389984252,-0.19104461583520452,0.670040536697384,0.5107549102224,boot211
C5,0.9139160409878642,0.2540429346141231,0.2540429346141231,-0.02283531996531444,0.621310997389597,0.7611773321771479,boot212
C5,0.9112426035502957,0.032444946357989835,0.032444946357989835,-0.12596273291925467,0.5477470355731225,0.7748616600790513,boot213
C5,0.8963531669865641,0.17753095614933437,0.18820221580858396,0.09313099338981475,0.524831952332185,0.4802066846662322,boot214
C5,0.8420681669435635,0.1435389318374413,0.1435389318374413,0.10326541858808726,0.49051073829341446,0.6299190533873323,boot215
C5,0.9274389106509979,0.3150330546713771,0.3150330546713771,0.07594546853684984,0.7078867746336002,0.7966796143219753,boot216
C5,0.8775560001952076,0.28934112856818167,0.28934112856818167,0.27943218580899737,0.6153453453453454,0.4448681739724683,boot217
C5,0.9005736137667304,0.07241761284962613,0.07434874919228283,0.0337948859964922,0.5436148804578601,0.6688013660530686,boot218
C5,0.9104689720511605,0.061124734198977515,0.0687653259738497,-0.1537669094693028,0.6675967063294576,0.6585240260593216,boot219
C5,0.9101592115238818,0.12802346848233523,0.12802346848233523,0.06305633522264273,0.5455328395777121,0.7117722688010429,boot220
C5,0.9035610430471469,-0.049081162172949604,-0.049081162172949604,-0.2685028283579008,0.4840749916273265,0.6101462121107853,boot221
C5,0.9407755365202173,0.11553834889878344,0.11553834889878344,0.051761180306654976,0.508368735154647,0.850362247895046,boot222
C5,0.8959293394777265,-0.10385135764736578,-0.09705734359566894,-0.3028189120184871,0.5726383272144467,0.8220757002553158,boot223
C5,0.8873300759518166,0.2204953705679054,0.2204953705679054,0.20971559689569672,0.5683880663528229,0.5860276959982552,boot224
C5,0.9135055978081156,0.19894692585447893,0.19894692585447893,-0.1856203375197291,0.7167800725761848,0.71073507785412,boot225
C5,0.8895326380842022,0.3274802242821273,0.3274802242821273,0.1828023938530084,0.741962657403387,0.7204564934206801,boot226
C5,0.8938053097345133,0.22765389582436496,0.22765389582436496,0.06031855359448987,0.5136805854498492,0.5681618596642272,boot227
C5,0.9093323216995447,0.18551595291215467,0.18551595291215467,0.008606410186646351,0.6559997097821553,0.4551834720937403,boot228
C5,0.9299339350516423,0.30016157520599307,0.30857732030522655,0.04207872549616726,0.6957015948699653,0.717208499012451,boot229
C5,0.8963002063438744,0.32888825262922666,0.32888825262922666,0.013582405713301396,0.770316438311522,1.0060681946209677,boot230
C5,0.9034042147420616,0.06449036722930492,0.07122816679057559,0.07411579517397729,0.6102521316922286,0.6776301273049352,boot231
C5,0.9278888733510465,-0.02436573635215949,-0.0159314429994889,-0.08902865205596737,0.5791548102167141,0.367360332694097,boot232
C5,0.9347413274049371,0.18326390714067206,0.18326390714067206,-0.018605472806159602,0.6223530653660387,0.7122789773864606,boot233
C5,0.8971998465669352,0.2791293194787813,0.2800985185047493,-0.04264475714259159,0.5243366730486829,0.43226276558172383,boot234
C5,0.8799064965423201,0.14329585815903204,0.14329585815903204,0.23223811494739674,0.475346950168927,0.5702186907431827,boot235
C5,0.9236241108199176,-0.1365132796390617,-0.1365132796390617,-0.2730265592781234,0.5460531185562468,0.7016286232673974,boot236
C5,0.8327243199350385,-0.26941428359442904,-0.26941428359442904,-0.49288194518050576,0.5294303945053315,0.5744576707838405,boot237
C5,0.9276889365471583,0.27464228434581583,0.27464228434581583,-0.013122839525056046,0.7189441368369992,0.7491635706400345,boot238
C5,0.8910318225650916,0.2556879352531526,0.257639751552795,0.24202522115565592,0.6499548277809146,0.825310804766898,boot239
C5,0.9218076129758109,0.03395974104078961,0.03395974104078961,-0.10282254926239077,0.39431032652916836,,boot240
C5,0.9226157017050777,0.2554174760710628,0.2554174760710628,-0.012252498852117402,0.6663474375728464,0.508449775044068,boot241
C5,0.9016761377202616,0.09354558977263831,0.09354558977263831,0.015430200374868175,0.5979202645261417,0.8708419336566227,boot242
C5,0.9441307441582886,0.3960394741849147,0.3960394741849147,0.24314981670887784,0.6815563044112485,0.8969347207338638,boot243
C5,0.9286878755414784,0.16479538744019503,0.16479538744019503,0.2284663325875431,0.5262216348942592,0.728470519479953,boot244
C5,0.9027241066742998,0.03660418284674384,0.04142052269499961,-0.14737999935662655,0.6502058795145288,0.8561267390433465,boot245
C5,0.8844698806867783,-0.06193835413944706,-0.06193835413944706,-0.05800576022583138,0.5702261174742745,0.6351139170489334,boot246
C5,0.8218420243827477,0.17352324585650328,0.17352324585650328,0.25605259449557194,0.6655251319740279,0.8252934863906863,boot247
C5,0.9244797755436053,0.22010028369730153,0.22010028369730153,0.06490136570561457,0.4561907589452618,0.9349559059620419,boot248
C5,0.9473684210526314,0.13217391304347825,0.13859903381642513,0.014685990338164253,0.6764734299516909,0.7159420289855072,boot249
C5,0.9207957957957957,0.3852999875928322,0.3852999875928322,0.13032205462698737,0.7536014463212746,0.8877009518070152,boot250
C5,0.9164232544991991,0.12145517617502166,0.12145517617502166,-0.058829850959776116,0.5256731843825156,0.6841342345483641,boot251
C5,0.9218076129758109,0.030186436480701878,0.038676371740899274,-0.02263982736052641,0.6952313651961651,0.6158454261150996,boot252
C5,0.8871685697696922,0.2548410349798923,0.2548410349798923,0.13918241141209503,0.5332058578040823,0.5733923287047575,boot253
C5,0.944954128440367,0.46563106796116505,0.46655128746306457,0.4361840439003799,0.7794259181089065,0.905495989869143,boot254
C5,0.9442761406407784,0.08564186018987395,0.09116714149244647,-0.10866386561725942,0.39045321204845757,0.4908291557118583,boot255
C5,0.9137108581684221,0.15036628176142464,0.15797976438225628,0.06090786096665302,0.5072482796129073,0.31595952876451255,boot256
C5,0.9419449811390193,0.371110016392468,0.371110016392468,0.12093386106321714,0.40619006769324845,0.684984159609978,boot257
C5,0.8917798978510166,0.272049971340243,0.272049971340243,0.1072598453312786,0.6523348775147763,0.6104060288852763,boot258
C5,0.8958233317330773,0.46495969057272,0.46495969057272,0.3397409012535533,0.6969541917144321,0.41678785804523516,boot259
C5,0.9010989010989011,0.61084835630965,0.61084835630965,0.35994697773064677,0.7893743372216329,0.6755037115588546,boot260
C5,0.9359733530717986,0.25363040899479083,0.25363040899479083,0.12449258170440283,0.5128351126927639,0.4366530850826069,boot261
C5,0.9166274140367404,0.20490996023057326,0.21060190357031147,-0.013281201126055677,0.7276200902631932,0.8272290987086107,boot262
C5,0.9263875274237968,0.4374167174197845,0.44586467977338545,0.31257460708323653,0.8100657234619614,0.8701401224209017,boot263
C5,0.8614425028463937,0.11305607051663227,0.11507492891871499,0.033311163634364864,0.6167612418362707,0.9241247303760433,boot264
C5,0.8343216258679235,0.3970942830127884,0.4064744629264762,0.2939123039622213,0.748329908669769,0.8306670434676963,boot265
C5,0.9149919803755071,0.2765526733436746,0.2765526733436746,0.26704914505007754,0.47422606185049354,0.6718994503573126,boot266
C5,0.9291367911351149,0.06644783741622876,0.06644783741622876,-0.2526889591884755,0.6579271789240677,0.5924152265418704,boot267
C5,0.8856049227191239,0.17673991541268427,0.17673991541268427,0.1443375975870255,0.5478937377793213,0.7354344258005585,boot268
C5,0.8820841839214543,0.06112006593132791,0.06112006593132791,-0.010843882665235598,0.6526045749441788,0.9020138762445974,boot269
C5,0.9302325581395349,0.31315217391304345,0.31315217391304345,0.2841739130434782,0.6188260869565217,0.7833478260869564,boot270
C5,0.9334075310703023,0.045648544964401745,0.045648544964401745,-0.10992914909794704,0.407110492845787,0.3698463745074998,boot271
C5,0.9195791055993987,0.3479852881078872,0.3479852881078872,0.00851050976350811,0.5702041541550434,0.3442028393241058,boot272
C5,0.911191062298807,0.12215258954064115,0.12406122375221368,0.04676153818352669,0.6794737793198165,0.6136258990205645,boot273
C5,0.873267035712536,0.15533870896931204,0.15533870896931204,0.19516914716657158,0.5835159195898517,0.22504197581451615,boot274
C5,0.8651502442394039,0.18091856318903396,0.18091856318903396,0.027137784478355093,0.6844752307318452,0.5266740395058545,boot275
C5,0.8749755429465857,0.03875884732052578,0.03875884732052578,0.06161662907365637,0.41740297114412384,0.7712016800186668,boot276
C5,0.9252838652399419,0.2668981174497087,0.2668981174497087,0.1268705839989812,0.5817251221879213,0.8768167027485146,boot277
C5,0.8966708241389234,-0.15613310507168843,-0.15613310507168843,-0.3888781064207892,0.4102130648777901,0.7473802847767,boot278
C5,0.906480292873104,0.051800929494342306,0.051800929494342306,-0.017266976498114102,0.4844346184193123,0.5467875891069466,boot279
C5,0.9427231773466949,0.30254628098472697,0.30715826697534787,0.1697210844548469,0.5589727020632456,0.830157478311751,boot280
C5,0.8961942698085137,-0.07956349446568349,-0.07859320794780933,-0.058217191072451345,0.5676176129564007,0.948940214480957,boot281
C5,0.870888561610211,0.02995441399931376,0.02995441399931376,0.17074015979608845,0.4762751825890888,0.6589971079849026,boot282
C5,0.8858208593712154,-0.11485294047715285,-0.10896304609370915,-0.2630819491271536,0.5281271963821217,0.6086224196225194,boot283
C5,0.9421396375678409,0.17997885942793101,0.17997885942793101,0.09691169353811672,0.4005683332908824,0.4568694123939787,boot284
C5,0.9078822412155744,-0.14558486447152993,-0.14558486447152993,-0.20401036929234126,0.3227769692559579,0.786349827178461,boot285
C5,0.88835186080232,0.09103325921370108,0.0988640772105786,0.05481572597814259,0.6724714954818564,0.7850395041869707,boot286
C5,0.9143261741798442,0.4327254158155821,0.43462750555543084,0.30528540324571835,0.6952137999147044,0.7068531887164048,boot287
C5,0.9042401143401619,-0.18079076373299122,-0.17886745773583174,-0.33369359050717007,0.4990979062628854,0.5183309662344803,boot288
C5,0.8588439593153063,0.17515962122924672,0.17515962122924672,0.1326353201215683,0.7239256021902394,0.6409389079226181,boot289
C5,0.8726042841037203,0.3657218290079767,0.37369396697000345,0.18535220761712168,0.6427536231884058,0.9626356589147288,boot290
C5,0.9355794150314698,0.4219658987285147,0.4219658987285147,0.2295717554756456,0.6664086990932708,0.8255224722635713,boot291
C5,0.9202891747253779,0.5111814802657841,0.5111814802657841,0.2957482501352873,0.6132287998012828,0.8815754548761121,boot292
C5,0.9123752778171844,0.26209657428982197,0.26209657428982197,0.25828426048197006,0.6042517385445352,0.5971465947981899,boot293
C5,0.9218076129758109,0.3480873456680936,0.3480873456680936,0.1462155517033997,0.46411646089079134,0.5650523578731382,boot294
C5,0.9106237862928054,0.15183094450902082,0.16042514891519183,0.19480196653987578,0.6273769216504824,0.75342525294099,boot295
C5,0.9230192920022475,0.44372335544889885,0.44372335544889885,0.16298119000564654,0.6660560770750988,0.7809907891022021,boot296
C5,0.8906038973567431,0.5038105643885165,0.5038105643885165,0.5272436138949589,0.6580781403059304,0.7313064200135635,boot297
C5,0.9139673245821136,0.3082595218199951,0.3187251228694394,0.3510733442949944,0.7896771700944318,0.8905275074799857,boot298
C5,0.9079859462539169,0.05554577448778226,0.05554577448778226,-0.07182643252730463,0.500869656157071,0.4300009093967971,boot299
C5,0.869501105922831,-0.0330024332096247,-0.0330024332096247,-0.05100376041487453,0.6180455673802443,0.42112260020054504,boot300
C5,0.9038223238966733,0.23186550259989178,0.23282760012105316,0.19145740671111397,0.6320980714030245,0.8543425987913026,boot301
C5,0.9139673245821134,0.17791521784055278,0.17791521784055278,-0.056133678356110224,0.6536243564516564,0.7725516411044323,boot302
C5,0.8452655889145496,0.005143739605607033,0.005143739605607033,0.13476597766690424,0.5133452126395818,0.6861249422801182,boot303
C5,0.9369077883059856,0.18098389137942125,0.18191201389931577,-0.0232030629973617,0.4575644023079728,0.650613886446022,boot304
C5,0.9073634204275535,0.2060437058957432,0.21562713407694056,0.007666742544957887,0.5721306624174823,0.5481720919644889,boot305
C5,0.8801791713325867,0.4890308662462661,0.4890308662462661,0.35664675295939813,0.6372220378360437,0.8792676180993473,boot306
C5,0.8958763381498729,0.35525089346870875,0.35525089346870875,0.17762544673435438,0.4969629985136035,0.7367088200621582,boot307
C5,0.940385146963973,0.15534800500984075,0.16367021956393937,0.11651100375738056,0.6657771643278889,0.9043473148787159,boot308
C5,0.8903362763545134,0.007813364370161294,0.007813364370161294,-0.16994067505100816,0.5332621182635083,0.8084098127230064,boot309
C5,0.931772792717477,0.1885139545669295,0.19504661635885281,-0.19131366676346806,0.6980615743369469,0.8150902586544362,boot310
C5,0.9171884562873688,0.07774230839615608,0.07963846225947696,-0.0967038470293649,0.48162308128350356,0.6769269292055542,boot311
C5,0.8923136197264496,0.25532064278741456,0.2582441615979575,0.13837989036569798,0.7260071712848238,0.5341455672850878,boot312
C5,0.9229688597518145,0.36366576224825176,0.36366576224825176,0.2826417841307656,0.600142721637659,0.7131994352899653,boot313
C5,0.8906038973567431,0.13278728053650818,0.13864554291311884,0.0029291311883053277,0.6873694521889836,0.6854166980634466,boot314
C5,0.9035087719298245,0.2954664415365133,0.2964288729421697,0.35224989447024063,0.5158632334318278,0.633279864921908,boot315
C5,0.9231705604194953,0.19309635424705743,0.19309635424705743,0.16766415149256692,0.6829017406298371,0.8025272869194775,boot316
C5,0.9194775909048201,0.44826966651560796,0.44826966651560796,0.262909213694808,0.6052586214556731,0.7773790419321301,boot317
C5,0.9181561618062088,0.3295830363506771,0.3295830363506771,0.3324242694226657,0.6127592658588737,0.9186653599429793,boot318
C5,0.9062202777249381,0.4538679589676195,0.45962526922936514,0.35311502938706973,0.6428996458949368,0.5383085094732231,boot319
C5,0.8367976533657008,-0.15067795184965233,-0.15067795184965233,0.03948801496749509,0.37513614219120334,0.40215425769527896,boot320
C5,0.9287377736376339,0.04306920762286861,0.051495791722995066,-0.09550128646809995,0.6207583620426497,0.772436875844926,boot321
C5,0.9011514022263627,0.36282085444394757,0.36861054892975526,0.20842900148907625,0.7545901813169336,0.7835386537459719,boot322
C5,0.8839285714285714,0.17510759771629336,0.18396135265700486,0.0934563021519543,0.723056653491436,0.9670267896354853,boot323
C5,0.9225147568631125,0.33839449257698995,0.33839449257698995,0.08577687694848492,0.5523653834265073,0.7427711981912761,boot324
C5,0.9192237206898172,0.38217502433733547,0.39163480216746754,0.14946448971608664,0.6527246702791125,0.48528660268577495,boot325
C5,0.904709748083242,0.4527034424676281,0.4527034424676281,0.308530371618065,0.6045657437625013,0.6218665122644489,boot326
C5,0.8850647147219933,0.21319983616473062,0.21418232388899205,0.1945325694037634,0.653354336633852,0.8763790500411969,boot327
C5,0.9409706234459895,0.48146399788948735,0.48700868884406884,0.3225161905248197,0.6921622541635817,0.5008704162305224,boot328
C5,0.9251834197859713,0.19079647922275852,0.1983155522955766,0.020677450950249695,0.38159295844551705,0.7650656851592386,boot329
C5,0.9288874400409816,0.1685045274414833,0.1685045274414833,-0.0028084087906913888,0.5860213009909364,0.8194984853235368,boot330
C5,0.924077279318894,0.25877752882190064,0.2606595472133327,0.10068798394161227,0.6417682714783137,0.8525543313186983,boot331
C5,0.9532608200973922,0.2654504128628897,0.2654504128628897,0.09213227388024693,0.44241735477148275,0.5117446103645399,boot332
C5,0.9454862225482554,0.12324001804742085,0.13151733269239688,-0.002759104881658676,0.34028960207123665,0.3430487069528953,boot333
C5,0.8740392617613942,0.5103740484412213,0.5103740484412213,0.47256856337150116,0.7491455330920851,,boot334
C5,0.9232713824259164,0.04897518992253188,0.04897518992253188,-0.04049871474363213,0.4125217920397878,0.5067048495831182,boot335
C5,0.8552657774238502,-0.03863533317140312,-0.03863533317140312,-0.27756436725771194,0.5347943486357379,0.527677313577848,boot336
C5,0.9337042188224385,0.3110565174215275,0.3110565174215275,0.0782297828245758,0.3343391908812227,0.7627403825396142,boot337
C5,0.926587949782984,0.015015351194152093,0.015015351194152093,-0.054430648078801346,0.6437831824492711,0.640029344650733,boot338
C5,0.9400433199686621,0.34873508485486643,0.34873508485486643,0.08695251452614705,0.7002452499605674,0.7326211862203028,boot339
C5,0.9389186196715261,0.08983507656549083,0.09168734618539785,-0.09353961580530488,0.5140048195242001,0.5834649302707137,boot340
C5,0.8954521442635546,0.22626412472193597,0.23306175937023446,0.020392903944895513,0.6943298247904902,0.9623508480662598,boot341
C5,0.8650382432765852,0.14977975644237207,0.15681638929536942,0.19501525335449788,0.4382817034152633,0.7870976462709888,boot342
C5,0.9441792141020932,0.3858884210170294,0.3858884210170294,0.2818182740601695,0.5746882451423063,0.6842842406101499,boot343
C5,0.8102627767432237,0.20605231602789,0.20605231602789,0.31873717635564236,0.6643040813607495,,boot344
C5,0.9049183449983336,0.07303085066958259,0.0749527151608874,0.0393982220717485,0.5160206159153402,0.5688718894262224,boot345
C5,0.9120666004446337,0.3251097441632881,0.33273695223750005,0.19354040488313043,0.7493731932913327,0.819924867977794,boot346
C5,0.8527533918595371,0.04078859026265996,0.05098573782832495,-0.005098573782832495,0.7046228967874508,0.8535012512461597,boot347
C5,0.9344945798202539,0.24379604962539547,0.24379604962539547,-0.01302726982731121,0.5657557182146583,0.762095284897706,boot348
C5,0.8998899889988998,0.49088125863718507,0.49088125863718507,0.3150143510152014,0.7604794302115446,0.6222982885085574,boot349
C5,0.8411930673115678,0.09200183329513968,0.09303556175913001,0.01757338388783567,0.7267111101852045,0.5085944042832441,boot350
C5,0.9038745651241481,0.10871073637493178,0.1106348202045766,0.23185210147219965,0.4223364006070359,0.5975579471293232,boot351
C5,0.9187664535539676,0.1836110270693552,0.19212906440762426,-0.1343957002260229,0.5517795298012066,0.7155151364146007,boot352
C5,0.9285381533587999,0.16388547147257196,0.16388547147257196,-0.008428395675732272,0.423292760603443,0.5094496941775951,boot353
C5,0.9050747405503188,0.2661322368481234,0.2738183664321847,0.12682113813701187,0.5668520568245228,0.3977572059751736,boot354
C5,0.9364161849710982,0.28322597960279117,0.2878690284487385,-0.022286634460547503,0.643526570048309,0.8626784755770263,boot355
C5,0.9371534195933456,0.26908498413515136,0.26908498413515136,0.21619586656375953,0.5669342251950947,0.7831300917588542,boot356
C5,0.9056998762965077,0.31971431703774084,0.31971431703774084,0.22754442383767143,0.54437843171291,0.8266487296381227,boot357
C5,0.8887278349519253,-0.13013227375656525,-0.1203478922711092,-0.09393006226037791,0.512701589837896,0.7426345547461128,boot358
C5,0.8474644217278011,0.041043149191723916,0.041043149191723916,-0.15493788819875776,0.5079089712475833,0.7613504175064785,boot359
C5,0.9166274140367404,0.013281201126055677,0.020870458912373206,-0.1859368157647795,0.38325751820903525,0.5758349345368425,boot360
C5,0.9429661289581323,-0.06731764685938539,-0.06547332776734745,-0.21855181240649782,0.44632522027318533,0.5754275567158422,boot361
C5,0.8795245286695571,-0.03954705930517626,-0.028671617996252792,-0.020762206135217533,0.5032363296583678,,boot362
C5,0.9219086903534265,0.2386353467561521,0.2386353467561521,0.042445022150303734,0.5225453838059615,0.6329024413967512,boot363
C5,0.883061383061383,0.22254595535492258,0.224515388588152,0.2678429197191989,0.3850241970963484,0.5159915071061038,boot364
C5,0.8591835722434401,0.02125374617852141,0.02125374617852141,-0.09715998253038359,0.4169782583595629,0.7469173657023239,boot365
C5,0.912940731638151,-0.12572843418837276,-0.12477594605058207,-0.1657329359755823,0.6248322183907009,0.6049614951636499,boot366
C5,0.890710909617054,-0.02733527323407822,-0.025382753717358344,-0.17572675650478856,0.6248062453503593,0.6169961672834797,boot367
C5,0.8624561056432068,0.20971451652313536,0.20971451652313536,0.12199738701586241,0.6271270638336067,0.4974965278040568,boot368
C5,0.9270886784531416,0.25324719646818433,0.25512310162720797,0.10036092600776196,0.4980528197207626,0.7453827891329918,boot369
C5,0.8992581957406077,0.25238193303561096,0.25238193303561096,0.3268394381840479,0.5898581576694356,0.5105657495892819,boot370
C5,0.917901670195248,0.3846201502016803,0.38651483074454573,0.26809729681545696,0.5845089474739822,0.49494219349054946,boot371
C5,0.8962472406181016,0.07567787534804025,0.08343970871707002,-0.008732062540158491,0.6248275862068965,0.8014092953523237,boot372
C5,0.9274889251573792,0.4359597350645944,0.43689728288193763,0.19407239819004526,0.6703466894003979,0.7209742715369313,boot373
C5,0.89321976805736,0.45852681729386346,0.45950033495266157,0.3397576629205061,0.7048267849697606,0.5432228536092906,boot374
C5,0.9248317127898278,-0.07709980836512596,-0.07239860053798415,-0.11470947098226059,0.5528620404718789,0.6591093373652842,boot375
C5,0.8129644921552436,0.08236094243381102,0.08236094243381102,0.0010696226290105328,0.6139633890520457,0.4179041444383675,boot376
C5,0.9217065166432254,0.06509664292980671,0.06509664292980671,-0.04151090273784776,0.34057808837188724,0.318879207395285,boot377
C5,0.9057519387221086,0.27361364228065604,0.2755337380159589,0.04512224977961696,0.6624330286794831,0.9533275325778646,boot378
C5,0.9191221391982705,0.017975564319282225,0.01892164665187603,-0.1324515265631322,0.6367134098356282,0.7483511250816969,boot379
C5,0.879633688927858,0.28569204543812937,0.2906348143903461,0.284703491647686,0.5605099991813818,0.8224767536488706,boot380
C5,0.9402875046074455,0.4161539379271556,0.4161539379271556,0.2524667223424744,0.8313830893255842,0.7834645267240469,boot381
C5,0.9381838326947047,0.3642560429262782,0.3642560429262782,0.262301425313325,0.48474786374158657,0.7303658061727919,boot382
C5,0.9163722025912838,0.43745277746730743,0.44314630602436567,0.37861964904437234,0.6974572482396333,0.6908147982563987,boot383
C5,0.9263374101391092,0.3998918520985425,0.3998918520985425,0.22247504447735822,0.5416375555419227,0.7857030051795308,boot384
C5,0.9286379727967207,0.285598262265336,0.29121658873612954,0.2603157931467653,0.4597663828599344,0.5646418103147464,boot385
C5,0.8973584543841986,0.4370315018791491,0.4370315018791491,0.34788095160668403,0.6947928754930153,0.5756024658896111,boot386
C5,0.8820298449424003,-0.014788023711058609,-0.014788023711058609,-0.08084119628712039,0.6496871750391747,0.5747611882364778,boot387
C5,0.9108817122833601,0.081144502608334,0.08782699105843211,-0.15178795193794245,0.5403269232507888,0.6482013796595152,boot388
C5,0.8935924571868384,0.29971838370220577,0.29971838370220577,0.038924465415870885,0.6977210425794854,0.687016814590121,boot389
C5,0.9121695123681595,0.5147784606089572,0.5166850475001016,0.3651113896541308,0.6768383463562214,0.6043880444927388,boot390
C5,0.8090923212344017,-0.2708348961318649,-0.2611622212700126,-0.3772343196122404,0.6717135320730777,0.720703878121825,boot391
C5,0.9126323751891072,-0.10385628569884144,-0.09528099605398295,-0.09813942593560246,0.29537108776734716,0.7327108596551289,boot392
C5,0.8981508096196225,0.18492101186445392,0.18492101186445392,0.21299802413706737,0.6680392575208022,0.5024817023960817,boot393
C5,0.9253340809270162,0.2678233646255038,0.27440148235314776,0.22177654053199614,0.4510709298955854,0.4867807118456526,boot394
C5,0.931673556598077,0.1418671938335349,0.1418671938335349,-0.05506687129064841,0.5422686816926564,0.5656021017310667,boot395
C5,0.9370551807006192,0.3090161853379879,0.3090161853379879,0.1419804094796161,0.6867026340844176,0.735581328412738,boot396
C5,0.9006787114042634,0.2770857290522643,0.2770857290522643,0.020274565540409586,0.6680952073315921,0.33984033667734165,boot397
C5,0.9282385834109972,0.042155578837087475,0.042155578837087475,-0.04871311332285664,0.45902741400384145,0.5695687096210931,boot398
C5,0.919731341881546,0.1408728956939159,0.1427638070455121,-0.12385469352955021,0.6646553400860595,0.7267461071861631,boot399
C5,0.9422369389256806,0.39406685567797906,0.3986812216695244,0.09044157343429028,0.6081734376856865,0.8010539361322851,boot400
C5,0.8495398159263705,0.16786581744455137,0.16786581744455137,0.13818222777447825,0.5414696184644371,0.877903908807094,boot401
C5,0.9188172801203403,0.4041111936613296,0.4126287598040742,0.050159000618385165,0.6189431397061114,0.7542778017519429,boot402
C5,0.9310777524747873,0.37730935670230176,0.37824329075354507,0.1335525693277949,0.6257358143330252,0.5230030686962598,boot403
C5,0.8960353268695402,0.23388053027268235,0.23388053027268235,0.3629515283069843,0.526959037087413,0.5318113302465972,boot404
C5,0.9263374101391092,0.27879784054757545,0.27879784054757545,0.13517471056852143,0.6289378894507595,0.4280532501336512,boot405
C5,0.9209476894205958,0.4315025803450796,0.4324467873042592,0.31442091740680855,0.736481428160092,0.7780265343639947,boot406
C5,0.8992055135445582,-0.13731928798215326,-0.13635225074284232,-0.14215447417870794,0.5270352954244615,0.7571901583804648,boot407
C5,0.9126323751891074,-0.12672372475179733,-0.11910124506747868,-0.10576190561992108,0.46401845078289694,0.5049892790861096,boot408
C5,0.9240269461077844,0.2926698011868914,0.29925722436473134,0.23714723440223992,0.6239230809868456,0.8733041012907885,boot409
C5,0.9276389406937708,0.28871802940508035,0.2962171990000175,0.22778727644621596,0.7067967343228265,0.8427191832310625,boot410
C5,0.8941776046925332,0.26840305409183784,0.27326542826016825,0.172128045558896,0.7342184994178897,0.8674475516301426,boot411
C5,0.9195283506365387,0.22223113180305726,0.22223113180305726,-0.0992947610183873,0.6411604568615865,0.8179996979133811,boot412
C5,0.9092805994214446,0.24386215935528635,0.2505564147101373,0.1444046512260715,0.8396508859370251,0.9821428927759962,boot413
C5,0.9309783871717406,0.4856975406455534,0.4856975406455534,0.3745475265362825,0.6939870628839349,0.6743723545117106,boot414
C5,0.926237161531279,0.47034624824684435,0.47034624824684435,0.37270950210378684,0.7426025596072933,0.8252182678821881,boot415
C5,0.8882443928847641,-0.1585932501750866,-0.1585932501750866,-0.13411898317275842,0.48459048664609783,0.6382888834207189,boot416
C5,0.9472720615159282,0.31486294347994154,0.31486294347994154,0.08353506663753549,0.4911127544074889,0.6563469521520646,boot417
C5,0.8785411282851431,0.23358882663230487,0.23358882663230487,0.2880269006355963,0.5701151022890153,0.5849618497444584,boot418
C5,0.8841451581602949,-0.12687273351910525,-0.12588922395694163,-0.23997633316791994,0.5163425201358934,0.4741546972774319,boot419
C5,0.8992055135445582,-0.012571484111042199,-0.012571484111042199,-0.1508578093325064,0.6653216206459256,0.7049701474576742,boot420
C5,0.9281886387995713,0.5283783512400844,0.5283783512400844,0.26887338086153223,0.6970097399337282,0.7972517321016165,boot421
C5,0.9229688597518145,0.34388083735909825,0.35047581232214936,0.32409591246994457,0.509697350715814,0.48143317230273747,boot422
C5,0.9312267657992563,0.20916775145361455,0.21570424368654,0.20263125922068906,0.42207064132604355,0.4995747635164454,boot423
C5,0.9159636140830465,0.14809777574935903,0.14999646518204313,0.08544102447078405,0.5582146932091225,0.7442862576121635,boot424
C5,0.9287377736376339,0.002808861366708822,0.003745148488945096,-0.13014390999084208,0.44005494745104873,0.8407858357681739,boot425
C5,0.9433546193779575,-0.1115353538775562,-0.1115353538775562,-0.3917564082476147,0.4839343866588182,0.7057758709556768,boot426
C5,0.9467899990841651,0.36278188531967337,0.36278188531967337,0.03030836003936511,0.5565717025410684,0.9983390109936328,boot427
C5,0.8554936305732483,0.13620409897424485,0.14331923847289943,0.2347996034556012,0.6983001193679568,0.46553341291197115,boot428
C5,0.9075710078844875,0.5681673052943906,0.5681673052943906,0.4263650098752173,0.5700835525297849,0.3880400651673326,boot429
C5,0.9250327163955879,0.2679106182559488,0.2679106182559488,0.027261080454114094,0.5743627640504727,0.4286569892095181,boot430
C5,0.9041356965885267,0.0577058435369162,0.05866760759586479,0.0288529217684581,0.4635702764132268,0.6184142899039519,boot431
C5,0.9188172801203403,0.1334418695696662,0.1400666432362454,0.02082071723782026,0.5290354970882511,0.7675273490851015,boot432
C5,0.9461143695014661,0.25734548456109024,0.2591836665936695,0.03676364065158433,0.6424446203864361,0.527558243350235,boot433
C5,0.8946027779112797,0.2342550487945025,0.2342550487945025,0.1924585048187199,0.6881849566245136,0.8174626391542598,boot434
C5,0.9068960600731903,0.3921642066504741,0.39408188003262806,0.3403870253323186,0.5542076074424794,0.31449843467324085,boot435
C5,0.9059601388954953,0.0038393089499563987,0.011517926849869195,-0.11709892297367014,0.6286868405553603,0.866723995452657,boot436
C5,0.9059080962800875,-0.17085906322201216,-0.1698991808443604,-0.3609157739970594,0.6613589582020584,0.7645179743278615,boot437
C5,0.9295355114958577,0.28906442933149884,0.290935396511638,0.22825799597697644,0.6454836771480073,0.8623305654263722,boot438
C5,0.9371043024169322,-0.08629729370446447,-0.07794594270080663,-0.29972070824238733,0.4416936753045708,0.5521170941307136,boot439
C5,0.9058039961941008,0.20831841432225062,0.20831841432225062,0.13439897698209718,0.4348766898063573,0.6393551333576909,boot440
C5,0.8961412939143789,0.20959427741142278,0.20959427741142278,0.10382679482880668,0.5492146343280802,0.8606950188145001,boot441
C5,0.8947621335896203,0.13508569560547332,0.13508569560547332,0.06219773035072152,0.6180899453602952,0.693893429225237,boot442
C5,0.9051789794364051,0.34007206745806734,0.34007206745806734,0.3765769786541311,0.4524687677196319,0.6714982348960143,boot443
C5,0.9285381533587999,0.24723293982147998,0.24816942822989468,0.030904117477684998,0.7313974469718783,0.9130761982043295,boot444
C5,0.9286379727967207,0.12360318235745689,0.12360318235745689,0.01404581617698374,0.4550844441342731,0.7413120725911995,boot445
C5,0.9093840390725021,-0.14821307929829017,-0.14151958539449644,-0.2878202378631312,0.3872664330052098,0.9638631221462999,boot446
C5,0.8742597033919044,0.14919454951731387,0.14919454951731387,0.12035026994396654,0.7350318139552997,0.7698438755093397,boot447
C5,0.9479943283172483,0.06604332302631855,0.06604332302631855,-0.017428099131945173,0.5485264884685901,0.7703473910572558,boot448
C5,0.8435818794308411,0.4432445179246114,0.4432445179246114,0.4669529456275558,0.7483616744494602,0.8483493912836167,boot449
C5,0.8687226403029855,0.1631580942627995,0.16516003406970503,0.18117555252494918,0.5134975604712647,0.5975790323612964,boot450
C5,0.874094380262385,0.19100514258999532,0.19100514258999532,0.1044559373539037,0.7570568412030544,0.7940377595607071,boot451
C5,0.9080896315989365,0.2681213972687433,0.2681213972687433,0.20970923572090994,0.6205095193933774,0.6501943883767025,boot452
C5,0.8981508096196225,-0.037758740642480124,-0.037758740642480124,-0.049376814686320165,0.48311824565634826,0.8365013311564826,boot453
C5,0.8390288223714097,0.20416980115404937,0.20416980115404937,0.26013512735871264,0.6083638237432841,0.5430732834071165,boot454
C5,0.8701120062880723,0.18588311535289262,0.18588311535289262,0.046970464632182546,0.7725142374612152,0.8694532814893365,boot455
C5,0.9107785565448,-0.0506017145337481,-0.049646965202922666,-0.10597717572162339,0.5375238732547204,0.4983791506908775,boot456
C5,0.9283883893211573,0.048705252914042825,0.048705252914042825,0.012176313228510706,0.5432508978874008,0.5301379451797739,boot457
C5,0.9290869302044047,0.24708690858539856,0.24708690858539856,0.10856849013600847,0.5334830980821105,0.8170714817994432,boot458
C5,0.9120151371807,0.3794750135305791,0.3794750135305791,0.09629893559444344,0.7856467616813999,0.9521899490692318,boot459
C5,0.9576251982778154,0.1534593304388979,0.1534593304388979,-0.03813782176587996,0.47309059857198704,0.5838718903681145,boot460
C5,0.8978868177679811,0.31184331305368773,0.31184331305368773,0.12008872925048843,0.6256235410952865,0.767018335212797,boot461
C5,0.9498675920007306,0.5382901281526127,0.5382901281526127,0.38266202987719755,0.6289206089130016,0.9180890060952513,boot462
C5,0.9045010716837343,-0.03268676877990704,-0.03268676877990704,-0.07498729308331614,0.5229883004785126,0.5979755935618288,boot463
C5,0.8879218644231698,0.1488575947269232,0.1488575947269232,0.2164311081226975,0.5670299167558456,0.8360367477957992,boot464
C5,0.866380797476465,0.06323155921186067,0.07025728801317853,-0.11843371407935809,0.6202714856020618,0.493233777212131,boot465
C5,0.8480993639505183,0.028708695138671365,0.028708695138671365,-0.14764471785602415,0.36603586301805985,0.6141610138594338,boot466
C5,0.9020955654207837,0.21013873103664063,0.21013873103664063,0.2053190353706626,0.6525867931734206,0.6381277061754868,boot467
C5,0.8962472406181016,0.17561147997429855,0.18337331334332832,0.08926108374384237,0.7247611908331548,0.5724352109659455,boot468
C5,0.9319712096586952,0.3536216719741773,0.35548774939884314,0.2724473040012131,0.6018099694547343,0.8406678798119623,boot469
C5,0.9044488901590931,0.21055339298962272,0.21055339298962272,0.22305199622644964,0.5816657660215604,0.6470430752603473,boot470
C5,0.9222623119816316,0.3139727316506364,0.3139727316506364,0.05562880230446711,0.6072025200690986,0.489344888068109,boot471
C5,0.9219592219357862,0.3178486328772574,0.323507658981897,0.26031520081342147,0.6517311730509935,0.8969556375853761,boot472
C5,0.944663668899697,0.17213395730733821,0.17213395730733821,0.03037658070129497,0.41514660291769795,0.5808370431065797,boot473
C5,0.9046575864368035,0.10573301473079,0.10573301473079,-0.01345692914755509,0.5642298149724884,0.7151396632700705,boot474
C5,0.931723176962378,0.47784299276084785,0.4797095669513199,0.2865191382374615,0.7783614374268498,0.8707568598552169,boot475
C5,0.9069480087444161,0.4630915950534478,0.4630915950534478,0.282840622237613,0.6644357668158163,0.8466043031722451,boot476
C5,0.8965120184234514,0.006789598350776448,0.013579196701552896,-0.15519081944631882,0.5722661467083006,0.41901521250506074,boot477
C5,0.9438883276701256,0.2994090374544193,0.30585784749189915,0.15753521662986372,0.5896054891410104,0.7839910488421872,boot478
C5,0.8918866833686644,0.5225853970162715,0.5225853970162715,0.3295407914020517,0.6405571004471836,0.7712034497012514,boot479
C5,0.8773368477571143,0.26760828443016715,0.26760828443016715,0.06937992559300632,0.7116398082254075,0.5570216883324222,boot480
C5,0.8766788766788766,-0.08827782487586291,-0.08034273949376287,-0.34616809979411406,0.6377824875862904,0.7240765411166284,boot481
C5,0.9094874591057797,0.470403503284329,0.4713596079658013,0.4225982692107183,0.6549317068084662,0.5124721092691065,boot482
C5,0.930879003393297,0.25595256601201044,0.26249150018020057,0.26809630089579195,0.45398885796290905,0.8173667710237561,boot483
C5,0.8927402272289621,0.37208350527066053,0.37208350527066053,0.07402708481824662,0.6331263833139512,0.6837764939790673,boot484
C5,0.9193252830897899,0.04729366380900319,0.04918541036136332,-0.08512859485620575,0.42564297428102876,0.7217013097253887,boot485
C5,0.9470792895074163,0.35624398937422236,0.35624398937422236,0.17812199468711118,0.5123302733783919,0.5609924678032213,boot486
C5,0.8915128439924814,0.13850418611647794,0.13850418611647794,-0.010729197516065193,0.7403146286084983,0.8378527878454546,boot487
C5,0.9284882366643372,-0.14235389079168395,-0.14235389079168395,-0.24630969261982155,0.41863282357817583,0.4383954511578138,boot488
C5,0.9117062553231757,0.3137929073661218,0.31856179653581973,0.061995559206072706,0.631400926068002,0.7525307109783286,boot489
C5,0.9065842643213691,0.22540411755317932,0.22540411755317932,0.19279245799229386,0.5687857094001505,0.9042109753309229,boot490
C5,0.9394079129392235,0.24159528423496865,0.2425209366649877,0.1925357054439597,0.4646775198695566,0.5433579764211747,boot491
C5,0.930879003393297,0.34282697710367827,0.34282697710367827,0.22512616207625738,0.5810310075163158,0.41250960507288614,boot492
C5,0.9422369389256806,0.4208301784289425,0.4208301784289425,0.22148956759418026,0.592484593314432,0.547263806597287,boot493
C5,0.8878680914849378,0.28010427963232193,0.28010427963232193,-0.05092805084224035,0.4632493855457632,0.6091778389206443,boot494
C5,0.9258861439312567,0.36627660647634414,0.3681549480480178,0.20380006052658123,0.5719550085745989,0.6217310602239483,boot495
C5,0.9156058462989155,0.3371490619262974,0.3371490619262974,0.18234540814042002,0.6287117718174898,1.0095477544440963,boot496
C5,0.9414093063929673,0.3445343315435271,0.3445343315435271,0.11915530501103218,0.5255765003974985,0.6410370672686537,boot497
C5,0.9437913299044818,0.05712390204275052,0.05896660856025861,-0.008292179328786366,0.5878233790850781,0.6768621238105716,boot498
C5,0.8972527209090474,0.022290263973495778,0.028105115444842503,0.0707473595680518,0.5407811868352453,0.3101254118051586,boot499
C5,0.8886204397197389,-0.23681064850935057,-0.2358320921105516,-0.3708728751448094,0.49025675579828354,0.6063475180645995,boot500
C5,0.8880831520425427,0.33486876050271003,0.3427019478828904,0.25555773827838396,0.8126931906937115,0.5081780312892004,boot501
C5,0.9169335091354304,0.32053910185416734,0.32053910185416734,0.04077864313529348,0.6524582901646957,0.7918643492551175,boot502
C5,0.9268884430551019,0.3002096656292814,0.30677675206492194,0.16136269527573874,0.6032337968738373,0.8068134763786937,boot503
C5,0.9315246678435379,0.4611420740856382,0.4704769338849426,0.28751368181857606,0.5983645131354132,0.6683759616301963,boot504
C5,0.9018858916209118,-0.05592146753515779,-0.04820816166823946,0.0269965705342141,0.4734041475821116,0.49268741224940726,boot505
C5,0.9081932972562421,0.18479115345108127,0.18479115345108127,0.11681098819187521,0.585012408075703,0.5955445463552983,boot506
C5,0.9266380436811646,0.09102564551728971,0.09102564551728971,-0.011260904600077079,0.5001718459867569,0.6334258837543356,boot507
C5,0.9068441064638784,0.1745182754534682,0.1745182754534682,0.17931273357032176,0.48807583629568857,0.7575243824628566,boot508
C5,0.9424801140282313,0.23065877052692307,0.239885121348,0.011994256067399999,0.5766469263173076,0.905105015547646,boot509
C5,0.9359733530717986,-0.07153678202417178,-0.06410438908659549,-0.20903605136933312,0.4831055409424588,0.7153678202417179,boot510
C5,0.9087631067039901,0.19807142111308343,0.19807142111308343,-0.05262767227642313,0.6181359325558062,0.6254484151497853,boot511
C5,0.8966708241389235,0.10570502144604992,0.10570502144604992,0.057216479498320594,0.36366406460796996,0.3879083355818345,boot512
C5,0.8742597033919044,0.13129120357523621,0.13129120357523621,0.02983890990346278,0.5122346200094444,0.6713754728279125,boot513
C5,0.9225147568631125,-0.15175908998578103,-0.14233305955188158,-0.2639288521491844,0.47695713995531186,0.8019102035455096,boot514
C5,0.87602013390021,0.01786736777767537,0.01786736777767537,-0.07841789191313078,0.5201389286389941,0.5856526104904705,boot515
C5,0.8939648954075498,0.048635311177117196,0.048635311177117196,-0.16438735177865613,0.6176684519493885,0.4231272072409196,boot516
C5,0.9162700843424585,0.4299093140871712,0.43180736845400197,0.30653578024317063,0.6595738924736954,0.6842485992424954,boot517
C5,0.941750253059722,0.243764433983907,0.243764433983907,0.12926901802176888,0.511535971314714,0.4718319157794563,boot518
C5,0.8854429152936616,-0.10213507957054746,-0.09526060306099138,-0.34568796162339144,0.7365510545952942,0.9339467372268331,boot519
C5,0.896829584152717,0.07756793332930285,0.0795071316625354,0.045571160830965414,0.5982426858022482,0.47219479414213106,boot520
C5,0.9344945798202537,0.1470220451939408,0.15539671865435514,0.050248040762486096,0.4922446956176879,0.822579037667365,boot521
C5,0.8693343820666601,0.06701779058446347,0.07501991483335461,0.15204036072893207,0.6321678156624017,0.8409546292465994,boot522
C5,0.9187664535539676,0.01798252326967912,0.024607663421666162,-0.11925252273576678,0.4505095303351189,0.5627860467163314,boot523
C5,0.8805606930789447,0.23305309096501936,0.23305309096501936,0.16392717415336108,0.6705213930730854,0.7170136623134343,boot524
C5,0.9108301368565611,0.3140947416486204,0.3160041321753597,0.22148930110176274,0.6425099122477856,0.7051785699635448,boot525
C5,0.8734877797913503,0.13638477553866332,0.14335334071217165,0.012941621036515498,0.7575825852914073,0.9069089818665862,boot526
C5,0.9186647860836858,0.3445454140892706,0.3445454140892706,0.16564683369676472,0.5092456944506252,0.8206617418005429,boot527
C5,0.8937521042758886,0.3356635453664837,0.3356635453664837,0.18874993565535603,0.760837369497363,0.6518683344798378,boot528
C5,0.8880831520425427,0.23107902771532035,0.23107902771532035,0.17330927078649028,0.4807618754585691,0.5287401481621736,boot529
C5,0.9148896018116625,0.1492220906873296,0.15682576409814894,0.1644294375089683,0.6177984646290716,0.6930354158135498,boot530
C5,0.9034042147420616,0.21368450037172676,0.21945975713853016,0.1828831309487751,0.5938889041862856,0.741157951739773,boot531
C5,0.859579531931773,0.10824301278064244,0.11026624666439276,0.13454505326939667,0.5270524267169598,0.8666383308358897,boot532
C5,0.9254846998364867,-0.028187344994842305,-0.026308188661852822,-0.14281588130720102,0.3983811425937712,0.5740822597282883,boot533
C5,0.8953990971088273,-0.07089381827001108,-0.07089381827001108,-0.25055623443373787,0.620563696911467,0.8711199313452047,boot534
C5,0.8572564217220648,-0.023330242262663732,-0.023330242262663732,-0.21098653872321982,0.6329596161696595,0.3671977260471422,boot535
C5,0.9332591252724827,0.11833238981344235,0.1257863986205883,0.12671814972148157,0.6708607926431377,0.6130922243877563,boot536
C5,0.8954521442635547,-0.2903561085487504,-0.2903561085487504,-0.38260972163280155,0.43213534549897636,0.6224691156513344,boot537
C5,0.9394568174482407,0.48223981118305087,0.49242145786829766,0.2730532520134357,0.6284852817529589,0.495768860279198,boot538
C5,0.9245803525506149,0.15800352680946872,0.1636465099098069,0.0037619887335587792,0.7476952607948073,0.7472897265043852,boot539
C5,0.8922069164820344,-0.024365570399857293,-0.015593965055908668,-0.03021330729582304,0.4327325303014656,0.554560382300752,boot540
C5,0.9042923157543709,0.08558217624935294,0.09808294356667414,0.15289400026569794,0.5500337619621334,,boot541
C5,0.8652062364318137,0.1195995318946366,0.12864487464297047,0.087438313233894,0.6050329260552205,0.8026974278061255,boot542
C5,0.9134542705971277,0.04569372740191757,0.04569372740191757,-0.07996402295335575,0.3674537245237538,0.33889514489755534,boot543
C5,0.9146847867119667,0.19678910441601322,0.19678910441601322,0.00665470401406808,0.606528737282205,0.6264928493244091,boot544
C5,0.9165253438854343,0.3026553561212815,0.3026553561212815,0.23529319221967962,0.586335454805492,0.7950632866132723,boot545
C5,0.9208464317552667,0.16525438748067114,0.171864562979898,0.004721553928019176,0.5873613086455854,0.8168288295473175,boot546
C5,0.9387717436441656,0.22508596925365093,0.22508596925365093,0.042608866607687014,0.6150497266848733,0.8688503669132698,boot547
C5,0.9274389106509979,0.21846042184056805,0.21846042184056805,0.24752597152751055,0.4341080485501416,0.5156791073489803,boot548
C5,0.917596122170455,-0.027482015992721664,-0.027482015992721664,-0.1478342929263648,0.44824115739852916,0.5411114183394506,boot549
C5,0.8355019998987392,0.0020815395235360143,0.0020815395235360143,-0.23313242663603362,0.59011645492246,0.4484442425075012,boot550
C5,0.9225147568631124,0.13762004433493186,0.14516086868205144,-0.05655618260339666,0.5382263377756582,0.6607647334163509,boot551
C5,0.8792515349381151,0.37383574450859247,0.37383574450859247,0.4470205198885815,0.6833875646969244,0.6705307798328722,boot552
C5,0.9030381075022655,0.10110796772312058,0.11073729798246539,-0.09051570443784127,0.44102332587799253,0.6923488456468924,boot553
C5,0.8652622230993142,-0.12059676627645807,-0.11356195491033133,-0.09245752081195119,0.5366556099302384,0.6588304946433837,boot554
C5,0.9341489411001436,0.24667884581372376,0.24667884581372376,0.02978763421146853,0.6488119076685489,0.6851155868637763,boot555
C5,0.9040312589345278,-0.051941258972031994,-0.04424625764284208,-0.2231550385465079,0.471318831412883,0.7329488766053405,boot556
C5,0.9063242986210176,-0.1218490807062366,-0.12088963912587251,-0.23122542086774028,0.47012637437839316,0.2916702404306766,boot557
C5,0.8983091440341044,0.25264857120336065,0.25264857120336065,0.22264050335928334,0.364936825071521,0.7463296873478585,boot558
C5,0.9281386895330412,0.21923260301963896,0.21923260301963896,0.19768409930403344,0.4506447950959246,0.5771251429918702,boot559
C5,0.9194775909048201,0.264800646886857,0.26669208007890594,0.0529601293773714,0.5598642248464977,0.7717047423559832,boot560
C5,0.9184105337408887,0.3171831518956344,0.3171831518956344,0.14580956833411252,0.5766105656848994,0.5216952737149091,boot561
C5,0.910262484601535,0.21302980926775839,0.21398509989227749,0.02483755623749649,0.418417293539364,0.6257153590600077,boot562
C5,0.8904968644476602,0.14159169061189886,0.14159169061189886,0.16698054548023933,0.6493687879787086,0.6948231673463114,boot563
C5,0.9406779661016949,0.4085859772816294,0.4085859772816294,0.26253035644339995,0.7404465334900115,0.7614458070082591,boot564
C5,0.8683886838868389,0.19226013055795046,0.19226013055795046,0.08110974257913536,0.6739118117994826,0.6218413597733712,boot565
C5,0.920086393088553,0.44608287405592967,0.44608287405592967,0.4026086956521738,0.7333904878546641,0.8318607936442334,boot566
C5,0.9164232544991989,0.24670582660551282,0.252399037988717,0.08919364500353155,0.4867695732639541,0.6101224865667105,boot567
C5,0.856858846918489,-0.13903157469988903,-0.13903157469988903,-0.12076465247654594,0.2932855845858973,0.5936749722586502,boot568
C5,0.897411313518696,0.11433853586027498,0.1211213303604608,-0.07945559271646227,0.6230481233742103,0.7528901895206243,boot569
C5,0.9214031138623148,0.1358985979323042,0.13684233819572297,-0.013212363687862909,0.5511443138365669,0.6304184959637444,boot570
C5,0.9110879651548149,0.4781669724273177,0.4791213975219831,0.35695498540482407,0.513480700929934,0.6661887160763827,boot571
C5,0.8415432658406367,0.14879495373213558,0.14879495373213558,0.028932352114581922,0.521815636352281,0.9276755914170719,boot572
C5,0.9224642773483249,0.30542009848300844,0.3139039901075364,0.29128027910879506,0.5363704815951599,0.4675566939739882,boot573
C5,0.8918866833686644,-0.1472208860997332,-0.13844613129908687,-0.27884220810942845,0.484561459546804,0.4865114050580587,boot574
C5,0.894974536369751,-0.14962776932341218,-0.14962776932341218,-0.34492115655721634,0.6529211752294349,0.6985867931398271,boot575
C5,0.8937521042758886,0.016539942815160063,0.016539942815160063,-0.08951027876439566,0.5691686204040375,0.4436596425713523,boot576
C5,0.9089701627057539,0.37022308645280744,0.37022308645280744,0.015306380835258187,0.7232264944659493,0.8686371124009022,boot577
C5,0.9525457691957373,0.15884207638005438,0.15884207638005438,-0.024647908403801537,0.5742049772589322,0.6901414353064431,boot578
C5,0.8875453446191052,-0.18223196303755476,-0.18125222130079371,-0.08523753109821111,0.4712557753820637,0.6299739367373534,boot579
C5,0.9224642773483249,0.10463466336917882,0.10557731799412637,0.006598582374632898,0.5816179035926426,0.8512171263276438,boot580
C5,0.9041879079517842,0.20099708128863172,0.20099708128863172,0.01923417045824227,0.5751016967014437,0.5645229029494105,boot581
C5,0.8847944142746315,0.21424775556106207,0.21621333130015438,0.2653527247774622,0.4766521167298858,0.8068688408973943,boot582
C5,0.9324669296820608,0.4811920271820287,0.4811920271820287,0.30960417252797195,0.686351418616227,0.7646850044365572,boot583
C5,0.8645339652448657,0.07945974933958329,0.07945974933958329,-0.07543647089200944,0.5833753748982065,0.7614054462033487,boot584
C5,0.8960353268695401,-0.007763669054694851,-0.006793210422857995,-0.08734127686531706,0.566747840992724,0.4347654670629117,boot585
C5,0.9406779661016949,0.48993341167254206,0.48993341167254206,0.13403838621229927,0.7395221308264786,0.8745982126343628,boot586
C5,0.8650942465212671,0.573951036117807,0.573951036117807,0.41111378944340277,0.7267366008987294,0.84735678362051,boot587
C5,0.8775012201073694,0.09314987667456592,0.09909561348358077,-0.0505387628766262,0.5281796198674856,0.8033733587435886,boot588
C5,0.862849797290616,0.3355916850192827,0.3355916850192827,0.16326081973911052,0.5774595661142612,0.46156453975625067,boot589
C5,0.8943370829727911,0.03500285118674805,0.04472586540528918,-0.14876211754367924,0.5542118104568441,0.7292260663905845,boot590
C5,0.8658217860841264,0.40273374703467263,0.40273374703467263,0.21492524155965073,0.6759097549983407,0.5832748723669144,boot591
C5,0.9010463949543696,0.14572429184707675,0.1534447841303656,-0.16213033794906553,0.5471898905780961,0.7035298593146951,boot592
C5,0.9536893822218178,0.42945347303451875,0.42945347303451875,0.2525660552665854,0.37109886098736544,0.757698165799756,boot593
C5,0.8874377206984956,0.14207978045208292,0.14207978045208292,0.06859023883893657,0.5977149384535901,0.9240085032159598,boot594
C5,0.9338525008111992,0.518655596752403,0.518655596752403,0.4674418484195805,0.741202612235032,0.5708005041458224,boot595
C5,0.8943370829727911,0.013612219905957576,0.013612219905957576,-0.03694745403045628,0.5940761687528628,0.6913063109382739,boot596
C5,0.8478108405971345,0.12410479586488958,0.12410479586488958,-0.02461582727898636,0.5743693031763485,0.7497570725391263,boot597
C5,0.8986256763874922,0.23223869254757679,0.233206353766525,0.1828879703812167,0.589305682339476,0.5844673762447348,boot598
C5,0.8993108728943338,0.3471256964110537,0.3471256964110537,0.1982194088141115,0.4708919614266941,0.5559812686249468,boot599
C5,0.8934860001924371,0.07104561331223254,0.07688497878995028,0.00778582063695699,0.5849097753513939,0.7046167676446077,boot600
C5,0.8845239827343712,-0.037357357070998444,-0.0363742687270248,0.06881618407815503,0.6419566886147889,0.9427817218707236,boot601
C5,0.8812685441898924,0.21115806044433352,0.22003853962189895,0.1697158242823615,0.6887304962156298,0.6393945007847109,boot602
C5,0.9100559188702493,0.027709716272877934,0.03630928339204694,0.03822029830741784,0.6029252057995164,0.7548508915715023,boot603
C5,0.8915128439924815,0.09461201445984758,0.1072919751606519,-0.015606105477913005,0.6583825748494548,0.7029152615809717,boot604
C5,0.9032473415669257,0.25704356089297764,0.25704356089297764,0.1723250838945431,0.7152935046572373,0.5785886895006725,boot605
C5,0.9067921479157754,0.5513942761295733,0.5513942761295733,0.3768660009024736,0.7374299101628553,0.9464802618085023,boot606
C5,0.9026717557251908,0.021193124368048533,0.02215644820295983,-0.08091920213254894,0.5356080522106812,0.7205662285136503,boot607
C5,0.9119121960450374,0.3308861661719462,0.33279329104901784,0.08677418190676398,0.4758276568293981,0.22504073549446482,boot608
C5,0.9146847867119667,0.14355147230346857,0.14545281630748802,0.09221518419494339,0.6103314252902438,0.522869601105349,boot609
C5,0.9370551807006192,0.1865232830418486,0.1865232830418486,0.0037119061301860413,0.44078885295959236,0.638447854391999,boot610
C5,0.9427717766030798,0.32651177580395563,0.32651177580395563,0.08024441947724334,0.594915523710597,0.8319593835456722,boot611
C5,0.9161679468451062,0.3265017465549706,0.3265017465549706,0.22114798531194232,0.6900196794926269,0.4860617649847428,boot612
C5,0.8909783499686579,0.1659143423201269,0.17274610935683798,0.0029279001585904747,0.8051725436123806,0.9867023534449898,boot613
C5,0.9193252830897899,0.39632090271944675,0.39632090271944675,0.4568567923949709,0.724538929553929,0.6290057286597426,boot614
C5,0.90309042350248,0.2599768556786245,0.2599768556786245,-0.002888631729762495,0.502621920978674,0.4698840947080324,boot615
C5,0.9335064453306129,0.10805449252325955,0.10898599676914969,0.055890254753410105,0.6036147513368292,0.9389562798572897,boot616
C5,0.9037178265014298,0.5378747018895615,0.5378747018895615,0.36756374977068423,0.5879095578792882,0.8736855622821502,boot617
C5,0.8594664286422692,0.02124675142235021,0.022258501490081177,-0.22056151476534983,0.6070500406385774,0.7173307980212524,boot618
C5,0.943063278341988,0.06731071215196416,0.06731071215196416,-0.011986839150349782,0.49791485701452937,0.4711749850637491,boot619
C5,0.9268884430551019,-0.014072328076372567,-0.014072328076372567,-0.37901470285696776,0.4690776025457522,0.6848532997167982,boot620
C5,0.9041879079517842,0.2154227091323134,0.2154227091323134,0.093285726722475,0.670310840469743,0.4992352645959735,boot621
C5,0.8685000245978254,0.3284022835076174,0.33641209530048616,0.317388792292423,0.6938499465572527,0.6828364553420584,boot622
C5,0.8652062364318136,0.03819144715963187,0.03819144715963187,-0.028141066328149795,0.4532721754998413,0.7829246667724532,boot623
C5,0.92783889614022,0.26710034251363063,0.26710034251363063,0.061854816161051304,0.6813401719558226,0.7872431147770167,boot624
C5,0.8882443928847641,-0.10670780413015085,-0.10670780413015085,-0.2202684030209536,0.4454316594423728,0.5268538372813523,boot625
C5,0.8904968644476605,0.20896980545480234,0.20896980545480234,0.026365349286353562,0.4999651420227047,0.9559880352348201,boot626
C5,0.9301330356312215,0.17762769945293402,0.17762769945293402,0.08226967132556946,0.5637342251058908,0.6600271358619549,boot627
C5,0.9186139451784286,0.1344180126131018,0.1344180126131018,-0.07667506353282566,0.6351724398830373,0.7816296949326813,boot628
C5,0.946500549651887,0.3399249271995825,0.3463559393357909,0.07257856553720816,0.7202733592553318,0.887479674796748,boot629
C5,0.8858748304592133,0.244415725208262,0.24834208223972004,0.2954583666172163,0.41226748830309257,0.6666440444642453,boot630
C5,0.9149919803755071,0.05226940561478386,0.058921875420301806,-0.022808467904632958,0.6291335730361258,0.6063251051314928,boot631
C5,0.8851187590887056,0.12182103909709986,0.13066288870898615,-0.04027953712081527,0.5246164103052526,0.7368208009905235,boot632
C5,0.9323182619998143,0.286336257284622,0.286336257284622,0.01492306226890538,0.7536146445797217,1.0110374687183394,boot633
C5,0.9016236867239732,-0.04822218128224023,-0.04822218128224023,-0.04725773765659544,0.4224263080324245,0.4822218128224024,boot634
C5,0.9078822412155746,0.15707840640349277,0.15707840640349277,0.019155903219938146,0.4875177369474258,0.5708459159541567,boot635
C5,0.9240269461077844,0.3557208516033599,0.3557208516033599,0.28325919664711996,0.6606244386919541,0.7180291263845597,boot636
C5,0.8696677806172596,0.19397712084283356,0.19397712084283356,0.045994575045207965,0.4299492884660744,0.3872912811979842,boot637
C5,0.9044488901590931,0.16632756615161975,0.17594187633379432,0.04038010276513312,0.5441699563110797,0.6681945576611314,boot638
C5,0.907778516478298,0.20115996615628157,0.20115996615628157,0.20211787075702572,0.42626754733116806,0.9559887915427094,boot639
C5,0.8765691398427196,0.404740017152908,0.404740017152908,0.3233952097839412,0.7668236109294065,1.0634345548723465,boot640
C5,0.9079859462539169,0.2901787874103107,0.2901787874103107,0.15801815156007018,0.5506693160426689,0.8169059592772115,boot641
C5,0.9203398582359291,0.4298979017071083,0.4355668850263229,0.3495873046849012,0.6443744372840613,0.8371198701373581,boot642
C5,0.9136595503495181,0.1427608156219657,0.14847124824684432,-0.06186302010285181,0.4720624303232999,0.42162027547020536,boot643
C5,0.9186647860836858,0.281126340616795,0.281126340616795,0.26787459392105384,0.7023425748742824,0.7667082016821681,boot644
C5,0.8790330441563504,0.07023527823579895,0.07221373677765242,-0.12464288813676994,0.7379650361113521,0.7534619036845269,boot645
C5,0.9333085984602542,0.26180818058472255,0.26180818058472255,0.19006714889424695,0.48914339788960615,0.7518832801845947,boot646
C5,0.8898542330340766,0.2530947012933108,0.2530947012933108,0.13973954550171214,0.7114013225541709,0.7065153244597056,boot647
C5,0.9069999524782588,0.3202147715830861,0.3202147715830861,0.22625953920242012,0.6222137328066554,0.6452231774713082,boot648
C5,0.917596122170455,0.19995535774014722,0.19995535774014722,-0.0018953114477739076,0.7315902188407283,0.6861027440941546,boot649
C5,0.8657099176406766,0.2139485612098815,0.2159574678879086,0.33548741523051845,0.6689659237830099,0.6615057697938295,boot650
C5,0.8674971687429217,-0.16138381201044388,-0.15236235668066753,-0.2736508116698831,0.4891633556589851,0.797897604722443,boot651
C5,0.941263119130915,0.1321074028713343,0.13765037082397769,-0.03972460366061101,0.4637616520378309,0.4656093080220453,boot652
C5,0.8954521442635546,0.023306175937023447,0.032045991913407235,-0.13303942097384217,0.5972207583862259,0.7894967098666692,boot653
C5,0.9409706234459895,0.24211817168338906,0.24951109295616428,0.14138961934182645,0.5877372411856314,0.45836111891206477,boot654
C5,0.9118092354277062,-0.04863717580811089,-0.04672983558034184,-0.11253307343837421,0.48541808796722435,0.6313296153915571,boot655
C5,0.8498274741211181,0.04092902354283609,0.04092902354283609,-0.11767094268565376,0.6098424507882577,0.9001226052493996,boot656
C5,0.9205932044302609,0.17191183771898713,0.17191183771898713,0.0009445705369175118,0.590356585573445,0.8378340662458329,boot657
C5,0.9239262655562832,0.3736417116537943,0.3736417116537943,0.10446909318279893,0.6136382770737377,0.947751142658365,boot658
C5,0.9202891747253779,0.22110252566024674,0.22110252566024674,-0.06047248565066579,0.599055560976908,0.6330713341554075,boot659
C5,0.9042923157543709,0.175010742442497,0.18270352233007928,0.13654684300458558,0.8288970328869913,0.9615974859477858,boot660
C5,0.9194775909048201,0.06620016172171425,0.06620016172171425,0.1049745421587183,0.5939100223033793,0.5882357227272323,boot661
C5,0.9099009431726622,0.31441549617940273,0.31441549617940273,-0.03918247824728118,0.6345650135657246,0.995808349601634,boot662
C5,0.8804517133956387,0.27456262138722765,0.2804884333596139,0.2923400573043863,0.6597403995923311,0.7324749905333054,boot663
C5,0.9383308714918759,0.2798679054805537,0.2863549099122221,0.2761610458053146,0.4411163013534555,0.6802087504063788,boot664
C5,0.9484752891692955,0.35663646004048966,0.35663646004048966,0.20169671261930008,0.560166779138147,0.6931032488190494,boot665
C5,0.9401410073268512,0.08324375700592013,0.08324375700592013,-0.131340149942674,0.47726420683394216,0.8352123619593986,boot666
C5,0.9092805994214443,0.3098483907102463,0.3098483907102463,0.07746209767756157,0.5843128602591372,0.790878454065968,boot667
C5,0.9137108581684219,0.49773142633686784,0.49773142633686784,0.4748909784743729,0.5729145672175802,0.4777460344571848,boot668
C5,0.9008888464111631,0.15926300058118617,0.15926300058118617,-0.07818365483076413,0.609060323434718,0.628364929565771,boot669
C5,0.8587307100679799,0.11442570809822177,0.11442570809822177,0.031391123460574114,0.6298477029831323,0.5079378015073414,boot670
C5,0.8955051863234729,0.0417544252326861,0.0417544252326861,0.13206050771268163,0.4117180534571838,0.6933176654915785,boot671
C5,0.8321909113988322,0.24555402286654107,0.24555402286654107,0.29675464891105396,0.7168087646231797,1.0020693954426079,boot672
C5,0.9182579249365065,0.333334402251855,0.333334402251855,0.15151563738720683,0.6600399953680196,0.5435623491266044,boot673
C5,0.8850106651153771,0.20830011812673854,0.20928266585375144,0.10021986815531761,0.7035041725412492,0.8184622566017605,boot674
C5,0.9334569904938559,0.3307015270308213,0.3307015270308213,0.2319568457202099,0.633456446143545,0.9408691332426183,boot675
C5,0.9155035835533761,0.35713297862811477,0.35713297862811477,0.02374554379176295,0.6886207699611256,0.7218645312695937,boot676
C5,0.9301827991999628,0.25053514047056874,0.25240480569796103,-0.06637311557242681,0.6113805293572835,0.5824007183327027,boot677
C5,0.926988570095638,0.5618942692720071,0.5618942692720071,0.2429559528237894,0.6360005251526224,0.6585138180783789,boot678
C5,0.9188681019084327,0.11640029892972482,0.11640029892972482,0.07476116760527042,0.6264796576542914,0.35582530404533763,boot679
C5,0.9359733530717986,0.36790345041002626,0.36790345041002626,0.18859697079099833,0.5434937335602661,0.8612285316416524,boot680
C5,0.8778298204527712,0.013868192626674658,0.013868192626674658,-0.19613586714868442,0.6250592533879792,0.6676544164556228,boot681
C5,0.8771724272603006,0.01586124124046614,0.01586124124046614,-0.05650567191916064,0.5987618568275969,0.2717194303267024,boot682
C5,0.9359733530717986,0.23319132841645604,0.23319132841645604,0.027871473515911082,0.6001657297092853,0.795266044320663,boot683
C5,0.9415067421418382,0.3574289211831663,0.3574289211831663,0.06372763711017694,0.672372750959548,0.7441126753024356,boot684
C5,0.9012563894329527,0.2730487788015247,0.27401361547573505,0.11481556423102982,0.6232844915398761,0.5026799072635842,boot685
C5,0.9114487197690377,0.1764987560223419,0.1764987560223419,0.01526475727760795,0.49992080084166035,0.8691204733314565,boot686
C5,0.911654757961482,-0.24990390821406486,-0.24990390821406486,-0.30808764256924787,0.4969463212959076,0.816479944394044,boot687
C5,0.9337536507347828,0.09498827887218142,0.10150708232419386,0.04283785125608182,0.4348973160128306,0.5671359003250831,boot688
C5,0.9125295508274232,0.07528046857400314,0.07718630322144628,0.09052714575354807,0.42214237440865054,0.5103981950453238,boot689
C5,0.9225147568631125,0.0744656404278056,0.0744656404278056,-0.009426030433899444,0.5146612616909095,0.5363411316888783,boot690
C5,0.9351358859206444,0.3793915023872359,0.38125126465384,0.26873564752429213,0.5616482045144374,0.8434021879049584,boot691
C5,0.9193252830897899,-0.0009458732761800639,-0.0009458732761800639,-0.15039385091263016,0.549552373460617,0.7639843571933642,boot692
C5,0.9260867535135641,0.2450704762572832,0.25164324765115675,0.0666666812807169,0.6572771393873497,0.7549297429534703,boot693
C5,0.9346919870310328,0.27537553324427977,0.27537553324427977,0.12838453914767095,0.44841556426940143,0.9275317792045503,boot694
C5,0.9502989366071836,-0.08692916772811364,-0.07960881676153567,-0.39804408380767825,0.5426210153975937,0.5453661470100604,boot695
C5,0.8648702003750863,0.26744400226273535,0.26744400226273535,0.2724711451624108,0.5791268620426148,0.581137719202485,boot696
C5,0.9334075310703024,0.1965682242344646,0.1965682242344646,0.12017678164097602,0.5049288034837907,0.6055419229971659,boot697
C5,0.9223128104207665,0.14519265260684025,0.14519265260684025,-0.033941139570430184,0.38749467676241134,0.5374013765318113,boot698
C5,0.8880831520425427,0.0714778348441457,0.08126931906937115,0.08910250644955149,0.6481962557099241,0.7947517357771793,boot699
C5,0.9067401844281776,0.19947231668292503,0.20522632581800943,0.16303025882739064,0.5763599150309516,0.6166379789765423,boot700
C5,0.8751956181533646,0.32489630910963835,0.32489630910963835,0.24044314007502285,0.6776124856659735,0.7153680200579192,boot701
C5,0.8784864443144139,0.001979689551316704,0.001979689551316704,-0.11680168352768551,0.53451617885551,0.5790591937601358,boot702
C5,0.8532681856708382,0.3729904324453409,0.3780859301563428,0.14573123453465506,0.7500572630594834,0.6685292996834524,boot703
C5,0.8308849692471916,0.020931061448353275,0.021977614520770936,-0.04186212289670655,0.5358351730778438,0.5457289041070749,boot704
C5,0.9401898442539859,0.18590140040742223,0.1877511655856055,0.13040844506192303,0.5771267355931913,0.7944741440297298,boot705
C5,0.9074153246876632,0.22423939218747863,0.22423939218747863,0.02491548802083096,0.45997824038457163,0.783879584655374,boot706
C5,0.9187664535539676,-0.004732242965705032,-0.004732242965705032,-0.20916513908416234,0.6814429870615245,0.6295251826179318,boot707
C5,0.9261368942011392,0.08544140210596456,0.09389165066589511,-0.15398230709206798,0.7858731160735422,0.7652169529270451,boot708
C5,0.8799610421232044,0.19269627776040033,0.20158995211857267,0.037551069512283146,0.6284863213108443,0.8567572965039337,boot709
C5,0.8640853417621494,0.155982982445677,0.155982982445677,0.06742490208942167,0.43775869267012574,0.7960163813840678,boot710
C5,0.8941244350418309,0.19645159781907282,0.19645159781907282,0.10211592955941905,0.3189907132903756,0.420134110187324,boot711
C5,0.8936456780027899,-0.11287422711294799,-0.11190117343093982,-0.27634724569032093,0.5273950956484293,0.46317355263588994,boot712
C5,0.9360717920251642,0.14770327526491744,0.15327698376548035,-0.10775836434421651,0.5025627164674235,0.6539817973993829,boot713
C5,0.8590137910506993,0.5840873984352246,0.5840873984352246,0.546632920545964,0.7237824781303043,0.788568602046863,boot714
C5,0.8863064110013558,0.15697780480389176,0.15697780480389176,0.03237667224080267,0.6426278884159319,0.9369612724232288,boot715
C5,0.9001530221882174,0.17581551765553685,0.17581551765553685,0.09370387479443447,0.7148543025554793,0.5284125722943881,boot716
C5,0.9189189189189189,0.21007672634271102,0.21007672634271102,0.11355498721227622,0.4769309462915601,0.5885933503836317,boot717
C5,0.925082955554517,0.5141724545426588,0.5188723855713853,0.3195953099533894,0.7736086473283514,0.7783085783570778,boot718
C5,0.9413118527042577,0.36581694482831933,0.36581694482831933,0.17736579143191242,0.4609663016902307,0.6050760072286595,boot719
C5,0.9042923157543709,0.15385559775164573,0.15385559775164573,-0.0740430064179795,0.49137631531931847,0.619268780950374,boot720
C5,0.9363669996300407,0.19780427052376612,0.1987329290708261,-0.025073780770618243,0.542336591483002,0.5116908594300241,boot721
C5,0.8884055869701803,0.39151722147847834,0.39151722147847834,0.3729201534582507,0.6567701390301476,0.7115825500371344,boot722
C5,0.8813773649141579,0.14601651607702384,0.14996290840342988,-0.1183917697921815,0.5830794662264939,0.8090104269132402,boot723
C5,0.9329126844205252,-0.05685792373357779,-0.054993729512804755,-0.2796291331159564,0.40266595168697716,0.7233073576599406,boot724
C5,0.8930066900900032,0.3661299801753753,0.36710373012265024,0.22883123760960955,0.5297199713175643,0.48784872358474207,boot725
C5,0.9136082376836238,0.1646600549378914,0.17132260051341303,0.017132260051341303,0.39213839673070094,0.7005190776548444,boot726
C5,0.9118607181719259,0.18881602158348032,0.19453771920722215,-0.04481996471931098,0.7390526097333194,0.9288222475874235,boot727
C5,0.8971998465669352,-0.14344145584326262,-0.14344145584326262,-0.3518192464263806,0.3847720133092922,0.7191456772682491,boot728
C5,0.9369569236457755,0.08167049861020555,0.08167049861020555,-0.12250574791530831,0.4686772931608386,0.7953592876016609,boot729
C5,0.8703339882121808,0.05095495141819609,0.05095495141819609,0.056949651585042685,0.5724938659338501,0.9591520266954559,boot730
C5,0.9035087719298245,-0.11356690586745462,-0.11356690586745462,-0.22039679189531447,0.509126213592233,0.6146460857528339,boot731
C5,0.9196298557940721,0.25341008319009356,0.25341008319009356,0.12197724153553012,0.5484248069039338,0.5919205674514871,boot732
C5,0.9174942344801618,0.15258951472247873,0.15258951472247873,0.11467907628211134,0.45966406608945454,0.7582087688073476,boot733
C5,0.859296731637157,0.09107548845916416,0.09107548845916416,-0.030358496153054724,0.42704284588630304,0.8571215413879115,boot734
C5,0.8702230081540426,-0.3107649189629615,-0.30976567485054035,-0.2468132957680112,0.5975479792278166,0.7324241504215332,boot735
C5,0.9081414668882032,0.14362826427873357,0.15320348189731584,0.2202300052273915,0.47205822859610447,0.6999484079183617,boot736
C5,0.9420423183072676,0.27045771059782614,0.27599609375,0.13015200407608696,0.7089130434782609,0.9230638586956522,boot737
C5,0.9180543795277072,0.5001124606788632,0.5010596433695429,0.4006582781574984,0.6440842296621724,0.6459785950435317,boot738
C5,0.8800701173491745,0.259860717533233,0.259860717533233,0.2272546198959832,0.5444230241855945,0.7657492626929868,boot739
C5,0.9390654550486646,0.21760764916686953,0.21760764916686953,0.25094328903924107,0.5055905380643012,0.8685786166745686,boot740
C5,0.940921858451904,0.25414483958960127,0.25414483958960127,0.0840988378278317,0.5369387338238485,0.6829564962062377,boot741
C5,0.9206945096198966,0.3447303106856358,0.3447303106856358,0.09539112706643621,0.6157922262110535,0.6989052874174533,boot742
C5,0.9058039961941008,0.0038399707709170622,0.0038399707709170622,-0.14399890390938982,0.7017546583850931,0.5913554987212276,boot743
C5,0.9283384586711397,0.5535837050356571,0.5535837050356571,0.4074600874627933,0.7203144994457197,0.8814251547183644,boot744
C5,0.9265378512088117,0.14171503911554195,0.14171503911554195,-0.10135910082436111,0.585630360318531,0.6353714005378933,boot745
C5,0.8501724741288808,-0.10330384672417406,-0.09409855345172291,-0.09921260526975131,0.6136862181634102,0.7085942717544401,boot746
C5,0.902200372297265,0.06457641933450796,0.06457641933450796,0.06746790079724713,0.5368517249152378,0.5773324653935861,boot747
C5,0.9467899990841651,0.2314456584824245,0.23787470455138074,0.05326923885706596,0.6649470505606164,0.6695392263241566,boot748
C5,0.915656970439866,0.21462375701244216,0.21652308229573813,0.21747274493738608,0.628676668770959,0.4754095132751283,boot749
C5,0.9343958487768718,0.11725781694634632,0.12377214011003224,-0.019542969491057723,0.5174233827156235,0.6123463773864752,boot750
C5,0.8661013606783672,0.39959174784192597,0.39959174784192597,0.26103983527362,0.7610315197592461,0.4649527943437399,boot751
C5,0.889800646811797,-0.07915793595011109,-0.07915793595011109,-0.3215180361430438,0.43292550155431125,0.692876254180602,boot752
C5,0.9174942344801618,0.5459103135412903,0.5468580745022995,0.374365579598628,0.6710147603945027,0.7951714462867059,boot753
C5,0.9251331900177587,0.22182469888515022,0.22182469888515022,0.0009399351647675858,0.6006185702864874,0.8948182768587416,boot754
C5,0.9058560487131916,0.5030072654041637,0.5049271404629583,0.39261444952347885,0.7065140216363828,0.789068649164547,boot755
C5,0.9128379655889581,0.03334083786607111,0.03334083786607111,-0.3172142574114765,0.6163292028385144,0.8008305189879232,boot756
C5,0.9078822412155744,0.11014644351464437,0.11014644351464437,0.08907494997271238,0.43675459341458983,0.786349827178461,boot757
C5,0.941165638523156,0.33815606577458684,0.3390799894515666,0.14597994096279976,0.5866915348821383,0.8269116908968722,boot758
C5,0.9211501477555233,0.22561586453946866,0.22655986397268824,0.05852796485961113,0.7070555754814313,0.5324156803358173,boot759
C5,0.9181561618062088,0.19699215965787595,0.19699215965787595,0.06724251603706344,0.50573948681397,0.737773521026372,boot760
C5,0.936317809739629,0.21824622362334586,0.22010363829248078,0.08451236744563607,0.5210048146923278,0.735536208977404,boot761
C5,0.8957173036297292,-0.05727738832127675,-0.056306585129390706,-0.023299276605265117,0.5562702289507047,0.5485038034156163,boot762
C5,0.8920468230646947,0.1988587367402809,0.20080833219851896,0.21835469132266142,0.46985250543536955,0.9367806176833822,boot763
C5,0.8472911341652883,0.1364963815264969,0.1364963815264969,0.08005050946666735,0.751243242687186,0.5439329489401756,boot764
C5,0.9375952699893759,0.2810149211530799,0.2810149211530799,0.17992374489669147,0.5842884499222455,0.5017461133459281,boot765
C5,0.8910318225650915,-0.20103707886316582,-0.19518162996423866,-0.3874355354790137,0.4625804630152457,0.5591953698475437,boot766
C5,0.9039790326423637,0.22316793105819255,0.22893951548211128,-0.029819852856913655,0.573310719442598,0.39439160230111614,boot767
C5,0.9293361884368306,0.48936285313564426,0.48936285313564426,0.39953716690042085,0.7401262272089763,0.763518332999399,boot768
C5,0.8462503135189365,0.0030826525089559546,0.010275508363186516,-0.05446019432488852,0.5456294940852039,0.4401239918028212,boot769
C5,0.9213019416565049,0.38697599886678535,0.38697599886678535,0.2888162333005764,0.6635222614715856,0.7352543978468921,boot770
C5,0.8477531185812335,-0.08000688581368219,-0.08000688581368219,0.029746149853804926,0.5118389233465054,0.5231219457048452,boot771
C5,0.865989547381915,0.051210578951016404,0.05723535294525363,-0.03012386997118612,0.7169481053142296,0.9358482271048488,boot772
C5,0.9210995402945868,0.13688743833420422,0.14443984872505689,-0.04531446234511588,0.6778288325790249,0.6882133968664474,boot773
C5,0.8928468277654761,0.14511471997449624,0.14511471997449624,0.012661015836701013,0.6330507918350508,0.7070690382649951,boot774
C5,0.950203112875987,0.37612095719841104,0.37612095719841104,0.19492399971596483,0.729363510674291,0.9068999235611322,boot775
C5,0.91851224902431,0.20732960590453212,0.20732960590453212,0.07668355286879955,0.5273177647891524,0.6276690808890629,boot776
C5,0.8729909839278712,-0.1464231467562133,-0.14542707092793972,-0.14243884344311905,0.6155748618730599,0.2689404736338611,boot777
C5,0.921200750469043,0.2529779509430621,0.2529779509430621,0.06607633047020278,0.7863083325954131,0.8677332052889826,boot778
C5,0.887114723956065,0.14801281534426416,0.14997324998458558,0.09214042809510484,0.5979325652980209,0.43678177901541776,boot779
C5,0.8414849141187729,0.015500549138815005,0.022734138736928675,-0.04650164741644502,0.38544698858519977,0.8855980407976307,boot780
C5,0.8980980213673166,0.22559753037169666,0.23431159806845747,0.1587896780298637,0.7097124024139643,0.7387592947365001,boot781
C5,0.927038626609442,0.10974637681159417,0.11912640901771336,0.13225845410628018,0.526219806763285,0.850768921095008,boot782
C5,0.9146335708555519,-0.05228988797315303,-0.05228988797315303,-0.15591893868358356,0.4601510141637467,0.7082903007272547,boot783
C5,0.906480292873104,0.22542997094760076,0.22638924741971822,0.09496837073962756,0.6427152363186917,0.957231380031432,boot784
C5,0.8794699405631882,0.12260349328991607,0.12260349328991607,0.055369319550284686,0.5902764959199992,0.46668426478097086,boot785
C5,0.9300334946036471,0.3842778850670703,0.3842778850670703,0.2917145988830315,0.4515966386554622,0.42354715799363224,boot786
C5,0.9480424442005122,0.3008487574043931,0.3008487574043931,0.16143104055845486,0.520064772708204,0.4485214706425252,boot787
C5,0.8599752168525403,0.08999248214509459,0.08999248214509459,-0.021234181180303218,0.3832264127302343,0.6087131938353589,boot788
C5,0.9105721864342554,0.06016283992835042,0.06016283992835042,-0.10886609129891982,0.5376456965025601,0.6551064792198158,boot789
C5,0.9151966795585321,0.15202244270567253,0.15202244270567253,0.05415799521389584,0.5349289702705852,0.8180707698099002,boot790
C5,0.9475129272868714,0.053228595786140545,0.05965273665688164,-0.05047539255582292,0.5047539255582292,0.5249440825805584,boot791
C5,0.8964061225469028,0.15908938154838645,0.15908938154838645,0.28907704695987296,0.35989122289299624,0.6683694139441358,boot792
C5,0.9006787114042634,0.18054017885983778,0.18054017885983778,0.08882190617703249,0.6719570293392892,0.8100171661144593,boot793
C5,0.8748104300181009,0.24154301386383195,0.24154301386383195,0.19880083445582875,0.5546543281317623,0.8227173235976958,boot794
C5,0.8885667343191261,-0.10569047866756202,-0.09688293877859852,-0.0861181678031987,0.5793404015851549,0.738854735129716,boot795
C5,0.8805606930789447,-0.33377942689057855,-0.3327919137932692,-0.29329138990089304,0.5273319939632218,0.8551863422699439,boot796
C5,0.8988893144389122,0.0619121542765047,0.06868379615049741,0.020314925621978105,0.6810336970415517,0.7619889095079668,boot797
C5,0.9383798753750288,0.2724399580829359,0.27892662375157723,0.016679997433649136,0.566193246219979,0.6477399003400416,boot798
C5,0.9257356375525456,0.24140613346202774,0.24140613346202774,0.1794107840126354,0.6049243188698283,0.6058636423463342,boot799
C5,0.9217570671792227,0.23112757780401835,0.23112757780401835,0.10660169915042478,0.5528194309924683,0.7138146471493654,boot800
C5,0.9096942403413132,0.2284570768289643,0.2303688515304619,0.23897183768720118,0.4922819856356344,0.5448557899268186,boot801
C5,0.909177140147024,0.2831035812297294,0.2831035812297294,0.24580277154067717,0.5049955773287065,0.5642943004241228,boot802
C5,0.915656970439866,0.1699896128549874,0.1699896128549874,-0.014244939624719614,0.4254488634582925,0.5830928619718563,boot803
C5,0.8654861145365756,-0.006028278463070984,-0.006028278463070984,-0.006028278463070984,0.49532354704899917,0.7465018163436233,boot804
C5,0.9420909801757047,0.2501373846813533,0.2510604008609893,0.10245479593959492,0.5842692417095817,0.6202668727153854,boot805
C5,0.8622310165718525,-0.0231956397016638,-0.014119085035795356,-0.017144603257751502,0.6605714784604255,1.0538888473147245,boot806
C5,0.9435487575214735,0.2921440696261742,0.2921440696261742,0.06911925937527778,0.4967370773769964,0.7658413938780779,boot807
C5,0.9108301368565609,0.13652142266186237,0.13652142266186237,0.10024300265381504,0.5737718532851699,0.8764102517733543,boot808
C5,0.9191729323308271,0.3557072997243709,0.35665332977682934,0.3017835867342403,0.6272179247799412,0.8542651373699652,boot809
C5,0.8735981193985993,-0.055741480084041395,-0.055741480084041395,-0.13537216591838624,0.5713501708614243,0.6977638846234466,boot810
C5,0.9186139451784286,0.20446683608753508,0.20446683608753508,-0.012305874394157205,0.4875019471531508,0.9087414937223782,boot811
C5,0.9411656385231564,0.14136032257790102,0.14690386463977947,0.06190288635764292,0.6864752919959505,0.7493021020305733,boot812
C5,0.9215548365921131,0.11134301679932396,0.12077886568062261,0.11983528079249274,0.6161609319488013,0.38865922075466663,boot813
C5,0.9126323751891074,0.46020721094073763,0.46020721094073763,0.3830296041370115,0.7879738373664389,0.6002702751400926,boot814
C5,0.908296943231441,0.2690175585284281,0.27954849498327755,0.24412625418060202,0.6069648829431439,0.39764944430209304,boot815
C5,0.9018858916209118,0.10605795567012682,0.11280709830368033,-0.12919787327088178,0.5784979400188734,,boot816
C5,0.8870608729313847,-0.034309688925993044,-0.03234913527307915,-0.20291730307658742,0.5891463727006233,0.7643005461926141,boot817
C5,0.9107269713473833,0.13749169097198669,0.13749169097198669,-0.0391469397906351,0.5747916525356667,0.6874584548599335,boot818
C5,0.9137621611410219,0.09992134902158184,0.09992134902158184,-0.047581594772181816,0.46344473308105094,0.6918363879875237,boot819
C5,0.910520581687272,0.03629075380112461,0.03629075380112461,-0.14611803504137016,0.4937452556626691,0.512845652400103,boot820
C5,0.9375952699893759,0.24298979980893382,0.24298979980893382,0.025968375552099802,0.6825973002266233,0.9051833763874786,boot821
C5,0.9355794150314698,0.03253041069492954,0.03253041069492954,-0.1022384336126357,0.5762529894530375,0.5176982502021643,boot822
C5,0.9165763813651137,0.2950488231061774,0.2969462431904615,0.18120361804913146,0.5417134340631103,0.8974796998663789,boot823
C5,0.9191221391982705,-0.0813630806030669,-0.07568658660750412,-0.25922655913070153,0.42289880266942925,0.6717184561415989,boot824
C5,0.8589571860891998,-0.1974082295804852,-0.18930943041820894,-0.037456946125527975,0.6155087363330002,0.5112366971186925,boot825
C5,0.9217570671792227,0.07169671801267508,0.07169671801267508,-0.0566026721152698,0.4896131137970837,0.6254595268737312,boot826
C5,0.9445668135095447,0.09021848966694267,0.09021848966694267,0.06352118150019433,0.535787357001639,0.8285371500025346,boot827
C5,0.9272888391399654,0.14722676836815474,0.15472876930411164,0.028132503509838484,0.47637705943326497,0.532642066452942,boot828
C5,0.8197865353037767,0.06470401254054994,0.06470401254054994,0.08167555681348108,0.3977705688968235,,boot829
C5,0.8812685441898924,0.33449804902163116,0.33449804902163116,0.1499814261099939,0.5999257044399756,0.6666158565276783,boot830
C5,0.8673298532453462,0.02005154588274793,0.021054123176885323,-0.04010309176549586,0.6326262726006971,1.0597241999032279,boot831
C5,0.9176470588235294,0.23405797101449272,0.24163879598662208,-0.21226309921962097,0.7050167224080267,0.5619286510590857,boot832
C5,0.9027764526285659,0.6097132695541894,0.6097132695541894,0.6318671482267743,0.740710117357301,0.8177670866532492,boot833
C5,0.9321199739994429,-0.030785363444995963,-0.029852473643632454,-0.16792016424543255,0.5177538397567504,0.6111756986203207,boot834
C5,0.894283928657276,0.2382280072736452,0.2382280072736452,0.10015299897626716,0.5649407029632156,0.4803454514007376,boot835
C5,0.958616318029521,0.16509302688538594,0.17234986323199628,0.08798914070265074,0.5787326986421771,0.9579023977525689,boot836
C5,0.9021479713603819,0.1580768345985737,0.1580768345985737,0.03373590982286634,0.6872486772486772,0.6226685070163329,boot837
C5,0.9200356857773395,0.13232000923086482,0.13232000923086482,0.11625257953854551,0.5292800369234593,0.8232194860005947,boot838
C5,0.9199342568678093,0.10397718445524558,0.10492243158665691,0.042536120913509556,0.5690387731096167,0.826798374737391,boot839
C5,0.9137621611410219,0.15987415843453093,0.15987415843453093,0.024742429281534545,0.5214942787031127,0.6566260078561091,boot840
C5,0.9391633227249665,0.0787009476304967,0.07962684113203196,-0.0787009476304967,0.4379476262261758,0.7953425178187844,boot841
C5,0.9059601388954953,0.2533943906971223,0.2533943906971223,0.2380371548972967,0.5384630802313849,0.674758547954837,boot842
C5,0.9320703904907832,0.3433217096742055,0.34985228567344306,0.12034918627166442,0.6773140250637858,0.6162761482875984,boot843
C5,0.8861446074870453,0.23452841127802038,0.23649099212553523,0.26887357610952967,0.6250819999334686,0.6564832934937058,boot844
C5,0.7897284782151125,-0.03413391118939464,-0.03413391118939464,0.05505469546676555,0.37547302308334113,0.597893992769074,boot845
C5,0.8911922094200453,-0.004878662583670839,-0.0029271975502025032,-0.1483113425435935,0.4966478510176914,0.8244939766403718,boot846
C5,0.9160657900937837,0.4091219350711516,0.4091219350711516,0.3066041415962458,0.6359900150758041,0.709081404868098,boot847
C5,0.9046054198218791,0.14611222765999335,0.15572487421657186,0.007690117245262807,0.6277058201445767,0.6555824951586543,boot848
C5,0.905595736581652,0.39368751941809677,0.39368751941809677,0.41289178865800386,0.5876506387411591,0.4205734963539668,boot849
C5,0.9075191184154277,-0.017247211210682734,-0.011498140807121823,-0.06323977443917003,0.3803968250356136,0.5442453315370998,boot850
C5,0.9058560487131916,0.08927419023394509,0.08927419023394509,-0.07775493988117799,0.12287200376284915,,boot851
C5,0.9096425523845644,-0.08507880831316673,-0.08507880831316673,-0.14339124996601132,0.5372392165393225,0.6834982915046541,boot852
C5,0.8988365969263179,-0.034827629330109626,-0.02225098540534782,-0.25830491753164636,0.48081477158512465,0.6365716694225593,boot853
C5,0.9491959064327486,0.3407918836115249,0.3407918836115249,0.24551673335453947,0.38934556595402714,,boot854
C5,0.9092805994214446,0.15396787316157293,0.15396787316157293,0.10137015251631509,0.6933335903238532,0.8385229872833104,boot855
C5,0.9012563894329527,0.38882917970676484,0.38882917970676484,0.17656511138049125,0.6715263252503929,0.9667663475587552,boot856
C5,0.9045010716837343,0.02307301325640497,0.029802642122856417,-0.0942148041303203,0.6373919912081872,0.9315729102273506,boot857
C5,0.89321976805736,0.10221935417379124,0.10221935417379124,0.0739873420686489,0.43516239348271135,0.6113690897251515,boot858
C5,0.9052310914370031,0.016330204337309733,0.0172908045924456,-0.01825140484758147,0.5744389525712482,0.5811631543571993,boot859
C5,0.9143774190503162,0.21112012855847526,0.21207112012855847,0.01616685669141477,0.6552331917873399,0.47359380190144446,boot860
C5,0.8394974519400574,-0.019680511349085647,-0.012429796641527775,0.003107449160381944,0.6929611627651736,0.9063393384447337,boot861
C5,0.9210489280855655,0.11518058735733486,0.11706879370745511,0.0859133889304711,0.5013187859569247,0.8390180861069088,boot862
C5,0.9376934090804119,0.4339974215433904,0.4339974215433904,0.3338441704179927,0.6630516162468466,0.8040080437566656,boot863
C5,0.9056478089165912,0.23427861355651897,0.23427861355651897,0.13250183881475255,0.6452263455327081,0.4301508970218054,boot864
C5,0.8939117052996056,0.1838524153030005,0.1838524153030005,0.02821015896183606,0.5885222817900282,0.9931921482770557,boot865
C5,0.820815175596001,-0.0010593922276837845,0.007415745593786492,0.11123618390679738,0.72780246041876,0.46869542146974463,boot866
C5,0.9198835352681506,0.32234704477452925,0.32234704477452925,0.06711624685921283,0.6919590521259689,0.8536052241390025,boot867
C5,0.9222623119816316,0.35263003494696105,0.35263003494696105,0.11597190988897381,0.6694313497656211,0.7794813370773458,boot868
C5,0.9528795811518325,0.23179168657429525,0.23179168657429525,0.007300525561395126,0.5730912565695174,0.8003201146679406,boot869
C5,0.9322191272051995,0.10820370691148451,0.11566603152606963,-0.11193486921877707,0.642692707431145,0.6389615451238524,boot870
C5,0.9206945096198967,0.33906351105792665,0.33906351105792665,0.1322253246465452,0.566679962770908,0.5657354961662899,boot871
C5,0.9363669996300407,0.4689725662652671,0.4745445175476268,0.22937866112380392,0.7624286671362066,0.8896548880834176,boot872
C5,0.9253842919216931,-0.09114897110669143,-0.09020929099218945,-0.2781453138925842,0.49803046068604595,0.7865122558381519,boot873
C5,0.9386248269497,0.11024453849771279,0.11024453849771279,0.017602069171903725,0.3214693685605575,0.47155016886836815,boot874
C5,0.9188681019084327,-0.13721986459195204,-0.13721986459195204,-0.156146742466704,0.5488794583678082,0.6122844992482274,boot875
C5,0.9478018207603276,0.144957839643746,0.144957839643746,-0.2128494860591714,0.3100996822758617,0.4972604372589262,boot876
C5,0.9230697195298965,0.25717592000388156,0.26377017436295547,0.21666835751242772,0.49080093158249927,0.6330484184710932,boot877
C5,0.9396523903923286,-0.08791410153033578,-0.08698868993527963,-0.23320372195415387,0.450675446792353,0.47751238304898186,boot878
C5,0.9168825052978574,0.3727185636765592,0.37366695696835706,0.21623367052991221,0.5917974140818649,0.5453261427837698,boot879
C5,0.9249824725403131,0.5264494584440979,0.5283296350813982,0.20963969505898894,0.5894353757936595,0.6430204099567195,boot880
C5,0.8976755331895518,0.24217135959516237,0.24217135959516237,0.19083103136098795,0.6373950184544673,0.5240588221639313,boot881
C5,0.8934860001924371,0.4817476519117137,0.4817476519117137,0.2929415014655068,0.6705538023579208,0.5936688235679705,boot882
C5,0.8936988936988937,0.36487340291103104,0.3668193943932232,0.24908690972059716,0.7316927973042541,0.6587181167220479,boot883
C5,0.8943370829727911,0.15945743318407443,0.1614020360277827,0.14487291185626278,0.6942232152038363,0.552267207613136,boot884
C5,0.9206438594021304,0.23801867849845082,0.24557482702221123,0.0075561485237603445,0.65738492156715,0.8821803401490202,boot885
C5,0.9074153246876632,0.026832064022433346,0.026832064022433346,-0.08720420807290837,0.5548487524638895,0.7311737446113086,boot886
C5,0.9231201423354246,-0.020723667381160302,-0.020723667381160302,-0.038621380119435104,0.5746107773867174,0.6642437575941137,boot887
C5,0.9441307441582886,0.15288965747603683,0.15288965747603683,0.05710336604526677,0.4651161266590277,0.5443240214960107,boot888
C5,0.9094874591057797,0.255279949953081,0.2600604733604421,0.14054738817641538,0.5315942028985507,0.9513241580648525,boot889
C5,0.8783223603999024,0.20493614658523043,0.20592617627887888,0.20394611689158196,0.7662829828839051,0.6405492117905511,boot890
C5,0.9266881329040084,-0.10884952729597536,-0.10884952729597536,-0.12573997118673014,0.5489394264495309,0.44196661514141705,boot891
C5,0.9361210046718165,0.10032147875069282,0.1105394071419671,-0.13376197166759043,0.36320090918074904,0.9112534319854598,boot892
C5,0.9372516403289899,0.14009508458155065,0.14009508458155065,0.09463376574382892,0.5455358260526609,0.7892502003245961,boot893
C5,0.9031950405340962,0.01829254855148983,0.027920205683852905,-0.027920205683852905,0.5863243193609109,0.5556366202392311,boot894
C5,0.9149919803755071,0.3459284298869332,0.3459284298869332,0.3145667865180629,0.6728498031866722,0.6757008616747512,boot895
C5,0.8702230081540426,-0.18286167257306093,-0.17686620789853433,-0.2638004456791699,0.6245275702631863,0.33574602177348895,boot896
C5,0.9182070457645455,0.302101040966045,0.302101040966045,0.12406030208950435,0.6032550567252997,1.0085818452314668,boot897
C5,0.9112941399223705,-0.09542091617810458,-0.08874145204563726,-0.09064987036919935,0.4313025411250327,,boot898
C5,0.912940731638151,0.37337535001395555,0.37337535001395555,0.0333370848226746,0.6619792557645385,0.9058162190389584,boot899
C5,0.9053353005568512,0.44662770339149627,0.44662770339149627,0.36018363176733575,0.6118319291621143,0.8298630875919414,boot900
C5,0.9337536507347827,0.054944200524104946,0.054944200524104946,-0.17321392029633084,0.6826118471893039,0.7470310397813535,boot901
C5,0.8200892628122916,0.150566854693509,0.150566854693509,0.1696527940208552,0.46548485359472147,,boot902
C5,0.8080431177446102,0.05918754322171905,0.05918754322171905,0.1151466749949807,0.5348401632944432,0.09362393200526468,boot903
C5,0.909177140147024,0.204676237780953,0.20658909981628898,0.1845911864099249,0.41030890657957403,0.29075502937107345,boot904
C5,0.8337896765033971,0.1105481581758379,0.11680560109145137,-0.05735989339312344,0.3942189036836483,0.7776423336742037,boot905
C5,0.8832240835154163,0.16244831130339174,0.16244831130339174,0.10632980376222004,0.5286954131510385,0.9185713602791787,boot906
C5,0.9222623119816316,0.16782926796940925,0.16782926796940925,0.0933432445447838,0.35168717389095305,0.5817452715568849,boot907
C5,0.8900685262040342,-0.03028589478845483,-0.03028589478845483,-0.3194673418007978,0.42497949138638225,0.8948993427814395,boot908
C5,0.9354808849393687,0.30395899121486164,0.30395899121486164,0.2630593104397732,0.6265087464183998,0.9574243454168423,boot909
C5,0.9223633041278171,0.3799314012606619,0.3799314012606619,0.19986465773513729,0.5354864414790471,0.5958229419273904,boot910
C5,0.8856049227191238,0.3289326203513847,0.3308963971893034,0.04025742517733364,0.6244810344581512,0.7216879879351275,boot911
C5,0.929286346073274,0.037429376685267225,0.043979517605188985,-0.2301906666143934,0.44540958255467994,0.691507734260312,boot912
C5,0.9284383153186732,0.3278061892377777,0.3278061892377777,0.15453720349780947,0.5656998237131935,0.6734075716056063,boot913
C5,0.8772820462755052,0.19031111197127898,0.19031111197127898,0.14868055622756168,0.45397129834815503,0.4133319463126215,boot914
C5,0.931276427675294,0.15126503907012664,0.15126503907012664,0.11111444227990783,0.459397526064829,0.35256154257202144,boot915
C5,0.9190713412914747,0.07001396213327168,0.07001396213327168,-0.04162992343059397,0.43806033064465927,0.556327158572483,boot916
C5,0.9067401844281775,0.1237111964043141,0.1256291994493422,0.04986807917073126,0.5619748921932408,0.8851584052804798,boot917
C5,0.9344452165855918,0.14609924338772606,0.15261322239227434,0.006513979004548296,0.42713090901252393,0.4838955831950163,boot918
C5,0.9445668135095447,0.24764054816742423,0.24856114500076038,0.10310684533364876,0.6720356883353893,0.6250852498352456,boot919
C5,0.933654782326487,0.20024159387184945,0.2076924438763834,-0.10896868131630875,0.3269060439489263,0.803760444239098,boot920
C5,0.8870608729313848,0.3832882391446651,0.3832882391446651,0.2676155736227457,0.3930910074092345,0.662667134684894,boot921
C5,0.9358256604821171,0.30013022411962215,0.30013022411962215,0.020442306286785412,0.6885340435685451,0.8031792699158148,boot922
C5,0.9274389106509979,-0.015939172408968482,-0.006563188638987023,-0.17626849487565144,0.49130154954702854,0.545682255412921,boot923
C5,0.9287377736376339,0.36889712616109194,0.36983341328332825,0.1048641576904627,0.6132680650647594,0.7078330644106231,boot924
C5,0.9251331900177585,0.16166884834002476,0.16260878350479238,0.07237500768710411,0.469967582383793,0.5921591538035792,boot925
C5,0.9105721864342554,0.15374947981689552,0.15374947981689552,0.04583835423112413,0.48130271942680336,0.61022309070184,boot926
C5,0.909952606635071,0.17392210144927533,0.17392210144927533,0.05829257246376811,0.5714583333333333,0.6966440217391304,boot927
C5,0.9247814501425833,0.210625557709468,0.210625557709468,0.1560885829454093,0.5397279916305117,0.7889055487421591,boot928
C5,0.922817534657175,0.2431117936768522,0.2431117936768522,0.1762089357270208,0.6143755406097194,0.9573704743243481,boot929
C5,0.950155194449516,0.16473281422317282,0.16473281422317282,-0.023794739832236074,0.5536852922501087,0.5902925842997025,boot930
C5,0.9356779268857011,0.07341805358448371,0.07806476583666623,-0.027880273513095084,0.4906928138304734,0.8622505609275278,boot931
C5,0.9106753812636166,0.07161431246099437,0.07161431246099437,-0.11553775743707093,0.5499979197004368,0.39531100478468895,boot932
C5,0.9196298557940719,0.3621494845589771,0.3630950445708804,0.319599284023327,0.554098166975354,0.5153302064873173,boot933
C5,0.922565231648475,0.3449738388650704,0.3449738388650704,0.04147226478159316,0.6211414202515884,0.7923867892010795,boot934
C5,0.91932528308979,0.3140299276917812,0.3197051673488615,0.15133972418881023,0.563740472603318,0.8273460574120497,boot935
C5,0.9029857865114949,0.02118575404881544,0.02118575404881544,0.015407821126411227,0.5277178735795844,0.7347604699657353,boot936
C5,0.9290869302044046,0.43708176632341345,0.43708176632341345,0.16098086468442635,0.7468763373149547,0.7178623442613665,boot937
C5,0.8676086849490423,0.3177148623509151,0.3177148623509151,0.2425457308798784,0.714607876517989,0.5658960304562645,boot938
C5,0.9095391617674947,0.3556507234289444,0.3556507234289444,0.31932081082061137,0.5286958334844254,0.650733730022903,boot939
C5,0.9488117001828152,0.20804054620088802,0.21445589344056293,-0.11089385942866717,0.5572187316746251,0.5975437714668678,boot940
C5,0.8902291917973462,0.2354059149287145,0.23735949098621417,0.13968068811122894,0.6671462236361494,0.7111016849298927,boot941
C5,0.9372025322304883,0.4212351067341786,0.4277299211551901,0.21804019841967387,0.6995842962061026,0.9269028009415073,boot942
C5,0.9177998400225849,0.17243505900079797,0.17243505900079797,0.13643213459403797,0.6925825721405677,0.7266906057890773,boot943
C5,0.927788914269731,0.5145473253725865,0.5154845700453963,0.313039720718477,0.6626319836765368,0.6167069947088559,boot944
C5,0.9182070457645454,0.48108880504937573,0.4877179814969065,0.2736902847623417,0.7206861823672736,0.8141451725591085,boot945
C5,0.8891572084037671,-0.16332026545119618,-0.15843043714427416,-0.1770117847105779,0.42932692534775524,0.6264429933703582,boot946
C5,0.9400921658986175,0.21459505541346974,0.21459505541346974,0.06197357203751065,0.5938363171355497,0.6817092924126171,boot947
C5,0.9408243149896384,0.24030730596522593,0.24677711804890506,0.10351699333886656,0.5942984528293855,0.7264674711102599,boot948
C5,0.887114723956065,0.20878628919422693,0.20878628919422693,0.15389411926522834,0.6675279950294298,0.8024823482022883,boot949
C5,0.8879218644231699,0.06659418711467616,0.06855283967687252,-0.06659418711467616,0.37312331309840613,0.5004357296411693,boot950
C5,0.8989420269041122,0.24763409540303868,0.24956873677337496,0.1315556131828643,0.4730198150472107,0.3076079778834621,boot951
C5,0.9449057296206247,0.17301012761897525,0.17945199407287324,0.07270106426542045,0.583449047395906,0.6055354466664133,boot952
C5,0.9012563894329526,0.36856760954834783,0.36856760954834783,0.3598840794804548,0.7236275056577511,0.6435460616982933,boot953
C5,0.924731182795699,0.2990293225480283,0.2990293225480283,0.15515672396359956,0.6272093023255813,0.7362891809908997,boot954
C5,0.9205425447036183,0.3665135373579653,0.3665135373579653,0.08784989426363601,0.703743776628052,0.5733858690110436,boot955
C5,0.943936819872354,0.14094532119094652,0.15015743368708678,0.03869087248378924,0.5112722435357864,0.8493567721441352,boot956
C5,0.9342477179000046,0.07818427260925633,0.0828380983598073,0.026061424203085444,0.5472899082647943,0.7837042563927836,boot957
C5,0.9221613009044471,0.012258536348250307,0.012258536348250307,-0.10184014812392563,0.7034513935226715,0.7493655873883024,boot958
C5,0.9364161849710982,0.41787439613526567,0.41880300590445513,0.20800858829844338,0.69552871712292,0.8348201825013419,boot959
C5,0.9151966795585321,0.24798660966362826,0.24798660966362826,0.003800561067641813,0.7107049196490192,0.7107049196490192,boot960
C5,0.8982563709522897,0.017425063065736754,0.01839312212494435,-0.06389189790770143,0.5682506677548597,0.8199460231488349,boot961
C5,0.9203398582359291,0.2021937383853213,0.2021937383853213,0.08125542757540948,0.45162900443076426,0.882471736691075,boot962
C5,0.8846862573950149,-0.02358979247495305,-0.02358979247495305,-0.17004308742361993,0.553377215141607,0.7656853474161844,boot963
C5,0.9382328501523405,-0.13902176052300555,-0.13068045489162522,-0.23541018115228943,0.3614565773598144,0.6061348758803043,boot964
C5,0.9245803525506149,0.13261010285794697,0.13449109722472635,0.10439518735625612,0.5586553269334787,0.5930291274404148,boot965
C5,0.9311274281996469,0.24654543560721132,0.24654543560721132,0.15502478148029197,0.5173718610848298,0.7013470535644534,boot966
C5,0.9000478240076518,0.20675229866469527,0.20675229866469527,0.03671302499653468,0.6424779374393569,0.706242665064917,boot967
C5,0.9288874400409816,0.10765567030983657,0.10765567030983657,-0.015914316480584535,0.5775960746188623,0.5382783515491828,boot968
C5,0.9322191272051995,0.16883509440498876,0.17443183786592764,0.026118136151047987,0.5167659795600208,0.7257110687684046,boot969
C5,0.9334569904938559,0.06427719821162443,0.06427719821162443,-0.04657767986349596,0.38007386768612705,0.5142175856929955,boot970
C5,0.9362194163082187,0.21734035561016052,0.21734035561016052,0.11424300743611003,0.5117715211162327,0.5507813285334411,boot971
C5,0.9452444281390442,0.2143452948472397,0.2143452948472397,0.17938769311249672,0.5354032686742211,0.7734198173497725,boot972
C5,0.9218076129758109,0.30469434322708455,0.30469434322708455,0.16696872678388225,0.6622149502953973,0.6027854034740157,boot973
C5,0.8508044368941741,-0.1696604058788083,-0.1696604058788083,-0.19112346927311538,0.5651940027167529,0.622428838434905,boot974
C5,0.8875453446191052,0.10973107451723729,0.10973107451723729,0.09601469020258264,0.6270347115270702,0.7152114678355646,boot975
C5,0.9254846998364867,0.46133287974891907,0.46133287974891907,0.2311362289577069,0.6633421855452889,0.6849524833746681,boot976
C5,0.9377915300420264,0.2670473922892784,0.26890188806906506,0.03523541981594645,0.7714702443912487,0.7334530809056222,boot977
C5,0.9017810246860525,0.17935521596397608,0.17935521596397608,0.12535579610385428,0.4483880399099402,0.6316003572924964,boot978
C5,0.9266380436811649,0.28996829345198466,0.2918451108853309,0.05348929685036611,0.6249802053042777,0.7291435728549905,boot979
C5,0.9223633041278171,0.13387161036976178,0.13481436818926712,-0.19515086863761047,0.5383147149375632,0.6957552707949591,boot980
C5,0.8536111249563874,0.11307460306983026,0.11307460306983026,-0.02139249247267059,0.5684290857023899,0.8821856419682252,boot981
C5,0.9117062553231757,0.3595742433952217,0.3652969103988592,0.12399111841214541,0.5608213663564731,0.6552453719164916,boot982
C5,0.8936988936988937,0.24422193101511674,0.2500599054616932,0.15957130153975754,0.6879079889549305,0.7949375204754995,boot983
C5,0.936317809739629,0.335263347778842,0.335263347778842,0.27303995636282424,0.6278061581675821,0.733388093265205,boot984
C5,0.9259864580901237,0.04413624503935626,0.05164879738648073,-0.09484597338244645,0.5822228069021465,0.5972479115963955,boot985
C5,0.8868992885834583,0.10196736402070708,0.1088305519836393,-0.03823776150776516,0.5863123431190657,0.6928423908306371,boot986
C5,0.9441792141020933,0.4107547393164561,0.4107547393164561,0.26800365278271016,0.5562687501056939,0.8594563020974403,boot987
C5,0.9203398582359291,0.04251737489410961,0.04346220544731205,-0.010393136085226795,0.6755538455397416,0.5187119737081373,boot988
C5,0.8880831520425427,-0.07245698326666826,-0.06364464746396536,-0.13708077915315617,0.7069451610612767,0.6628834820477623,boot989
C5,0.9111395161672109,0.25768019554599714,0.25768019554599714,0.2595889377352268,0.5220409887542979,0.8990175711271455,boot990
C5,0.9235737351991388,0.16664943751900274,0.16664943751900274,-0.030128711867842304,0.6317614269788183,0.6269611187335934,boot991
C5,0.8749755429465857,0.3706935910399004,0.3706935910399004,0.3547925254725052,0.6628756708407871,0.6181539239324881,boot992
C5,0.8993108728943338,-0.004834619727173451,-0.004834619727173451,-0.06381698039868954,0.4786273529901715,0.27557332444888666,boot993
C5,0.9407267535577764,0.32444850765648214,0.32444850765648214,0.1257122422828535,0.482513165232717,0.7718361934278135,boot994
C5,0.930083267432665,0.37584292679108083,0.37584292679108083,0.22812356750503407,0.6011616963349874,0.7021344229355763,boot995
C5,0.9261870302068258,0.658144842791831,0.658144842791831,0.3774240039975979,0.7642366648110563,0.7060269925527203,boot996
C5,0.8443372525374333,-0.058703103815861656,-0.058703103815861656,-0.028836612400774148,0.4953718058847273,0.9886838537408278,boot997
C5,0.8789784081493396,0.1266292172755809,0.12860779879551185,-0.011871489119585708,0.6806320428562472,0.9724728170460627,boot998
C5,0.9260867535135641,-0.04882630178306026,-0.04882630178306026,-0.20845074991998805,0.4985916585924038,0.6366198578637473,boot999
C5,0.9093840390725021,-0.3031196525003741,-0.29451373176692497,-0.4341208903317661,0.39778478056831423,0.7334156891728295,boot1000
C5,0.9138647525500566,-0.12274673328899834,-0.12274673328899834,-0.15890468573071875,0.4101073026942502,0.4833747326419469,boot1001
C5,0.8601447120626424,0.6480203813741896,0.6500422858402557,0.6156699099171317,0.6227465755483632,0.4272202025107246,boot1002
C5,0.8749755429465859,0.09043731041456014,0.09640021000233334,0.12025180835342614,0.5565372948588316,0.8844967721863576,boot1003
C5,0.9328136599851522,0.3439803456807211,0.3439803456807211,0.152880153635876,0.6171137908960362,0.7280451218879218,boot1004
C5,0.8840910193585948,0.019671395780542396,0.021638535358596635,0.008852128101244076,0.4750642081000988,0.8016093780571024,boot1005
C5,0.9031427345128523,0.11265011226565402,0.12131550551685819,0.1203526840445022,0.5151094877104694,0.2368540821995803,boot1006
C5,0.8397901533494753,-0.11597100056411008,-0.11493554520193053,-0.085942795060903,0.5146213150032385,0.8387188433654389,boot1007
C5,0.9045010716837343,0.3153311811708679,0.3162925567232181,0.20573436820294433,0.7219930398150055,0.766216315223115,boot1008
C5,0.8841992917091155,0.14555050358064686,0.14555050358064686,0.1504677503232363,0.5458143884274257,0.5349964455937289,boot1009
C5,0.9109848484848484,0.3226321974148061,0.32454126367169844,0.21286088764349634,0.4629485672963934,0.7397631745457832,boot1010
C5,0.8435237329042639,0.08350065310692294,0.08350065310692294,-0.1371060106570463,0.7566602392652029,0.9236615454790488,boot1011
C5,0.8665483934555489,0.3231210191082802,0.3231210191082802,0.05820192269652254,0.7365553665387506,0.8870775804090675,boot1012
C5,0.8509766698306439,0.5477082663317865,0.5477082663317865,0.7275527716944628,0.6795261140123845,0.7624612306923765,boot1013
C5,0.9231201423354246,0.043331304524244274,0.043331304524244274,-0.08760459392945036,0.5877985657201831,0.5717848227438319,boot1014
C5,0.9051789794364051,0.35159993415156116,0.35159993415156116,0.2247934005231292,0.6897506904940461,0.6830261015895079,boot1015
C5,0.9291367911351149,0.2835731653115114,0.2835731653115114,0.2115100176910943,0.5755692959293054,0.8029893591989333,boot1016
C5,0.9132489132489131,0.21233317736826954,0.2209026778001728,0.1218773394759574,0.632238698531529,0.5703478620788943,boot1017
C5,0.9198835352681506,0.2694102866883895,0.2694102866883895,0.2618478926760838,0.46414193250526053,0.5652889524198488,boot1018
C5,0.8372093023255813,0.18903381642512077,0.18903381642512077,0.2970531400966183,0.5847584541062801,0.6148792270531401,boot1019
C5,0.8634117414508795,0.28904542920847265,0.28904542920847265,0.15106903965599616,0.7221100095556617,0.49349219620958756,boot1020
C5,0.9352344798851906,0.35145801319714354,0.35145801319714354,0.33286235112322066,0.5783250904990035,0.5491563175198365,boot1021
C5,0.9319216123339834,-0.03825662313351994,-0.03265809291885849,-0.015862502274874124,0.49920227747397977,0.6951508349871307,boot1022
C5,0.8594098685841804,0.16492611455380216,0.1740324644371409,0.17807973105195815,0.6192317920670364,0.5372746431169874,boot1023
C5,0.8903898108838286,0.15723450368443864,0.15723450368443864,-0.006836282768888638,0.7226927498539415,0.8259555261262581,boot1024
C5,0.9378896328792427,0.5572176910067861,0.5572176910067861,0.38105901997302677,0.5525819365058977,0.8029126795538715,boot1025
C5,0.9108301368565609,0.35896541902699475,0.3666029811339521,0.21289704373143575,0.6234160069803926,0.702655713840075,boot1026
C5,0.8369741100323623,0.08934877172336983,0.08934877172336983,0.04675226427385631,0.5350536911341334,0.5970003706953954,boot1027
C5,0.873211836174799,0.22406037780032784,0.22605202560299745,0.06472855358676138,0.40928362344859887,0.3555091327765202,boot1028
C5,0.9128379655889581,0.2610111307229567,0.2610111307229567,0.1352685421994885,0.541074168797954,0.5248800475487194,boot1029
C5,0.827667057444314,0.41184382313092754,0.41184382313092754,0.40238822515088074,0.482235496982387,0.2815666954058382,boot1030
C5,0.9205932044302609,-0.13696272785303923,-0.13696272785303923,-0.20780551812185258,0.4949549613447762,0.5766897150570588,boot1031
C5,0.9253842919216931,0.16632338026684929,0.16726306038135128,0.012215841488525656,0.7094584864489899,0.7937324259838751,boot1032
C5,0.8846321710877261,-0.1553089621179981,-0.1553089621179981,-0.22215079391561754,0.39613615021236226,0.7067540744483586,boot1033
C5,0.9056478089165912,0.30821079898214176,0.30821079898214176,0.05856965338912974,0.7566047027972826,0.8871862251074737,boot1034
C5,0.9362194163082189,0.17368652350042743,0.17368652350042743,0.050155466679267804,0.7430439508039675,0.8322092249004437,boot1035
C5,0.8812685441898924,0.06413679406019476,0.06413679406019476,0.0365086366188801,0.6009124243485939,0.47175468283516614,boot1036
C5,0.8573131955484896,0.019271532523029166,0.02637157082098728,-0.07810042127753926,0.5527886960553103,0.39050210638769633,boot1037
C5,0.8967237492205113,0.3937037226545601,0.395643149859755,0.3141872072415702,0.7049817890883379,1.0017141514831542,boot1038
C5,0.8486183420104124,-0.13013480517881693,-0.12296202064140181,-0.19161581549951784,0.543082257832858,0.8935240166608531,boot1039
C5,0.9341983317886932,0.40118098688750864,0.40118098688750864,0.1638233264320221,0.6701863354037267,0.8135317460317462,boot1040
C5,0.9004159296266194,0.0019314745303359788,0.0019314745303359788,-0.06180718497075132,0.6914678818602805,0.7433038578185178,boot1041
C5,0.9309286975922654,0.3409405093738332,0.3409405093738332,0.3119839181667405,0.4605032085515062,0.6249019199208067,boot1042
C5,0.9192237206898172,0.05297475584873957,0.053920733631752774,0.004729888915066033,0.544883203015607,0.6924557371656672,boot1043
C5,0.8992581957406077,0.2572168359673277,0.26495268065807437,-0.02320753407224009,0.5627827012518222,0.5627827012518222,boot1044
C5,0.8971998465669352,0.17154822759633434,0.17154822759633434,0.17251742662230235,0.6357945610350018,0.6067185902559621,boot1045
C5,0.8639731304949126,-0.008051780192684356,-0.008051780192684356,0.07347249425824474,0.42775082273635645,0.5716763936805893,boot1046
C5,0.911706255323176,-0.2956711285212697,-0.2956711285212697,-0.3319146862109738,0.501687140652219,0.5674978111940501,boot1047
C5,0.9340007415647014,0.34075012513592357,0.3416811364067867,0.15454787096328773,0.42826518459706236,0.40405889155461966,boot1048
C5,0.9303320621337549,0.1252474722446815,0.13179025064552308,-0.07010119715187396,0.4495823444006851,0.6299760917381743,boot1049
C5,0.8854969230023743,0.14435520173589467,0.14435520173589467,0.09132676028189254,0.46645388316020386,0.8661312104153681,boot1050
C5,0.9038223238966733,0.324226864631384,0.324226864631384,0.2472590629384738,0.6128561209797969,0.9111063525398236,boot1051
C5,0.9004684960321254,0.23562613681479494,0.23562613681479494,0.10815625952154524,0.6914275162270214,0.7310204326590155,boot1052
C5,0.8765691398427196,0.24304241226093742,0.24304241226093742,0.16566564427582262,0.3620835937764986,0.7678156207753697,boot1053
C5,0.904448890159093,0.13171604949579138,0.13171604949579138,-0.06345444720235205,0.6508887993332173,0.6513448778905285,boot1054
C5,0.8984674329501915,0.1577565588208028,0.1577565588208028,-0.112268471308056,0.5400500602577176,0.567272679990627,boot1055
C5,0.9210995402945866,-0.021713179873701367,-0.021713179873701367,-0.2105234396450176,0.4635291877385813,0.8052757579246639,boot1056
C5,0.9125809654389863,0.1762797727651561,0.1762797727651561,0.04192600000901011,0.3801925909907961,0.7184591819725823,boot1057
C5,0.8980452280567267,0.3127565922544489,0.3127565922544489,0.23142051253502566,0.5741939913525951,0.8830774369537382,boot1058
C5,0.9139160409878642,0.42245341935831715,0.43196813601053147,0.2645091229315589,0.5280667741978964,0.6726904673115545,boot1059
C5,0.9161168708765315,0.24488996242619435,0.24488996242619435,0.08637591697978171,0.3768268026480586,0.5657147969225264,boot1060
C5,0.9128379655889581,0.2572007492525485,0.2572007492525485,0.09525953676020316,0.572509815928821,0.6963472137170851,boot1061
C5,0.9279388459028619,0.09933188318438729,0.10026897642197587,0.1133882817482157,0.5791236208297297,0.5791236208297297,boot1062
C5,0.8152879365406408,0.1631858786300557,0.1631858786300557,0.08852567272087988,0.4991568052213467,0.45009438419531694,boot1063
C5,0.929286346073274,0.07579448778766613,0.07579448778766613,-0.08608756637611463,0.5071680540853709,0.42201622212638795,boot1064
C5,0.772089050237574,0.0033787497068779953,0.0033787497068779953,-0.27029997655023963,0.4831612080835533,0.7951324310186215,boot1065
C5,0.8978868177679811,0.5917275288068422,0.5975382737705756,0.46582805459262044,0.756365302779286,0.9008613300897703,boot1066
C5,0.887114723956065,0.2636784591232256,0.27053998036435045,0.1431117287434607,0.6704686469899119,0.7243805995987498,boot1067
C5,0.9153501532657392,0.2346452971350491,0.2346452971350491,-0.03514929552225433,0.4797403848307684,0.8388331877337991,boot1068
C5,0.7282981311511667,-0.23401787718348538,-0.22685406461664392,-0.22566009585550373,0.5850446929587134,0.47590001908799073,boot1069
C5,0.9003107817355964,0.2086236117204276,0.2086236117204276,0.12845805721674478,0.6007587337504906,0.4718788424791568,boot1070
C5,0.9437913299044818,0.6007223247076345,0.6007223247076345,0.4109235534043022,0.6449472811278285,0.6799587049604822,boot1071
C5,0.8608786092813628,0.11414021501503305,0.11414021501503305,0.061615514300150574,0.4444397752797747,0.7020128268623714,boot1072
C5,0.909073661243656,0.26974424819313186,0.26974424819313186,0.1999168364268247,0.6705344609339908,0.9249740709317678,boot1073
C5,0.9313757375830506,0.11950531169614236,0.11950531169614236,-0.14004528714391679,0.6806200955194358,0.9017424790742558,boot1074
C5,0.9191729323308269,0.23272339290477462,0.23272339290477462,0.09460300524584334,0.4749070863341336,0.654652796301236,boot1075
C5,0.8924736360572061,0.13056042713508897,0.13056042713508897,0.23091657635086635,0.40532192304624637,0.48034545207163337,boot1076
C5,0.9039790326423637,0.18757649377736008,0.18757649377736008,-0.11350782700373585,0.6194833948339482,0.7964786505007906,boot1077
C5,0.9197820777756903,0.19286231884057972,0.20420716112531967,-0.09264954532537653,0.7326877308894572,0.831955100880932,boot1078
C5,0.8766240109407052,-0.05257323087954574,-0.05257323087954574,-0.12101762579819962,0.5098611447563492,0.5784312992806379,boot1079
C5,0.9400921658986175,0.31079283887468023,0.31079283887468023,0.14707161125319693,0.43936487638533667,0.6900341005967603,boot1080
C5,0.9002582002486371,0.2627265589639852,0.2627265589639852,0.31198778876973243,0.5003395497917071,0.651020958609287,boot1081
C5,0.9397990227712731,0.29886130801579786,0.29886130801579786,0.3081139800905903,0.6051247536914297,0.8075760700166472,boot1082
C5,0.9332096474953617,0.280471950903276,0.280471950903276,0.25810873887112107,0.5916933183507649,0.5823753133373671,boot1083
C5,0.9292364990689013,0.2124231070837327,0.2124231070837327,0.11229415352444018,0.6531776596671602,0.7501944705670284,boot1084
C5,0.9150431624133215,0.3934240643365295,0.3934240643365295,0.32025098956862424,0.6709115686511831,0.6405019791372485,boot1085
C5,0.9023575450987877,0.026018800415743046,0.026018800415743046,-0.1985138105793729,0.47604768168063205,0.5473584680052612,boot1086
C5,0.9256352765321375,0.1023973600603816,0.11273103859858524,0.039455863509504835,0.5345330080216251,0.511986800301908,boot1087
C5,0.9471756843358051,0.3562077341379571,0.3562077341379571,0.10741315694366231,0.636216391127846,0.7800625615588437,boot1088
C5,0.9229184227779339,0.11400508290608094,0.11400508290608094,-0.16676776590393658,0.643516294420275,0.57379417760168,boot1089
C5,0.9093840390725021,-0.07267221952690357,-0.07267221952690357,-0.13195745124621963,0.505836896443842,0.6492689086679938,boot1090
C5,0.9247814501425833,0.30183394653901435,0.303714531875706,0.2867892638454809,0.5369071136254742,0.479549260856378,boot1091
C5,0.9183087993227672,-0.19411865561636882,-0.18464945290337517,-0.2319954664683432,0.36361738417895423,0.47819473700617676,boot1092
C5,0.8931132393281678,0.23951390938866163,0.241461176944667,0.24535571205667775,0.5773648303555949,0.8441404855283318,boot1093
C5,0.9075710078844874,0.0986867326228031,0.10539359794668293,-0.08527300197504346,0.7597920288338142,0.5745200180440854,boot1094
C5,0.9248819707380918,0.2726552371241853,0.2726552371241853,-0.026325333239576514,0.6590735214622547,0.9054034253468637,boot1095
C5,0.9375461936437545,0.1279936933385889,0.129848674401467,-0.025042244348854346,0.5611317715206252,0.7308625387739713,boot1096
C5,0.9266380436811646,0.1388844900676173,0.1388844900676173,-0.1295004029008864,0.7394660687383948,0.5836902217706619,boot1097
C5,0.9220097487814022,0.20937249146878373,0.2103156107997242,0.11977615502943934,0.49796700673656663,0.5922789398306134,boot1098
C5,0.9157592042615377,-0.008546009606130734,-0.00759645298322732,-0.0759645298322732,0.4890216607952587,0.36842796968652497,boot1099
C5,0.9079859462539169,0.16951038076443894,0.16951038076443894,0.1541874084919473,0.5525846875767304,0.6911205408428829,boot1100
C5,0.9188172801203405,0.18738645514038227,0.18738645514038227,0.14763781314090724,0.3738265140426819,0.8101151797988244,boot1101
C5,0.9520685256059778,0.13882815100872228,0.14522155269991344,-0.06119398761568679,0.652126972501498,0.885942805779346,boot1102
C5,0.8969353987818329,0.04653526942015037,0.0542911476568421,-0.018420210812142856,0.5293386896542105,0.8783257244579658,boot1103
C5,0.9436457998438431,0.17877009806203684,0.17877009806203684,-0.10228598394271181,0.5234093592744172,0.7242953457564999,boot1104
C5,0.8988365969263177,0.05320887814322305,0.05320887814322305,-0.25153287849523626,0.5262841765438789,0.583973472910342,boot1105
C5,0.9084523753025484,0.15793701989251951,0.15793701989251951,-0.016272299019229285,0.46711070125787585,0.7513973370644111,boot1106
C5,0.9076747720364742,0.3975758458150581,0.3975758458150581,0.28644621180410207,0.6715678744972426,0.4684688882013577,boot1107
C5,0.9072076780538794,0.19265997513446065,0.19361848247343805,0.06421999171148687,0.6997103574535137,0.7447602023854522,boot1108
C5,0.9429661289581323,0.335666074750908,0.335666074750908,0.22685124832066858,0.48136728302190646,0.6113917790105824,boot1109
C5,0.9057519387221086,0.3648181897075414,0.3648181897075414,0.1238461749270338,0.49346460397283226,0.5097854177229065,boot1110
C5,0.909021914429371,0.0028697830170700497,0.0038263773560933997,-0.1473155282095959,0.6523973392139247,0.5007344500485152,boot1111
C5,0.9173923276064955,0.33080531822339215,0.33080531822339215,0.30331719722488687,0.808529903852589,0.5374401588328462,boot1112
C5,0.8749205106882552,0.2772922713416857,0.27928002955918885,0.2703351175804248,0.5883764323809246,0.17706451750481592,boot1113
C5,0.8779940484901702,-0.17530078221251635,-0.17530078221251635,-0.1287519869357465,0.41200635819438874,,boot1114
C5,0.902619399780524,0.05780278271901156,0.05780278271901156,-0.13198302054174305,0.5009574502314336,0.6705122795405342,boot1115
C5,0.8970940826699914,0.20258647776817174,0.20452510434968527,0.03683390504875849,0.6794886168205184,0.9760984837921001,boot1116
C5,0.8824644089208493,0.29660021162197225,0.29660021162197225,0.13499743851232623,0.656264920067221,0.5566620974114871,boot1117
C5,0.9547355026358844,0.14117272095102484,0.1484590549355939,-0.048271962647769784,0.4098562866320076,0.24591377197920455,boot1118
C5,0.9451476793248945,0.31925077639751553,0.31925077639751553,0.21252717391304346,0.6771428571428572,0.7544254658385093,boot1119
C5,0.9297845609790145,0.4386242835943653,0.4386242835943653,0.3357486520477124,0.6060309931111914,0.2581243118806926,boot1120
C5,0.8461345507449957,0.2199259637346037,0.2199259637346037,0.08324300496496682,0.6268917657855526,0.7246800068804803,boot1121
C5,0.9136595503495181,-0.014276081562196572,-0.014276081562196572,-0.21033426834969612,0.5358289279677779,0.6595549681734815,boot1122
C5,0.9316239316239315,-0.18294375747905867,-0.18294375747905867,-0.1988113282808137,0.471360191463901,0.7149740725967292,boot1123
C5,0.8877067414643581,0.13615934133608726,0.13615934133608726,0.16456668593138601,0.5201482751759879,0.4182736600756062,boot1124
C5,0.9149407935085154,0.20053566544561063,0.20148607144298322,-0.042768269881765304,0.5749956284104003,0.784767651442617,boot1125
C5,0.9352344798851906,0.562518777736169,0.562518777736169,0.3960876021745586,0.6276035949948993,0.661219545735146,boot1126
C5,0.8924203024174129,-0.11790116273613681,-0.11790116273613681,-0.2007242935838362,0.4131412644638182,0.7473569571786524,boot1127
C5,0.9237752093959104,0.25133161258495457,0.25133161258495457,-0.003765267604268982,0.5186656124880523,0.8255349222359744,boot1128
C5,0.9004684960321254,0.2858415430212267,0.2877729047983971,0.25011135014357333,0.4596641029665672,0.8053778610800778,boot1129
C5,0.862005838404829,0.21385913862033507,0.21385913862033507,0.16745574061780955,0.5053935304188107,0.48925321807010624,boot1130
C5,0.9144286590834002,0.0,0.0009509382812464935,-0.06086004999977558,0.6323739570289182,0.6827736859349822,boot1131
C5,0.9343958487768718,0.08282496593829225,0.08282496593829225,0.12004966973078317,0.4541413862683889,0.5332438818274321,boot1132
C5,0.8996794718461465,0.2744938941780838,0.2744938941780838,0.13144778031063165,0.6601384849423634,0.6104100618673675,boot1133
C5,0.9213019416565049,0.3407276477827061,0.3407276477827061,0.1708357458411906,0.5983970323940047,0.678623763866387,boot1134
C5,0.890924872215257,0.3904101207677174,0.3904101207677174,0.10931483381496089,0.5953754341707691,0.7622757607989683,boot1135
C5,0.9342477179000046,0.01861530300220389,0.02419989390286505,-0.06980738625826456,0.5128515977107171,0.46538257505509717,boot1136
C5,0.9320208023774146,0.3284121510388687,0.3284121510388687,0.0942318956105845,0.7072057116121094,0.7599655445413248,boot1137
C5,0.9014138326327856,0.15820557716055067,0.15820557716055067,0.09453747903496323,0.6038822640396629,0.7871692131890815,boot1138
C5,0.9205932044302609,0.2323643520817079,0.2323643520817079,0.18985867792041988,0.6838690687282786,0.5727115561953844,boot1139
C5,0.8699454625853682,0.19091651564932544,0.19091651564932544,0.2069095221958658,0.6387206989524553,0.7312723779726912,boot1140
C5,0.9236744817258645,0.35491517135342554,0.3558565909060871,0.09602479437148383,0.7700811940771937,0.7681983549718706,boot1141
C5,0.9058039961941008,0.3916770186335404,0.39263701132626955,0.3561572890025575,0.6451150895140665,0.5692756667884544,boot1142
C5,0.8439306358381503,-0.09376414532459797,-0.08449076831447287,-0.05873138773079213,0.6079213817748659,0.5195120419163632,boot1143
C5,0.9197820777756904,0.05294259732878658,0.05294259732878658,-0.20420716112531964,0.4150321469167377,0.6674548877522023,boot1144
C5,0.9444214970856853,0.24675791368578517,0.24675791368578517,0.1058849256487511,0.607687399375441,0.6518828466027459,boot1145
C5,0.9272388059701492,0.3638666783308547,0.3638666783308547,0.24382818651036656,0.6348910856443005,0.6714653136208556,boot1146
C5,0.9359733530717986,0.37069059776161734,0.3716196468788144,0.19788746196296866,0.6865672976086096,0.9123262330874894,boot1147
C5,0.9267382174521698,0.2599111169490783,0.2599111169490783,0.06005166600989535,0.5160690047725381,0.7037304610534613,boot1148
C5,0.9240269461077844,0.1345716449187314,0.1345716449187314,-0.10351664993748569,0.35007448887949705,0.5044084033317484,boot1149
C5,0.9070518912754229,0.2521307263384234,0.25308939830168736,0.17639564124057,0.5435670031706694,0.6854504537337367,boot1150
C5,0.9191221391982705,0.49574714227915184,0.49574714227915184,0.4654725076361502,0.6944244321238502,0.6102231045230018,boot1151
C5,0.9410193839495373,0.4537170317864846,0.4537170317864846,0.29015712419746675,0.7189243395720673,1.0229424728872474,boot1152
C5,0.9290869302044047,0.15255744734628776,0.15349338260608092,0.0009359352597931764,0.4997894287295562,0.7655950425108181,boot1153
C5,0.8941776046925333,0.04570631718230571,0.0466787920159718,0.0,0.5319437340153451,0.5893197492016439,boot1154
C5,0.8509192645883292,0.048029897686196824,0.048029897686196824,-0.1032131843894868,0.5875998121183654,0.4936911780167684,boot1155
C5,0.9143261741798442,0.19686628807434176,0.19686628807434176,0.16738389710668672,0.5154663194990011,0.5430466207268074,boot1156
C5,0.951064897158754,0.011885989967517439,0.011885989967517439,-0.08228762285204382,0.4324671734335192,0.8237905354410163,boot1157
C5,0.8552087999601811,0.09456119396942199,0.09456119396942199,-0.07422545333083662,0.44738629404887825,0.9283265601514223,boot1158
C5,0.9099009431726622,-0.05065052066111958,-0.048739180258813186,-0.11659176454069035,0.4357856117258591,0.7167526508648999,boot1159
C5,0.8837119006018248,0.13480686941239398,0.13480686941239398,-0.08265530679300069,0.6376266524031482,0.5879545605966918,boot1160
C5,0.8844698806867786,-0.05898890870423529,-0.05210686935540783,-0.08455076914273724,0.6370802140057411,0.586255456533353,boot1161
C5,0.9245300663985785,0.3498839817396581,0.36023001345776634,0.2530075029246453,0.6057131296783329,0.796496746468337,boot1162
C5,0.8709439890039763,0.2855472399072698,0.2955314091347968,0.13877995226262416,0.7508095259100241,0.8606353874128204,boot1163
C5,0.8828443753642898,0.15857834507042254,0.15857834507042254,0.019699173300673608,0.4668704072259645,0.360494871402327,boot1164
C5,0.94519605595047,0.21711621627323166,0.21711621627323166,-0.0027599519017783686,0.6513486488196949,0.620989177900133,boot1165
C5,0.8988893144389122,0.30278912950853076,0.3085933939719532,0.15574776310183214,0.7071528871269521,0.940290843074415,boot1166
C5,0.910262484601535,0.3133353248422634,0.3133353248422634,0.2025216123980483,0.7546795933700858,0.836834587078728,boot1167
C5,0.9240269461077844,0.09222392448976,0.09222392448976,0.06869741314033141,0.5900449046436684,0.6273531885309662,boot1168
C5,0.926788297326303,0.24394671056375952,0.24394671056375952,0.15950361844553504,0.40063555927202044,0.784382500120396,boot1169
C5,0.9126837800784758,0.46303955967732485,0.46399231597295726,0.3125040649674126,0.6869372891509284,0.9594255897017823,boot1170
C5,0.8929534077782054,0.06134990719388042,0.06134990719388042,-0.06329752329527347,0.660241858372237,0.8462391960552712,boot1171
C5,0.8321909113988322,-0.25809295169376867,-0.24973366580895026,-0.22361089741889276,0.4576709021938085,0.5987338515001193,boot1172
C5,0.8683330053139147,-0.045063857463833804,-0.03805392408057077,-0.0050070952737593126,0.5828258898655838,0.8361849107178049,boot1173
C5,0.8922602706737945,0.3683853949091524,0.37520734666672934,0.2046585527273069,0.5788913348572395,0.7338470962079148,boot1174
C5,0.9204918802215337,0.42510353022550523,0.42510353022550523,0.3448061967384654,0.7236206758949713,0.8130691906307912,boot1175
C5,0.9351358859206444,0.21294277952616916,0.21294277952616916,0.030686077398967608,0.5421207007150943,0.6620753669110587,boot1176
C5,0.9140186033334905,0.3501022832937288,0.355810472695257,0.3082422276825221,0.6050680765619877,0.690847064062218,boot1177
C5,0.8865220759101471,0.10593424126730866,0.11280034949759721,0.006866108230288526,0.7023047846980836,0.8226869336738112,boot1178
C5,0.8861446074870453,0.2109774411078426,0.21686518365038707,-0.009812904237574077,0.6319510328997705,0.5514852181516631,boot1179
C5,0.8786504802301203,-0.18407675642813373,-0.17813879654335524,-0.2038699560440621,0.7709451250404096,0.72937940584696,boot1180
C5,0.896829584152717,0.43825882331056104,0.44310681914364247,0.4615292033093519,0.6845370116310976,0.8891224357871338,boot1181
C5,0.8569724679455322,0.2709234213790808,0.2719381158411748,0.18365969763900236,0.568228898772604,0.4639232959522798,boot1182
C5,0.9366620434581601,-0.08262457616206703,-0.08262457616206703,-0.3193579123567534,0.48646379672947326,0.48832052877805904,boot1183
C5,0.9305310146005765,0.06261034683537703,0.06261034683537703,0.0037379311543508675,0.5560172592096916,0.8260827851115417,boot1184
C5,0.8962472406181016,-0.07082672949239664,-0.06985650032126793,-0.10769543799528807,0.5540008567144998,0.657815378025273,boot1185
C5,0.9397990227712731,0.08697511750304952,0.08697511750304952,0.04256229154404552,0.44227772517508157,0.5718151342221767,boot1186
C5,0.9226157017050777,0.06314749408398969,0.06408999399569103,0.032044996997845514,0.5193174513474376,0.6126249426058701,boot1187
C5,0.9309783871717406,0.37828366146432524,0.38482189758839996,0.37174542534025046,0.7621715253207145,0.7780500987648961,boot1188
C5,0.9135055978081156,0.06758484084051676,0.06758484084051676,-0.13707348001456918,0.4664305917162424,0.4635748942159389,boot1189
C5,0.9398478912191748,0.3395554086615349,0.3395554086615349,0.1064001961745954,0.5801123739258375,0.9224434398788837,boot1190
C5,0.9037700776893379,0.15586880855532576,0.16260388052993857,0.19820354668146362,0.41949876870445696,0.39063417452754473,boot1191
C5,0.9054394898396231,0.07875109118414617,0.07875109118414617,-0.0009603791607822704,0.508040576053821,0.7058786831749687,boot1192
C5,0.9089184060721062,0.410425705727512,0.41616592538803665,0.2085613143323954,0.6830861396024326,0.7682327312335482,boot1193
C5,0.9262872881751552,-0.14738595776197175,-0.14738595776197175,-0.17179382337860402,0.532279223255019,0.44215787328591516,boot1194
C5,0.9246809107485157,0.3977870448939752,0.3977870448939752,0.3018667645649315,0.5567137838705281,0.8444746248576589,boot1195
C5,0.9104173575252261,0.4116602189070935,0.4116602189070935,0.1480448583076554,0.5329614899075594,0.9446217088146529,boot1196
C5,0.9419449811390193,-0.03508005130078055,-0.03508005130078055,-0.24371404061594906,0.3314141688679004,0.7108326184631849,boot1197
C5,0.9054915770438755,0.1142785460328486,0.11523886994909104,-0.07202429371818188,0.5176145908546672,0.8239579201360009,boot1198
C5,0.9138647525500566,0.24454194151374084,0.24549346657799667,0.23978431619246182,0.520484210147923,0.38346460089508777,boot1199
C5,0.9445183791473544,0.15650948697257627,0.15650948697257627,-0.15282691080851565,0.5551483567321382,0.7061339794586237,boot1200
C5,0.8982035928143711,0.1403768115942029,0.1403768115942029,0.11520579710144928,0.5537623188405797,0.7151090985894367,boot1201
C5,0.9319712096586951,0.29297415567253743,0.29484023309720325,0.2603178007408852,0.6316672082493879,0.5784840016464114,boot1202
C5,0.9364161849710982,0.07521739130434783,0.07707461084272678,0.09378958668813742,0.4773054213633923,0.46337627482555016,boot1203
C5,0.9020431544777544,0.2178629017413393,0.2178629017413393,0.05976769870780105,0.4424737694658174,0.7837280491845525,boot1204
C5,0.9323678224945458,0.36373030750382046,0.36466294931793286,0.2602070661373485,0.6332637917822926,0.41316032365177563,boot1205
C5,0.9085559720969961,0.04402590619450538,0.04402590619450538,-0.11197893532080713,0.6536889984966776,0.9042748300222363,boot1206
C5,0.9346426420862476,0.3702880019995949,0.3702880019995949,0.17677065422091212,0.6354439833309631,0.6754499734967485,boot1207
C5,0.8985729336270472,0.26418701862029975,0.270961044738769,-0.18096326916482072,0.6541773794407422,0.8090122621486103,boot1208
C5,0.8801791713325867,0.23117822768005306,0.23117822768005306,0.11558911384002653,0.6293185086845889,0.5636167668506666,boot1209
C5,0.8959823357173714,-0.22127765432616384,-0.22127765432616384,-0.26398035954700244,0.4512899529020446,0.5920147769252628,boot1210
C5,0.8764593815641638,0.4722558194762835,0.4722558194762835,0.4593580765073934,0.7103679973634853,0.9087948122694867,boot1211
C5,0.9395057174474363,0.0916300506990321,0.09903449924036804,0.04998002765401751,0.5331202949761868,0.6950926068179103,boot1212
C5,0.9552577787871905,0.20026463230581568,0.21027786392110648,0.06554115239099423,0.575305670987616,0.783762947342306,boot1213
C5,0.8462503135189365,0.1572152779567537,0.1572152779567537,-0.03699183010747145,0.5281611298677868,0.7893306545688191,boot1214
C5,0.9249824725403131,0.11657095151262166,0.11657095151262166,0.14195333611617636,0.49824680888459255,0.6909649142078783,boot1215
C5,0.9253340809270162,0.04604682409350768,0.04698655519745681,-0.06672090838038867,0.573235973408973,0.7339299921842753,boot1216
C5,0.9241276078211245,0.35191827248959046,0.35191827248959046,0.15619901934029948,0.6360875727351953,0.741474862892506,boot1217
C5,0.9322191272051995,0.37218344015243365,0.37218344015243365,0.18655811536462844,0.6772059587736012,0.8982773254806861,boot1218
C5,0.9247814501425833,0.11377541286984655,0.11377541286984655,-0.07146224279428377,0.5011759922283323,0.9045615469486973,boot1219
C5,0.8896398571014772,0.13781834826020894,0.13781834826020894,-0.04887175470220175,0.7223245344985418,0.584506186238333,boot1220
C5,0.9214536928487691,0.22365416528377033,0.22459785374488322,0.21327359221152778,0.5463956189844008,0.6926673304569089,boot1221
C5,0.9319216123339834,0.2220750318482377,0.2220750318482377,-0.027059562704197036,0.5048008076886411,0.9750773457202034,boot1222
C5,0.8823014870249781,-0.0374514593331226,-0.034494765175244496,-0.3222796632087129,0.6100645612421811,0.8958783298370643,boot1223
C5,0.8691676090269924,0.20409332159353064,0.21109652380507332,0.19408874700561246,0.6112795073218001,0.6579438259723928,boot1224
C5,0.8908179012345679,0.1991330709699286,0.1991330709699286,-0.03416498766640932,0.5690910802719037,0.5505443726815673,boot1225
C5,0.917290401544038,-0.07014989580032933,-0.06920192423546001,-0.058774237021897546,0.5175924744186462,0.6806435835761683,boot1226
C5,0.9294358592440884,0.0813957984949833,0.09168722129319958,0.07203995958751394,0.6390037973801561,0.8036665621516166,boot1227
C5,0.8926336061627347,0.22503025186435907,0.22503025186435907,0.21626283945405939,0.6965222081515876,0.7897258936011772,boot1228
C5,0.9365145420076756,0.2924813563397031,0.2924813563397031,0.1597041056839014,0.5654639555900927,0.6499585696437847,boot1229
C5,0.9450509127602971,0.22727093937015183,0.22911118989136767,0.14998041747908808,0.5474745300617019,0.6744518160255925,boot1230
C5,0.9384288747346072,0.20848908125122956,0.20848908125122956,0.08895534133385795,0.4549695061971276,0.38084005508557933,boot1231
C5,0.9355301522654695,0.36528927432988756,0.36528927432988756,0.3615713173392525,0.5112190862123108,0.42942403241834115,boot1232
C5,0.926788297326303,0.06286319079912264,0.06286319079912264,-0.10414648027914349,0.5920399014066625,0.7365314145867354,boot1233
C5,0.8700009826078411,0.11894039539977018,0.12293839188379607,-0.07796093143850483,0.7156413706406342,0.5407290244645013,boot1234
C5,0.9258359798243975,0.2808272800645682,0.2817665017370249,0.1587284626451907,0.5081189247991016,0.4743069445906586,boot1235
C5,0.9142236699239956,0.18262108850562841,0.18262108850562841,0.10652896829494991,0.5583259320458535,0.7105101724672106,boot1236
C5,0.9389675693130967,0.12779994104352954,0.12779994104352954,-0.06853040316826947,0.42322154389052896,0.6704866472138796,boot1237
C5,0.9255850889895829,0.28184287789485685,0.28184287789485685,-0.03570009786668188,0.677362383207306,0.4932250363159996,boot1238
C5,0.8935924571868384,-0.0622791446653934,-0.05449425158221923,-0.1771063176422125,0.49434071078156017,0.48947515260457625,boot1239
C5,0.9239766081871345,0.31339020363236103,0.31339020363236103,0.18822234452394054,0.6390148596587782,0.6456026417171162,boot1240
C5,0.9223633041278171,0.13481436818926712,0.13669988382827786,0.036767554960709214,0.4572375424601018,0.5901663950103582,boot1241
C5,0.8851727982162764,0.05697732997481109,0.05894206549118388,-0.05894206549118388,0.5275314861460957,0.7289168765743073,boot1242
C5,0.8810508392118706,-0.0009869637241015053,0.004934818620507527,-0.097709408686049,0.5497387943245383,0.8813586056226441,boot1243
C5,0.9365637137044572,0.21540353046225702,0.220045847929116,0.16898035579366713,0.6517813723470017,0.8681133663026305,boot1244
C5,0.9177489177489176,0.2150820344544709,0.2150820344544709,0.08622231337161608,0.49554142739950785,0.5770262510254306,boot1245
C5,0.8360323886639676,-0.21010211601221182,-0.202821349615749,-0.29747131276976524,0.32763448784082533,0.5658195599536793,boot1246
C5,0.8520662806947494,0.18471720793773685,0.19798418972332013,-0.09184833543865367,0.4959810113687298,,boot1247
C5,0.9453411592076302,0.1775296519377098,0.1775296519377098,0.046911980563850784,0.5905390494508275,0.554665181960824,boot1248
C5,0.9283883893211574,0.12644632968068809,0.12644632968068809,0.028099184373486245,0.5104685161183334,0.7390085490226881,boot1249
C5,0.9159125188536953,0.03512771403511913,0.03512771403511913,-0.16519519573272237,0.4765976336656702,0.8427736695904909,boot1250
C5,0.8970940826699914,0.22197274358330774,0.22875793661860536,0.1250414145076275,0.6688261706221937,0.45363862007418343,boot1251
C5,0.8643657729719054,0.2655880468311485,0.2716241388045837,0.1317880080866684,0.6700062090513065,0.7203069754965999,boot1252
C5,0.8995741830534424,0.07926455557456884,0.07926455557456884,0.0521986097686185,0.6225167535368578,0.7685497658686256,boot1253
C5,0.9131975617823559,0.2361506238498261,0.24186394539457998,0.26186057080121844,0.7008341094898066,0.804626117552835,boot1254
C5,0.9113456714157239,-0.0028624656197921605,-0.0009541552065973869,-0.005724931239584321,0.641192298833444,0.38834116908513644,boot1255
C5,0.8978868177679811,0.03389601228844432,0.03389601228844432,-0.026148352336799897,0.5094086418206203,0.6798571607567974,boot1256
C5,0.899205513544558,0.20017670853736433,0.20017670853736433,0.02320889374346253,0.5898927159796725,0.6920336563703576,boot1257
C5,0.8692787965193451,0.28709456435677644,0.28809489384930875,0.18506095611847956,0.7262392115784659,0.9183024741446717,boot1258
C5,0.8911922094200453,-0.1483113425435935,-0.14733561002685933,-0.10342764677382177,0.5015265136013621,0.5937619095584084,boot1259
C5,0.8987311467560448,0.19254198420235807,0.19254198420235807,0.0483773829654166,0.5921391674966993,0.43055870839220783,boot1260
C5,0.9268884430551019,0.033773587383294154,0.033773587383294154,-0.20639414512013096,0.5957285552331052,0.7883588299249348,boot1261
C5,0.8844698806867786,0.1514048656742039,0.15828690502303136,-0.1415733808901647,0.5279507329029058,0.825844721859294,boot1262
C5,0.9421882904842939,0.19104461583520452,0.19750506178132254,0.0913691640950978,0.5952839478923038,0.8481642606403522,boot1263
C5,0.9019383175785353,-0.19185733091531726,-0.18992911653425879,-0.2371703688701912,0.41360198473704074,0.6277702676689665,boot1264
C5,0.8787051482059282,0.2553163897412146,0.2553163897412146,0.2434412088230186,0.5759462745325074,0.8393619413777825,boot1265
C5,0.915656970439866,0.24976127475341722,0.24976127475341722,0.1433990588888441,0.5954384763132798,0.59069016310504,boot1266
C5,0.9316735565980768,0.2669343252394144,0.2753343564532421,0.14840055144428985,0.4517350119436244,0.6934692435415556,boot1267
C5,0.9100559188702493,0.1375930739067042,0.13950408882207507,-0.0687965369533521,0.5971921610534037,0.6067472356302581,boot1268
C5,0.922565231648475,-0.08765728692473099,-0.08765728692473099,-0.204533669491039,0.5118054494637521,0.6759269808415345,boot1269
C5,0.8826815642458099,-0.18717666483214088,-0.1861915244909191,-0.2797798569069896,0.4768079251513484,0.579262520638415,boot1270
C5,0.9055436592909825,0.2842395302611438,0.2842395302611438,0.12099385409764903,0.6846715712033632,0.8199333236150378,boot1271
C5,0.9295355114958577,0.15248382518134082,0.160903177491967,-0.03554837642264388,0.47709663093548366,0.4424837381029093,boot1272
C5,0.8425343465351517,0.4850789215355289,0.4871430871590844,0.42418603564064344,0.5965438652075229,0.5831267886544125,boot1273
C5,0.9023575450987877,0.31608024208754515,0.31608024208754515,0.10214788311365788,0.5357945567093754,0.6919073592038336,boot1274
C5,0.8756355103637073,0.22741247062935704,0.22741247062935704,0.23138474085869082,0.6544315202827349,0.9523517874827659,boot1275
C5,0.9389186196715261,0.1222497949138638,0.1222497949138638,0.00740907847962811,0.5306752461033634,0.9316916188132347,boot1276
C5,0.9152990001886436,0.4446159360550556,0.4446159360550556,0.30211082834510194,0.7220258790637656,0.6517233592601887,boot1277
C5,0.89321976805736,0.14213357818450972,0.14894820179609583,0.10221935417379124,0.7048267849697606,0.6554174058125878,boot1278
C5,0.9263875274237968,0.15581797229975156,0.15581797229975156,0.005631974902400659,0.5434855780816635,0.5284669783419285,boot1279
C5,0.8900149606679213,0.4474766011420057,0.4474766011420057,0.33707298557640175,0.5666734250269942,0.7992049339173813,boot1280
C5,0.9332096474953617,0.12392946667819171,0.1248612671795315,-0.02795401504019362,0.5246036822543002,0.7538266055838879,boot1281
C5,0.9171374764595103,0.0900723149718775,0.0900723149718775,0.03982144451388269,0.4636353896973485,0.49302740826711905,boot1282
C5,0.9050226136634134,0.26230427921231386,0.26230427921231386,-0.024981359924982273,0.70043889943508,0.6120433181620657,boot1283
C5,0.8836577197495509,0.13186297875998837,0.13186297875998837,0.06986769770118786,0.6819480916468054,0.7006450811724755,boot1284
C5,0.9469828770259132,0.24792698410029174,0.2552729688143745,0.14141020574609234,0.6253269487862915,0.6244087006970311,boot1285
C5,0.9167294649585531,0.22954949159205845,0.22954949159205845,0.1451283975767973,0.47237870583820296,0.8261884594077807,boot1286
C5,0.9381348107109879,0.3216372817528244,0.3216372817528244,-0.0037076343717904825,0.59600222526532,0.5811716877781582,boot1287
C5,0.9431604098699627,0.14659316497845787,0.15120301293375524,-0.07836741524005608,0.5430400891340358,0.5458059979072142,boot1288
C5,0.9130434782608695,0.24476190476190474,0.24476190476190474,0.20857142857142857,0.5247619047619048,0.7306350414491407,boot1289
C5,0.9106237862928053,0.14705638650559252,0.14896620970696384,0.17283899972410552,0.42684548550649265,0.7371917557293338,boot1290
C5,0.9266881329040085,0.1379386251078308,0.1379386251078308,0.11260295927169862,0.5461243524677383,0.6812479035937766,boot1291
C5,0.8456133306564946,0.13676720756430902,0.15219208059787773,0.24782629340600354,0.5028508608943392,0.6219475911987513,boot1292
C5,0.8918866833686644,0.5957083536883244,0.5957083536883244,0.5440347976400737,0.6434820187140656,0.5937584081770696,boot1293
C5,0.9230697195298965,0.12434879648539328,0.1262328691594144,-0.033913308132379985,0.5680479112173649,0.8652593504786723,boot1294
C5,0.9084523753025484,0.05456006141741584,0.05647444953732516,0.04115934457805054,0.6011178696515289,0.46232473095810267,boot1295
C5,0.9121695123681595,0.18398563499542359,0.18589222188656787,0.18589222188656787,0.5490970246495543,0.5700694804521415,boot1296
C5,0.8746452686172814,0.17000681019973343,0.17796034517983794,0.19386741514004688,0.7943593061379358,0.755750134479295,boot1297
C5,0.9029857865114949,0.3466759753442526,0.3466759753442526,0.2214874286921614,0.4728275108167445,0.6009050239300379,boot1298
C5,0.933654782326487,0.41445353150220005,0.41445353150220005,0.14622293133897846,0.7022426129273232,0.5634705315928787,boot1299
C5,0.9074672240167205,0.2366835991551962,0.23764183235015654,0.06324339086738037,0.748380125264001,0.8143540126079394,boot1300
C5,0.9018858916209118,0.13787534237116486,0.13787534237116486,0.0539931410684282,0.553429695951389,0.5543938591847538,boot1301
C5,0.9022527682321496,0.21202966015934055,0.21202966015934055,0.025058050746103882,0.5088711843824173,0.4992334725569928,boot1302
C5,0.8534968346543043,0.06418607131430196,0.06418607131430196,-0.023433010162364213,0.6632560702477871,0.8568331107194913,boot1303
C5,0.9351851851851852,-0.11901851054670683,-0.1125096857511838,-0.0929832113646147,0.44538958243650445,0.582074903142488,boot1304
C5,0.8513783459848181,-0.26453267500459066,-0.26453267500459066,-0.3758610980760207,0.5648130087935854,0.49855413577261437,boot1305
C5,0.911654757961482,0.4511623991803538,0.4511623991803538,0.3233489499410992,0.6848511683118266,0.8279259249229324,boot1306
C5,0.9165763813651137,0.040794531812108126,0.05028163223352862,-0.03415356151711378,0.5483544043581047,0.6413279884880254,boot1307
C5,0.8129032258064516,0.11766735679779157,0.12515527950310557,0.11766735679779157,0.6567977915804003,0.8140722568976564,boot1308
C5,0.926988570095638,0.330194962911096,0.330194962911096,0.09943371042209141,0.735434235574714,0.9116433879687998,boot1309
C5,0.9259363033529466,0.17561542307321226,0.17561542307321226,0.10330319004306601,0.5268462692196366,0.8545991176290006,boot1310
C5,0.9030904235024798,-0.15117172719090394,-0.15117172719090394,-0.31197222681434955,0.5998725225473448,0.8011138663874654,boot1311
C5,0.8939648954075498,0.1964866571555535,0.20232289449680754,-0.006808943564796409,0.6828397689267255,0.45522651261781694,boot1312
C5,0.8737084373928798,0.1851179678628346,0.18611322575457032,0.13435981538431543,0.7514197082604308,0.5752590614232174,boot1313
C5,0.9113971980310488,0.6659626813099473,0.6745495926735428,0.4302996694423872,0.6898152128754901,0.8844518704503169,boot1314
C5,0.8914594177752073,0.3218952158868662,0.3218952158868662,0.09169136452534976,0.7120712351436738,1.0105558898751315,boot1315
C5,0.8943902321780511,0.05930686220901158,0.05930686220901158,-0.10014109520538023,0.38014726432333656,0.6465420224425035,boot1316
C5,0.8961412939143789,0.06792407138333147,0.07665716627547409,-0.05336891322976044,0.5919097649118885,0.8002595352452049,boot1317
C5,0.9310280721323666,0.32782834421447415,0.32782834421447415,0.17932490623697733,0.6556566884289483,0.8667370468120573,boot1318
C5,0.9280887356107563,0.07308146770242477,0.07308146770242477,-0.08807253800035805,0.6230663592578523,0.867608193492889,boot1319
C5,0.870777690494894,0.17775215234060912,0.1877382283148006,-0.041941519091604394,0.6630754446863172,0.9596619011198054,boot1320
C5,0.9232713824259164,0.3202223956473238,0.3202223956473238,0.12526346653262962,0.5999460765510155,0.6423284524455144,boot1321
C5,0.9218076129758109,0.3688405207485761,0.3688405207485761,0.15281883468355326,0.6782514946757704,0.7754140870980295,boot1322
C5,0.9029334605294539,0.12808493534532256,0.13290015847860537,-0.12615884609200945,0.7704357013252484,0.8707506636465706,boot1323
C5,0.9105721864342554,0.45074381660605395,0.45074381660605395,0.3514273824386184,0.6283674392516599,0.5825290850205358,boot1324
C5,0.9563954807386905,0.3991435950114894,0.3991435950114894,0.23093957433466583,0.5500726081593419,0.66372397348152,boot1325
C5,0.8796882610813442,0.17595165872213397,0.17694015118686507,0.043493668448167946,0.5673946747556454,0.4413338595942289,boot1326
C5,0.9247814501425833,0.4673254561678821,0.4673254561678821,0.27926692249871427,0.753174427345017,0.6478616484902832,boot1327
C5,0.8956112551618169,0.008738263293830244,0.008738263293830244,-0.021360199162696155,0.5136156980484666,0.646631483743438,boot1328
C5,0.9042401143401619,0.22310349567049986,0.22310349567049986,0.025964630961652996,0.6068030421038164,0.7000833829660512,boot1329
C5,0.8791423001949317,0.43718499951797934,0.44213053118673484,0.25420032777402873,0.6409409042707028,0.9337163790610238,boot1330
C5,0.9180034812061908,-0.006630646447812274,-0.005683411240981948,-0.2292309200529386,0.6251752365080143,0.6460144110582815,boot1331
C5,0.9314253856160565,0.566686387452722,0.5685535584163225,0.3930394878378847,0.6600449356327422,0.7991491724209723,boot1332
C5,0.8906038973567431,-0.24018875744103685,-0.23335411800165773,-0.23042498681335244,0.46866099012885243,0.8592118152362294,boot1333
C5,0.9338030780641572,0.25142625271954966,0.25142625271954966,0.24677021100252097,0.5847988396588044,0.6416025486065545,boot1334
C5,0.9278888733510465,0.3167545725780734,0.31769171628392573,0.09371437058522882,0.4666975655144395,0.8893493768538215,boot1335
C5,0.9262371615312792,0.14927156381486675,0.14927156381486675,0.10984133941093965,0.5351244740532958,0.5351244740532958,boot1336
C5,0.9280887356107563,0.17708201789433695,0.17801895978795776,-0.07776617717052893,0.7561121081520102,0.7964006095777059,boot1337
C5,0.8647021077052175,0.2614622475267675,0.2614622475267675,0.1860404453555845,0.6928749559459337,0.811212148987322,boot1338
C5,0.8250919493257048,0.08536597971445185,0.09168938561922606,0.08220427676206474,0.598615758985292,0.9097143347899409,boot1339
C5,0.8938053097345133,0.004864399483426604,0.004864399483426604,-0.011674558760223847,0.537029702970297,0.6965820060266896,boot1340
C5,0.9223633041278171,0.3148811117147917,0.3195949008123186,0.10558887578460084,0.6637015049317767,0.9644412493539879,boot1341
C5,0.926036608143444,0.4704481119666064,0.4704481119666064,0.3615220022098673,0.5155209849693951,0.6836052405422944,boot1342
C5,0.9107269713473833,-0.025779692057247502,-0.025779692057247502,-0.10789278527662845,0.5117746275068393,0.5929329173166927,boot1343
C5,0.9189697311524722,0.3406461253824806,0.34159236461965414,0.2687319433572903,0.6491201167010604,0.5828833700989113,boot1344
C5,0.9142236699239956,0.21686254260043375,0.21686254260043375,0.016169575544769183,0.48223381183517505,0.6420272642775999,boot1345
C5,0.9140698772426817,0.09132590729428673,0.09798508803449514,-0.20548329141214514,0.5508093783686668,0.7229967660797699,boot1346
C5,0.8975170165851787,0.34685063578016595,0.34781949230469145,0.20830415277300465,0.5483727928814913,0.8584068807296843,boot1347
C5,0.9093840390725021,0.11761425002380446,0.11761425002380446,-0.06980357928242052,0.565122128163158,0.7324594757580017,boot1348
C5,0.9163722025912838,0.07781155694646248,0.07781155694646248,-0.13000223538616296,0.5769442271152342,0.634828434111993,boot1349
C5,0.8888352094304073,0.17805423084739833,0.17805423084739833,0.16631439145086657,0.5879702897762988,0.8540733160976856,boot1350
C5,0.9216054013503375,0.36514731645166426,0.36514731645166426,0.20191608713347844,0.5934823308736351,0.8727681336376989,boot1351
C5,0.9219086903534265,-0.26032946918852956,-0.26032946918852956,-0.21505477889487226,0.4404850076487076,0.5951735328187034,boot1352
C5,0.8935924571868384,0.23938546230760588,0.23938546230760588,0.20921900161030596,0.5361845111036213,0.887477811481856,boot1353
C5,0.9190713412914747,0.14665086663050145,0.14759700125392405,0.17408877070975662,0.5175356390121567,0.5761959856643574,boot1354
C5,0.8949214433286886,0.17684330925914687,0.1817016419311015,0.06607332433858235,0.5655099230155136,0.620894915475796,boot1355
C5,0.928987194412107,0.2564737931785987,0.25740982892012637,0.047737822817914354,0.5260520867385856,,boot1356
C5,0.8762947039280828,0.1637328860101617,0.1746484117441725,0.05755459023387504,0.4018898111158515,0.891297609519172,boot1357
C5,0.9196298557940719,0.2581378832496103,0.2581378832496103,0.1730374821783102,0.5389692067849006,0.9682534521890144,boot1358
C5,0.9269385089110759,0.24672149228385604,0.24672149228385604,0.1529110389439868,0.6078917376423526,0.7805029717877119,boot1359
C5,0.9108301368565611,0.4343863448331984,0.4343863448331984,0.19093905267393335,0.6253253975071318,0.5680436817049518,boot1360
C5,0.9303320621337549,0.001869365257383306,0.001869365257383306,-0.07944802343879051,0.37761178199142786,,boot1361
C5,0.8615552145720933,0.09790182295959912,0.10597620011090628,-0.09386463438394554,0.6106247720676028,0.7418334007763439,boot1362
C5,0.9238255661613324,0.13648351067578046,0.13648351067578046,-0.13177718272144318,0.47722165456979787,0.6124264175114674,boot1363
C5,0.9143774190503162,-0.21016913698839199,-0.2025612044277262,-0.31382721812746317,0.5258983382560216,0.4812017344621103,boot1364
C5,0.9519730246969834,0.3361439785563853,0.3361439785563853,0.0283164764544781,0.5900788319223501,0.7307477794704026,boot1365
C5,0.9276889365471584,0.41711882776071,0.41899351912143235,0.32994567948712344,0.47429691426273995,0.8932904333841721,boot1366
C5,0.8574834831851372,0.30726919647579753,0.30828328623314344,0.22715610564547412,0.6916092145098811,0.7429822827035013,boot1367
C5,0.9410193839495373,0.5110092028063666,0.5174776737279662,0.4149062062568871,0.7503426269055509,0.76327956874875,boot1368
C5,0.9038223238966733,-0.016355657859743404,-0.016355657859743404,-0.1269968727933017,0.5820690003026329,0.35886237539319343,boot1369
C5,0.9252838652399419,0.3599365457156283,0.3599365457156283,0.2217885764722931,0.686980717801891,0.8305501293484457,boot1370
C5,0.9137108581684219,-0.08374830882914792,-0.08374830882914792,-0.07137639957029651,0.4530022159394819,,boot1371
C5,0.9160147044961825,0.261055235913634,0.26295381944755136,0.2952297395241461,0.5695750601752014,0.8334781713897116,boot1372
C5,0.9366620434581598,0.4994609210695738,0.4994609210695738,0.3759882398386197,0.5802287651830551,0.6934894201467875,boot1373
C5,0.8983619120605421,0.40169731193264535,0.4075049839123945,0.29135154431741267,0.6911129655901416,0.45938993730034133,boot1374
C5,0.9305310146005765,0.10092414116747342,0.10092414116747342,0.01775517298316662,0.4924724295857268,0.31678966533123604,boot1375
C5,0.9002056137330846,0.1468263594751015,0.1468263594751015,-0.00386385156513425,0.36996378736160446,0.6394674340297184,boot1376
C5,0.94257735276539,0.21587433675611709,0.21587433675611709,0.14114860480207658,0.46772772963825376,0.5756648980163123,boot1377
C5,0.9247814501425833,0.12223804688495911,0.12223804688495911,0.1504468269353343,0.5923843810578787,0.3601320919764564,boot1378
C5,0.8376794016575702,0.41314965586704716,0.41314965586704716,0.22006966593923113,0.7411780258519389,0.3747412707738795,boot1379
C5,0.9345439384814934,0.14887522036542947,0.14887522036542947,-0.03721880509135737,0.5024538687333243,0.5573516062430766,boot1380
C5,0.9075191184154277,0.06898884484273093,0.07665427204747884,0.13606133288427494,0.4819637354985231,0.80007896449556,boot1381
C5,0.9193760571321179,0.3575203526609549,0.3575203526609549,0.16646450282626474,0.6790995058480571,0.7658354540434907,boot1382
C5,0.9095908595268573,0.10420356328663563,0.10420356328663563,0.02485589582983969,0.720820979065351,0.685089120222179,boot1383
C5,0.9383798753750288,0.2270332984024466,0.2270332984024466,-0.019459997005923994,0.6338399024786673,0.6810998952073397,boot1384
C5,0.871497963789804,0.2983368989978606,0.3003324635396524,0.24745000318217203,0.6475606938114098,,boot1385
C5,0.9439853076216712,0.419129588902047,0.419129588902047,0.18146929453561156,0.5748062933513788,0.6407663631071637,boot1386
C5,0.8935924571868384,0.243277908849193,0.243277908849193,-0.039897577051267646,0.7570808523386885,0.618899000112347,boot1387
C5,0.8594664286422692,0.2114557641557712,0.2215732648330808,0.04350525291243138,0.671802044973359,0.4340407790565829,boot1388
C5,0.9188172801203403,0.36057696670952355,0.36057696670952355,0.13438826580774896,0.6596381779436691,0.3075787773768902,boot1389
C5,0.9329621897471584,0.0009320476509631807,0.006524333556742265,-0.038213953689490404,0.46975201608544304,0.24046829394850067,boot1390
C5,0.8828443753642898,0.3673895820575627,0.3673895820575627,0.20388644366197184,0.6678019748928352,0.5614264390691978,boot1391
C5,0.9257858110317125,0.5053286423078441,0.5053286423078441,0.2226075989348682,0.7147864252718763,0.5504137256364251,boot1392
C5,0.9329621897471584,-0.03541781073660087,-0.03541781073660087,-0.29825524830821787,0.49118911205759624,0.6785306899011956,boot1393
C5,0.9555424367649062,0.22750565122343305,0.22750565122343305,0.12012298384597263,0.6106251678836943,0.8627014294392582,boot1394
C5,0.9099009431726621,0.18253300842026116,0.18348867862141438,0.10416805192569878,0.5055495364100427,0.5772248014965327,boot1395
C5,0.9273888914797368,0.33286537612215716,0.33286537612215716,0.20815806619470115,0.7126131995854632,0.5157069207526379,boot1396
C5,0.9166784419009938,0.21438459785624603,0.221973433178591,0.1574683329386586,0.38608199702430146,0.7732807212447166,boot1397
C5,0.8517797414008287,0.22459368135648503,0.22459368135648503,0.06635722403714331,0.5808809304174545,0.8430757022077698,boot1398
C5,0.9005210574119221,0.3872154341132863,0.3930091812571259,0.2809967364762252,0.7493246306032671,0.7367715117916144,boot1399
C5,0.9421396375678409,0.3294997580295968,0.3294997580295968,0.24181774959034835,0.4199506719985057,0.4374870736863555,boot1400
C5,0.8847403384570625,0.11401036081761816,0.12187314432228147,0.16511845359792973,0.7096162112958646,0.5535652548282591,boot1401
C5,0.9372025322304883,0.28855532641922804,0.2894831570508011,0.11597882894663507,0.7014399574692488,0.5326905974166785,boot1402
C5,0.8921535571504262,0.2719360290700131,0.2797334779322357,0.12475918179556156,0.6959223109533669,0.6198971845466965,boot1403
C5,0.9138134592680046,0.0666104932030109,0.07707785642062691,0.06090102235703854,0.6756207167733962,0.9106605999325919,boot1404
C5,0.9172394313153187,0.15073585461426542,0.1545279515856935,0.012324315157141198,0.561230351771353,0.6418124124141993,boot1405
C5,0.8880831520425427,0.3701181037135216,0.3701181037135216,0.3936176658540627,0.37207640055856667,0.6922579347234387,boot1406
C5,0.9135569201700517,0.2684204846904366,0.275083404523178,0.08281057506407088,0.6463032237759095,0.9575567645339689,boot1407
C5,0.9280387770320656,0.3654270092755952,0.37011197093297465,-0.05153457823117368,0.6755714709941131,0.8863947455761874,boot1408
C5,0.9177998400225851,0.11937811776978319,0.12790512618191055,-0.12506279004453477,0.6632117653876844,0.7712205386079644,boot1409
C5,0.9296849550933035,0.4115466143192294,0.4115466143192294,0.2749879650223942,0.4573779418229618,0.6324227510624633,boot1410
C5,0.9259363033529466,0.07231223303014621,0.07231223303014621,-0.08358167194393523,0.5531416266851444,0.8555382375384832,boot1411
C5,0.9060642092746729,0.3003914184639963,0.3119080223667694,0.17370877553349312,0.5364817984708433,0.7217071779071094,boot1412
C5,0.9187664535539676,0.20916513908416234,0.21862962501557245,0.17603943832422714,0.6880681272135115,0.5896374735268468,boot1413
C5,0.8982563709522897,0.16941033536132954,0.17618674877578272,0.12100738240094969,0.5585700771627837,0.437562694761834,boot1414
C5,0.9161168708765315,0.15946323134728932,0.15946323134728932,0.029424762927178386,0.7565011629987475,0.7194829128645555,boot1415
C5,0.8905503834836718,0.30074220608252905,0.30074220608252905,0.11229010941393132,0.7206095717172288,0.6288246127180154,boot1416
C5,0.9218581540336568,0.24996772182402643,0.25185427066798133,0.29052852196905715,0.5480424391689032,0.631993862724897,boot1417
C5,0.8830071390413287,0.2127118554901407,0.2127118554901407,0.10340159641881844,0.669648433950443,0.8291823255680487,boot1418
C5,0.9078822412155744,0.29787429507003826,0.299789885392032,0.27584500636710935,0.42909223212661457,0.6714144078588321,boot1419
C5,0.8967237492205113,0.395643149859755,0.40437057228313195,0.2657015271116982,0.7311640563584688,0.7191834285587935,boot1420
C5,0.8756904726988316,0.03972020911504726,0.03972020911504726,0.07646140254646597,0.37535597613719657,0.858949522112897,boot1421
C5,0.9042923157543709,-0.040387094409807,-0.03269431452222472,-0.13077725808889887,0.4798371454879451,0.6567710829023377,boot1422
C5,0.926788297326303,0.3490314474219943,0.3490314474219943,0.24019368424739396,0.5310532237657226,0.8594430264477065,boot1423
C5,0.91088171228336,0.051550625186471015,0.051550625186471015,-0.11837550968745197,0.5536919001509851,0.6927175003574804,boot1424
C5,0.8795791114575215,0.31141376586850567,0.3124023809982469,0.16015565101808862,0.7582678045115678,0.9797175935736162,boot1425
C5,0.8862524817200135,0.18347897355005158,0.18347897355005158,0.07751250754253514,0.5965519567830553,0.8241836245029054,boot1426
C5,0.8468287791426422,0.4692699564959971,0.4702968054161196,0.38712204288619456,0.7547339562900609,0.6366463304759697,boot1427
C5,0.9079340961967618,0.1580271756183408,0.15994265653492673,0.1963367939500598,0.4214058016489088,0.7154321223448521,boot1428
C5,0.9015187697010221,-0.0713771340648811,-0.063660687138948,-0.054979684347273274,0.5420803965467997,0.4272982485235449,boot1429
C5,0.8467131324274181,0.07599719860548229,0.08421311196823711,-0.03697161013239678,0.5504661953045744,0.5381423252604421,boot1430
C5,0.8983091440341044,0.29524066749818006,0.29717667187521735,0.2623285930885469,0.6611454947582197,0.6059693700126582,boot1431
C5,0.9151455120041506,-0.1007204994554573,-0.0997703060643681,-0.24610008829210797,0.5169052047525357,0.8485226982426733,boot1432
C5,0.9492919141160346,0.32335314056157677,0.32335314056157677,0.03664058249989539,0.4561752521236975,0.555104824873415,boot1433
C5,0.9376934090804119,0.33106213566450937,0.33106213566450937,0.0806790078510149,0.714982931645201,0.8602994532383715,boot1434
C5,0.910210850509358,0.3477455129801054,0.34870085779598486,0.0544546545051264,0.6868929226172962,0.8359267138944841,boot1435
C5,0.9319216123339834,0.2957890130079469,0.30605298506815953,0.17168825991628464,0.6615596536991619,0.8491104158903207,boot1436
C5,0.8748654730456902,0.26637635778397983,0.26637635778397983,0.11132146295449905,0.7335289255394669,0.8794094406645394,boot1437
C5,0.933061186621515,0.3690517096030884,0.3690517096030884,0.2068926250805193,0.5386663842186493,0.4827494585212117,boot1438
C5,0.8886741399304212,0.08219377044839912,0.08219377044839912,-0.051860355163870865,0.5851413658112222,0.8464001361650624,boot1439
C5,0.9027241066742998,0.16279228687104497,0.16279228687104497,-0.011559215635813844,0.7253407811473188,0.8014389507497599,boot1440
C5,0.9003107817355963,0.14680920824770835,0.15260430857327575,-0.0714729040153317,0.6702999376573,0.5186614791382854,boot1441
C5,0.9138134592680046,0.14939782046961017,0.15605886978991124,0.03140208965284799,0.44153241208852945,0.7841006628468712,boot1442
C5,0.8981508096196225,0.28464281407408093,0.28464281407408093,0.296260888117921,0.6409304180851755,0.6283441712043487,boot1443
C5,0.9339513325608343,0.23276513108210162,0.23369619160643001,0.10148559715179631,0.6284658539216743,0.8537825008091487,boot1444
C5,0.8790876748379549,-0.10584095412101024,-0.10584095412101024,-0.10781928971205716,0.5549231332886612,0.6963741280485161,boot1445
C5,0.9092288722375036,0.2056209689855677,0.2056209689855677,0.0066946361995301115,0.594866245158247,0.548960168361469,boot1446
C5,0.9190713412914747,0.07190623138011686,0.07190623138011686,-0.16084288598184032,0.5459196777148345,0.6036338897436127,boot1447
C5,0.9219592219357862,0.2763491081099003,0.2763491081099003,0.12355540328463119,0.4253701288654097,0.5460960190977211,boot1448
C5,0.9171884562873688,0.19909615564869243,0.19909615564869243,0.055936538967965965,0.5669500051329431,0.5830673129711708,boot1449
C5,0.8214798114367698,-0.06457064132604355,-0.05504382539269287,-0.09420962422980125,0.7166282652087129,0.8214232404755705,boot1450
C5,0.9131975617823559,0.25805168977138254,0.2637650113161364,0.10664866883540534,0.6437008940422678,0.47420568821457015,boot1451
C5,0.9536893822218178,0.3528630447226301,0.35833378960205076,0.059266402860390074,0.4850727126419618,0.8817017163999569,boot1452
C5,0.9280887356107563,0.2642176140010742,0.265154555894695,0.05153180414914567,0.6043275213854356,0.9153922300675513,boot1453
C5,0.8448596253327307,0.26348601469090677,0.26348601469090677,0.2356964740789752,0.45286658774999605,0.7142941179511302,boot1454
C5,0.9471274891279469,0.2515615609305062,0.25798831613676004,0.2130010296929834,0.5793260764494504,0.6968438859352344,boot1455
C5,0.9296849550933035,0.02993066285958032,0.03460732893138975,-0.12720531715321637,0.3797452850309253,0.7164652422012039,boot1456
C5,0.9207451550842287,0.11710741714047675,0.12466273437534621,-0.1086076852512486,0.6025365494808401,0.7262548692018275,boot1457
C5,0.9080377913877414,0.2585603935457765,0.2585603935457765,0.24515355832488442,0.5994770605913189,0.9289021545903823,boot1458
C5,0.9064802928731043,-0.11223534723774162,-0.10072402957233226,-0.24461550038994975,0.4978644890289565,0.9755841721434466,boot1459
C5,0.9004684960321254,0.19603322038280072,0.1979645821599712,0.14292077151061336,0.7203979428845779,0.7836849233418706,boot1460
C5,0.9392122497924545,0.3268233797067288,0.3268233797067288,0.17683644624358413,0.6480916878037115,0.517748425842514,boot1461
C5,0.9388696655132639,0.27415019762845855,0.27415019762845855,0.028711676102980453,0.49736032475162917,0.8184607145212447,boot1462
C5,0.9395546129374337,0.26284424379232507,0.26284424379232507,0.14530474040632055,0.7422573363431151,0.84313769751693,boot1463
C5,0.8631308388117246,0.3888775129100207,0.39794460517994357,0.4090266068431824,0.6488008246478066,0.6226070025346964,boot1464
C5,0.8997321086873326,-0.02706119505113458,-0.02706119505113458,-0.14883657278124016,0.5479891997854751,0.8659582416363065,boot1465
C5,0.9122724048238353,0.45562287285595143,0.45562287285595143,0.3507724209434941,0.4127295061644916,0.7730337863727545,boot1466
C5,0.9152990001886436,0.07600272411197534,0.07695275816337503,-0.10925391591096455,0.5367692390408257,0.6678739381339832,boot1467
C5,0.9212513484358144,0.19821810406272275,0.19821810406272275,0.07551165869056105,0.4691161796151106,0.7739945015782508,boot1468
C5,0.9020955654207838,0.3142441574217653,0.3142441574217653,0.1031414872519291,0.6535507323066162,0.6622261845053766,boot1469
C5,0.917035502401356,0.3773975550733567,0.3773975550733567,0.21145641904863957,0.6277316117049301,0.7443645244537312,boot1470
C5,0.9186139451784286,0.33131200291961704,0.33699163725538195,0.3805355004962459,0.5745896736348787,0.7269931949779026,boot1471
C5,0.9035087719298246,-0.13281553398058252,-0.13281553398058252,-0.22039679189531444,0.4225073870831574,0.687176023638666,boot1472
C5,0.9065322810687457,0.09784058883082059,0.09784058883082059,0.09112603861694073,0.566899882343284,0.4326088780656871,boot1473
C5,0.8406089323520516,-0.011378914764253756,-0.011378914764253756,-0.17999374263455944,0.5234300791556729,0.6972171410097302,boot1474
C5,0.9160657900937837,0.040817269624268016,0.041766508452739375,-0.008543149456242143,0.5704925359112809,0.7480001968354233,boot1475
C5,0.9071038251366119,0.3288056574122578,0.3288056574122578,0.28183342063907807,0.7956521739130435,0.921231011000524,boot1476
C5,0.8586740770146882,0.19240989768638564,0.19240989768638564,0.07291322438641983,0.6825487949506523,0.8739460089650044,boot1477
C5,0.8815405563120017,0.15979930158486508,0.15979930158486508,-0.020714724279519547,0.3817427760082888,0.8341956227015357,boot1478
C5,0.9452444281390443,0.06255570836743475,0.06255570836743475,-0.054276276377627206,0.4378899585720432,0.4802070554088373,boot1479
C5,0.9171884562873688,-0.15264038599733085,-0.15169230906567044,-0.15074423213400998,0.5309230817298465,0.5603134666113201,boot1480
C5,0.8876529477196884,0.20474120082815742,0.21551705350332354,-0.023510951291271658,0.5133224365260979,0.8121074425193419,boot1481
C5,0.9457279061239456,0.18573225213682418,0.18757118532629768,-0.1517119881315643,0.48363942883153227,0.876251664784126,boot1482
C5,0.8907644080057873,0.02147642475459617,0.02245262587980509,0.04392905063440126,0.5730300604976342,0.4705289423506979,boot1483
C5,0.9121180588402232,0.08198786107879476,0.08294120830064122,-0.07817447219140894,0.4957405553601544,0.5411422007964242,boot1484
C5,0.9040312589345278,0.28952442501077097,0.2972194263399609,0.0028856254984462224,0.6204094821659377,0.4289963241023384,boot1485
C5,0.9207451550842287,0.26632493252914874,0.26632493252914874,0.01605504912409762,0.6100918667157095,0.8150298467115438,boot1486
C5,0.8662131519274376,0.11544502617801046,0.11544502617801046,0.19475073981333937,0.4949078078761666,0.29319372420851814,boot1487
C5,0.906480292873104,0.012470594137526853,0.012470594137526853,0.0019185529442349004,0.6120183892109333,0.8259370424931246,boot1488
C5,0.9236241108199176,0.24948978692656104,0.257021554079061,0.1393376923212492,0.4368424948449975,0.6477319751149961,boot1489
C5,0.8896934588462466,0.24727618014107436,0.24825355634716553,0.22284177498879426,0.462298945481139,0.6274755243105522,boot1490
C5,0.85,0.10741687979539642,0.10741687979539642,0.14219948849104858,0.5810741687979539,0.33248081841432225,boot1491
C5,0.9099009431726622,0.27810002853558113,0.2790556987367343,0.16533094479950355,0.5667124292838475,0.5705351100884603,boot1492
C5,0.9381838326947047,0.13068728257660364,0.13902902401766343,0.02224464384282615,0.4736255418201734,0.9018349357945767,boot1493
C5,0.9213525301317825,0.1764891182628171,0.1764891182628171,0.1500629401272081,0.503984968729114,0.7465395323309535,boot1494
C5,0.8919400684106568,0.12283921450747022,0.12283921450747022,-0.015598630413647013,0.6229703021450276,0.8082040383070859,boot1495
C5,0.9209476894205957,0.18506456399920268,0.18600877095838225,0.11519324901991183,0.4617172030388271,0.7223183237723982,boot1496
C5,0.928987194412107,0.23400893538193313,0.23494497112346083,0.18627111256401874,0.5943826958701101,0.5204358722894192,boot1497
C5,0.940385146963973,0.16829367209399415,0.16829367209399415,0.011096286072131483,0.5298476599442783,0.6028982099191439,boot1498
C5,0.8575969800824518,0.26058657628211257,0.26058657628211257,0.37414959785252744,0.6519734184801493,0.5256862921983158,boot1499
C5,0.906428299733739,-0.33672535532485537,-0.3357660238282034,-0.294514769472167,0.34248134430476745,0.4460891459431845,boot1500
C5,0.9272888391399654,0.2119315264407832,0.21849577725974556,0.06939350865760159,0.5176380645810281,0.8420996050611651,boot1501
C5,0.8731014208721214,0.12748157907578198,0.12748157907578198,0.12548967940272288,0.35655004147757774,0.38842043624652317,boot1502
C5,0.9095391617674947,0.3231450121478043,0.329837364470392,0.10516553649780613,0.6587186786089857,0.6931364905537223,boot1503
C5,0.9000478240076518,0.3565027953610867,0.3565027953610867,0.2598895716859954,0.6569699209906205,0.828638551413996,boot1504
C5,0.8532110091743119,0.3434595605423095,0.3434595605423095,0.356708742402992,0.7969892473118279,0.8067179367330682,boot1505
C5,0.9260867535135641,0.1671361868727832,0.1671361868727832,0.038497661021259046,0.48638508314663875,0.4760564423848376,boot1506
C5,0.9292364990689013,0.18902849176614098,0.18996427637884464,0.0411745229589614,0.5315256600156836,0.5352687984664982,boot1507
C5,0.8836035336375109,-0.01082523668949968,-0.01082523668949968,-0.19879071011626684,0.5688169824118923,0.7705600298071135,boot1508
C5,0.926587949782984,0.1933226466247082,0.1933226466247082,0.13138432294883082,0.4673528059179839,0.6146909395106013,boot1509
C5,0.8894790208101975,0.24538057048991516,0.24538057048991516,0.08211939410817877,0.5533282983955856,0.8514999079550443,boot1510
C5,0.9177489177489176,0.1790771123872026,0.1790771123872026,0.09759228876127973,0.5732362592288761,0.7200984413453649,boot1511
C5,0.9380367531628035,0.19189013585351447,0.19189013585351447,0.11031365297859043,0.364313156475513,0.47555381494131843,boot1512
C5,0.9034564958283671,0.11453596420786967,0.11453596420786967,-0.1732476769530802,0.5543925662498566,0.8662383847654009,boot1513
C5,0.8901220865704771,0.3038176298384474,0.3038176298384474,0.11039032852650982,0.7795706386208391,0.6056814485525317,boot1514
C5,0.8685556867375048,-0.09811390634542268,-0.09611158172612833,-0.2963440436555624,0.43850909162546053,0.5516404326155907,boot1515
C5,0.9248819707380919,0.15043047565472292,0.15043047565472292,-0.07521523782736146,0.46539428405679895,0.4456502841271167,boot1516
C5,0.883982725993498,0.3059276778341535,0.3059276778341535,0.22723245524015903,0.6698930823313779,0.8587616165569647,boot1517
C5,0.8944433762737933,0.06124771019477364,0.06319208194698868,0.023332461026580435,0.5405353471157801,0.4287339713634155,boot1518
C5,0.9006261650972707,0.33117055791178823,0.334067093403728,0.1612404757179843,0.7038581245413807,0.7762715118398767,boot1519
C5,0.9180543795277072,0.3532991436235151,0.3532991436235151,0.3201477494497268,0.5200032971831362,0.3135174706149692,boot1520
C5,0.8592401547465529,-0.28842470360294337,-0.2823526045797235,-0.27324445604489367,0.5120803509582083,0.6790630740967545,boot1521
C5,0.9045532482377595,0.03749148382843119,0.03749148382843119,-0.11824237207428298,0.45182044613750405,0.7411777956851398,boot1522
C5,0.9343464763934579,-0.019544002173266233,-0.019544002173266233,-0.14704534968457453,0.4848773872510337,0.763778141690683,boot1523
C5,0.8608221892025755,0.034345324460899586,0.03838595086806424,-0.06970080552359034,0.6283174063141042,0.6889268024215741,boot1524
C5,0.9024099260319732,0.06937944036971466,0.06937944036971466,0.009636033384682594,0.6273057733428368,0.6134669018040664,boot1525
C5,0.9350372736954206,-0.0353392096662375,-0.0353392096662375,-0.2669040309002674,0.5198583737743885,0.6891145884916312,boot1526
C5,0.874314800313234,0.16808193305944427,0.16808193305944427,0.09647306217021359,0.5410448022741876,0.6613874880741448,boot1527
C5,0.83248730964467,0.17861611876988334,0.17861611876988334,0.05431601272534464,0.5995652173913043,0.3885683987274655,boot1528
C5,0.919731341881546,-0.02363639189495233,-0.017018202164365677,-0.12385469352955021,0.3432004103147079,0.6618189730586652,boot1529
C5,0.9043445121951219,0.46730940471609955,0.47404019861118746,0.2788471756536397,0.5855790688726432,0.8105798933655801,boot1530
C5,0.9020955654207838,0.1224202699158411,0.1243481481822323,0.08289876545482151,0.5070319840608851,0.6863246628352666,boot1531
C5,0.9026193997805237,0.10500838860620436,0.10597176831818789,-0.0038535188479341047,0.6445010273169791,0.7717816342926436,boot1532
C5,0.8845239827343712,0.34211474370282785,0.34211474370282785,0.26248458784096274,0.5642927094408711,0.3725904823660108,boot1533
C5,0.9296849550933035,0.33204329109846914,0.33204329109846914,0.1374939825111971,0.5471699304017027,0.8857605540007051,boot1534
C5,0.9148896018116625,0.37733229301190985,0.38398550724637687,0.33171025254699377,0.5645727507533362,0.41725157841871147,boot1535
C5,0.9214536928487691,0.09436884611129548,0.09436884611129548,0.028310653833388644,0.3000929306339196,0.5105354574621085,boot1536
C5,0.9198328089043347,0.35923352527759395,0.3611242280422129,0.3252008755144535,0.49158271880091814,0.5312874768579153,boot1537
C5,0.912426707017212,-0.035261915062369316,-0.035261915062369316,-0.09720852260436946,0.5355998990554475,0.9654140529237869,boot1538
C5,0.9372025322304883,0.1280406271570851,0.1280406271570851,0.011133967578876965,0.3794827283133898,0.39711151031327846,boot1539
C5,0.9234225800411907,0.30981152367855,0.3107532000423146,0.11582619274304454,0.640339927359921,0.8964758983038893,boot1540
C5,0.9026193997805237,0.4248504529847351,0.4248504529847351,0.1782252467169523,0.7032671897479742,0.8554811842413713,boot1541
C5,0.9271387256273906,0.02344754871507695,0.030950764303901576,-0.17820137023458482,0.48301950353058526,0.5721201886478776,boot1542
C5,0.9084523753025484,0.0,0.0009571940599546638,0.019143881199093278,0.48625458245696923,0.3646909368427269,boot1543
C5,0.8565178482648901,0.06192921533196716,0.06192921533196716,-0.06700538052311202,0.37665145718294785,0.4111693804827328,boot1544
C5,0.9274889251573792,-0.035626817059042123,-0.03468926924169891,-0.13969462478413885,0.45846088268083157,0.57471681203139,boot1545
C5,0.9437428243398392,0.26812757854649316,0.26812757854649316,0.09582566381043055,0.49939913255051305,0.6348450227441024,boot1546
C5,0.9151966795585321,0.27744095793785234,0.27934123847167325,0.25938829286655374,0.5824359836161078,0.6147407526910632,boot1547
C5,0.8391460152425174,0.12020502199279287,0.12020502199279287,0.008290001516744335,0.5782276057929173,0.7813326429531535,boot1548
C5,0.9129921073774753,0.32573261252177516,0.3266850470613125,0.1428651809306031,0.46859779345237823,0.5306214035423765,boot1549
C5,0.7954331203519429,0.20989385212582015,0.20989385212582015,0.30281560957735515,0.5302006160469936,1.0265121205528391,boot1550
C5,0.9018858916209118,0.2285066863074551,0.2342916657076438,0.09352383363638456,0.6806992427555413,1.0036939259327458,boot1551
C5,0.941750253059722,0.17451317432938795,0.17451317432938795,0.06740455939706519,0.591867432513956,0.7855309770784009,boot1552
C5,0.917901670195248,0.0028420208142981305,0.0028420208142981305,-0.12694359637198316,0.43009248323045046,0.6422967040313775,boot1553
C5,0.9027241066742998,0.3891602597390661,0.3891602597390661,0.10981254854023152,0.514385095793716,0.3024661424704623,boot1554
C5,0.841368193038134,0.09715025016530172,0.09715025016530172,0.16122807474241563,0.5281252961113743,0.39376856715936126,boot1555
C5,0.9170864918310654,0.040771840694295014,0.040771840694295014,0.07111367562958432,0.4740911708638955,0.8893950365406679,boot1556
C5,0.8839285714285714,0.016723759332454985,0.017707509881422924,-0.24397013614404917,0.30201141853315766,0.5951690821256038,boot1557
C5,0.9227670835089691,0.0716182422442215,0.07256058753690864,-0.045232574048982004,0.5720035926610849,0.45515277636788143,boot1558
C5,0.9216054013503375,0.09718391109695457,0.09718391109695457,-0.09812744421440073,0.5925387977561891,0.3953403762099414,boot1559
C5,0.8825187056651443,0.33993613741466633,0.3468333923767031,0.25618375573279206,0.6631217984929577,0.6641071206303917,boot1560
C5,0.87232790743283,0.18042676728182672,0.18042676728182672,-0.03688281983109165,0.5941124491710978,0.6439540975914919,boot1561
C5,0.9220097487814024,0.35178351044079414,0.35178351044079414,0.18107891154056965,0.5168293933553759,0.6377037657834145,boot1562
C5,0.8983091440341044,0.23812853837558132,0.23812853837558132,0.13648830858112587,0.7182576238808185,0.9186340769041735,boot1563
C5,0.9057519387221086,0.028801436029542743,0.03648181897075414,-0.025921292426588464,0.5472272845613121,0.9206859050777162,boot1564
C5,0.9289373195492223,0.4184304408854326,0.4184304408854326,0.16475113556115464,0.6870871221698154,0.5597794265089231,boot1565
C5,0.9151455120041506,0.39433025730202625,0.39528045069311546,0.3534719414851898,0.6603844068070078,0.7251552169783219,boot1566
C5,0.8626248640094946,0.043345961735940096,0.043345961735940096,-0.10886892715073326,0.49192626342183177,0.9183295614288706,boot1567
C5,0.9180034812061908,0.2396505073280722,0.2396505073280722,0.05872858282348013,0.38931367000726347,0.6412782350241298,boot1568
C5,0.8979396262577863,0.25372094102361836,0.25372094102361836,0.14526008073871277,0.4241594357570414,0.5636091132662057,boot1569
C5,0.9396035039188566,0.23599223450100268,0.23599223450100268,0.12216068609463666,0.43589153901949895,0.4923445833511115,boot1570
C5,0.9005210574119221,0.03186560929111832,0.040556230006877865,-0.07531871286991602,0.5764778408120497,0.3935775631609894,boot1571
C5,0.8951337848873516,0.15737263814159252,0.15737263814159252,0.06120047038839708,0.6042332155806823,0.5925759831257496,boot1572
C5,0.9240269461077844,0.38112948386074275,0.38112948386074275,0.41406659974994275,0.5373455192209484,0.7227344286544456,boot1573
C5,0.9050747405503188,0.3055236509664377,0.31128824815448375,0.1373895663150962,0.6475564174571667,0.7782206203862092,boot1574
C5,0.9045010716837343,0.5220269249261625,0.5239496760308628,0.492224282803306,0.6623877555692926,0.5364475582114155,boot1575
C5,0.7777659687533214,-0.1196291455256247,-0.11292096914101024,-0.271681143576886,0.6126801097947882,0.6372131946797965,boot1576
C5,0.9059601388954953,0.20156371987271093,0.2034833743476891,0.07582635176163886,0.7246695643042701,0.8504069324153423,boot1577
C5,0.911654757961482,0.4168244575936884,0.4168244575936884,0.4091938039077627,0.6104522948740516,0.6390672461962728,boot1578
C5,0.8502299540091981,0.1789797128716921,0.1789797128716921,0.11659249867070227,0.5492120332119923,0.48784756022741216,boot1579
C5,0.9035087719298246,0.5687969607429294,0.5687969607429294,0.4186576614605318,0.6226931194596875,0.8199915576192484,boot1580
C5,0.9216559613671526,0.27549655633064535,0.27549655633064535,0.1537874612393671,0.48117549222133266,0.39060128192084653,boot1581
C5,0.9370060544437769,0.22643814523634892,0.23293432153411303,0.11971524891593859,0.6171367482875904,0.9187449335409238,boot1582
C5,0.8111237465109066,-0.15973545090824456,-0.15973545090824456,-0.04395405024991964,0.2905255516519079,0.720417604096244,boot1583
C5,0.9079340961967616,0.059379908414164434,0.06799957253880122,-0.02777447329049627,0.5095179238118626,0.6100806719326248,boot1584
C5,0.8944965152607545,0.13026516832932272,0.13026516832932272,-0.0009721281218606174,0.4763427797117025,0.7835352662196575,boot1585
C5,0.9283883893211573,0.2716254489437004,0.27349872790193275,0.1255096902015719,0.5254547477841928,0.6921765750668778,boot1586
C5,0.910520581687272,-0.20246420541680046,-0.19673408639557027,-0.36004247850063104,0.4841950572939521,0.4765548985989785,boot1587
C5,0.9386248269497,-0.008337822239322817,-0.008337822239322817,-0.17509426702577913,0.42800820828523795,0.8634278141165406,boot1588
C5,0.9013088755135186,0.024119512217603303,0.024119512217603303,-0.0019295609774082644,0.4206442930750016,0.6222834152141652,boot1589
C5,0.9189189189189189,0.04258312020460358,0.04826086956521739,-0.015140664961636829,0.5232992327365729,0.5904859335038363,boot1590
C5,0.910210850509358,0.12610551569608217,0.12610551569608217,-0.027704999660502907,0.5598320621053345,0.47156519195392077,boot1591
C5,0.8847403384570625,0.10025048968445734,0.10123333762254025,0.1828097164834222,0.5503948453264325,0.41181328605674145,boot1592
C5,0.9184613937740994,0.34083466151421526,0.34083466151421526,0.12023889447862594,0.6807225600797799,0.9034082674660117,boot1593
C5,0.8874915352616811,0.034293039876399284,0.036252642155050675,-0.11953573899773462,0.6447091496763064,0.7387700590515731,boot1594
C5,0.9425287356321838,0.3884093319194062,0.3884093319194062,0.24448568398727466,0.569236479321315,0.7414602501341875,boot1595
C5,0.8963002063438744,0.28911120732598683,0.28911120732598683,0.07761374693315085,0.5656101807753366,0.7644954072915358,boot1596
C5,0.9036133091810468,0.08757112581080212,0.08757112581080212,0.02983192197950402,0.6293573217611494,0.7698560510839747,boot1597
C5,0.8323094887546326,0.06790952151105124,0.06790952151105124,0.04074571290663074,0.2935780853016215,0.41894950962971605,boot1598
C5,0.8987311467560448,0.23317898589330802,0.23511408121192467,0.14609969655555813,0.6269708832317993,0.8988517754974406,boot1599
C5,0.9197820777756903,0.5133541133844843,0.5152449204319409,0.5473886402387041,0.652328431372549,0.5823685706166525,boot1600
C5,0.9295355114958577,0.004677417950347879,0.004677417950347879,0.11599996516862737,0.6024514320048068,0.5089030729978492,boot1601
C5,0.8931132393281678,0.3573235965269871,0.3631653991950032,0.2463293458346805,0.6718073068218559,0.5510767183495223,boot1602
C5,0.9410193839495371,0.3123347387858082,0.3123347387858082,0.20052259856958693,0.5978715266107039,0.6625562358266996,boot1603
C5,0.9297845609790145,0.09352330140604803,0.09352330140604803,0.02057512630933057,0.5854558668018607,0.5480465462394415,boot1604
C5,0.940385146963973,0.20528129233443246,0.20528129233443246,0.0989418841431724,0.4457008238972812,0.577931566256848,boot1605
C5,0.9313260849363441,0.007469480187066714,0.01400527535075009,-0.032678975818416875,0.5275320382115867,0.8692607567698889,boot1606
C5,0.9311274281996469,0.17650411867334445,0.17837188712491425,0.08778511722377978,0.5257768191168938,0.4305206280868349,boot1607
C5,0.8960883129349652,0.24357071330430125,0.2474523182971985,0.09218811858130922,0.661813651288978,0.5900039589203792,boot1608
C5,0.8986256763874922,0.07741289751585893,0.07741289751585893,-0.15869643990751076,0.7944498607565021,0.7828379261291233,boot1609
C5,0.9157080897605129,0.41497940691927515,0.41497940691927515,0.1927707542439653,0.7406955089176992,0.90022992622305,boot1610
C5,0.881758070789576,-0.21597169214245987,-0.20906848737078304,-0.42898486795420104,0.5423946606317485,0.8964304482077443,boot1611
C5,0.9380367531628035,0.1195837078507409,0.1195837078507409,-0.015759093282655776,0.6433418081272418,0.8361589494679712,boot1612
C5,0.9370551807006193,-0.18837923610694157,-0.18837923610694157,-0.19301911876967412,0.6143204645457898,0.7034062116702547,boot1613
C5,0.9333580670593146,0.405268763312868,0.405268763312868,0.3093085733790165,0.4369449425143335,0.3586861468401246,boot1614
C5,0.9225147568631125,0.10180112868611396,0.10180112868611396,-0.027335488258308387,0.574987856467866,0.5938399173356649,boot1615
C5,0.8888888888888887,0.10271739130434784,0.10271739130434784,-0.12228260869565219,0.5057608695652174,0.6534782608695652,boot1616
C5,0.9498675920007306,0.17851458331591746,0.17851458331591746,-0.062251239310166094,0.418364946540381,0.5675848290044555,boot1617
C5,0.9027764526285659,0.06453521178535652,0.0751305450635494,-0.11943830240871954,0.6077868453217906,0.7946499958644648,boot1618
C5,0.8930599672730772,0.22784389439253208,0.22881758624891044,0.13436947618021125,0.7254004330018651,0.49084741317506636,boot1619
C5,0.927938845902862,0.25207808091132244,0.25207808091132244,0.09089804404609025,0.5922429261559695,0.5997396720566781,boot1620
C5,0.9032996376120541,0.19156819183313747,0.19156819183313747,0.06449783343125734,0.615136053172738,0.6488289512338425,boot1621
C5,0.9180034812061908,0.472670368208332,0.472670368208332,0.370368965870657,0.5313989510318121,0.37131620107748736,boot1622
C5,0.9273388676429437,0.2944376514217243,0.29631305047536577,0.16409741719363613,0.6863960536328094,0.8345525788704924,boot1623
C5,0.9431604098699627,0.3272992048261166,0.3272992048261166,0.17978407025659923,0.6555203792432925,0.7781423348542038,boot1624
C5,0.9021479713603817,0.2207292385553255,0.2226570048309179,0.13590752242926157,0.6082102599493905,0.9388221762134806,boot1625
C5,0.9136595503495181,-0.04377998345740282,-0.04377998345740282,-0.029503901895206245,0.26172816197360377,0.6414719315280326,boot1626
C5,0.9222623119816316,0.10465757721687881,0.10465757721687881,-0.01980008217616626,0.5487451345966078,0.5148021365803228,boot1627
C5,0.9323182619998143,0.4318361144064494,0.4318361144064494,0.06808647160188079,0.5969224907562153,0.7825280777257259,boot1628
C5,0.9483310470964791,0.3135943985577125,0.3135943985577125,0.16229885539390382,0.5254081589870445,0.6831223009517421,boot1629
C5,0.9194775909048201,0.3016835941318121,0.3016835941318121,0.24021201539022027,0.5267641439856404,0.39247238735016304,boot1630
C5,0.9213525301317825,0.16327602919501258,0.16799498957637132,0.0481333958898592,0.6455537801698764,0.6342282752546153,boot1631
C5,0.9008363201911588,0.38707992157767274,0.38804520816514826,0.2702802444931381,0.7075550686195365,0.6660477453580903,boot1632
C5,0.9193760571321179,0.03026627324113904,0.03026627324113904,-0.06620747271499165,0.5202015713320772,0.7651692203775463,boot1633
C5,0.8986784140969162,-0.10643648763853368,-0.09869565217391305,-0.0957928388746803,0.44122762148337596,0.6337809036658142,boot1634
C5,0.9381348107109879,0.15015919205751455,0.15015919205751455,0.036149435124957205,0.506092091749401,0.5681949674768915,boot1635
C5,0.909694240341313,0.11375059473910777,0.11375059473910777,-0.09080929832113646,0.5362528037700796,0.5352969164193307,boot1636
C5,0.9047619047619047,0.31620137299771167,0.31620137299771167,0.20279176201372995,0.4622883295194508,0.6247139588100686,boot1637
C5,0.9030381075022654,-0.022147459596493082,-0.022147459596493082,0.015406928414951709,0.46991131665602703,0.5546494229382615,boot1638
C5,0.9418963058379721,0.28157812028829776,0.29081018980594686,0.1301721801988524,0.5733115170460096,0.7570297004472268,boot1639
C5,0.8543534568639171,0.16793782446463335,0.1760802644386762,-0.026462929915639193,0.6025405580791694,0.7012676427644386,boot1640
C5,0.8663249211356467,-0.04115335140804653,-0.04115335140804653,-0.031115948625596163,0.4456606835407967,,boot1641
C5,0.907778516478298,0.1341066441041877,0.14272778551088547,-0.024905519619349142,0.7145968321551714,0.7136389275544274,boot1642
C5,0.9518297406917924,0.17906015679319204,0.17906015679319204,-0.05116004479805487,0.4549589698112736,0.6787841658027635,boot1643
C5,0.9331601651282526,-0.0018636998232169331,0.0027955497348254,-0.2366898775485505,0.6122253919267626,0.9803061070121069,boot1644
C5,0.9084523753025484,0.3206600100848124,0.321617204144767,0.05360286735746118,0.808828980661691,0.9954818223528504,boot1645
C5,0.8987838743656037,0.08126923540147675,0.08900916258256979,0.09868407155893606,0.5069652303615931,0.6385439924401745,boot1646
C5,0.9332591252724827,0.14069441623488027,0.15001192724381274,-0.04938280834734208,0.6056382155806105,0.6624750327350983,boot1647
C5,0.9138647525500566,0.32637309703973977,0.32637309703973977,0.07612200514046409,0.5870909646458292,0.501453708862807,boot1648
C5,0.9507777929838968,0.24053533208446154,0.24053533208446154,0.1170666255011828,0.4161352703362357,0.46003525489917924,boot1649
C5,0.9291866474230643,0.3818206058810458,0.3818206058810458,0.26484125358905874,0.4089598156127869,0.642918520196761,boot1650
C5,0.9319712096586952,0.3368269751521847,0.3368269751521847,0.16514785208292712,0.5374302983037629,0.6994544814998591,boot1651
C5,0.942285582892619,0.19010206463386167,0.19748466908566215,0.15134339126190927,0.3949693381713243,0.5278562183037324,boot1652
C5,0.9272888391399654,0.2681965334604602,0.2681965334604602,-0.04782525596672542,0.6376700795563389,0.6573628320132258,boot1653
C5,0.8890498961503163,0.006846585943147084,0.006846585943147084,-0.1320413003321223,0.44991850483537976,0.47926101602029586,boot1654
C5,0.9001530221882171,0.07631552689443634,0.08307766218888006,-0.11785435798887636,0.43277665884439853,0.4772135479221715,boot1655
C5,0.8951337848873516,0.20885874815087893,0.20885874815087893,-0.0009714360379110648,0.5051467397137538,0.4653178621594,boot1656
C5,0.9337042188224385,0.3529653296489789,0.3529653296489789,0.2905677647769958,0.4740352316393938,0.6100060446440136,boot1657
C5,0.9277389277389276,0.4902053746995849,0.4902053746995849,0.39928774306314174,0.6645422766003933,0.8623115577889447,boot1658
C5,0.9254344982246309,0.07986847650488164,0.08080810564023319,0.022551099248437168,0.6896877853480368,0.9274139565919786,boot1659
C5,0.8358556461001163,0.16125105970691533,0.16437204795930724,-0.09987162407654113,0.5867457914496791,0.7261499333898509,boot1660
C5,0.9009938837920489,0.032814004537824425,0.033779122318348676,-0.17951190717751006,0.6997103908800796,0.9361642471085203,boot1661
C5,0.9181052730608212,0.04830363944987236,0.04830363944987236,-0.01799547352054068,0.4593581398664332,0.8209289023222254,boot1662
C5,0.9177998400225851,0.0748481849508958,0.07579563033002108,-0.05589927736839054,0.5485708745135275,0.5618351098212812,boot1663
C5,0.9015712307177993,-0.08776947631703799,-0.08776947631703799,-0.12731396564669248,0.5352973555599569,0.4195573867902365,boot1664
C5,0.9430147058823528,0.2434375794558861,0.2434375794558861,0.13370624629205866,0.4970183913891008,0.7395338588015934,boot1665
C5,0.9120666004446337,0.25837167351393275,0.25837167351393275,0.09534010092765045,0.7713014165046922,0.5825280166679443,boot1666
C5,0.9114487197690377,0.0305295145552159,0.0305295145552159,-0.06582926575968429,0.4073782098461622,0.24519016377157768,boot1667
C5,0.8775560001952075,0.19223348952817554,0.19619706663184924,0.09809853331592462,0.7332617641796385,0.7373389063357692,boot1668
C5,0.9427231773466949,0.14481636010549434,0.14481636010549434,0.08486054222742345,0.45566421587333883,0.8799669270104561,boot1669
C5,0.884523982734371,0.11108898286902168,0.11108898286902168,-0.043255887134840305,0.5308677057457672,1.0469890863319302,boot1670
C5,0.9025146729016558,0.21389511335058917,0.22160304536322298,-0.16668402977320687,0.5983282224807022,0.8767772664370996,boot1671
C5,0.9122209610291334,0.16777018375921954,0.16967666312011975,-0.06768001731195789,0.6443900239842749,0.7969083728562929,boot1672
C5,0.8964590730256212,0.24443997654352015,0.2454099764504389,0.16974998371077787,0.6654199361462494,0.6722099354946803,boot1673
C5,0.8766240109407052,0.04364570110754741,0.04364570110754741,-0.055549074136878526,0.44935233185724943,0.7694288678776784,boot1674
C5,0.913402938536401,0.42269073180385086,0.4312587871782532,0.35414628880863175,0.6664043068979629,0.7101965899226862,boot1675
C5,0.9195791055993986,0.19857856114852263,0.20330662212824932,-0.028368365878360374,0.5323796663172295,0.8293018958440682,boot1676
C5,0.8924736360572061,0.22604491862194512,0.22604491862194512,0.11886844858567801,0.49106309907525997,0.763875931894849,boot1677
C5,0.8891572084037671,0.04400845476229837,0.05281014571475804,0.01955931322768817,0.6620827527572444,0.6151404010107928,boot1678
C5,0.919731341881546,0.3611640681548716,0.3611640681548716,0.19003659083541677,0.638182581163713,0.9568011439076705,boot1679
C5,0.9149919803755071,0.3953467770136379,0.3953467770136379,0.21953150358209222,0.7270199144601757,0.7403248540712114,boot1680
C5,0.9352837700212943,0.3821207165176074,0.3821207165176074,0.18222788427603662,0.7093871209317139,0.5392457800005165,boot1681
C5,0.8812685441898924,0.3562058870112355,0.3581793268284723,0.20721118080986,0.7203055332914181,0.847776720827213,boot1682
C5,0.914274924471299,0.4964732503636657,0.4964732503636657,0.3119602032936443,0.7104703410376597,0.801775766391897,boot1683
C5,0.9207957957957957,0.12276715290948086,0.12465587833885747,-0.018887254293766285,0.5165664049345078,0.5307318456548327,boot1684
C5,0.9478980833447691,0.06788475176560933,0.07338892082768578,-0.22200148550374943,0.5256481454282993,0.8237906362907726,boot1685
C5,0.8557783194865927,0.2499631488755099,0.2499631488755099,0.25097925923679243,0.6503106312208389,0.7407444533749867,boot1686
C5,0.9149407935085154,0.4324347288045159,0.4324347288045159,0.2499567773089839,0.7432174899453438,0.7527215499190694,boot1687
C5,0.9403363280350149,-0.013871077689964425,-0.004623692563321476,-0.17662505591888034,0.48918667319941206,0.6547148669663209,boot1688
C5,0.9371534195933456,0.1670182660149215,0.16794614527055998,0.06495154789469171,0.6068330331875482,0.7302409741874625,boot1689
C5,0.9167294649585531,0.46194463803856395,0.46384174127486194,0.32250755017066063,0.53213745778159,0.6009559721011515,boot1690
C5,0.9230697195298965,0.09891381538610831,0.10079788806012942,0.056522180220633315,0.49456907693054153,0.7489188879233913,boot1691
C5,0.9103141138011085,0.10889695466620808,0.11080742755508893,0.009552364444404217,0.4546925475536407,0.4136173804427026,boot1692
C5,0.8840368753032508,0.29410537870472003,0.29410537870472003,0.000983630029112776,0.6344413687777405,0.4829623442943731,boot1693
C5,0.9015712307177991,0.2382314357176746,0.2391959354574223,0.08680497657729035,0.655859823028416,0.565196847492135,boot1694
C5,0.8878143133462282,0.031342237378043,0.031342237378043,-0.09990338164251207,0.5230235862460926,0.602358624609264,boot1695
C5,0.9301827991999627,0.28979811024580715,0.28979811024580715,0.20285867717206502,0.6104456967435874,0.6188591902668528,boot1696
C5,0.927038626609442,0.03658212560386473,0.03658212560386473,-0.03752012882447665,0.4802576489533011,0.46431159420289847,boot1697
C5,0.9281386895330414,0.2857518970982474,0.2857518970982474,0.2117374712924718,0.6127270186959141,0.8394547534427202,boot1698
C5,0.9322686969035793,0.27329310695712794,0.27329310695712794,0.03824238015441039,0.6370620889137145,0.8237893889086055,boot1699
C5,0.9127351801077809,0.16291215175507337,0.16291215175507337,0.08669594040767062,0.42966889147098297,0.8602904855838085,boot1700
C5,0.9107785565448002,0.40194946827750844,0.4038589669391593,0.28833429790928156,0.6205870650365333,0.5111084560198159,boot1701
C5,0.8685000245978254,0.21626491840745538,0.21626491840745538,0.06107481492062397,0.6257665463178687,0.6718229641268638,boot1702
C5,0.8996268299684239,0.02126485576611822,0.02126485576611822,-0.08505942306447288,0.4765260860316492,0.512289707092848,boot1703
C5,0.8950276243093922,0.24580246913580248,0.2496886741814278,0.10104133118625871,0.6791143317230274,0.8860547504025765,boot1704
C5,0.9330116904806087,0.009319982013766387,0.010251980215143024,-0.1304797481927294,0.46227110788281267,0.6943386600255956,boot1705
C5,0.8891572084037671,0.12028977635028222,0.12028977635028222,0.10268639444536289,0.5085421439198924,0.548638736036653,boot1706
C5,0.9471274891279469,0.23687183474478324,0.23687183474478324,0.061513228402715024,0.47925231680921254,0.7748830562968877,boot1707
C5,0.9053873976775176,0.2996555380846162,0.2996555380846162,0.12677734303579916,0.5820232566643506,0.37841116027352173,boot1708
C5,0.869834406171687,0.03598885903336886,0.03598885903336886,-0.056982360136167365,0.542831957086647,0.7327731575405383,boot1709
C5,0.8884055869701802,0.017618274966531528,0.017618274966531528,0.05579120406068318,0.6146820377212112,0.48216040782101943,boot1710
C5,0.904970481812988,0.4179814448836187,0.42470758307714823,0.21811905284731373,0.6630050505050504,0.7446795857121943,boot1711
C5,0.8085370907583921,0.10969892808593139,0.10969892808593139,0.24198292960131923,0.589362868540102,0.0678142148317951,boot1712
C5,0.9251834197859711,0.3834727267137217,0.38441261084782385,0.19737566816147442,0.7114922895154101,0.8853708543243279,boot1713
C5,0.8929534077782054,-0.19476161013930293,-0.19476161013930293,-0.4917730656017399,0.47911356094268526,0.8072868740274107,boot1714
C5,0.815043791859866,0.0010668938602759303,0.007468257021931513,-0.12162590007145606,0.6444038916066619,0.6945479030396307,boot1715
C5,0.9374480273491639,0.046379382750966314,0.047306970405985645,0.08162771364170072,0.46750417812974043,0.5890181609372722,boot1716
C5,0.8618932158939085,0.23002950471026976,0.23406511005606398,0.08979221894392109,0.6578036713644555,0.9423138482429471,boot1717
C5,0.8742046010768477,0.26359365110278005,0.26359365110278005,0.12831539997078728,0.4227445347874775,0.5206774110352992,boot1718
C5,0.9035087719298246,0.24445757703672433,0.25215702828197545,0.07891937526382438,0.6977627691008863,0.8996936156024283,boot1719
C5,0.9284383153186729,0.27910355540816506,0.27910355540816506,0.07399053985652698,0.6144024575428062,0.7670664828164001,boot1720
C5,0.9153501532657392,0.2336953161749882,0.23939520193535377,0.2080458302533432,0.606087852518872,0.7343352821270971,boot1721
C5,0.9424801140282311,0.39119727481366157,0.39119727481366157,0.2454209318406462,0.4742344322033539,0.723345904372431,boot1722
C5,0.8394388939348068,0.21235717197905013,0.22168016977325233,0.29212059755166897,0.7230502733725706,0.7800241487815842,boot1723
C5,0.9216559613671526,0.018869627145934615,0.018869627145934615,-0.20567893589068728,0.4698537159337719,0.7576155299092748,boot1724
C5,0.9369077883059856,0.5986390253319318,0.5986390253319318,0.33598035220179745,0.6895950322815897,0.891925741618584,boot1725
C5,0.9157080897605129,0.4700567652746937,0.4710063749015113,0.12914690924718858,0.6656763483991117,0.7577884822004153,boot1726
C5,0.9606398843147,0.23716076198423508,0.23716076198423508,-0.13034789971652616,0.5811343862361791,0.8327782481889171,boot1727
C5,0.9113456714157239,0.4436821710677849,0.4436821710677849,0.21086830065802248,0.7184788705678324,0.7547367684185331,boot1728
C5,0.909952606635071,-0.14429800724637679,-0.1433423913043478,-0.20927989130434782,0.47111865942028985,0.5848369565217392,boot1729
C5,0.9157080897605129,0.028488288804526897,0.028488288804526897,-0.23550318745075566,0.5602696798223622,0.6685251772795645,boot1730
C5,0.9174942344801618,-0.087194008412845,-0.087194008412845,-0.1165745982041297,0.5335894210481709,0.5895073177477128,boot1731
C5,0.9034564958283671,0.24832167029941496,0.25698405414706893,0.08469886428817254,0.5967419983939428,0.7372651141447746,boot1732
C5,0.9003107817355963,0.2134528619917338,0.2134528619917338,-0.04539495255027823,0.5882026830450945,0.692150770997206,boot1733
C5,0.9278888733510465,0.3467431711653466,0.3467431711653466,0.13963441217199093,0.6456920133322266,0.3701717638116539,boot1734
C5,0.8871685697696922,0.23719819409666895,0.2391585097503604,0.09801578268457393,0.39304328856514154,0.4783170195007208,boot1735
C5,0.9455829092742859,0.31082736436494246,0.31082736436494246,0.12414702422860129,0.5434880838452102,0.7687919426304497,boot1736
C5,0.879415347137637,0.10283511983620378,0.10283511983620378,-0.056361556064073226,0.6021787305793086,0.7531264290336589,boot1737
C5,0.9109848484848484,0.13077103859712555,0.13077103859712555,0.05059025580764711,0.49349362740667085,0.9688511253728647,boot1738
C5,0.835266116372107,0.028108719376215854,0.02914978305681645,-0.003123191041801762,0.6163096989155478,0.8901094469135022,boot1739
C5,0.9328136599851522,0.14728697728334397,0.14728697728334397,-0.03449125417394765,0.42508140279243584,0.6152493987785255,boot1740
C5,0.9121180588402233,0.5844018469918741,0.5853551942137207,0.44902654148967813,0.753144305258696,0.7142123495973949,boot1741
C5,0.9453895180888624,0.15360588257622082,0.1591246568005162,-0.0137969355607384,0.5665941536943236,0.681568616700477,boot1742
C5,0.903351928670195,-0.021177167143230875,-0.013476379091146922,-0.06064370591016113,0.5467559516979608,0.4273937368906595,boot1743
C5,0.8940180804000769,0.3627978373119808,0.36377048566938563,0.280122726932575,0.6331940806705081,0.4172014446060912,boot1744
C5,0.9353823366043326,0.16361595924128197,0.16361595924128197,0.08552652414885194,0.6070523942304382,0.6730565596061826,boot1745
C5,0.9289373195492223,0.19657805947637771,0.19751414547388424,-0.033699095910236176,0.643091080287007,0.7132975300999991,boot1746
C5,0.7804231401452887,0.008913782000153612,0.013370673000230418,-0.04568313275078725,0.5782816072599656,0.5370553655092551,boot1747
C5,0.9236744817258645,0.3436181367214863,0.3436181367214863,0.14968570887319538,0.4735340349887879,0.5723830880182565,boot1748
C5,0.9048140564735012,0.19413068647236217,0.19989694448639272,0.07303926817772043,0.6400546395573921,0.5622101563679796,boot1749
C5,0.9314253856160565,0.08308910788021791,0.08308910788021791,0.07842118047121689,0.5788229987161246,0.8336918352475796,boot1750
C5,0.9372025322304883,0.07144295863112719,0.07144295863112719,-0.19670009389349305,0.4527813482076632,0.42587425989204386,boot1751
C5,0.9122724048238353,0.10675682376541124,0.10675682376541124,-0.10771000969188811,0.534737304753533,0.5137672143710416,boot1752
C5,0.8833867365763666,0.21065174381373833,0.21163609775679318,0.10827893373603371,0.6890477601383964,0.8170137727355271,boot1753
C5,0.9296849550933035,0.2300919707330237,0.2300919707330237,0.10288665357980735,0.47047260682402814,0.7835119142230961,boot1754
C5,0.9229184227779339,0.05182049223003679,0.05182049223003679,-0.06030020914040645,0.44471404241049756,0.7914402449678347,boot1755
C5,0.8748654730456901,0.04770919840907102,0.04770919840907102,-0.0457213151420264,0.27730971575272534,0.9362930187780187,boot1756
C5,0.9004684960321254,0.17285687905675534,0.17382255994534054,0.17865096438826664,0.698187282447118,0.5832712567054761,boot1757
C5,0.9244294799850354,0.43928386676754705,0.4411651681241532,0.2022398958351662,0.7083099607622333,0.762867700103813,boot1758
C5,0.9176470588235294,0.09855072463768115,0.09855072463768115,0.14403567447045706,0.42926421404682275,0.6557413600891862,boot1759
C5,0.9059080962800875,0.2351711825246797,0.2351711825246797,-0.047994118882587686,0.47994118882587694,0.709353077084646,boot1760
C5,0.9297845609790145,0.2805699042181441,0.2815051372322046,0.1337383210106487,0.5321475850004134,0.5920024979002841,boot1761
C5,0.9374971127638934,0.012985547238207051,0.0213333990341973,-0.07976836160612902,0.4646970833101237,0.5082914204669617,boot1762
C5,0.9290869302044046,0.15349338260608092,0.15910899416484,0.02714212253400212,0.4380177015832065,0.6822968043892257,boot1763
C5,0.9203398582359291,0.25132492715184795,0.25132492715184795,0.010393136085226795,0.5895742651983199,0.9722306392453065,boot1764
C5,0.9216559613671526,0.12359605780587171,0.13020042730694883,0.05283495600861692,0.6019411059553142,0.9378204691529505,boot1765
C5,0.9013088755135186,0.12445668304283307,0.12445668304283307,-0.12156234157672065,0.4573059516457587,,boot1766
C5,0.9161168708765315,0.29424762927178383,0.3027903023796744,0.24963589193057792,0.6302594381821435,0.7156861692610484,boot1767
C5,0.9337536507347828,-0.039112820712074704,-0.03818156307607292,-0.1657638592083166,0.4786664249049142,0.5099744317709365,boot1768
C5,0.9211501477555231,0.26809583903434786,0.26809583903434786,-0.02265598639726883,0.5767836536971356,0.8157928758599997,boot1769
C5,0.8843075430511763,0.1445493572467743,0.14946600205108634,0.06096639557346943,0.6666970354647141,0.8631184880463287,boot1770
C5,0.9032473415669257,-0.029844008942630364,-0.028881298976739064,-0.12033874573641276,0.5198633815813031,0.4909820826045641,boot1771
C5,0.8832240835154163,0.021659774840452232,0.021659774840452232,-0.15260295910318616,0.5887520615722924,0.793535387336568,boot1772
C5,0.9008363201911588,-0.03281974397416677,-0.02509745127436282,-0.08880636604774537,0.5463522085111291,0.6226098489216929,boot1773
C5,0.9057519387221086,0.20737033941270772,0.20737033941270772,0.12480622279468523,0.535706710149495,0.7622780069152312,boot1774
C5,0.940336328035015,0.1590550241782587,0.1590550241782587,0.04623692563321474,0.4956598427880621,0.7333176405427858,boot1775
C5,0.9105721864342554,0.2654804682552606,0.2654804682552606,0.2568857768369248,0.45265374803235087,0.4545636794586476,boot1776
C5,0.9101592115238818,0.023884975463122245,0.023884975463122245,0.029617369574271583,0.5140046719663907,0.5321572533183636,boot1777
C5,0.9303320621337549,0.3495713031306783,0.3495713031306783,0.15983072950627267,0.6477350616833155,0.43182337445554375,boot1778
C5,0.9040834802496783,0.2481494585267712,0.2481494585267712,0.14042566257716507,0.6925101168188963,0.564588109128739,boot1779
C5,0.9103141138011085,0.031522802666533914,0.031522802666533914,-0.1356435751105399,0.4814391679979725,0.7823386479967055,boot1780
C5,0.856460995376125,0.02132130904244847,0.02132130904244847,-0.04568851937667529,0.49140540840690755,0.6396392712734541,boot1781
C5,0.9388696655132639,0.1907937186198056,0.1926460848199979,0.07872556350817221,0.56682405725884,0.45660826834739887,boot1782
C5,0.8414849141187729,0.05786871678490936,0.05786871678490936,0.1219376532253447,0.5466526996288759,0.8421965032089485,boot1783
C5,0.8718300878010496,0.3550751708651132,0.3550751708651132,0.1466181183066619,0.7580256456670954,0.8268463950763449,boot1784
C5,0.9218581540336568,0.3990050804964648,0.3990050804964648,0.11790930274718228,0.732924225876485,0.8640393705313517,boot1785
C5,0.9284383153186732,0.17420557485207613,0.17982510952472378,0.06649782695966348,0.4654847887176444,0.5741291257221649,boot1786
C5,0.8857668830539676,0.129585572560471,0.129585572560471,0.013743924362474201,0.6547998249835922,0.6616717871648294,boot1787
C5,0.9270886784531418,0.40144370403104773,0.40144370403104773,0.3198418296135217,0.5805926467178002,0.5496402115939112,boot1788
C5,0.8861985472154963,0.1236350677120456,0.1236350677120456,-0.011774768353528154,0.6014944167260632,0.532808267997149,boot1789
C5,0.899784740492705,0.0019328294385502626,0.01449622078912697,-0.1671897464345977,0.41942398816540694,0.762667028713585,boot1790
C5,0.8647581441263574,0.21418403811792727,0.21418403811792727,0.08346138574548341,0.4937294024220765,0.8758417708953742,boot1791
C5,0.9074153246876632,0.2855698242387549,0.2855698242387549,0.18207472015222625,0.5289749764422574,0.7848378726561754,boot1792
C5,0.9295853306650532,0.010289768002751403,0.012160634912342566,-0.27408200225510554,0.5051340655896143,0.5360033695978685,boot1793
C5,0.940385146963973,0.2718590087672213,0.2718590087672213,0.21730226891257484,0.5196760643781578,0.5455673985464645,boot1794
C5,0.9040312589345278,-0.13947189909156743,-0.13370064809467497,-0.20487941038968174,0.6598463639780363,0.8637638992015692,boot1795
C5,0.8929534077782055,0.28337814275268575,0.28337814275268575,-0.0788784521064177,0.7800202486079081,0.8990202912346397,boot1796
C5,0.9458245485379044,0.2978767371499364,0.2978767371499364,-0.057920476668043175,0.6132215545648382,0.8237578903899475,boot1797
C5,0.8803427124914809,0.05136339593972091,0.05136339593972091,0.07803285152380676,0.5521565063519999,0.48992777665579945,boot1798
C5,0.8769531249999999,0.2736748329621381,0.2845821632613537,0.28160743681611317,0.7218669507117266,0.9023336883896581,boot1799
C5,0.8952399250684471,0.05730793096852153,0.05730793096852153,-0.02331170073295791,0.7129495140829627,0.7621786096941646,boot1800
C5,0.9365145420076756,0.2163433524671455,0.2163433524671455,0.1420623730792844,0.6091040309804611,0.5905337861334958,boot1801
C5,0.9277389277389276,0.35242298448765563,0.3571094603452043,0.25775617216517366,0.7554599082368363,0.6373607166266113,boot1802
C5,0.9315743020392995,0.08027551697373611,0.08214238946149743,0.10361142307075245,0.5208574240854041,0.7178124715442218,boot1803
C5,0.9137108581684219,0.04187415441457396,0.04187415441457396,0.17986852691714725,0.49677974100926375,0.5786246791832038,boot1804
C5,0.9251834197859713,0.42576751274832325,0.42576751274832325,0.3054623435832341,0.6400610953236383,0.7039732164425919,boot1805
C5,0.930083267432665,0.15052415724717413,0.15052415724717413,0.08975353475607899,0.3066579104166032,0.3249597482677709,boot1806
C5,0.9075710078844874,0.23378216271809665,0.23378216271809665,-0.005748741706182705,0.6620634198287082,0.4474437294645539,boot1807
C5,0.9138134592680047,0.32353668127176716,0.32353668127176716,0.12560835861139197,0.7298606898101337,0.5452544657903605,boot1808
C5,0.8684443569812063,0.11314584380141675,0.11314584380141675,-0.04505807938994473,0.2973833239736352,0.6057808451314791,boot1809
C5,0.8893717707277029,0.00879956753081815,0.00879956753081815,0.0801738375030098,0.5191744843182708,0.8212929695430274,boot1810
C5,0.9121180588402232,0.06673430552925155,0.07436108330402315,-0.13060856939296375,0.6806899163983657,0.890426305204585,boot1811
C5,0.945582909274286,0.3641646044038971,0.36508421199077556,0.2841587443454651,0.590388070776015,0.8471427690085519,boot1812
C5,0.9276889365471583,0.33744444493001263,0.33744444493001263,0.20715339535981328,0.6870743837047202,0.9007891988270615,boot1813
C5,0.9255348967579183,0.2884348528340312,0.2884348528340312,0.12119900982276881,0.6398180285992678,0.5519826648507162,boot1814
C5,0.8971469671541596,0.36444031324797244,0.36540956940022773,0.26460692956568216,0.47881253921409145,0.9440554922966096,boot1815
C5,0.9418476260581523,0.1403347095502659,0.1403347095502659,0.02308136670234636,0.5031737941111508,0.5077900674516199,boot1816
C5,0.910210850509358,0.08407034379738813,0.08598103342914694,0.037258447819297005,0.3850039607994024,0.5741622343435256,boot1817
C5,0.947223875131597,0.28183044024522963,0.28183044024522963,0.03855660746025943,0.6214957916808483,0.7203389589406456,boot1818
C5,0.8995215311004784,-0.1237372802960222,-0.1237372802960222,-0.1198704902867715,0.44951433857539314,0.4939824236817761,boot1819
C5,0.9155035835533759,0.09403235341538131,0.09403235341538131,-0.002849465255011555,0.3875272746815715,0.8158968846849753,boot1820
C5,0.9168825052978572,0.018967865835957217,0.019916259127755076,-0.09009736272079676,0.6117136732096201,0.7511274871039056,boot1821
C5,0.8921001926782273,0.153034087707766,0.15498356653206874,0.19494788243027514,0.6228584843647291,0.8080589726734905,boot1822
C5,0.8718854227977242,0.22839059992955812,0.22839059992955812,0.19448107854263683,0.7041212382107775,0.6522705231137379,boot1823
C5,0.9006261650972704,0.16220598754863097,0.16220598754863097,-0.08689606475819517,0.346618747202134,0.43448032379097584,boot1824
C5,0.840959483975005,0.4528988286297887,0.4591029221726625,0.2140412272291467,0.6255794322397765,0.574912668306307,boot1825
C5,0.8683886838868388,0.30641458307673364,0.30641458307673364,0.18324793693804656,0.6158332306934352,0.8381340066510655,boot1826
C5,0.9425287356321839,0.18820784729586426,0.18820784729586426,-0.018451749734888653,0.5812301166489925,0.8386320254506893,boot1827
C5,0.908296943231441,0.2958235785953177,0.2958235785953177,0.26806020066889635,0.5217600334448161,0.5217600334448161,boot1828
C5,0.9182070457645454,0.13447757936419558,0.14394783143209666,0.041669109098764825,0.45078399843209216,0.7292094092283845,boot1829
C5,0.8902827366592685,0.14260247504689016,0.14260247504689016,0.1299049943920301,0.3789709610835163,0.31743701637150207,boot1830
C5,0.9152478422864688,0.20141847658052864,0.20711899950261908,0.2175699581931182,0.7876222504021615,0.6495257861506276,boot1831
C5,0.9204918802215338,0.06234851776640742,0.06990591385930531,0.05384644716189733,0.606481036455054,0.5668047069673402,boot1832
C5,0.9057519387221086,0.2764937858836103,0.2822540730895189,0.08064402088271967,0.6605129329441801,0.8448421235332537,boot1833
C5,0.9217065166432254,0.2877460303418992,0.2877460303418992,0.17359104781281792,0.6962510504666284,0.8075757441726746,boot1834
C5,0.876075058639562,-0.028784510020759373,-0.021836524843334693,0.03473992588712337,0.6600585918553442,0.5935564480142793,boot1835
C5,0.9383798753750288,0.335453281721166,0.335453281721166,0.0296533287709318,0.6838798947796146,0.6979316334044747,boot1836
C5,0.8875991487715225,-0.1929974223873242,-0.1929974223873242,-0.28312819832455177,0.3830557977332171,0.4649603630486808,boot1837
C5,0.8486759773739799,-0.001024613916941494,0.001024613916941494,0.022541506172712868,0.7049343748557478,0.9405955757522914,boot1838
C5,0.9037700776893379,0.6321346124743767,0.6340589187528374,0.24823550992144475,0.5955727931836211,0.7042960979166571,boot1839
C5,0.921200750469043,0.44176746657221283,0.44176746657221283,0.19445320109802533,0.7221198972815019,0.614509873372886,boot1840
C5,0.9143261741798442,0.19306210859464432,0.19496419833449305,0.015216717918789702,0.45459944782384226,0.2158871854728289,boot1841
C5,0.9082451227037547,0.3044571693457128,0.3044571693457128,0.09382642325748383,0.683592512304525,0.7959057687171366,boot1842
C5,0.8372093023255813,-0.067512077294686,-0.067512077294686,-0.13190821256038648,0.5639855072463769,0.40403381642512076,boot1843
C5,0.9223633041278171,0.27528528329556645,0.2771707989345772,-0.013198609473075105,0.741950403950722,0.8692227095839461,boot1844
C5,0.9041879079517842,0.3519853193858335,0.35871727904621825,0.42026662451259356,0.687621593882161,0.6828130512676004,boot1845
C5,0.9248819707380918,0.2613729514500811,0.26889447523281723,-0.11376304721388422,0.613944378765838,0.4973607601334277,boot1846
C5,0.9223128104207665,0.02639866411033459,0.032055520705406286,-0.09050970552114716,0.5194879973140842,0.693907742328795,boot1847
C5,0.9188172801203405,0.1769760965214722,0.17886888899763764,-0.004731981190413695,0.6227287246584421,0.6246215171346076,boot1848
C5,0.9059601388954953,0.043192225687009485,0.043192225687009485,0.02879481712467299,0.48663240940697355,0.7102721557419336,boot1849
C5,0.8686669945892769,0.4644797872864248,0.4644797872864248,0.21121817913240432,0.7547796543404401,1.0280619429809443,boot1850
C5,0.8027069234773555,0.06608075339762025,0.06608075339762025,0.12024530536288276,0.5427288106919302,0.25224669140902334,boot1851
C5,0.8709994109562144,0.30449778492178614,0.30649449170815857,0.2945142509899243,0.7397798643509625,0.6250074952536362,boot1852
C5,0.9402386766806432,0.2709765243811496,0.2709765243811496,0.2515549987429102,0.5262308613408674,0.36253514524713537,boot1853
C5,0.9273388676429437,0.28224755757305414,0.28224755757305414,0.1987922996860049,0.6507634716136199,0.924571733445287,boot1854
C5,0.9432089689395332,0.19083787996882307,0.19083787996882307,0.009219221254532515,0.42961571046121516,0.5310271442610728,boot1855
C5,0.9182579249365063,0.4715924213676813,0.4763272850360315,0.3873118480710474,0.6931840410464714,0.8446996784336782,boot1856
C5,0.9009413676112199,0.4140596621175993,0.4227462284557308,0.2644576862942242,0.4526666236204057,0.34553230545011787,boot1857
C5,0.9094357515410147,0.36716507231264445,0.36716507231264445,0.17880174094391804,0.6119417871877408,0.7888312100466971,boot1858
C5,0.8765142633841344,0.03869080617961193,0.03869080617961193,-0.13591385760530345,0.6101242512938805,0.697578247118366,boot1859
C5,0.8510340693375962,-0.13998315587451635,-0.1348742815725267,-0.06641536592586543,0.4322107659483242,0.4465156139938953,boot1860
C5,0.8907644080057873,-0.09762011252089169,-0.09664391139568276,-0.17571620253760503,0.668697770768108,0.5593632447447093,boot1861
C5,0.9009413676112199,-0.004825870187850808,-0.004825870187850808,-0.009651740375701616,0.42660692460601135,,boot1862
C5,0.9184613937740994,0.6229700202120935,0.6248635461093945,0.4108951197143595,0.551016036114648,0.8094823210962612,boot1863
C5,0.8855509254772749,0.11194210511290645,0.11194210511290645,-0.006873638033248642,0.644158078544444,0.8621505990274725,boot1864
C5,0.9196806012212306,0.28837989074921166,0.28837989074921166,0.16830039525691698,0.4302060665275125,0.49071856819292087,boot1865
C5,0.9196806012212306,0.38198516676289024,0.3838761824399342,0.2751427810099036,0.5701412266287693,0.5663591952746813,boot1866
C5,0.9066882160003802,0.10165998787331719,0.10165998787331719,-0.10261904436268812,0.5879016279843721,0.6655951410438764,boot1867
C5,0.8707222467717386,0.3055933823998117,0.3055933823998117,0.1787621419920467,0.5522651649251499,0.5412797818977056,boot1868
C5,0.9311274281996469,0.3595454269271832,0.3595454269271832,0.15409089725450706,0.44733054415096296,0.5948842518249757,boot1869
C5,0.8855509254772749,0.1777326405740006,0.17969653715492878,0.0932850875940887,0.6579053546109415,0.8238546156993729,boot1870
C5,0.9216559613671526,0.25190952239822706,0.26040085461389767,-0.05094799329402345,0.6660978382514918,0.7972417469157375,boot1871
C5,0.878759810851655,0.34139021413513815,0.3433692878402694,0.18801200198746734,0.5867953535714113,0.5325402471255968,boot1872
C5,0.9203398582359291,-0.15778670238480677,-0.15684187183160433,-0.21447653557695295,0.37982188238737924,0.6547675733692879,boot1873
C5,0.913402938536401,0.33701017805982697,0.3389141903652498,0.29892993195137196,0.5911958208337644,0.7787410329179052,boot1874
C5,0.8941776046925333,0.0077797986693286325,0.0077797986693286325,-0.22464168657686429,0.5941821233699743,0.8363283569528279,boot1875
C5,0.9041879079517843,0.43276883531045096,0.43276883531045096,0.39333878587105425,0.5577909432890257,0.6818513427446883,boot1876
C5,0.9076747720364742,-0.05748084517808069,-0.05748084517808069,-0.2759080568547873,0.44260250787122135,0.5326558319835477,boot1877
C5,0.9062202777249382,0.29170371992844885,0.2984205819004855,0.19382944547877193,0.6534547147081371,0.73661970164934,boot1878
C5,0.9144286590834001,-0.028528148437394808,-0.02662627187490182,-0.18638390312431274,0.6713624265600244,0.6428342781226295,boot1879
C5,0.852123571392923,0.17858197819211513,0.18368432042617555,0.17143869906443052,0.6806524540236617,0.797669516452888,boot1880
C5,0.9419449811390193,0.36372474243440883,0.36372474243440883,0.1412433644478796,0.6711367709386172,0.9416224296525306,boot1881
C5,0.9611562782294489,0.18003677672441973,0.18003677672441973,0.1158025498528931,0.547347989539065,0.7708107224583195,boot1882
C5,0.8809963997275468,-0.007896197693068641,-0.007896197693068641,-0.05527338385148049,0.32769220426234863,0.6218255683291555,boot1883
C5,0.8027692467856956,-0.17114669613708253,-0.16248104063647076,-0.3000483217086827,0.42786674034270644,0.6770043359852949,boot1884
C5,0.9210489280855655,0.1746590873861225,0.17560319056118265,0.16144164293528085,0.5532444605852315,0.7949348734006226,boot1885
C5,0.9184613937740994,0.33420732087366106,0.33420732087366106,0.2546792331870108,0.527346962398383,0.7024981078987437,boot1886
C5,0.8793061443258783,0.05537963368974939,0.06230208790096805,0.14042692828472164,0.5122616116301818,0.6358768654019438,boot1887
C5,0.9095391617674947,0.31071635783442725,0.31071635783442725,0.3202768611524096,0.4952340718714871,0.5076627261848642,boot1888
C5,0.8951337848873516,0.14765827776248186,0.14765827776248186,0.05925759831257495,0.4954323793346431,0.5061181757516647,boot1889
C5,0.9161679468451062,0.06549017590782842,0.07023584082868556,-0.16989480416668531,0.489752619832456,0.7934751747673126,boot1890
C5,0.9310280721323666,0.18399482567023195,0.18399482567023195,-0.11861595360466731,0.5725321225170162,0.8353986812330424,boot1891
C5,0.878759810851655,0.06827804282702762,0.07421526394242133,-0.05739313744880584,0.6342931224945609,0.533360363532868,boot1892
C5,0.9252838652399419,0.3214054794640858,0.3214054794640858,0.2781755026940626,0.6484496515503485,0.6024003284692367,boot1893
C5,0.9223128104207664,0.2404164052905472,0.2404164052905472,-0.04242642446303774,0.7731037346597989,0.97675057208238,boot1894
C5,0.9268383725270622,0.44283317865835503,0.44283317865835503,0.09288238281181599,0.5845022675935491,0.5544796792099319,boot1895
C5,0.893858510075506,0.21985777045836277,0.22569470241743442,0.16148845086764702,0.44360682888944,0.4980848605074414,boot1896
C5,0.8917798978510166,0.36175820561731237,0.36175820561731237,0.26912470283120815,0.5606764642316836,0.6650110410539274,boot1897
C5,0.917596122170455,0.18194989898629513,0.18194989898629513,0.005685934343321723,0.5287918939289202,0.4880426978017812,boot1898
C5,0.8857668830539676,0.025524430958880656,0.025524430958880656,0.024542722075846783,0.5968790008845938,0.5360130501364938,boot1899
C5,0.9094874591057797,0.19408925033885932,0.19408925033885932,0.05927849025127723,0.4503253049734125,0.3279439057449693,boot1900
C5,0.9166274140367404,0.3880008043254836,0.3880008043254836,0.2599320791813754,0.6583681129630458,0.5587591045176281,boot1901
C5,0.9397501498179136,0.30720468863968875,0.30720468863968875,0.16655675890103608,0.5209525292293516,0.85591667768588,boot1902
C5,0.9053873976775175,0.22089991589571067,0.22089991589571067,0.14022342487292938,0.5570519618239661,0.8423009836545142,boot1903
C5,0.9020955654207837,0.28821780082548415,0.28821780082548415,0.08097088718843033,0.5185992536592323,0.8742927938084086,boot1904
C5,0.9013088755135186,0.07718243909633059,0.0839359025172595,-0.09551326838170908,0.6444733664543603,0.6917476104008627,boot1905
C5,0.9216054013503375,0.12360283838544707,0.12360283838544707,0.17738422607987822,0.4840324892498805,0.7472782290173594,boot1906
C5,0.9409706234459895,0.19498829856944688,0.19498829856944688,-0.012937612227356668,0.5997507382538911,0.5886613563447283,boot1907
C5,0.9236744817258645,0.04612955808041871,0.04612955808041871,-0.12050170274068558,0.43587725288232365,0.7098303427068511,boot1908
C5,0.9043445121951219,0.38173216804998256,0.38846296194507046,0.2596163359533886,0.588463694827681,0.759618168159915,boot1909
C5,0.9239262655562832,0.1976442303458358,0.1976442303458358,0.09599862616797739,0.4583463818020097,0.6672845681676075,boot1910
C5,0.9072595971113645,0.39967468716416815,0.39967468716416815,0.3575027777271816,0.638329356478024,0.6488723338372706,boot1911
C5,0.9103141138011085,0.39355741510945375,0.3954678879983346,0.23594340177678413,0.5215590986644703,0.5100962613311851,boot1912
C5,0.9089701627057539,-0.08609839219832731,-0.08514174339612367,-0.07748855297849458,0.47354115709080014,0.3644831936395856,boot1913
C5,0.9353823366043325,0.41740662329167955,0.41740662329167955,0.28353902027608524,0.6405192949843368,0.8645616028090467,boot1914
C5,0.929037064630285,0.24990812733168294,0.24990812733168294,0.24522819985356153,0.6224303545901467,0.9640650604930092,boot1915
C5,0.8071158134951507,-0.16376077736738878,-0.162683403832077,-0.33721791655258343,0.5634663589680549,0.40186032867128946,boot1916
C5,0.9218581540336568,0.2480811729800715,0.2480811729800715,0.15847010289221297,0.6216178440831449,0.7112289141710035,boot1917
C5,0.87177474737565,0.1905159068001448,0.1905159068001448,0.19251083776140285,0.6782765268277406,0.47129342160182147,boot1918
C5,0.9351358859206444,-0.006509167933114342,-0.005579286799812293,-0.10042716239662125,0.4072879363862974,0.6155813102459563,boot1919
C5,0.9318720104026378,0.2799414107358759,0.2799414107358759,0.06905221464818274,0.6093391373684233,0.586010686473767,boot1920
C5,0.8706667976038495,0.22871026589119156,0.23670014417560004,0.15580262654596455,0.69112447160133,0.5700199841140491,boot1921
C5,0.9450992982617071,0.20701758457857355,0.20701758457857355,0.17021445843127156,0.5630878300537201,0.5768890023589582,boot1922
C5,0.928987194412107,0.2255846137081835,0.23400893538193313,0.12355671788166067,0.6131034107006648,0.6702015909338565,boot1923
C5,0.911191062298807,0.11547236980013734,0.11642668690592357,0.027675196067801514,0.6823367306371751,0.9180530557663812,boot1924
C5,0.9127351801077809,0.05144594265949685,0.05430405058502446,-0.1324256672161123,0.6583175255131912,0.8688648093603913,boot1925
C5,0.9421882904842939,0.12182555212679706,0.1227484729762425,0.0627586177622894,0.5537525096672593,0.7291074710618917,boot1926
C5,0.9007312526884288,0.0994361160712226,0.0994361160712226,-0.04054676577661504,0.4836649917639079,0.7761809448666309,boot1927
C5,0.873211836174799,0.3395759503551636,0.34355924596050275,0.04282042775739599,0.7219723284677231,0.9510118257747248,boot1928
C5,0.9507777929838968,0.23321866799063762,0.23962074907273354,0.1664541081344943,0.5112519035559467,0.6822789267490809,boot1929
C5,0.8864681675139192,-0.09220763184764796,-0.08239830931066415,-0.15793009284543963,0.49537078811768326,0.7523750385866597,boot1930
C5,0.9259864580901237,0.34369926988094457,0.34369926988094457,0.21786401806660968,0.5268177333421035,0.5634414260343352,boot1931
C5,0.8902827366592685,0.13185845295431622,0.13185845295431622,0.12892826511088698,0.5606426073761298,0.6093400728219001,boot1932
C5,0.9597937678078784,0.18391632145476594,0.18391632145476594,0.03895764444608343,0.5127913199182145,0.6323822284503775,boot1933
C5,0.9057519387221086,0.013440670147119948,0.013440670147119948,-0.019200957353028496,0.5491473802966149,0.9331665273571847,boot1934
C5,0.9158103139436221,0.08640483032109639,0.08640483032109639,0.07880880128187913,0.5782477106104142,0.8792403612893985,boot1935
C5,0.9201877934272299,0.14836291038154395,0.14836291038154395,0.021734693877551024,0.6416459627329193,0.6274711623779947,boot1936
C5,0.9215042670918128,0.2896964574907743,0.29158373082947636,-0.0047181833467552815,0.5378729015301019,0.6190256550942927,boot1937
C5,0.9100559188702493,0.23314381967524875,0.23314381967524875,0.167213805094953,0.6487895637684178,0.2856967298479483,boot1938
C5,0.918664786083686,0.10696052690133949,0.10696052690133949,0.06436562680788571,0.5395354011837479,0.519657781140136,boot1939
C5,0.8595795319317732,0.015174254128127443,0.02023233883750326,0.07384803675688688,0.3409149094119299,0.40363515980818987,boot1940
C5,0.9408730889666604,0.1709790269313268,0.1709790269313268,0.1506463858908447,0.3853959688127745,,boot1941
C5,0.9215042670918128,0.16041823378967954,0.16513641713643482,0.09530730360445668,0.4586074213046133,0.7558529721501959,boot1942
C5,0.8827358398911881,0.008865717922460737,0.008865717922460737,-0.11032893414617807,0.528002756270995,0.9427213390883251,boot1943
C5,0.8966178939793715,0.1251078232954149,0.13189661990834436,0.13286644799590572,0.6362072254402492,0.730280549933701,boot1944
C5,0.9061682598563751,0.15449669360764143,0.15449669360764143,-0.18136568380027474,0.6736439684010204,0.7245031284085048,boot1945
C5,0.9202384864560348,0.19843627313983048,0.19843627313983048,-0.006614542437994349,0.647280224289447,0.7802131703651565,boot1946
C5,0.9045532482377596,0.06921504706787296,0.06921504706787296,-0.04614336471191531,0.4152902824072377,0.7777079594154058,boot1947
C5,0.9288375558867362,0.017787544254346952,0.017787544254346952,-0.07115017701738781,0.5392434468686234,0.5289453949318962,boot1948
C5,0.9216054013503375,0.5095078834209268,0.5095078834209268,0.3736391145086797,0.5576280724106811,0.4938974833881304,boot1949
C5,0.9125295508274232,0.27348727190808736,0.27348727190808736,0.19630096868664113,0.5622212209957197,0.7690042802432981,boot1950
C5,0.9187156222086407,0.5925096002812227,0.5925096002812227,0.4732504794578456,0.7212337306937566,0.5290940360338714,boot1951
C5,0.9143261741798442,0.11412538439092276,0.12078269848039326,0.03328657044735247,0.5944030437027227,1.0594639850957328,boot1952
C5,0.8526389304599421,-0.0958660548031624,-0.08872709327526736,-0.07750872516000366,0.4813699773094964,0.9382635150947811,boot1953
C5,0.9320208023774146,0.20712357253019564,0.2089895506610983,0.13714939262134576,0.5635253955326043,0.6932108756303393,boot1954
C5,0.9315743020392995,0.2856314906274797,0.2856314906274797,0.2212243897997147,0.6468713170092921,0.8335585657854228,boot1955
C5,0.906428299733739,0.17076100640405772,0.17267966939736176,0.07194986224890072,0.5295509861519094,0.4658098433062429,boot1956
C5,0.9159125188536953,0.0949397676624841,0.101585551398858,0.09683856301573379,0.5478024594125334,0.7602232030447224,boot1957
C5,0.9243288747544663,0.2286029935851746,0.2286029935851746,-0.08372702234189523,0.5343477380920955,0.6989795235958218,boot1958
C5,0.9151455120041506,0.017103481039605958,0.025655221559408935,0.038007735643568796,0.6090739636881899,0.6404303455941343,boot1959
C5,0.8544675764518378,-0.14756201405009783,-0.14756201405009783,-0.04681277687106552,0.520028890893793,0.4896052665205017,boot1960
C5,0.8911387522900395,-0.021467403065400865,-0.009757910484273121,-0.13856232887667833,0.4888713152620833,0.42553741530548855,boot1961
C5,0.8909783499686582,0.3835549207753521,0.3835549207753521,0.23032814580911723,0.6334024009750724,0.6935751478246165,boot1962
C5,0.8260514495712535,0.073687377764405,0.073687377764405,-0.0652659631627587,0.48317866276945554,0.5305491199037159,boot1963
C5,0.930083267432665,0.024308248996438058,0.024308248996438058,-0.052356228607712746,0.4599868656249048,0.6638021841335008,boot1964
C5,0.9000478240076518,0.028983967102527375,0.0309162315760292,-0.0028983967102527374,0.54006792034376,0.5796793420505474,boot1965
C5,0.9376443418013856,0.17713214821160847,0.17713214821160847,0.03524095095309488,0.5286142642964232,0.4952281002355965,boot1966
C5,0.8901756417679983,0.359479618386817,0.359479618386817,0.11331422753497494,0.6515568083261059,0.8039449074248651,boot1967
C5,0.9006787114042634,-0.15736924681365536,-0.15736924681365536,-0.45086771939863224,0.5898933116757266,0.44217861988131385,boot1968
C5,0.8579940417080437,0.3435718599033816,0.3435718599033816,0.25539855072463763,0.6486312399355878,0.7661956521739129,boot1969
C5,0.9248819707380918,0.2096624754437701,0.21154285638945414,0.04418895222357486,0.4447100936542747,0.5189851410087941,boot1970
C5,0.915452444947423,0.25551632394372503,0.25551632394372503,0.028496244305991642,0.5072331486466513,0.9261279399447283,boot1971
C5,0.9360717920251642,0.28797493919575096,0.28797493919575096,0.23037995135660078,0.5657314128071366,0.7255110564899403,boot1972
C5,0.8933795227097768,0.424377798175449,0.4321645467658243,0.2199756476780997,0.6939939681171908,0.7582346439877863,boot1973
C5,0.9216559613671526,0.30568795976414076,0.3066314411214375,0.28115744447442576,0.7793156011270995,0.7340284959768564,boot1974
C5,0.9161168708765315,0.5543245661120056,0.5543245661120056,0.4556092324208266,0.7308731436750762,0.8988790481302559,boot1975
C5,0.8711102385393147,0.3364022890515527,0.3364022890515527,0.20263995453253766,0.659827635202007,0.39330119254098445,boot1976
C5,0.9419449811390193,0.27140881795867056,0.27140881795867056,0.10154751692331211,0.658212541512014,0.6785220448966763,boot1977
C5,0.8936456780027899,0.30845801719659066,0.31721550033466417,0.19169157535560993,0.5118262367362986,0.42462080151205334,boot1978
C5,0.9062202777249381,0.2226159967875005,0.2226159967875005,-0.021110137626400908,0.6016389223524258,0.8386481947942906,boot1979
C5,0.89321976805736,0.0029205529763940354,0.0029205529763940354,-0.08664307163302305,0.5880046659139991,0.8820069988709988,boot1980
C5,0.9009938837920489,-0.0646628912951246,-0.0646628912951246,-0.21811661839847998,0.7238383353931859,0.7441058087841951,boot1981
C5,0.9038745651241481,0.31554974806174885,0.31554974806174885,0.27803011338367517,0.5435536818746589,0.574339023148976,boot1982
C5,0.881866796305299,-0.2958151574708786,-0.2958151574708786,-0.3066617132448109,0.48513685825224095,0.7000958726810794,boot1983
C5,0.9034042147420616,0.27528723921762993,0.27528723921762993,0.2541112977393507,0.6179524740479664,0.5120727666565704,boot1984
C5,0.9154013015184382,0.14628889346795795,0.14628889346795795,-0.08549350916958581,0.5481083865650113,0.6601998763651349,boot1985
C5,0.9439853076216712,0.12067247504652343,0.12067247504652343,-0.18699627812552866,0.5195364574522078,0.659553375063441,boot1986
C5,0.9399456146010968,0.16467187706529202,0.16467187706529202,0.1036137653444534,0.6087308713986637,0.8381613518042391,boot1987
C5,0.9112941399223705,0.12595560935509803,0.12595560935509803,-0.13072665516400328,0.561074987127255,0.6708090407320753,boot1988
C5,0.9283384586711397,0.3915363599067762,0.3915363599067762,0.2856904061520735,0.6987706327522846,0.8625049984565965,boot1989
C5,0.9218076129758109,-0.048109633141118616,-0.048109633141118616,-0.1547054869635971,0.5046794849117345,0.6320285138146956,boot1990
C5,0.9302325581395349,0.1617173913043478,0.17013043478260867,0.012152173913043476,0.599195652173913,0.8207391304347825,boot1991
C5,0.9207451550842287,0.31449007990144157,0.31543449455580025,0.1539395886604654,0.623313671876731,0.8424178716879457,boot1992
C5,0.9221613009044471,0.17916322355135064,0.17916322355135064,0.07166528942054026,0.5356037419850904,0.5224022413023593,boot1993
C5,0.854125149461937,0.5263458378137109,0.5263458378137109,0.6139004646067074,0.6200089269411024,0.7788289476353751,boot1994
C5,0.931772792717477,0.231442874913854,0.2333093497115464,0.1297199984396198,0.4927493465907859,0.7033472982405264,boot1995
C5,0.9067921479157754,0.22822928298928424,0.22822928298928424,0.07096204597145814,0.6875646886693983,0.9723718191224128,boot1996
C5,0.9106753812636166,-0.04010401497815685,-0.03246515498231745,-0.0229165799875182,0.599650509673393,0.7591117120865404,boot1997
C5,0.9145823501651721,0.10458563288015435,0.10458563288015435,0.017114012653116167,0.5314851707273299,0.7389155308012185,boot1998
C5,0.9330116904806085,0.24884351976756253,0.24884351976756253,0.2404555359551728,0.5470829442080869,0.644942755352634,boot1999
C2,0.8919400684106568,0.4084891339573812,0.4084891339573812,0.5391276636716749,0.42798742197443995,0.7857810070874682,boot0
C2,0.9020431544777544,0.6564806906453632,0.6622646614880536,0.6400927732577403,0.376922099915326,0.48836235728592003,boot1
C2,0.9288375558867361,0.2752388426725266,0.2846007080695513,0.36136800432515387,0.37260224280158355,0.49769135138665394,boot2
C2,0.9088148780719234,0.5482534249684511,0.5472966127084713,0.5664328579080683,0.040186114919153484,0.49658556292953954,boot3
C2,0.8625686167845309,0.5000232322779099,0.515144902608895,0.5564774681802546,0.2651332864699401,0.7310396716098754,boot4
C2,0.9220097487814022,0.41874498293756746,0.42157434093038887,0.3866789256855916,0.41874498293756746,0.8535229945011229,boot5
C2,0.8897470554161034,0.35085692179951683,0.35085692179951683,0.396790836352657,0.18959956219806762,0.5512069746376811,boot6
C2,0.9131975617823559,0.47611012872948816,0.48753677181899585,0.39707584736039303,0.23234174281999018,0.804626117552835,boot7
C2,0.9194775909048201,0.28560641199939574,0.2837149788073467,0.4085495694825793,0.264800646886857,0.6951016980779995,boot8
C2,0.8989947343226423,0.3520840857526508,0.3511168217808029,0.48653377783951474,0.2892119275825346,,boot9
C2,0.9243288747544663,0.5268217136119251,0.5268217136119251,0.5324662319720528,0.29163344860660134,0.766713743917355,boot10
C2,0.9143261741798442,0.3376209288231465,0.3376209288231465,0.45840362730353973,0.1559713586675944,0.8264579919642655,boot11
C2,0.8939117052996056,0.5359930202748852,0.5359930202748852,0.5136194459258427,0.2062259896520429,0.5554483023175307,boot12
C2,0.902200372297265,0.4163733306344393,0.41926481209717853,0.5358878977609914,0.1156592585095665,0.5966090084785137,boot13
C2,0.9222623119816316,0.4761448332839981,0.4761448332839981,0.5949453263409957,0.14614346368122713,0.6337404142708155,boot14
C2,0.9019907385305772,0.5099830634063723,0.5196235750019559,0.4299668171630285,0.13207500885949527,0.25836571076164044,boot15
C2,0.8912456613960663,0.19123210355012887,0.19123210355012887,0.44490734295336104,0.4575911049235226,0.7320181128650378,boot16
C2,0.9288375558867362,0.6291173546800606,0.6291173546800606,0.6749904951254816,0.1432365405744781,0.8846962800188354,boot17
C2,0.9069480087444157,0.47459697629701186,0.47459697629701186,0.40556468883562835,0.07190863277227452,0.6606006397346287,boot18
C2,0.8939648954075498,0.551524428748509,0.5622241972074749,0.4056184952171574,0.2062137193909769,0.3433652969104474,boot19
C2,0.9024099260319732,0.3401519784792955,0.35171521854091464,0.3256979284022716,0.3960409721104545,0.5473266962499713,boot20
C2,0.9266380436811646,0.22991013558490703,0.23741740531829175,0.3481496338857163,0.19049696948463724,0.33125827698560073,boot21
C2,0.909952606635071,0.49500905797101447,0.49500905797101447,0.5074320652173913,0.07549365942028985,0.9030570652173914,boot22
C2,0.9238255661613324,0.6513557888802763,0.6513557888802763,0.6061750405186387,-0.02917923331689099,0.7483061447396238,boot23
C2,0.9109848484848484,0.23386061646931214,0.23386061646931214,0.3283593961854831,0.18422489379011117,0.8132622254361384,boot24
C2,0.9211501477555233,0.49182370470737735,0.49182370470737735,0.42574374438200996,0.004719997166097672,0.7948475227708479,boot25
C2,0.9218076129758109,0.5565624226129409,0.5565624226129409,0.726361127816889,0.13017900732302684,0.7669241518378321,boot26
C2,0.9112941399223705,0.6774885048645425,0.6813053415116667,0.74809998283634,0.3015300951228105,0.5963807261131536,boot27
C2,0.904970481812988,0.38050724637681155,0.38915513833992094,0.46890791977748486,0.23253220611916262,0.7994495681452202,boot28
C2,0.906480292873104,0.5851586479916446,0.5880364774079969,0.5698102244377654,0.12182811195891617,0.5295206126088325,boot29
C2,0.9253842919216931,0.4764178180525006,0.4764178180525006,0.35801812362525187,0.34486260202222424,0.7573821722885906,boot30
C2,0.911191062298807,0.30347283964003036,0.30347283964003036,0.3969959160070837,0.10783783295384726,0.10211193031912971,boot31
C2,0.9171884562873688,0.6683942368206102,0.6683942368206102,0.6456403904607597,0.42473846538387716,0.8892961618974927,boot32
C2,0.8902827366592685,0.22660119322519537,0.22464773466290916,0.5987350493407101,0.2871584086560665,0.6202230935258579,boot33
C2,0.9048140564735012,0.3190662767763576,0.3181052337740192,0.4026770179798007,0.49974236121598187,0.7995877779455709,boot34
C2,0.9122209610291335,0.47852631958595565,0.47852631958595565,0.5300012623302617,0.20780625033812417,,boot35
C2,0.8976755331895518,0.547307272685067,0.547307272685067,0.7061716845794934,0.21601685275888483,0.8262886789386942,boot36
C2,0.8943370829727911,0.30627494788404547,0.310164153571462,0.6222729099866321,0.276133603806568,0.9079470893660723,boot37
C2,0.9000478240076518,0.048306611837545615,0.048306611837545615,0.14878436445964052,0.20675229866469527,0.515543635194597,boot38
C2,0.9159636140830465,0.3265745824216635,0.3379667190177681,0.3635990263590033,0.3522068897628987,0.5762522428196214,boot39
C2,0.9150431624133213,0.3744180708903204,0.3858216669580459,0.2651336085746177,0.025658091152382358,0.7659415358822289,boot40
C2,0.8585041441262594,0.6776194785021641,0.6786323626254857,0.6340654611993343,0.17624183745796196,0.7019286974618828,boot41
C2,0.9362194163082187,0.5024834717311831,0.5024834717311831,0.37337958527899384,0.05108427161777278,0.5619269877955005,boot42
C2,0.9094874591057797,0.5688822854759671,0.5688822854759671,0.5507162965279949,0.03250755917005526,0.9914805546866855,boot43
C2,0.9086077631204327,0.2679685016484864,0.27083959273757735,0.28519504818303193,0.37419887194485063,0.574218217818185,boot44
C2,0.90136135657989,0.3714188613165596,0.3714188613165596,0.3067823322043271,0.20066265754245294,0.1649678578834589,boot45
C2,0.8901756417679983,0.5235898789547118,0.5274972661110902,0.4268820468343452,0.1289437761604887,0.5597332101512124,boot46
C2,0.8927402272289621,0.4957866601643095,0.4957866601643095,0.5912426379562591,0.0642866789211089,0.5839583240559384,boot47
C2,0.913351601625248,0.25229581050567207,0.25134375084338645,0.30370703226909207,0.3484538363965131,,boot48
C2,0.869612227846857,0.6259661590025604,0.6259661590025604,0.632965780588851,0.3189827551466722,0.45197556528619376,boot49
C2,0.9196806012212306,0.5899968912377314,0.5899968912377314,0.7015668161833281,0.38671270595550017,0.7452221991943014,boot50
C2,0.899784740492705,0.427155305919608,0.43875228255090964,0.47934170076046506,0.16525691699604744,0.5866137346000047,boot51
C2,0.8916730917501927,0.09069418598093948,0.08874377337919885,0.3120660162785015,0.2447767815184496,0.29451230286283575,boot52
C2,0.9174942344801618,0.6255222342660618,0.6255222342660618,0.7127162426789068,0.3857387111307381,0.7544177249633109,boot53
C2,0.917901670195248,0.470828114902057,0.470828114902057,0.5475626768881066,0.3666206850444588,0.09189200632897289,boot54
C2,0.9152990001886436,0.5481696476576221,0.5586200222230188,0.43796569769525784,0.22325800207892751,0.32301157747589515,boot55
C2,0.9193760571321179,0.5703300863877138,0.581679938853141,0.5750591915816418,0.422782004337161,0.2969878061786768,boot56
C2,0.9209983111277914,0.3757737146096878,0.3757737146096878,0.3682204741150206,0.2955205343538499,,boot57
C2,0.924932223988034,0.40520007734155966,0.4155416106379799,0.3638339441558784,0.2801615383939322,0.4587880226048285,boot58
C2,0.9189189189189189,0.5876470588235295,0.586700767263427,0.5564194373401534,0.3501278772378516,0.7882608695652173,boot59
C2,0.8793607483921263,0.3253351449275362,0.3253351449275362,0.4776196808510638,0.2907250231267345,0.5962829555966698,boot60
C2,0.9098492748127786,0.625043804415775,0.625043804415775,0.5724789584786685,0.23319677106643585,0.7989856582440182,boot61
C2,0.9185630994921948,0.5982879322009756,0.5982879322009756,0.5755681373072677,0.4411426841861624,0.4705913995242786,boot62
C2,0.9422369389256806,0.47804831672410575,0.48819992190550565,0.3783780113067246,0.2528672563366891,0.39960409486783355,boot63
C2,0.889800646811797,0.5472647423711384,0.5472647423711384,0.514037954441462,0.17199749045950063,0.6195818690416103,boot64
C2,0.9141724105372486,0.4185301276236494,0.4185301276236494,0.5849909738376009,0.20165542512775833,0.4955777192998212,boot65
C2,0.871719401520726,0.39502140882288167,0.39901152406351686,0.576571652271782,0.03591103716571652,0.9765807051454576,boot66
C2,0.8209360742297637,0.31777086353788253,0.3156523911142967,0.6005869320865981,0.8240857727749088,0.7976048674800854,boot67
C2,0.9258359798243975,0.4808814962978559,0.4893344913499666,0.44706951608941287,0.12303803909183422,0.9194980173351581,boot68
C2,0.8674971687429218,0.3819082756271994,0.3819082756271994,0.37489158814848456,0.06214780338290384,0.393936882733568,boot69
C2,0.8915662650602408,0.26138660399529967,0.26138660399529967,0.5227732079905993,0.2886956521739131,0.5315511163337251,boot70
C2,0.9441792141020932,0.4310161838567297,0.4310161838567297,0.4918005174775506,0.19893054639541372,0.7441475994791403,boot71
C2,0.909021914429371,0.28219533001188823,0.28219533001188823,0.2745425752997014,0.38072454693129326,0.2764557639777482,boot72
C2,0.9277389277389276,0.3486738038016168,0.3486738038016168,0.40303692374918065,0.24369674459252788,0.6570439152283154,boot73
C2,0.9052831984769157,0.38998125542906775,0.38806016550084577,0.4091921547112878,0.3150587482284094,0.7924495953915787,boot74
C2,0.917035502401356,0.4551528302392242,0.45325636011322734,0.40584460696330826,0.09671997642583514,0.5727339780510238,boot75
C2,0.909694240341313,0.6538269479121825,0.6528710605614337,0.769489317352788,0.34125178421732333,0.9281666175770896,boot76
C2,0.9150431624133213,0.5131618230476471,0.5236151194430623,0.6405019791372486,-0.04656468394321244,0.8704744998363794,boot77
C2,0.9177998400225851,0.675528555316313,0.675528555316313,0.7001621351735696,0.32118398352346433,0.5476234291344023,boot78
C2,0.9061162370398553,0.2946161991437622,0.299414508576071,0.3886630640170152,0.15450556372034432,0.8377848268811219,boot79
C2,0.8896934588462466,0.6147696336313666,0.6137922574252754,0.5961994857156337,-0.14562905470758922,1.0145165019226685,boot80
C2,0.9334569904938559,0.5924680878636687,0.5924680878636687,0.5654530335428409,0.0912922525324521,,boot81
C2,0.9222118088097468,0.47711382113821144,0.47617090844821486,0.36679303640862493,0.16123806998939555,0.5346314952279957,boot82
C2,0.9430147058823528,0.5661767946436139,0.564332570556827,0.5449682176455632,0.22407322654462242,0.6519332146792102,boot83
C2,0.910365738108774,0.27604767765992105,0.28750986496759945,0.3419552546790718,0.04202802012815407,0.6103614741338739,boot84
C2,0.8987311467560448,0.4160454935025828,0.4266885177549745,0.591171619837391,0.23801672418984968,0.46926061476454106,boot85
C2,0.9286878755414784,0.41667015574367494,0.41667015574367494,0.613301015757544,0.21816662087253094,0.5964469420420695,boot86
C2,0.9097976015547233,0.22938690079780366,0.22938690079780366,0.4081175276694257,0.24085624583769383,0.5639094644612673,boot87
C2,0.9259864580901237,0.5493553903834769,0.5493553903834769,0.566258633164507,0.17748404920081562,0.651713916113048,boot88
C2,0.892580287929125,0.36045959650447723,0.3614338116301651,0.3438979393677851,0.3497432301219117,0.4510616031934405,boot89
C2,0.9192745042759138,0.31120949747984317,0.3197228271981367,0.4332338901087179,0.34431689082876266,0.6224189949596863,boot90
C2,0.9099009431726621,0.37653405925436073,0.377489729455514,0.425273239513174,0.23891755028829997,0.6657690432391115,boot91
C2,0.9406779661016949,0.639686643164904,0.639686643164904,0.4714453584018802,0.1728632980806894,0.7164120642381511,boot92
C2,0.9069999524782587,0.7123340577432126,0.7123340577432126,0.699870608549859,0.2828244240030252,0.6241311865287099,boot93
C2,0.9311770993075886,0.7237216679613082,0.7321261776537622,0.7470675282181246,0.15968568415662415,0.7526705346797605,boot94
C2,0.9005736137667304,0.515613403489338,0.515613403489338,0.5465115849718453,0.1728367026677744,,boot95
C2,0.8958763381498729,0.2882773643721489,0.2882773643721489,0.3960173894405278,-0.1009456090730757,0.5794666213137134,boot96
C2,0.9017285837073823,0.20347393238352224,0.20347393238352224,0.28351344133059503,0.24494018400670453,0.5573835683302174,boot97
C2,0.8944965152607545,0.5609179263135762,0.5725834637759036,0.44912319229960523,0.14970773076653507,0.6066079480410252,boot98
C2,0.8644218425989928,0.17604126312443502,0.1740293629744415,0.396344329548728,0.51102263809836,0.7333376046726465,boot99
C2,0.8854969230023745,0.5106442510385389,0.5106442510385389,0.6304492483975805,0.24157401106823184,0.7679303929079565,boot100
C2,0.9094357515410146,0.6368019222922428,0.6387142403772045,0.5889939701682005,0.26772453189463663,0.7330555435323127,boot101
C2,0.899205513544558,0.17600077755459084,0.18373707546907833,0.4071226777499052,0.12087965491386735,0.5347715933389491,boot102
C2,0.9191729323308271,0.5468053703209744,0.5468053703209744,0.5307228594291811,0.3065137369965324,0.6442464657241931,boot103
C2,0.9075191184154277,0.6074851059762697,0.619941425183985,0.5787397539584651,0.18876114491691662,0.9167072728780259,boot104
C2,0.9197820777756903,0.4944460429099176,0.5048454816709292,0.5483340437624326,0.11533922989485648,0.7601044330775789,boot105
C2,0.9121180588402232,0.5548480831146343,0.5634282081112524,0.5491279997835555,0.1487221666080463,0.7032464724006391,boot106
C2,0.8785411282851431,0.1831098852837983,0.19003836742967176,0.06433590564025347,-0.1781609694653173,,boot107
C2,0.9018334606569901,0.5640682835202474,0.5717820378247978,0.685559913816916,0.18320166473307178,0.6903810102572602,boot108
C2,0.9312764276752937,0.37256018882086744,0.37256018882086744,0.39777102866588854,0.22503008898704027,0.836626388931071,boot109
C2,0.9120151371807,0.2002255096518131,0.20785314811473932,0.32226772505863244,0.45384448854410964,0.6674183655060436,boot110
C2,0.9218581540336567,0.2254425868526125,0.2311022333844773,0.33108932211408787,0.3301460476921104,0.621617844083145,boot111
C2,0.9302823124505837,0.644965503449655,0.6468349686770453,0.6178582576524957,0.07384387648191701,0.3486552649082917,boot112
C2,0.9019383175785353,0.381786447449576,0.37985823306851757,0.3740735899253422,0.28441162120612357,0.6816237837041674,boot113
C2,0.8922602706737948,0.576942205783646,0.576942205783646,0.5496543987533383,0.15008293866669167,0.7406690479654913,boot114
C2,0.901990738530577,0.4020093335358361,0.40393743585495284,0.5784306957350159,0.39718907773804435,0.6373763916173641,boot115
C2,0.9274889251573794,0.49315015192253037,0.49315015192253037,0.5803420989354492,0.38064441384134473,0.45939843049817475,boot116
C2,0.8943902321780511,0.30236777290168204,0.30236777290168204,0.5084834251690666,0.21583808869509138,0.42195374096247584,boot117
C2,0.9067921479157754,0.49961116150175244,0.49961116150175244,0.604136337324576,0.18891247373482772,0.7489372689690378,boot118
C2,0.9137621611410219,0.35115216941870186,0.35115216941870186,0.3692331754321309,0.024742429281534545,0.4643963649764945,boot119
C2,0.9348399944426434,0.38695298937274647,0.3962547439249759,0.4102073757533202,0.2185912319773928,0.6790280823127522,boot120
C2,0.9283384586711397,0.41401691645644745,0.4224471251625742,0.43462409329364626,0.013113657987308293,0.4542945802746087,boot121
C2,0.9282385834109972,0.31382486467609566,0.3260031430068098,0.32131918980268903,0.2679221232757115,0.6095148294855774,boot122
C2,0.9220097487814022,0.4130862669519247,0.4121431476209842,0.4140293862828651,0.3829064483618297,0.3206605725197588,boot123
C2,0.9248317127898278,0.3836185586947732,0.3836185586947732,0.4381525694896184,0.11376922941683223,0.6017546018741541,boot124
C2,0.90136135657989,0.5035860924863482,0.5016566438561324,0.6405769452316767,0.3781719315223152,0.6183882859841939,boot125
C2,0.894815241939359,0.17103360681382002,0.17103360681382002,0.20018706252072113,0.0864885852638067,0.18075142538278705,boot126
C2,0.926988570095638,0.49060217500711145,0.5056110369576158,0.5900358854292028,0.31518610096059163,0.5881597776853897,boot127
C2,0.9302823124505837,0.4187602109354282,0.42810753707237964,0.46830103946127116,0.1430140898953583,0.7487208235698167,boot128
C2,0.8780487804878049,0.3297826086956521,0.333743961352657,0.4228743961352657,0.37533816425120775,,boot129
C2,0.9392122497924545,0.5990218885842876,0.6073544959989067,0.5443970177551177,0.2212770191215529,0.5184733502429693,boot130
C2,0.9119121960450374,0.48536328121475675,0.48822396853036437,0.5187379665635121,0.13540586627209325,0.8629740068749605,boot131
C2,0.9397012723584731,0.6829182308374855,0.6847689577503241,0.8124691147361954,0.06107398812367756,0.7310371305712922,boot132
C2,0.9184613937740994,0.5150390440659253,0.5131455181686241,0.532080777141636,0.3143252989519985,0.6002477094444791,boot133
C2,0.9060642092746729,0.4241949104188063,0.4241949104188063,0.4376309483053749,0.010556886910875272,0.6609088403768012,boot134
C2,0.9098492748127783,0.3603081257870752,0.35935240131549145,0.5954163457966786,0.21025938374842584,0.6145308352283537,boot135
C2,0.9294856876890855,0.4640247327513008,0.4640247327513008,0.2993707953234199,0.2844022555572489,,boot136
C2,0.9191221391982705,0.46168817830577497,0.46168817830577497,0.34815829839451895,-0.08893173926381731,0.7218608197690703,boot137
C2,0.9397501498179136,0.24798450769709815,0.2581629762966059,0.3303375718203882,0.09900874001339367,0.8327109204800176,boot138
C2,0.8890498961503163,0.004890418530819346,0.004890418530819346,0.20050715976359318,0.1604057278108745,0.7459510068425816,boot139
C2,0.9092288722375036,0.5030540915646912,0.5030540915646912,0.48010105316630225,0.0707718683950326,0.6847656455519371,boot140
C2,0.8970411931137006,0.3441265067241852,0.3441265067241852,0.34218776584123206,-0.05428474472268838,0.8259036161380444,boot141
C2,0.8526961640145658,-0.07342438994612906,-0.07342438994612906,0.33142953795127705,0.33652845391975816,0.6823833169099867,boot142
C2,0.9234729698104375,0.3747667423257454,0.3747667423257454,0.24953061989025763,0.08097974834174398,0.9039599814892352,boot143
C2,0.9216559613671526,0.6868544281120199,0.6868544281120199,0.8123374486324851,0.16133531209774096,0.5604279262342581,boot144
C2,0.9060121765601219,0.5010010408487481,0.5086792177199932,0.65936343881818,0.41846063948286244,0.6775991088873873,boot145
C2,0.9286878755414784,0.8258496120582501,0.8258496120582501,0.827722286915525,0.3501901983104145,0.6498181754744055,boot146
C2,0.8985201858148556,0.37356108322557613,0.37356108322557613,0.2883968984487609,0.11903630372213955,0.7190566964678836,boot147
C2,0.9322686969035792,0.5419225090173765,0.5419225090173765,0.46543774870855575,0.238781690720221,0.8982295631389564,boot148
C2,0.9126837800784757,0.3039292583067216,0.3039292583067216,0.44874821524283953,0.18864574653520644,,boot149
C2,0.9076228924246021,0.5183152458307737,0.5183152458307737,0.742503355857393,0.37077264350556277,0.580589720838168,boot150
C2,0.8857668830539676,0.24248209410936622,0.25328089182273883,0.32003709586904205,0.1884881055425033,0.22186620756565492,boot151
C2,0.9285381533587999,0.5553376261899152,0.5656389986824769,0.37740482859112284,0.20415447303440393,0.5824957900339415,boot152
C2,0.9235233548628662,0.6082565508245269,0.6186138605134895,0.6835824394715272,0.3154271587093135,0.7221869574031148,boot153
C2,0.9071038251366119,0.4620534311157674,0.4620534311157674,0.4313776846516501,0.06518596123624934,0.416998428496595,boot154
C2,0.8880831520425427,0.6697375210054201,0.6697375210054201,0.745131949539656,0.17233012236396775,0.7314238716243404,boot155
C2,0.9351851851851851,0.36356435643564355,0.36356435643564355,0.5439517864829961,0.37379250968575123,0.39610848041325863,boot156
C2,0.9147359977351012,0.44679082619012367,0.44488958863186784,0.5817786928262888,0.19677808727948004,0.5133341407290782,boot157
C2,0.9307298930729893,0.3839903574686183,0.3830560743604222,0.29243061286539546,0.24571645745558787,0.6857638014159753,boot158
C2,0.9053873976775176,0.5301597981497056,0.5330411014005192,0.7193653782864665,0.42451201228653956,0.9508300727684935,boot159
C2,0.8646460657518018,0.5159185638968594,0.5199413207303631,0.5219526991471151,0.4656341034780622,0.6034135250255666,boot160
C2,0.9197820777756903,0.41786835748792267,0.41786835748792267,0.45473909491332765,0.22784224921852797,0.8461361537368571,boot161
C2,0.911654757961482,0.40251698193257773,0.4015631502218371,0.5455917385436836,0.26039605703221264,0.6562362169896054,boot162
C2,0.8726595431820409,0.012953903861369697,0.01096099557500513,0.3069078761001436,0.22021636564328484,0.6506845554980317,boot163
C2,0.901518769701022,0.4456248099726361,0.45430581276431076,0.5285766144264168,0.15529349438440349,0.509285497111584,boot164
C2,0.9186139451784286,0.4714096498684837,0.4695164384232287,0.5064340616057004,0.31143328274444004,0.6967018118538234,boot165
C2,0.8885130237278306,0.7839184351042143,0.7819610857032052,0.6263518083229679,0.2750075908418031,0.45175659291497056,boot166
C2,0.9145823501651721,-0.08652084174630952,-0.07701305693902276,0.14546910755148745,0.23579306322071164,0.39457306950240056,boot167
C2,0.9067921479157754,0.3011092220951061,0.3097397411997429,0.4554996194113866,0.27234082507965013,0.5235848256812992,boot168
C2,0.9199849737039819,0.5217476521028992,0.5274188222344524,0.5623910380456975,0.350667353134376,0.7041702913345287,boot169
C2,0.9497716894977168,0.5777132107023412,0.5777132107023412,0.5575710702341137,0.15015050167224078,0.6784239130434783,boot170
C2,0.9291866474230643,0.17968028512049217,0.17968028512049217,0.2985313070491511,0.1590919191171024,0.642918520196761,boot171
C2,0.879415347137637,0.6002011321209201,0.5992123328917257,0.7307226303745633,0.18193905817174516,0.6265405309658739,boot172
C2,0.8917798978510166,0.15113887296680165,0.15016378346379003,0.22037022768062692,-0.13066199340355755,0.7361925747737758,boot173
C2,0.8788691201559834,0.4620562347777858,0.465024476114688,0.6065106465070293,0.02176710313728327,0.7618486098049145,boot174
C2,0.9085559720969961,0.6259335358957939,0.6259335358957939,0.5493667425140453,0.030626717352699392,0.3043530036924502,boot175
C2,0.9340501459887842,0.5520604821138106,0.5520604821138106,0.4803764060214609,0.28580534234222577,0.8099369636408351,boot176
C2,0.8982563709522897,0.37076661967650987,0.37076661967650987,0.7086192313399614,0.25653565069001333,0.8189779640896274,boot177
C2,0.9259864580901237,0.5202442500383696,0.5183661119515885,0.5681367712512881,0.24227981319476422,0.5211833190817602,boot178
C2,0.8788691201559834,0.5906800260435506,0.5906800260435506,0.5481352335479515,0.19986158335141913,0.7397356211715617,boot179
C2,0.9056478089165912,0.3677406106235524,0.37158124363267564,0.3946250416874152,0.3888640921737303,0.5348081465204142,boot180
C2,0.9417989417989417,0.4071763556424035,0.41640937957987295,0.38501709819247676,0.3176160234489496,,boot181
C2,0.915810313943622,0.4234786189363626,0.4234786189363626,0.5848942360197296,0.20604228768876834,0.341821306764777,boot182
C2,0.9165253438854343,0.41745566361556063,0.4240970037185355,0.4554061784897025,0.18690628575514873,0.8842469965675057,boot183
C2,0.9221613009044471,0.7015654648537099,0.700622500519229,0.7175958585398835,0.32437973106139273,0.7336262522260569,boot184
C2,0.8929534077782055,0.3203828486791533,0.3242780808819394,0.3612827868084069,0.13146408684402947,0.5453325083900482,boot185
C2,0.8695566696156491,0.44600438419722993,0.4510044333474231,0.4910048265489684,0.6410063010547632,0.6950068318768493,boot186
C2,0.8929001203369435,0.3710430094925582,0.3710430094925582,0.41291925465838497,0.26196999882807914,0.6431775389703074,boot187
C2,0.9239766081871345,0.563725921849202,0.563725921849202,0.6446615299944963,0.09599339570720969,0.6408970831040176,boot188
C2,0.8926869192624332,0.4023027861541131,0.4023027861541131,0.5678995746436994,0.21430172628064134,0.8386990287619646,boot189
C2,0.8999426057011669,0.6763716356107661,0.6792703711919551,0.7469075347530316,0.5884433229813664,0.9227641600118308,boot190
C2,0.9248819707380918,0.460693331692589,0.4672746650024832,0.4926598077692176,0.39770057001217374,0.5763367598521573,boot191
C2,0.8820841839214542,0.24842349378539735,0.25335253136050445,0.28095514178110415,-0.02760261042059971,,boot192
C2,0.9271387256273905,0.38922930867027744,0.38922930867027744,0.4548824450724929,0.35827854436637585,0.4811436996333791,boot193
C2,0.9065842643213691,0.47286906363284015,0.48246072820957114,0.4421757369873008,0.04987665579900139,0.6800490184902305,boot194
C2,0.9263374101391092,0.493763178882238,0.493763178882238,0.5219245769173466,0.2525138690481407,0.5472698351489443,boot195
C2,0.9194775909048201,0.5381127431379344,0.5381127431379344,0.7357675117070526,0.19576333537706928,0.794401940660571,boot196
C2,0.9395546129374337,0.5469751693002257,0.5460496613995485,0.3341083521444695,0.08514672686230249,0.695981941309255,boot197
C2,0.9342477179000046,0.5733513324678797,0.5817282188188715,0.522159249211819,0.14706089371741068,0.9568265743132797,boot198
C2,0.9040834802496782,0.42320062694488114,0.42512426615826693,0.5193825876141722,0.1567765958909446,,boot199
C2,0.9273388676429437,0.3938338012647267,0.3938338012647267,0.5673082137265706,0.10783544558438946,0.42384018612299157,boot200
C2,0.8956642819417102,0.622321684124165,0.622321684124165,0.6524183646356301,0.36018930547592076,0.7164951683052009,boot201
C2,0.9229184227779337,0.41173736553683793,0.41173736553683793,0.6171349529213473,0.0979878398531605,0.5615456976200351,boot202
C2,0.924077279318894,0.5326112047752575,0.5326112047752575,0.4074569817450291,-0.024466239088616063,0.6963468048298417,boot203
C2,0.9208464317552667,0.32578722103332314,0.32578722103332314,0.3475063691022114,0.3361746396749653,0.6799037656347613,boot204
C2,0.9335064453306129,0.3679441771266166,0.3772592195855182,0.3940262960115412,0.32882099879922944,0.44432752528961034,boot205
C2,0.897781185604064,0.26829428938781374,0.27120000371331354,0.4804114351492983,0.2130857172033178,0.6063257225876224,boot206
C2,0.9113456714157239,0.5181062771823811,0.5181062771823811,0.6736335758577552,0.05152438115625888,0.6764960414775473,boot207
C2,0.9239766081871345,0.642779306549257,0.6465437534397358,0.5251403412217941,-0.08187671986791414,0.7001871216290588,boot208
C2,0.8854429152936616,0.45175131348511377,0.45175131348511377,0.5421015761821366,0.472374743013782,0.8966281504606715,boot209
C2,0.9197820777756904,0.26376758312020454,0.27511242540494457,0.41597755044046597,0.5105179028132991,0.5946588164251206,boot210
C2,0.8995741830534424,0.5277859432160316,0.5355190705891603,0.5471187616488533,0.2455267940968352,0.6650489540890654,boot211
C2,0.9035610430471469,0.15494249234989974,0.15879199526542517,0.09431282143037377,0.10297420299030605,0.6255442237728871,boot212
C2,0.8985201858148556,0.7006689747547077,0.7035722992357354,0.906805012907681,0.2990424215458628,0.6697001802904112,boot213
C2,0.9332096474953617,0.640146944420434,0.6494649494338317,0.5777163108306681,0.12299766617685191,0.5851707148413865,boot214
C2,0.9093323216995447,0.655043441983639,0.658868513177704,0.6014924452667283,0.36433803123469555,0.3241747836970126,boot215
C2,0.9259864580901237,0.2817207130171676,0.2892332653642921,0.16058080641978556,0.0,0.6648608827205156,boot216
C2,0.9274889251573792,0.52221413426017,0.5334647080682887,0.39564517891883616,0.16125822458303277,0.7744144971254946,boot217
C2,0.9215042670918128,0.6482783918441756,0.6596020318763883,0.6605456685457393,0.2283600739829556,0.7577402454888982,boot218
C2,0.9243791797222091,0.4261379443840763,0.4242565406561113,0.5249116401022397,0.19190318025243172,0.5932415048065369,boot219
C2,0.9163722025912838,0.6158500055884654,0.6158500055884654,0.7676774337766848,0.035110092768525766,0.44029954174583663,boot220
C2,0.8754705911113283,0.40326137947445356,0.4052478887329484,0.3943220878112267,0.39928836095746395,0.9108144950198865,boot221
C2,0.9189189189189189,0.2999744245524297,0.29808184143222505,0.49017902813299236,0.24792838874680304,0.8128644501278772,boot222
C2,0.9177998400225851,0.5258321854145211,0.5239372946562707,0.6452103031843044,0.280443832221078,0.7996438999817223,boot223
C2,0.9143261741798442,0.7094794729635697,0.7085284280936455,0.760835895939485,0.052307467845839596,0.8407236650131309,boot224
C2,0.9260366081434441,0.20188891032499076,0.21127909220057176,0.33710752933335664,0.012207236438255257,0.6958124769805497,boot225
C2,0.8941776046925333,0.22950406074519464,0.22950406074519464,0.47651266849637874,0.24214623358285367,0.565980353193658,boot226
C2,0.9176470588235294,0.45105908584169446,0.45105908584169446,0.37904124860646593,0.1516164994425864,0.8321764682872624,boot227
C2,0.9136595503495181,0.6271958499658359,0.6290993275074623,0.6671688783399863,0.03235911820764556,0.641611427437375,boot228
C2,0.9054394898396229,0.6108011462575241,0.6117615254183063,0.5474161216458943,0.23337213607009175,,boot229
C2,0.9110879651548147,0.5841081579351668,0.5841081579351668,0.6671431411710483,-0.06585533153190606,0.7511325495015952,boot230
C2,0.8758553274682307,0.482509704968944,0.482509704968944,0.3256444099378881,0.10722437888198755,,boot231
C2,0.8951337848873516,0.5342898208510856,0.5342898208510856,0.6654336859690794,0.12337237681470524,0.9413215207358218,boot232
C2,0.9076747720364742,0.36212932462190833,0.3630873387082097,0.45409867690683753,0.12549984530547617,0.900533241123264,boot233
C2,0.9085559720969961,0.4546153357041316,0.4546153357041316,0.43643072227596635,0.2048161722961772,0.5206541949958897,boot234
C2,0.9074672240167205,0.3564627485252348,0.3593374481101158,0.453244301216226,0.2884281916830529,0.7320901609496758,boot235
C2,0.9287377736376339,0.372642274650037,0.372642274650037,0.4859330164406262,0.5149579172299507,0.41814311063737863,boot236
C2,0.9115002366303833,0.42357307327644594,0.4226190798681656,0.6134177615242222,0.3005079236082893,0.5886139329089349,boot237
C2,0.8741494933672719,0.5530841858721217,0.5530841858721217,0.6455964687608038,0.1512028709578462,0.5302048040824476,boot238
C2,0.9236744817258645,0.5620274729389789,0.5610860533863172,0.4961281042526664,-0.02918400613250979,1.0167331168745344,boot239
C2,0.9301330356312215,0.32253450690138025,0.32253450690138025,0.45528784017673096,0.25522295763500524,0.46650643172112677,boot240
C2,0.9159125188536953,0.3712144915603129,0.3826072636798109,0.24589399824583386,0.5031807686111658,0.6740723504036371,boot241
C2,0.8795791114575214,0.39149159137754996,0.39149159137754996,0.4962847951301265,0.008897536167671591,0.4834327984434898,boot242
C2,0.9041356965885267,0.45106734364689494,0.4616467482953296,0.5433966933059609,0.21639691326343574,0.5078114231248625,boot243
C2,0.9143774190503162,0.5268493298261049,0.5268493298261049,0.5734479167601828,0.2130221116986417,0.5521706565829154,boot244
C2,0.8943370829727911,0.6708879810793377,0.6738048853448999,0.5862977573780299,0.14098370616884634,0.631023622783319,boot245
C2,0.9144286590834001,0.48117477031072575,0.48117477031072575,0.4954388445294231,0.148346371874453,0.6799208710912429,boot246
C2,0.9184613937740994,0.6485326198256595,0.6598937752094667,0.6797757971311292,0.30959148420874555,0.7914938250719,boot247
C2,0.9229184227779337,0.4475406147139542,0.4475406147139542,0.3495527748607937,0.013190670749463914,0.6868570697399424,boot248
C2,0.8975698605186214,0.14338232357707723,0.1569455163478818,0.21701108433287364,0.184071901889491,0.5556054495344976,boot249
C2,0.9189189189189189,0.5062659846547315,0.5147826086956522,0.5384398976982098,0.06434782608695652,0.5829156010230179,boot250
C2,0.9217570671792227,0.3915018154639494,0.3915018154639494,0.4330104416818139,-0.10754507701901261,0.7197973137325142,boot251
C2,0.9028811295554283,0.4651775147928994,0.4690299165717226,0.4921443272446616,0.16372707559998528,0.6664655077364107,boot252
C2,0.9138647525500566,0.44341067994320327,0.44341067994320327,0.45292593058576125,0.19696568830095082,0.8306813810953144,boot253
C2,0.8875991487715226,0.41146658580038664,0.4095072211060991,0.5211910086804897,-0.007837458777150221,0.6808792312649254,boot254
C2,0.9181561618062088,0.5237339629365645,0.5369930506058446,0.4953216322166786,0.2140395580898075,0.34947166785459727,boot255
C2,0.9243288747544663,0.558807317652649,0.558807317652649,0.4261611361896465,0.4233388770095826,0.7723582622774829,boot256
C2,0.882247169169461,0.2276794669757773,0.2276794669757773,0.34792576555172894,0.23753572095741265,0.6613546421677341,boot257
C2,0.8952399250684471,0.3797864577744393,0.3797864577744393,0.44389363479007354,0.2311743656018326,0.7508310277740193,boot258
C2,0.9235737351991388,0.5828022701935744,0.5828022701935744,0.600691192865106,0.1685324820107429,0.7213628754020099,boot259
C2,0.9006787114042634,0.4933477614832999,0.4933477614832999,0.49720958349099703,0.23074386495989954,0.6149951547257574,boot260
C2,0.9174942344801618,0.6245744733050526,0.6226789513830343,0.5942461225527588,0.374365579598628,0.6198356685000068,boot261
C2,0.9279888137963177,0.4282285502150984,0.4282285502150984,0.3926209245954622,0.19771602646692724,0.6606151595221977,boot262
C2,0.9059601388954953,0.36185486853339055,0.36185486853339055,0.46743586465719156,0.2111619922476019,0.8110540156782893,boot263
C2,0.8844698806867785,0.16320264741505097,0.16320264741505097,0.21530951677045884,0.21236007133524704,,boot264
C2,0.9089184060721062,0.4171226286647908,0.4171226286647908,0.48313515476082414,0.37885449759462647,0.6849995461559409,boot265
C2,0.9186139451784286,0.291554562569263,0.2991274083502828,0.3833753176641283,0.18932114452549545,0.646531708554567,boot266
C2,0.901990738530577,0.4993785006512305,0.5041987564490223,0.4839536820982967,0.20341479466681395,0.8310120995393064,boot267
C2,0.9265378512088117,0.33598664902890085,0.33598664902890085,0.5509054831842591,0.47019360660189746,0.5293197487494414,boot268
C2,0.8898542330340766,0.38990264793834356,0.38794824870055744,0.5941373682869999,0.36058665937155093,0.5452773873423452,boot269
C2,0.9072595971113645,0.49072767344857104,0.49072767344857104,0.5424841077576,0.267408243929983,0.3718795650352452,boot270
C2,0.8768434417423576,0.3867628115102617,0.39667980667719155,0.24990827820663067,0.14379642992048194,0.6396461882669713,boot271
C2,0.9241276078211245,0.2700549310281081,0.2700549310281081,0.33215815558509465,0.26817301513244185,0.6944269655008495,boot272
C2,0.911654757961482,-0.01812280250407341,-0.020030465925554818,0.13162877608221737,0.21461213491665876,0.5780220167088675,boot273
C2,0.8902291917973462,0.5362566277836691,0.5343030517261693,0.5841192411924119,0.3750866030399434,0.40927418404618826,boot274
C2,0.926587949782984,0.43919902242894865,0.4485836169252937,0.480491238212867,0.3293992668217115,,boot275
C2,0.9342477179000046,0.5547360294656758,0.5640436809667777,0.6217511202736098,0.10703799226267235,0.43094426450101997,boot276
C2,0.9075710078844874,0.38420757069654415,0.3880400651673326,0.4589412128769193,0.26540024210210156,0.5030148992909868,boot277
C2,0.9095391617674947,0.43022264930920695,0.42926659897740865,0.6013556587010914,-0.021989157631359467,0.23996863328135765,boot278
C2,0.9115517486157776,0.44358186652702103,0.44358186652702103,0.3882533756483818,0.2613794224266747,0.8594994876147224,boot279
C2,0.9259864580901237,0.32961323423008615,0.32961323423008615,0.38971365300708194,0.1530682540726611,0.5136707667346356,boot280
C2,0.9037700776893379,0.36080742721140224,0.3598452740721719,0.4714550382228989,0.1760740244791643,0.8976888789019686,boot281
C2,0.9210489280855656,0.36631203192332723,0.3766971668489885,0.3191068731703211,0.24641092869069176,0.8525251670792899,boot282
C2,0.917596122170455,0.4747755176673638,0.4747755176673638,0.6538824494819981,0.1772116203668604,0.8434135942593889,boot283
C2,0.8984146750323292,0.2555225596499116,0.2603620020675236,0.2439078978476429,0.19067403125391136,,boot284
C2,0.9255348967579183,0.7384683854317541,0.7384683854317541,0.5731115968363486,0.04039966994092293,0.5778092328759908,boot285
C2,0.8906038973567431,0.47549562956823155,0.4725664983799262,0.3788343003541557,-0.12692901815989754,0.3358737095923442,boot286
C2,0.915452444947423,0.6259674999216163,0.6259674999216163,0.5860727578932281,0.06934086114457966,0.6164687518196191,boot287
C2,0.9150943396226414,0.45421783953384126,0.45421783953384126,0.5454415060510981,0.4276109367996414,0.7963065889735544,boot288
C2,0.9107785565448,0.48787690805179773,0.4964696520292267,0.5413428705780221,0.1623073862403241,0.6654602835853288,boot289
C2,0.8913525498891353,0.3677849881029634,0.3677849881029634,0.27413151633138655,0.10243348475016223,0.5892364265628379,boot290
C2,0.9027241066742998,0.5114952918847626,0.5114952918847626,0.5500260106708088,0.01059594766616269,0.6935529381488307,boot291
C2,0.9261870302068256,0.5576862148621223,0.5576862148621223,0.5989963048519092,0.06290400066626632,0.5999351705334953,boot292
C2,0.9066882160003802,0.5054227698984732,0.5054227698984732,0.5974921928780812,-0.08631508404338252,0.17646639404424874,boot293
C2,0.9128379655889581,0.23148067432729366,0.23148067432729366,0.392469291452037,0.49439699578545443,0.5677468390908108,boot294
C2,0.9117577478116867,0.6056147198844791,0.6056147198844791,0.6761902935403082,0.3090065657363327,0.6094296157577672,boot295
C2,0.9117062553231757,0.3528977985576446,0.3605280212291612,0.3395449088824905,-0.11254578440487044,0.7229635981262017,boot296
C2,0.8980452280567267,0.2895177123346137,0.2875811390079608,0.325344318877693,0.28661285234463435,0.7746293306611738,boot297
C2,0.8957703202266072,0.6775805226339556,0.6814635055716861,0.723205572152288,0.16114379191581182,0.5873011693317238,boot298
C2,0.8920468230646947,0.525415975995154,0.525415975995154,0.5419875373901774,0.33728001427518234,0.7408462741304581,boot299
C2,0.8329020145126097,0.3017213831246921,0.30589745763160825,0.4405758604796541,0.7464733181112624,0.8091107764603026,boot300
C2,0.926788297326303,0.40063555927202044,0.40063555927202044,0.43535105269840163,0.19328085529282482,0.7653449188874926,boot301
C2,0.8641414390834115,0.27773231226425876,0.28980763018879174,0.5786089838838724,0.608797278695205,0.684268015723536,boot302
C2,0.9139673245821134,0.34060774324555027,0.3387049066911058,0.5270857255811028,0.4719034655022148,0.5927335867094351,boot303
C2,0.9206945096198967,0.3891202411026902,0.3891202411026902,0.5695133625847627,0.026445064929309047,0.6120143597925808,boot304
C2,0.8967766692248657,0.682638090454131,0.6855470595895891,0.6593663373704675,0.10957117076891591,0.6981525925099068,boot305
C2,0.930083267432665,0.4992540370806894,0.4992540370806894,0.4328738186673393,0.036462373494657085,0.5422609391513106,boot306
C2,0.9245803525506149,0.45708163112739164,0.45708163112739164,0.502225495930097,0.3272930198196138,0.7147778593761679,boot307
C2,0.9140186033334908,0.7325509731961171,0.7458700817996828,0.7249400539940793,0.15412111384126098,0.7287455135950982,boot308
C2,0.9137621611410219,0.10372787660335638,0.11229256366234909,0.432040880531411,0.33307116340527276,0.5034132726896837,boot309
C2,0.8530394454695057,0.021406829030241104,0.023445574652168833,0.2823662686369898,0.3965360234649424,0.7094834764308481,boot310
C2,0.9140698772426817,0.5774461013295005,0.5774461013295005,0.4033560905497664,0.004756557671577435,0.47660707869205887,boot311
C2,0.8998373672629866,0.3952405032865238,0.39620686148526846,0.3836442049015892,0.3691488319204208,0.6262001127864731,boot312
C2,0.905074740550319,0.4746185018157867,0.4746185018157867,0.6869478315754809,0.29207292419433034,0.7830244513762472,boot313
C2,0.9236241108199176,0.5469945894503092,0.5469945894503092,0.43025219858655994,0.22501154368093615,0.603482843094059,boot314
C2,0.9093323216995447,0.39780740418276467,0.4016324753768298,0.4016324753768298,0.14917777656853676,0.37868204821243945,boot315
C2,0.9005210574119221,0.34376233053448857,0.3408654569625687,0.42101229245235117,0.20567802360630913,0.6797996648771909,boot316
C2,0.9097976015547233,0.3498150237166506,0.3498150237166506,0.22843112204447943,0.01911557506648364,0.6250793046740151,boot317
C2,0.9233721855544634,0.5584445600377342,0.5584445600377342,0.4812228839448266,0.0922893202085969,0.44637895692729523,boot318
C2,0.9302325581395349,0.3533478260869565,0.35521739130434776,0.39354347826086955,0.3692391304347826,0.5487173913043477,boot319
C2,0.8846862573950149,0.6231636845466765,0.6231636845466765,0.5838473637550881,0.21034231623499805,0.4894881938552758,boot320
C2,0.9196806012212306,0.6590189634498378,0.6571279477727938,0.6732015810276679,0.04632988408757827,1.0012928009948037,boot321
C2,0.8337305410476141,0.5486080715876097,0.5506940338369922,0.4630836193629253,0.30142154503577795,0.8677602957431393,boot322
C2,0.893273024732942,0.26770139493924655,0.26770139493924655,0.43903028770036434,0.21902841404120174,0.41664071648726375,boot323
C2,0.9076747720364741,0.38320563452053796,0.38320563452053796,0.388953719038346,0.23471345114382952,0.6792319871876535,boot324
C2,0.9432089689395332,0.3586277068013148,0.3687688501813005,0.41302111220305665,0.09219221254532513,0.5411682876410585,boot325
C2,0.927388891479737,0.36005719558002347,0.36005719558002347,0.6104094643817586,0.4322561644853928,0.5663399638810785,boot326
C2,0.9171884562873687,0.7091615448820093,0.7091615448820093,0.7224346219252554,-0.020857692496529686,0.848528853836094,boot327
C2,0.9117062553231757,0.6352160374037603,0.6380773709055791,0.6418924822413373,0.2584737929976262,0.6228169255625458,boot328
C2,0.9059601388954953,0.6046911596181328,0.6046911596181328,0.6440440763551859,0.21788078291002563,0.6037313323806436,boot329
C2,0.8809963997275468,0.1302872619356326,0.13522238549380047,0.3523678220531881,0.13127428664726618,0.9189200065308631,boot330
C2,0.9047619047619047,0.5795423340961099,0.5766590389016018,0.42480549199084666,0.10475972540045767,0.6608988380219565,boot331
C2,0.9290370646302849,0.33882674941598967,0.3481866043722325,0.4913923852027475,0.20778878002859036,0.516663993584603,boot332
C2,0.9334569904938556,0.673513250826152,0.6846918939933908,0.6222778029763062,0.1006077885051513,0.46391369144041994,boot333
C2,0.9057519387221086,0.5472272845613121,0.5472272845613121,0.5779488163261577,0.36385814183989,0.6601271584853466,boot334
C2,0.9136082376836236,0.5672681661444121,0.5701235428196356,0.6081952318226164,0.3654882144286145,0.5472805294178472,boot335
C2,0.9116032557259134,0.6677199191102122,0.6782126606962297,0.6267028383648707,0.23084031489238765,0.5398992488805431,boot336
C2,0.8726042841037203,0.17040444893832155,0.1783765869003483,0.29995169082125606,0.17738006965509495,0.7493809684305134,boot337
C2,0.9236241108199176,0.5658240073315591,0.5771216580603091,0.5149845790521844,0.29279744805343577,0.7381131809449958,boot338
C2,0.9137108581684219,0.47298760781916505,0.47679434912958074,0.3835291870243933,0.06756965825988072,,boot339
C2,0.9232209737827716,0.24300555604550667,0.24771496604638854,0.340019402063674,0.39464855807390414,0.8269723961548636,boot340
C2,0.9239766081871345,0.6296037424325812,0.6314859658778206,0.6691304347826085,0.2653935057787562,0.6380737479361585,boot341
C2,0.9214536928487691,0.521859718995464,0.521859718995464,0.7502323265847991,0.09436884611129548,0.6417081535568092,boot342
C2,0.9234225800411906,0.4359961564230051,0.4359961564230051,0.40397916005500906,0.19210197820797634,0.4143376000564195,boot343
C2,0.8911922094200453,0.5942211026911081,0.5961725677245765,0.6195901481261965,0.24295739666680777,,boot344
C2,0.9077266467208054,0.5728596840012555,0.5728596840012555,0.6744033738074983,0.28259800464944884,0.8841964687845466,boot345
C2,0.8509766698306439,0.4690262952356157,0.4710699827965552,0.6079970493795019,0.4128248873097794,0.7348654488844756,boot346
C2,0.9262371615312792,0.6599868513323982,0.6599868513323982,0.6224342566619915,0.17274193548387096,0.7404165000485672,boot347
C2,0.9182070457645454,0.41100893974690755,0.4223732422283889,0.3835452087499944,0.1259543525030846,0.51896981332098,boot348
C2,0.920086393088553,0.4612043274137578,0.4612043274137578,0.3695305164319248,0.1011247193304756,0.7626883037354562,boot349
C2,0.9085559720969961,0.8795610389728356,0.8795610389728356,0.8757326993037482,0.12537812416261312,0.5847788844531041,boot350
C2,0.9038745651241481,0.32035995763586095,0.32035995763586095,0.1500785387122952,0.3838547240141396,0.5570222686821726,boot351
C2,0.914479894279781,0.5163305568520447,0.5229867518759199,0.5676783470362259,0.13882921049797145,0.3889119663950022,boot352
C2,0.9152990001886436,0.18525664002293984,0.19000681027993832,0.3610129395318828,0.1710061292519445,0.5994714864332055,boot353
C2,0.9271887681328419,0.40140036833379267,0.40140036833379267,0.29354746562728296,-0.1453669558218174,0.8121792499464122,boot354
C2,0.8771176097251377,0.46991863858786415,0.46694446998920663,0.5482384116858414,0.009913895328857893,0.6265581847838188,boot355
C2,0.9243791797222091,0.3555853045853882,0.3555853045853882,0.45341829843956905,0.4101460126963737,0.7337474539063565,boot356
C2,0.8949214433286886,0.304131625264357,0.31481995714265715,0.26040663121676577,0.04178166097880943,0.5548215911372136,boot357
C2,0.899205513544558,0.5608815988003445,0.5628156732789663,0.6537171737741945,0.058989271597967255,0.6846623654321445,boot358
C2,0.8965120184234514,0.5809956303021561,0.5809956303021561,0.5703262614652216,0.3870071059942574,-0.13579196701552895,boot359
C2,0.9094874591057797,0.47614013137316236,0.47422792201021785,0.542111354394745,0.04398081534772182,0.5746189135648003,boot360
C2,0.8931665062560153,0.5393609445277361,0.553964580209895,0.553964580209895,0.2901255622188905,0.15479853823088455,boot361
C2,0.909073661243656,0.6485340435281681,0.6523602030770069,0.7661884496549595,0.31565816277919684,0.64279480420491,boot362
C2,0.879196920228059,0.4875991286033073,0.4875991286033073,0.5370513728835616,0.3056148696519715,0.45654347407830354,boot363
C2,0.8935924571868384,0.44471201737632476,0.4554162453656892,0.40092199378347004,0.4885020409691795,0.5410500692806052,boot364
C2,0.9059080962800875,0.4309871875656374,0.43674648183154796,0.455944129384583,0.32731989077924806,0.6584793110691032,boot365
C2,0.9121695123681595,0.6711185856827887,0.6711185856827887,0.6196407396218929,0.26024911064119505,0.5443305574216937,boot366
C2,0.9045532482377595,0.3662629574008278,0.3662629574008278,0.49796381084941943,0.24321398483572032,0.5992452271466123,boot367
C2,0.931524667843538,0.52835306464063,0.52835306464063,0.5395548963997954,0.40419942930988123,0.33698843875488943,boot368
C2,0.8841992917091155,0.13178221270139648,0.13178221270139648,0.34027347458718793,0.22520990081059547,0.5212281547144786,boot369
C2,0.8685556867375048,0.49757766789464364,0.5025834794428794,0.5015823171332322,0.3163672898485057,0.7178333760170209,boot370
C2,0.9342970994347141,0.41509931604322814,0.4244064755957669,0.4104457362669588,0.4709422733584607,0.7920392779210473,boot371
C2,0.8959293394777266,0.5444916975717027,0.5474034178795728,0.7356946644551706,0.4241405915130733,0.5202273616727855,boot372
C2,0.933654782326487,0.3846501314840643,0.3846501314840643,0.508520512809441,0.16485005635031327,0.624008687879717,boot373
C2,0.9069480087444161,0.5158245924197824,0.5187009377306734,0.4841847939999816,0.3969356529029553,0.738261963128685,boot374
C2,0.8993108728943338,0.5714520517519018,0.5733858996427712,0.661375978677328,0.10539471005238121,0.3480926203564884,boot375
C2,0.906636242631679,0.6627460242194338,0.6627460242194338,0.6176677852348993,0.4383139407645171,0.5984855558797781,boot376
C2,0.9095908595268573,0.4139462651661764,0.41777024913999794,0.44453813695674826,0.13383943908375218,0.45419684607087346,boot377
C2,0.9343464763934579,0.6486747387984079,0.6551894061894966,0.532341392528966,0.10609601179773098,0.6012107335204755,boot378
C2,0.8955582232893157,0.4282002564401446,0.4282002564401446,0.6437568481174961,0.4961685511131833,0.9399044177643082,boot379
C2,0.9155547173369795,0.6031031270851339,0.6002538209729207,0.5394686239123718,0.26403569973175944,,boot380
C2,0.9078822412155746,0.4520793159905402,0.45495270147353095,0.47410860469346905,0.3017054757140258,0.733671093323631,boot381
C2,0.9305807411540429,0.6073813547907768,0.6167256833260195,0.7335297900165536,0.22239501913877674,0.6447586689317477,boot382
C2,0.9157592042615377,0.6713365323927144,0.6817816552446518,0.6979241178340099,0.31430324218103034,0.7624939681914422,boot383
C2,0.89518685752714,0.5352295230362925,0.5352295230362925,0.5701991470459231,-0.18261914760584932,0.7678204748874408,boot384
C2,0.9299339350516423,0.48343780181152163,0.48530796738912907,0.4881132157555402,0.4105013442848317,0.6518944353850785,boot385
C2,0.9043445121951219,0.6682716795837227,0.6778870994338481,0.7048102750141997,0.2500009161032632,0.7384642444896389,boot386
C2,0.9034042147420616,0.3619160907196813,0.3725040614588209,0.42544391515451896,-0.16363227505943037,,boot387
C2,0.9007837889504875,0.560864213478999,0.5714829851627666,0.7075963312910607,0.20465269063261235,0.6168541005388647,boot388
C2,0.8941776046925333,0.466787920159718,0.466787920159718,0.5484758061876686,0.19352249189954973,0.9627500853294181,boot389
C2,0.9194775909048201,0.4227353184229467,0.42935533459511815,0.3574808732972569,0.2430491651782937,0.9163993815477299,boot390
C2,0.9257858110317126,0.5072071874465349,0.5072071874465349,0.6828511579141313,0.33344176211762944,0.6678227968046042,boot391
C2,0.9232713824259164,0.4822172546218524,0.4803335934709858,0.4539623373588532,0.03390590071559899,0.7289768653853784,boot392
C2,0.9039790326423635,0.4569171002269029,0.45980289243886224,0.39439160230111625,0.3337899658499691,0.4684602690747405,boot393
C2,0.915656970439866,0.517566139698146,0.5308614166812177,0.5508043321558251,0.21747274493738608,0.5849921872551521,boot394
C2,0.9176470588235294,0.5335005574136008,0.5353957636566332,0.5410813823857302,0.2681716833890747,0.5448717948717948,boot395
C2,0.9384778695712374,0.5735466834301939,0.5735466834301939,0.6013437763266493,0.18809366193268073,0.8672692983694046,boot396
C2,0.9117577478116867,0.5150109428938877,0.5150109428938877,0.8163877168836443,0.264181539225198,0.8249712325985424,boot397
C2,0.9354808849393688,0.5428503084693551,0.543779846668789,0.603270291432554,0.2379617790550598,0.273522179508083,boot398
C2,0.913402938536401,0.5502595562671753,0.5540675808780207,0.6740203561196539,0.19706527361125478,0.6092839377352806,boot399
C2,0.906428299733739,0.47295042784944086,0.47295042784944086,0.40483789158714806,0.26189749858599864,0.21584958674670218,boot400
C2,0.9206945096198967,0.40706510659043565,0.40706510659043565,0.40328724017196294,0.021722731906218144,0.7867406816469441,boot401
C2,0.9086595492289442,0.5588738789873992,0.5588738789873992,0.5138960154387557,-0.18661028493586101,0.7139039618571914,boot402
C2,0.9115517486157776,0.30812245782414577,0.30812245782414577,0.2661491199162126,0.33483276376555776,0.6792049225101914,boot403
C2,0.9213525301317825,0.43225677093246107,0.4303691867799176,0.3992240482629498,0.1075922966949794,0.34731548406800367,boot404
C2,0.9302325581395349,0.36456521739130426,0.37110869565217386,0.31969565217391305,0.2738913043478261,0.5496521739130434,boot405
C2,0.9130948442890223,0.5056858368248852,0.5056858368248852,0.5494928961355157,0.27141330225064464,0.5809196995540113,boot406
C2,0.9123238437529555,0.4403470688458384,0.4403470688458384,0.47751922400814933,0.4298626148256993,0.7939591089796176,boot407
C2,0.9087113304232303,0.4813314082307216,0.48324525080817976,0.542574370709382,0.23540263702735095,0.4947283062729286,boot408
C2,0.9298343569700354,0.7247667699376892,0.7369241480140634,0.6939057332822779,0.1804903052877084,0.7163501235771226,boot409
C2,0.9167294649585531,0.5824106935434872,0.588102003252381,0.42969388302149786,0.2134241140835254,0.7199506781750924,boot410
C2,0.9111395161672111,0.4361475902389655,0.43710196133358026,0.39510963317052894,0.19850918767987924,0.5554439770658159,boot411
C2,0.9062202777249381,0.28018909940495745,0.288825064797576,0.4308387179206366,0.3751847187237616,0.7519831721194992,boot412
C2,0.9369077883059856,0.39445207095514895,0.40187705111430466,0.30256794148559657,0.0009281225198944681,0.4854080779048069,boot413
C2,0.9273388676429437,0.33007023344091385,0.3328833320213761,0.39945999842565133,0.3666405149869241,0.6704551616768561,boot414
C2,0.8927402272289621,0.5600733390854185,0.5600733390854185,0.5561771767265633,0.06136455715196758,0.9078058296132347,boot415
C2,0.9147359977351012,0.36598822996425034,0.36598822996425034,0.49812424026303154,0.37644503653465744,0.5019267153795433,boot416
C2,0.9230192920022475,0.5172062041219649,0.5153220285149632,0.3806034726143422,0.32407820440429136,,boot417
C2,0.8893717707277029,0.2659424853758374,0.26496475565019095,0.5172190248669779,0.4957089709027558,0.8483052069972008,boot418
C2,0.9059601388954953,0.22172009185998204,0.2198004373850038,0.23707732765980757,0.2745105899218825,0.49623068178186447,boot419
C2,0.9156058462989155,0.6144660368065196,0.6239631934804998,0.6600523888416245,0.17284825146643978,0.5289916267406976,boot420
C2,0.8908179012345679,0.3562920142354115,0.3562920142354115,0.5124748149961398,0.1278746681228463,,boot421
C2,0.9072076780538794,0.20128654118525738,0.20512057054116703,0.2894692163711796,0.3891539796248309,,boot422
C2,0.8921001926782274,0.5565762043384355,0.5624246408113437,0.5692478166964033,0.44448117194102726,0.646252230256362,boot423
C2,0.9463074949606011,0.5568554878254133,0.5651256188327215,0.5210182534604114,0.0781067928467989,0.9106333142491496,boot424
C2,0.9281886387995713,0.26325233457174413,0.2613786524751481,0.26606285771663823,-0.09181042273320615,0.7916306858118285,boot425
C2,0.8879756321616786,0.5053017627089755,0.5053017627089755,0.5738504514485652,0.18997779450686286,0.5934357910884478,boot426
C2,0.9329126844205252,0.5051966338294946,0.5135855078229733,0.5760360142188702,0.18175893652537164,0.42969676788818634,boot427
C2,0.9169335091354303,0.5851261119645601,0.5870227930406201,0.6287497767139437,0.34329927476688943,0.5452958093672966,boot428
C2,0.9025146729016558,0.44320609072644596,0.44320609072644596,0.5886933074649098,0.5588250709159537,0.7911985411790963,boot429
C2,0.9366128808544084,0.44563908193005874,0.4549232294702683,0.5078428704494627,0.21260697867079884,0.3212315048912507,boot430
C2,0.9114487197690377,0.6086821964446171,0.6086821964446171,0.639211710999833,0.020034993926860433,0.42645915644317217,boot431
C2,0.9038223238966733,0.48682134570765667,0.48393505314417246,0.5378125143292096,0.19626789431692085,0.49836651596159315,boot432
C2,0.9239766081871345,0.5430214639515685,0.5552559163456247,0.6484259768849752,0.21739680792515134,0.7538304898183817,boot433
C2,0.9040834802496783,0.5424662581748021,0.5424662581748021,0.5559317326685029,0.07021283128858254,0.3645296309366135,boot434
C2,0.924630634000374,0.4467118685802729,0.4551758829323202,0.4664612354017166,0.30940674686928377,0.6366819684817784,boot435
C2,0.9171374764595103,0.31477903758592984,0.31477903758592984,0.4968199267922507,0.40390322292652436,0.505937156585463,boot436
C2,0.9151966795585321,0.5957379473528541,0.5947878070859437,0.6574970647020336,0.32399783101646457,0.3715048443619872,boot437
C2,0.9121695123681598,0.6425197823156242,0.6491928364346292,0.6634922381182113,0.11344192002308497,0.7435688875462712,boot438
C2,0.9266380436811646,0.3781787128192552,0.3781787128192552,0.606212030970816,-0.017829765616788708,0.8089083137722035,boot439
C2,0.8984146750323292,0.30101331837546413,0.30101331837546413,0.25261889419934447,-0.14905482646244847,0.599122971300361,boot440
C2,0.9417015598398747,0.4718563131216567,0.4801668939789854,0.5134092174082997,0.40814185988213747,0.7193269430954414,boot441
C2,0.8869531552458381,0.6029434649763726,0.6098062361224451,0.7843167024082894,0.21764788491830037,0.8784347066972844,boot442
C2,0.9342477179000046,0.5193669537614884,0.5268130749623701,0.4858594083575214,0.6729432035296706,0.2205913405761161,boot443
C2,0.8986784140969163,0.3415643648763853,0.3415643648763853,0.4615473145780051,-0.028060528559249787,,boot444
C2,0.8851727982162765,0.5137783375314862,0.5186901763224181,0.5324433249370277,0.4597481108312341,0.7672292191435767,boot445
C2,0.9326650888672328,0.3225912160846634,0.3309823170810852,0.5444892202122642,0.20884518035538904,,boot446
C2,0.9221613009044471,0.5752082440332837,0.5742652796988028,0.5337178133161289,0.051863038396443614,0.5431474566609367,boot447
C2,0.9300334946036471,0.518915392243854,0.530135184508586,0.5488348382831393,0.06544878821093654,0.5507048036605947,boot448
C2,0.9398478912191748,0.48203914962577565,0.48203914962577565,0.5782619357314968,0.30717274026057106,0.6735595027400474,boot449
C2,0.9328136599851522,0.46423363726016015,0.46423363726016015,0.49965708749286314,0.23304901468883543,0.4539794806138514,boot450
C2,0.9035087719298246,0.6111439425918108,0.6101815111861545,0.7044997889404812,0.23387083157450397,0.3868974250738708,boot451
C2,0.9111395161672111,0.6107975005534747,0.6098431294588599,0.6270218091619264,0.32066868779057417,0.36456975814285514,boot452
C2,0.9039790326423637,0.644493594004263,0.6493032476908619,0.6127498796727096,0.23374916916871027,0.5713868579679585,boot453
C2,0.9309286975922654,0.36896301699360035,0.37830385286685597,0.28489549413429893,0.4567668742022039,0.5778563333603195,boot454
C2,0.9359733530717986,0.4310787903794248,0.4310787903794248,0.38462633451957295,0.34467722248010035,0.79619509343786,boot455
C2,0.8564041368337312,0.5168222298511681,0.5168222298511681,0.3137486621296875,0.5350988509461014,0.6701427734808859,boot456
C2,0.9158614188074476,0.6266374275548792,0.6294857794983104,0.4851692810311261,0.06930989729016088,0.8390948872589569,boot457
C2,0.8614425028463937,0.5965726578154436,0.5935443702123194,0.6107046666300225,0.23317814544055407,0.15343323855828667,boot458
C2,0.9170864918310655,0.4693502591552564,0.46745389447180097,0.46745389447180097,0.5101220998495515,0.6286448925655254,boot459
C2,0.8323687684028835,0.28937842740010816,0.30191467696256774,0.675912788909278,0.5589077929929888,0.28937842740010816,boot460
C2,0.9132489132489131,0.5893911963720125,0.5893911963720125,0.5360698603512813,0.09616883818024763,,boot461
C2,0.8904433402479619,0.27538797834802387,0.28222385015098905,0.41601162686616366,0.27538797834802387,0.7831955979968623,boot462
C2,0.9210995402945866,0.6192976520499172,0.6221298059464868,0.6891574481653042,0.21241154224273073,0.604192831268212,boot463
C2,0.8916730917501927,0.6650906971935563,0.6650906971935563,0.6358345081674467,0.21357017989059945,0.8767104644824151,boot464
C2,0.928987194412107,0.36973411790345434,0.36973411790345434,0.46988994224692165,0.15819004031818676,0.6233998038574697,boot465
C2,0.89518685752714,0.5896267159401625,0.5896267159401625,0.5944836081637224,0.4070075683343132,0.8810402493537519,boot466
C2,0.8998373672629867,0.6117047398053046,0.6155701726002828,0.626200112786473,0.08890495428449927,0.7653556934056891,boot467
C2,0.9125295508274232,0.3573439963955846,0.35448524442441987,0.5202928587519712,0.3411444018923181,0.6087077518626743,boot468
C2,0.8759652037923957,0.6144774555369044,0.6124920679584331,0.6561705946848044,0.19059720753325632,0.8120235195948107,boot469
C2,0.9206945096198967,0.6006807605371626,0.6035141603510171,0.7319616185790896,0.04250099720781811,0.822630412622435,boot470
C2,0.8532110091743119,0.40562879850397376,0.41072463768115935,0.6981299672744272,0.31492286115007007,0.7399975394654099,boot471
C2,0.925082955554517,0.3600147168004358,0.3628346754176715,0.5122924821311684,0.1550977239479684,0.6749100957250987,boot472
C2,0.9218581540336567,0.4518284481272025,0.4603179179249996,0.3839126897448255,0.3009045406108093,0.6329371371468746,boot473
C2,0.9118607181719259,0.45010687973435715,0.4539213448168517,0.5540510532323336,0.29466742762270415,0.24221853273840407,boot474
C2,0.9199849737039819,0.4414060752392281,0.44046088021730256,0.37240683863866353,0.15973795870541657,0.7315809469703695,boot475
C2,0.9059080962800875,0.3666750682629699,0.37243436252888046,0.4137093047679059,0.3225204788909893,0.9454841419869774,boot476
C2,0.9100559188702493,0.3411161623937042,0.3411161623937042,0.43666690816224873,0.23314381967524875,0.6115247729186855,boot477
C2,0.9138134592680046,0.362551398719245,0.37587349735984726,0.34066509380968435,0.07993259184361308,0.8875398917429398,boot478
C2,0.9271387256273906,0.6227668938724439,0.6283943055640624,0.52710089511493,0.24666821248260953,0.5614563852446778,boot479
C2,0.9153501532657392,0.5690385950764957,0.5680886141164347,0.6716365387630759,-0.10069798176645833,1.0098297605447661,boot480
C2,0.931524667843538,0.46394253202542957,0.46394253202542957,0.45180721428633375,0.27537836407948024,0.6291695504731177,boot481
C2,0.9155035835533759,0.5888894860357213,0.5907891295390625,0.650627899894305,0.5271510721771376,0.6202336038408485,boot482
C2,0.9144286590834001,0.6504417843726016,0.6542455374975875,0.5876798578103329,0.14168980390572752,0.5239669929668179,boot483
C2,0.8816493241272001,0.3688738622085384,0.37380533095464186,0.2958881247662072,0.10060196242051046,0.6105158307676075,boot484
C2,0.9414093063929673,0.6752133950625157,0.684450240412208,0.630876537383992,0.0332526432588927,0.58469231063553,boot485
C2,0.893326276283501,0.4516583375876426,0.4545785423565282,0.4545785423565282,0.4652859598424421,0.6249238205415226,boot486
C2,0.9442761406407786,0.3223080759833965,0.32875423750306443,0.305732232075679,0.10313858431468689,0.651062313486461,boot487
C2,0.9204918802215337,0.4619458361783824,0.46477985971321906,0.5696387305021771,0.4695032322712803,0.5724727540370137,boot488
C2,0.8915662650602408,0.24578143360752056,0.2535840188014101,0.374524089306698,0.2945475910693302,0.5500822561692127,boot489
C2,0.9317231769623779,0.5637054055225628,0.5637054055225628,0.5151744765702891,0.12506047076162816,0.8016936148077507,boot490
C2,0.8773916438891058,0.5064418258160638,0.5084239856039936,0.485629148042801,0.0545093941680695,0.5262634236953618,boot491
C2,0.8895862501810455,0.21309369086215604,0.2150486788517171,0.22775610078386405,0.21016120887781445,0.4741876829547108,boot492
C2,0.8989947343226423,0.3569204056118906,0.3569204056118906,0.35595314164004266,0.26696485623003197,0.37820021299254525,boot493
C2,0.9046575864368034,0.34891894861160705,0.34891894861160705,0.5248202367546486,0.16052194054583574,0.48252703086233256,boot494
C2,0.9155035835533759,0.44356675803013207,0.4530649755468373,0.5527962594722416,0.31534082155461207,0.7180652442629119,boot495
C2,0.9235233548628663,0.503741880326814,0.5065666011510765,0.5734183273252892,0.12711243709181286,0.6233217285539269,boot496
C2,0.9222118088097468,0.4139386709084482,0.4139386709084482,0.5176590668080594,0.15746641922940968,0.6421235418875928,boot497
C2,0.8927935300630626,0.33699792290849073,0.33699792290849073,0.5649098129679903,0.3837490798437727,0.8269110882927995,boot498
C2,0.9077266467208054,0.38509965379348626,0.38509965379348626,0.42437598664307064,0.21170901365263792,0.7668349368175774,boot499
C2,0.9057519387221086,0.4099404394871584,0.4099404394871584,0.47042345514919814,0.34657728022216433,,boot500
C2,0.897411313518696,0.5649098848011891,0.5687857673727239,0.5474684132292827,0.12499721293199556,0.7860924936852295,boot501
C2,0.9000478240076518,0.3671302499653467,0.3671302499653467,0.32268816707480474,0.3352478861525667,0.740057293351199,boot502
C2,0.9322686969035792,0.306871782214659,0.306871782214659,0.3600380180390832,0.16229693041140023,0.7601838981913285,boot503
C2,0.8911922094200453,0.3151616029051362,0.3190645329720729,0.41761351716222384,0.16587452784480852,0.8166881165064985,boot504
C2,0.9412143810707545,0.7307857814221129,0.7326335330818401,0.756654304658294,0.23004508163603807,0.6430175775850703,boot505
C2,0.9241779316151364,0.37730359084047405,0.38859447136437847,0.5325531980441603,0.4281125531980441,0.6018406904100537,boot506
C2,0.8950807071483473,0.5537513767804805,0.5537513767804805,0.4235712285548939,0.3001915358336289,0.49351877088505985,boot507
C2,0.9070518912754229,0.1696849374977222,0.16872626553445827,0.37388206567294724,0.4611212143299683,0.6691530303582491,boot508
C2,0.909952606635071,0.6240172101449275,0.6259284420289855,0.661286231884058,0.29337409420289856,0.4720742753623188,boot509
C2,0.9017810246860525,0.5120302133165123,0.5158873147350925,0.703921008890874,0.1996049984115218,0.502387459770062,boot510
C2,0.9007312526884288,0.37940187976689793,0.3803672789520554,0.460495411320128,0.3320973196941803,0.4527722178388679,boot511
C2,0.858220810166799,0.4468293664366336,0.45898798865259643,0.5977989256181719,0.49951672937247255,,boot512
C2,0.9023575450987877,0.7227444559928625,0.7227444559928625,0.8229650205572061,0.31608024208754515,0.3873910284121743,boot513
C2,0.9084523753025484,0.435523297279372,0.4422236556990547,0.5456006141741583,0.07657552479637311,0.617390168670758,boot514
C2,0.9309783871717406,0.5772328463826,0.5772328463826,0.4147109770127418,0.006538236124074758,0.6633081628313265,boot515
C2,0.9108301368565609,0.4859398890551605,0.4859398890551605,0.5976392348694115,0.46780067905113687,0.4343863448331985,boot516
C2,0.9155547173369795,0.3998526244139235,0.4027019305261367,0.3400171960574456,0.14626438042694587,-0.09402710170303663,boot517
C2,0.9166784419009938,0.40695129416075027,0.41833454714426777,0.2286136640856429,0.1403934534633824,0.36900711754902527,boot518
C2,0.9065322810687457,0.4057506772101677,0.4028730128327907,0.4968767158271085,0.25898979396393684,0.5880027544440493,boot519
C2,0.9282385834109972,0.5667583376986205,0.5667583376986205,0.6061035446132355,-0.028103719224724984,0.6772996333158723,boot520
C2,0.9261368942011392,0.6281351429548384,0.6281351429548384,0.6506691391146531,0.020656163146496927,0.6131124788482951,boot521
C2,0.910262484601535,0.4709582778879143,0.4709582778879143,0.6897198309027872,0.238822656129774,0.7021386090215354,boot522
C2,0.8921001926782273,0.1403624753497981,0.1403624753497981,0.176427833599399,0.14231195417410084,,boot523
C2,0.9086595492289442,0.47657395845158357,0.47657395845158357,0.6966783970938812,0.33494153706436597,0.6641412192076286,boot524
C2,0.8831156218132374,0.5789778090169696,0.5789778090169696,0.7020598262399649,0.30819737112638,0.6365185546290021,boot525
C2,0.8998373672629866,0.5682186208617996,0.5682186208617996,0.7112396342759941,0.12272749124055876,0.7817837827843467,boot526
C2,0.8948683451854699,0.2856869116987898,0.2856869116987898,0.5810910652920962,0.2516765650679815,0.5704020992081278,boot527
C2,0.9072076780538794,0.6891667767247622,0.6891667767247622,0.7543452757752265,0.31151488516766024,0.7459042460613637,boot528
C2,0.8910852900053035,0.7865347717873559,0.7855589221945677,0.7953174181224504,0.30153752417157936,0.9709703448243415,boot529
C2,0.8910852900053035,0.34837830462541697,0.34935415421820526,0.43913231675472725,0.2556725933105301,0.9416948570406928,boot530
C2,0.8941244350418309,0.4921015272101527,0.5018268538348594,0.6214483713187502,0.30051259270343317,0.30537525601578647,boot531
C2,0.9361702127659574,0.4421343873517786,0.4421343873517786,0.3966205533596838,0.21549407114624508,0.6214031620553361,boot532
C2,0.906480292873104,0.19569240031195984,0.20720371797736922,0.45373777131155396,0.1438914708176175,0.43455224186920494,boot533
C2,0.9300334946036471,0.4272870887485429,0.4272870887485429,0.4656213789863771,0.23935556831428223,0.7900603719748769,boot534
C2,0.8937521042758886,0.5273322944598091,0.5253864188344961,0.4193361972549405,0.11967135095674634,0.6009197482457671,boot535
C2,0.9236744817258645,0.5347263059117924,0.546964760096393,0.48200681096274234,-0.14309577200456414,0.7512528030239616,boot536
C2,0.8963531669865641,0.25125965924960436,0.25125965924960436,0.5432641281072527,0.27163206405362633,0.3958067219067127,boot537
C2,0.9286878755414784,0.528094309751534,0.5299669846088091,0.5046858740355973,0.061798270290073135,0.5589934448965707,boot538
C2,0.8691120070803421,0.36118824837411573,0.367191377155957,0.49025551718370286,0.21911420053720596,0.3201668683648672,boot539
C2,0.9227670835089691,0.5531566868073424,0.5531566868073424,0.556926067978091,0.27233778958657917,0.9140749339065113,boot540
C2,0.9239766081871346,0.3755035773252613,0.3858558062740781,0.4489102916895982,0.36421023665382496,0.7143037974683543,boot541
C2,0.9382328501523405,0.27340946236191094,0.2789703327828312,0.42633339893721706,0.06395000984058256,0.897812364930739,boot542
C2,0.9269385089110759,0.3667988725588886,0.3771180224262743,0.3011315552209801,0.019700195201372533,0.6651161141796728,boot543
C2,0.9036133091810468,0.5292760351202326,0.5427485160142022,0.6206964411864546,-0.06832472453370277,0.7814038918502343,boot544
C2,0.8915662650602408,0.5500822561692127,0.5500822561692127,0.6651703877790835,0.3003995299647474,0.6145872044583539,boot545
C2,0.911654757961482,0.2909186717759152,0.29187250348665594,0.4149167941722069,0.3777173574533194,0.779004365841139,boot546
C2,0.8972527209090473,0.30334141842192075,0.3072179860694853,0.5281823419806608,0.288804289743554,0.8421843214333838,boot547
C2,0.9220602708909406,0.5460361722158134,0.5460361722158134,0.4498432714109551,0.3583657088808447,0.49322438353863635,boot548
C2,0.9084523753025484,0.48912616463683317,0.4986981052363798,0.6068610340112569,0.19143881199093274,0.5446434201142037,boot549
C2,0.8836035336375108,0.4349776924326235,0.43891414213789615,0.7902422783334767,0.41726366875889676,0.9053834322127006,boot550
C2,0.9190713412914747,0.5005052157905502,0.5137511005184665,0.5970109473796544,0.24788727133671862,0.5970109473796544,boot551
C2,0.9191221391982705,0.6215760925141275,0.6196839278489399,0.6792871148023493,0.08514740993344212,0.8864791456403919,boot552
C2,0.9209476894205958,0.5901293494872533,0.5901293494872533,0.5825756938138165,0.2162233936521296,0.6760521827725974,boot553
C2,0.9138647525500566,0.5633028380394343,0.5613997879109225,0.5699635134892248,0.2093355141362762,0.6993709222280137,boot554
C2,0.9128893510422083,0.5286606696651673,0.5400911706309006,0.4972267920094006,0.2524235629932781,0.44769462115788944,boot555
C2,0.8768982860491235,0.4234292092176431,0.4214459342330171,0.6088654202801707,0.21022714837035206,0.6257232576494913,boot556
C2,0.9191729323308271,0.4635547257046323,0.4635547257046323,0.5600497910553925,-0.040679292255712624,0.5770783319996443,boot557
C2,0.933061186621515,0.6812545447471153,0.6812545447471153,0.5899235661079671,0.12022139024949095,0.356936375701977,boot558
C2,0.9126323751891072,0.24391934989819639,0.24391934989819639,0.27250364871439126,0.29346546784626754,0.5821668858898359,boot559
C2,0.908348758840002,0.2833617614852308,0.2833617614852308,0.33601344013958107,0.17039997819044284,0.4905660278949304,boot560
C2,0.9159636140830465,0.1879702538357249,0.19746370099914537,0.1642366359271738,0.039872478086365896,0.5183422151227567,boot561
C2,0.9381838326947047,0.4541614784577006,0.4541614784577006,0.37815894532804456,0.08805171521118683,0.5236759904665322,boot562
C2,0.9147872039256393,0.3545609565755599,0.3545609565755599,0.5057008817646056,0.4039903660713485,0.7154561401911529,boot563
C2,0.9121695123681598,0.5014323523709471,0.5138251671633849,0.4499545063100513,0.27931497955263784,0.901815599511247,boot564
C2,0.8907644080057873,0.34655139944916546,0.34655139944916546,0.5232438031119795,0.5388630211153221,0.7799846990419246,boot565
C2,0.9157080897605129,0.5298821717642003,0.5298821717642003,0.48809934818422746,0.15383675954444526,0.925869386147124,boot566
C2,0.9158614188074476,0.4851692810311261,0.49466378750923035,0.437696748640605,0.14621539976280515,0.3465494864508044,boot567
C2,0.9178507575044698,0.6385427606065739,0.6480166888054845,0.7152815790177496,0.15916199374169793,0.45095898226814407,boot568
C2,0.8744800587227793,0.5300043794554878,0.5359706576482325,0.52006058246758,0.23367922921583417,0.6006053380696333,boot569
C2,0.8982035928143711,0.1791014492753623,0.17716521739130436,0.3523942028985507,0.020330434782608698,0.7812695652173914,boot570
C2,0.9187156222086409,0.5802050878153185,0.5802050878153185,0.4514809574027846,0.13629613808385949,0.6455136539805013,boot571
C2,0.926988570095638,0.4465136430275048,0.4465136430275048,0.5496995689372224,0.1969913131003698,0.4999827137261767,boot572
C2,0.9146847867119667,0.4601252489727072,0.4601252489727072,0.5380803531375047,0.4201970248882987,0.6939905614670997,boot573
C2,0.9155035835533759,0.4359681840167679,0.43406854051342686,0.3932262051915946,-0.025645187295103993,0.21465971587753713,boot574
C2,0.9117577478116866,0.33094221700773907,0.3385720087543151,0.465417296541143,0.18788362175943685,0.7772850341824417,boot575
C2,0.9217570671792227,0.4707455564253271,0.4707455564253271,0.4481044875792192,0.366030613012078,0.5075372933002524,boot576
C2,0.9224642773483253,0.46378607547419776,0.46378607547419776,0.4666140393490404,0.013197164749265793,0.6466610727140238,boot577
C2,0.8472911341652883,0.16933761617948861,0.16933761617948861,0.4197520304085505,0.06465618072307747,0.3920422386700888,boot578
C2,0.9252336448598131,0.4417215634606938,0.44454106280193234,0.4539393939393939,0.36935441370223976,0.5479227053140096,boot579
C2,0.913402938536401,0.210393359749214,0.210393359749214,0.3351061657544043,0.20944135359650265,0.42745076256740766,boot580
C2,0.9116032557259134,0.39586252347248296,0.4054013794597717,0.350076014733497,0.4798044561606239,0.5255909648996099,boot581
C2,0.906428299733739,0.8231064241274244,0.8231064241274244,0.8231064241274244,0.23215822218978635,0.5517355661293463,boot582
C2,0.9054394898396231,0.37070635606195634,0.37166673522273863,0.35534028948944,0.15654180320751007,0.6261672128300403,boot583
C2,0.9304315476190476,0.6794416146584843,0.6785070319698208,0.6168245745180189,0.25420649131651685,0.4504688559358865,boot584
C2,0.9358256604821171,0.7322062433630412,0.7322062433630412,0.7034011754134799,0.11150348883701135,0.6169859715647961,boot585
C2,0.9280887356107563,0.45254293461886114,0.46003846976782775,0.5499848915554274,0.20519027470296186,0.6605440350026854,boot586
C2,0.9167294649585531,0.33578727282474663,0.33578727282474663,0.21816687217427044,0.0512217873800461,0.49609249629192803,boot587
C2,0.912940731638151,0.5876851810168637,0.5876851810168637,0.6381670523197709,0.27526907182151317,0.6172123132883754,boot588
C2,0.9100042652007013,0.4882920257400723,0.4978476426821481,0.4787364087979965,0.32393541433636897,0.6488263903669456,boot589
C2,0.8987838743656037,0.6985284280936455,0.7023983916841919,0.6704711920621832,0.08320421719675,0.31540203262954075,boot590
C2,0.9155035835533759,0.6430293258809409,0.6430293258809409,0.6154844950824959,0.31819028680962363,0.7104666702495478,boot591
C2,0.9293860261602197,0.5024354881559521,0.5024354881559521,0.4781090026958873,0.14221637653576297,0.639038060354777,boot592
C2,0.9296849550933035,0.3703919528873064,0.3703919528873064,0.25160463466334704,-0.07202065750586514,0.7333012400597179,boot593
C2,0.9178507575044696,0.46895944584607424,0.4774859812250938,0.4623276961068368,0.27663870340818925,0.8536009307218443,boot594
C2,0.9049183449983336,0.37764637254139427,0.3757245080500894,0.3728417113131322,0.07206991842393018,0.9724634326002315,boot595
C2,0.9368586484237773,0.6654987515123433,0.6654987515123433,0.7007692571712959,0.1772806994963146,0.5476210089153173,boot596
C2,0.9307298930729893,0.3354076358424184,0.3354076358424184,0.34194761759979153,0.22329366285888022,0.30177344394735695,boot597
C2,0.9223128104207665,0.26115821280581003,0.26115821280581003,0.35638196548951695,0.42049300690032954,0.4723475256884867,boot598
C2,0.9291866474230643,0.4342273557078561,0.4342273557078561,0.47353241807796376,0.3911789540644049,0.7861012474021533,boot599
C2,0.910520581687272,0.33234690323135174,0.33616698257883854,0.33234690323135174,0.12510759863019275,0.825137139057149,boot600
C2,0.8946559015763168,0.6502378505633303,0.6550976252312176,0.75034920872181,0.14093346536873377,0.8592081612824871,boot601
C2,0.9140698772426817,0.5013411785842615,0.5013411785842615,0.576494789795185,0.33391034854473584,0.9398957959037009,boot602
C2,0.9029857865114949,0.5084580971715704,0.5084580971715704,0.6827590736640975,0.08666899383606315,0.7222416153005263,boot603
C2,0.917596122170455,0.5325825168244681,0.5411114183394506,0.638719957899807,0.12035227693364313,0.7315902188407283,boot604
C2,0.9053873976775176,0.5455267488207116,0.549368486488463,0.6684623541887592,0.4168285369510366,0.6453757957314268,boot605
C2,0.8916730917501927,0.6299832703622248,0.6280328577604842,0.5110081016560462,0.07314047256527377,0.9040162409067839,boot606
C2,0.8858208593712154,0.4397787806304657,0.4368338334387438,0.4270173427996709,0.2316691790821203,0.7617596735920567,boot607
C2,0.9087631067039901,0.3033267656659297,0.3033267656659297,0.28897376413599607,0.1014278774781973,0.18371841958314986,boot608
C2,0.9143261741798442,0.8217027676146438,0.8302621714439632,0.7817588830778209,0.2158871854728289,0.7655911202891068,boot609
C2,0.8726595431820409,0.3965887489865492,0.3945958407001846,0.35473767497289327,-0.17836529162962894,0.5560214118957147,boot610
C2,0.912426707017212,0.4965258850674165,0.49938495926166265,0.5422710721753551,0.29924976566443146,0.8205542937486481,boot611
C2,0.9128379655889581,0.2848260149130074,0.29720975469183386,0.3867537192464248,0.3191194481466806,0.3105460898382623,boot612
C2,0.8903362763545134,0.14161722920917347,0.14552391139425408,0.4463384396454639,0.2285409078272178,0.5313087771709679,boot613
C2,0.8243712942138621,0.5453431245686681,0.5432334799861974,0.6961827122153209,0.23311572636300895,0.7890070738440305,boot614
C2,0.9191729323308271,0.5307228594291811,0.5345069796390147,0.5969449631012714,0.4578785453898817,0.5259927091668889,boot615
C2,0.9314750290360047,0.6908164371679495,0.6908164371679495,0.7402938306407892,0.33607286132494846,0.7337590805594708,boot616
C2,0.9180543795277072,0.4660138838143953,0.47264416264915293,0.5730455278611974,0.46317233574235633,0.8164714793658715,boot617
C2,0.9171374764595104,0.3527042228372466,0.3527042228372466,0.493027408267119,0.09196857423444334,0.3062458709043835,boot618
C2,0.9144286590834002,0.4773710171857397,0.49163509140443706,0.40890346093599217,0.32331901562380777,0.6086004999977559,boot619
C2,0.9156058462989155,0.2963112882281825,0.3039090135673667,0.33524963059150137,0.2972610038955805,0.17474768280123587,boot620
C2,0.9069480087444157,0.37488367218612456,0.3739248904158275,0.2943460034811771,0.22147858893860556,0.25887107798018827,boot621
C2,0.9272388059701492,0.6114460677106115,0.6151972705800016,0.657398302860642,0.20725395853381154,0.6611495057300323,boot622
C2,0.9079340961967618,0.4970672978540538,0.4970672978540538,0.5574049467265112,0.4625886413555067,0.49610955739576085,boot623
C2,0.911654757961482,0.30808764256924787,0.30808764256924787,0.42636277470109546,0.17550503477628984,0.1001523296277741,boot624
C2,0.9050226136634134,0.441977906365071,0.441977906365071,0.7513624408206208,0.34301328820071814,0.800364339135009,boot625
C2,0.8851187590887056,0.5501595314062575,0.5590013810181438,0.6542968712795848,0.11396161721986764,0.23872993952092958,boot626
C2,0.9014138326327856,0.28940044602539755,0.28940044602539755,0.39647861105479476,0.359821221224911,0.4848511609781173,boot627
C2,0.8744800587227795,0.16108951120410697,0.15810637210773462,0.30030266903481667,0.09347169168633365,,boot628
C2,0.9095391617674947,0.28681509953947126,0.28872720020306775,0.4158818943322333,0.049714617253508356,0.7524116111252132,boot629
C2,0.9222623119816316,0.6015453537330513,0.6128596864051462,0.5930596042289799,0.21120087654577346,0.6194597137972017,boot630
C2,0.878595806923452,0.38302224581383004,0.3869811320754717,0.5690899001109877,0.1247049172417121,0.6789489938715437,boot631
C2,0.8698899371069182,0.04298394860409831,0.04298394860409831,0.26390145189492914,0.18093243482190222,,boot632
C2,0.9347413274049371,0.3646672670007282,0.3646672670007282,0.4446708000672144,0.2651279874877743,0.4130414962967432,boot633
C2,0.8594664286422692,0.6687667947701663,0.673825545108821,0.6657315445669733,0.512957284339598,0.3389362726898724,boot634
C2,0.8789784081493396,0.35218751054770936,0.35218751054770936,0.20775105959274992,0.14146857867506302,0.39175914094632835,boot635
C2,0.9346919870310328,0.3386374800706683,0.3470103847976903,0.48562847416727706,0.3470103847976903,0.835429827207308,boot636
C2,0.933654782326487,0.6137637691234826,0.6212146191280167,0.5709213815974126,0.3632289377210292,0.8540536817697021,boot637
C2,0.8772820462755052,0.6046342619920843,0.6085990768248193,0.873250466909879,0.2993435198714909,0.5065050948818934,boot638
C2,0.9210995402945866,0.6712204734870291,0.669332370889316,0.7014301150504396,0.29926426173753623,0.5503819072333866,boot639
C2,0.9009938837920489,0.5018612458726088,0.5018612458726088,0.7238383353931859,0.18530261386065558,0.8464082935197652,boot640
C2,0.9175451807228915,0.44542291841358755,0.4539522934470393,0.4283641683466842,-0.04359458350430858,0.4984945852883981,boot641
C2,0.9010989010989011,0.2914316012725344,0.2914316012725344,0.29915164369034986,0.28081654294803815,0.6899787910922587,boot642
C2,0.9251331900177587,0.44082959227599766,0.44082959227599766,0.3477760109640067,0.10715260878350479,0.6382159768771908,boot643
C2,0.8957703202266072,0.6008916096137801,0.6008916096137801,0.7241763178867205,0.1562900632436488,0.6578232556810781,boot644
C2,0.9000478240076518,0.5265420690292473,0.5265420690292473,0.6743603012521368,0.29563646444577923,0.43765790324816334,boot645
C2,0.8910852900053035,0.6518675279825729,0.6616260239104558,0.6157610930494065,0.3639918981100294,0.7933657189368739,boot646
C2,0.9084523753025484,0.41733661014023343,0.4154222220203241,0.5570869428936144,0.26801433678730585,0.6068610340112569,boot647
C2,0.9149919803755071,0.3592333694979691,0.3592333694979691,0.4447651241403426,0.13780116025715747,0.7811900257336788,boot648
C2,0.9043445121951219,0.6471177559134464,0.6471177559134464,0.6153868704080324,0.057692519100753036,0.656733175763572,boot649
C2,0.9242785650811466,0.516501542266009,0.5249687806638125,0.42524352842301655,0.17122637648891376,0.22014819834288907,boot650
C2,0.9216559613671526,0.6198672517439521,0.6198672517439521,0.6925153162558003,0.13114390866424558,0.7266468108347859,boot651
C2,0.8870070166948948,0.23332005028582267,0.2372413956687777,0.3597834388861215,0.2999829217960578,0.4863525678002693,boot652
C2,0.9186139451784286,0.5357788390071522,0.5452448962334269,0.5764828850801336,0.003786422890509909,0.7645759561341501,boot653
C2,0.9080896315989365,0.5266670303493171,0.528582183186951,0.3485578164493663,0.28918807848271594,0.6555525642405353,boot654
C2,0.893273024732942,0.4215080145770682,0.4215080145770682,0.35823313940961,0.47796867241880026,0.5967307458100296,boot655
C2,0.8993108728943338,0.4370496233364799,0.4457519388453921,0.6787806096951524,0.04351157754456105,0.6584752068410239,boot656
C2,0.8805606930789447,0.4098179353834027,0.4098179353834027,0.6408960001538032,0.32587932211210335,0.5065942189197243,boot657
C2,0.9148384052842652,0.438186200865529,0.43723568849922634,0.6054763773347982,0.43913671323183173,0.7965293629616341,boot658
C2,0.9072076780538794,0.4715856107768887,0.4782951621497306,0.41407517043824366,0.2444193714392411,0.6910837914027169,boot659
C2,0.9183087993227671,0.7461731737838958,0.7452262535125965,0.7367039710709021,-0.10510815011422898,0.815298353588749,boot660
C2,0.9073634204275534,0.46000455269747326,0.4580878670612337,0.5520054632369679,0.26833598907352607,0.6190894605053494,boot661
C2,0.9284383153186732,0.5422850959104951,0.5422850959104951,0.4289578133454348,0.25662541671757455,0.7745591957132633,boot662
C2,0.8994688741088089,0.5355817686432877,0.5404155391184077,0.6022878011999426,0.3954024248648098,0.6854286533720053,boot663
C2,0.8868992885834583,0.4559117718233538,0.45689222724662987,0.5765077888863055,0.33237438849057405,0.5892537093888938,boot664
C2,0.9029334605294539,0.4603353315418359,0.4603353315418359,0.5816789545005626,0.12904797997197912,0.7232465146190771,boot665
C2,0.9210995402945866,0.22562826042672285,0.22562826042672285,0.4399279052671668,0.32286554420895075,,boot666
C2,0.9115002366303833,0.7107250891688112,0.7174030430267732,0.7135870693936522,0.20033861573885955,0.47604271073186144,boot667
C2,0.9369569236457754,0.4371227823341683,0.4454754469647576,0.47517381009574144,0.3981436807247521,0.8629313062292954,boot668
C2,0.9278888733510465,0.5547890738645547,0.5547890738645547,0.5088690322777926,0.22772592052210602,0.5469422657841488,boot669
C2,0.9043967036631259,0.6278506817380312,0.6268891952422607,0.5941986543860692,0.24037162394258468,0.6547723036196006,boot670
C2,0.912786575277712,0.6106480084659897,0.6106480084659897,0.618269200459325,0.5620629095084773,0.3953493346542679,boot671
C2,0.9285381533587999,0.49727534486820407,0.4954023680513747,0.4560698548979574,0.0,0.8163271296464847,boot672
C2,0.9244294799850356,0.6960815019442927,0.6960815019442927,0.638701810567804,0.3273464360494783,0.7671510728830325,boot673
C2,0.8828986351935499,0.5180564179347228,0.5180564179347228,0.6756401192076423,0.19304003405932638,0.9267891431113576,boot674
C2,0.8788691201559834,0.4600774072198509,0.4600774072198509,0.6579601630133353,0.28495116834261736,0.2453746171839205,boot675
C2,0.8867376573088093,0.5903417505221188,0.5903417505221188,0.8051006265426238,0.22456521739130433,0.6207414087715967,boot676
C2,0.9232209737827716,0.6348284681188817,0.6442472881206455,0.5924437781109444,0.15635241202927946,0.49072052209189515,boot677
C2,0.9159125188536953,0.442419317307176,0.442419317307176,0.5212193244670377,0.185132546941844,0.4015952172123078,boot678
C2,0.9198328089043347,0.4263534734215655,0.4263534734215655,0.5246700171817491,0.27982400916359956,0.7628985655237326,boot679
C2,0.9128893510422083,0.5677148812980897,0.5658097978038008,0.6839249744497119,0.26956931444187815,0.7448876462669566,boot680
C2,0.9219086903534263,0.4584062392232804,0.4584062392232804,0.4989648159446818,-0.029239904147987023,0.6451643366846169,boot681
C2,0.917596122170455,0.4899380092495551,0.4899380092495551,0.5884942045337984,0.2075366035312429,0.6879980555419285,boot682
C2,0.9042401143401619,0.45582352132679715,0.46544005131259447,0.7212397489348056,0.3356168965043294,0.4529385623310578,boot683
C2,0.9211501477555233,0.632479620257088,0.6400316157228443,0.6013276389608433,0.29830382089737284,0.40025575968508253,boot684
C2,0.9121695123681598,0.3241197714945285,0.3231664780489564,0.32030659771223996,0.6758850529106492,0.5204982212823899,boot685
C2,0.9171884562873688,0.2616692331382815,0.2616692331382815,0.38112692652749697,0.1706538476988792,0.5072211584383355,boot686
C2,0.9314750290360047,0.252988181719614,0.2501875745419061,0.4219581481079908,0.26232353897864036,0.845783367667787,boot687
C2,0.922817534657175,0.556895620399301,0.5653762643647724,0.7387583187699694,0.19599710497978778,0.8254493459725679,boot688
C2,0.9190713412914747,0.4427910037617721,0.4427910037617721,0.45319848461942064,0.46644436934733696,0.6698633133831938,boot689
C2,0.9049183449983336,0.30845925085442116,0.30653738636311645,0.3545839986457366,0.12780398867176954,0.5583016347240458,boot690
C2,0.9149407935085154,0.42388107482816284,0.4314843228071434,0.42578188682290796,-0.03516502190278481,0.8389156854838516,boot691
C2,0.8917264973738737,0.31692306607962634,0.31984850976651513,0.29546981237577463,0.15797395909199835,,boot692
C2,0.9074153246876634,0.38714835232368106,0.3890649283252834,0.42835473635813226,0.15907580813299765,0.5663482084735036,boot693
C2,0.8849566102680952,0.1916085098679979,0.1886606866392595,0.372408334563955,0.42153872170959544,0.780190547872771,boot694
C2,0.8892644999275607,0.3148669490604974,0.3148669490604974,0.4048289345063538,0.1593891698660282,0.8575724047393051,boot695
C2,0.9207451550842287,0.3796546910521908,0.3824879350152668,0.5978144762090466,0.411764789300386,0.39854298413936434,boot696
C2,0.9082451227037547,0.5562566521693684,0.567745601955999,0.3599870933144277,0.4021132425320736,0.4701917554814632,boot697
C2,0.9115002366303833,0.4159411260102036,0.42548106009300646,0.4044932051108402,0.22895841798726804,0.8290202717955663,boot698
C2,0.9045010716837341,0.4691512695469011,0.47299677175630195,0.6095121001900314,0.1057513107585228,0.6354692401034872,boot699
C2,0.9248317127898278,0.5199535856818862,0.5208938272473145,0.4578976423636141,-0.010342657219712021,0.7371493872958387,boot700
C2,0.9404339613949416,0.6509483261700197,0.6490990411524912,0.5464637226796615,-0.026814632754162748,0.4919098146625717,boot701
C2,0.910262484601535,0.527320424734541,0.527320424734541,0.6648822746652908,0.15284649992305535,0.24073323737881214,boot702
C2,0.9338525008111991,0.552177322933887,0.5493838457520966,0.568938186024629,0.36687666987512896,0.6797461142356451,boot703
C2,0.8766240109407052,0.47514297342080014,0.47911076443057726,0.688411740196316,0.3362702880786039,0.6943634267109815,boot704
C2,0.9330116904806087,0.2507075161703157,0.25816350178132885,0.10438379855418352,-0.1360717374009892,0.7588115128793504,boot705
C2,0.9233217863495926,0.2505132568576795,0.2505132568576795,0.31455423981377795,0.0047088958055954795,0.797686949467874,boot706
C2,0.8999426057011669,0.5865108325939071,0.5874770777876368,0.44640527950310566,0.2657174282756581,0.48505508725229224,boot707
C2,0.9084005695301376,0.593494162009904,0.593494162009904,0.6681595565853435,0.24218390804597703,0.7294234700831402,boot708
C2,0.9164743015970227,0.600600345966628,0.600600345966628,0.6062932402411932,0.1413735411517023,0.7021236271963739,boot709
C2,0.8856049227191239,0.33875150454097824,0.33875150454097824,0.7049958848128183,0.2543091005104735,0.5724409482533052,boot710
C2,0.9239262655562832,0.44140544777236657,0.45081707778883495,0.5712859419996301,0.4517582407904818,0.4517582407904818,boot711
C2,0.9158614188074476,0.3038242072993354,0.30192530600371453,0.25255387231757254,0.5307429121260264,0.7103435238560875,boot712
C2,0.9431604098699627,0.4453113124817305,0.4563749475744442,0.5236787277217866,0.16411058720858804,0.6988529500230884,boot713
C2,0.8890498961503163,0.6083680652339266,0.6142365674709098,0.7462778678030321,0.2836442747875221,0.7276942773859185,boot714
C2,0.8971469671541595,0.39351799781562985,0.39351799781562985,0.4284112192968187,0.1667120581879023,0.5747688982873609,boot715
C2,0.9104173575252261,0.6045960987661024,0.6026858425298747,0.6036409706479885,0.13371793653594682,0.47947431529318074,boot716
C2,0.9146847867119667,0.45442121696064874,0.45442121696064874,0.7111026575032748,0.34509393672953037,0.8223312817384127,boot717
C2,0.9161168708765315,0.3227232062980855,0.3227232062980855,0.47269457863660763,0.24394077652531757,0.6274118804795135,boot718
C2,0.9161679468451062,0.44229597062388465,0.4527364334497703,0.5723271894553701,0.3730092627793706,0.5182266093575988,boot719
C2,0.9266881329040085,0.36126782766336646,0.3706514076026747,0.4128775173295616,0.29745948407607053,0.6146244860246883,boot720
C2,0.9095908595268573,0.38239839738214904,0.38239839738214904,0.3651904694999524,0.31643467383372836,0.3881343733428813,boot721
C2,0.9046054198218795,0.48159359248458306,0.48159359248458306,0.4181501252111649,0.2364711052918312,,boot722
C2,0.926237161531279,0.5379409186535764,0.5379409186535764,0.5266751402524544,0.2497247545582048,0.8109026696165538,boot723
C2,0.8975698605186214,0.5987180808826602,0.610343674686207,0.5783732917264534,0.36717500429535316,,boot724
C2,0.9122724048238353,0.5137672143710416,0.5137672143710416,0.6090858070187302,0.31645772759032614,0.5747711136655623,boot725
C2,0.8980980213673166,0.4095611817477583,0.4095611817477583,0.3582450053112779,0.23431159806845747,0.3931012760983212,boot726
C2,0.9283384586711397,0.47209168754309844,0.4833319658179342,0.47209168754309844,0.006556828993654147,0.6609784001532478,boot727
C2,0.8976755331895518,0.508559855149841,0.5182467095336475,0.4853114046287053,0.13367859049652964,0.26057638292439467,boot728
C2,0.9123752778171844,0.4193545188637152,0.41840144041175226,0.6099702092563131,0.014296176779444838,0.6919349561251301,boot729
C2,0.9078822412155744,0.3476796434418774,0.3476796434418774,0.3735401127887939,0.21741950154629802,0.6139466981990177,boot730
C2,0.9018858916209118,0.31046056114346215,0.3133530508435565,0.4589416990816397,0.2593599097751283,0.6556309986880567,boot731
C2,0.9096425523845644,0.4770148915535977,0.4770148915535977,0.4703232998885172,0.36994942491230925,0.6079788998558882,boot732
C2,0.9419449811390193,0.38772688279810086,0.39788163449043207,0.4126521824065502,-0.018463184895147658,0.9120813338202942,boot733
C2,0.9228679810799418,0.49656167399909096,0.49656167399909096,0.48148579774864414,0.17431481914579092,0.5040996121243144,boot734
C2,0.9008363201911588,0.4005939338023296,0.4005939338023296,0.6052346903471342,0.5637273670856879,0.6177834159843156,boot735
C2,0.9195283506365387,0.5806379358599029,0.5806379358599029,0.6033338812355343,0.10118608979968992,0.7922102732467395,boot736
C2,0.859353302916088,0.7062945120237664,0.7143895780641535,0.7093301617889115,0.4786207796378819,0.6405221004456221,boot737
C2,0.8915128439924815,0.33943279414460786,0.33943279414460786,0.5071984280321727,0.2594515035703037,0.5988842977149116,boot738
C2,0.8987838743656037,0.40344370431447385,0.40344370431447385,0.6346740288496279,0.4605256672750349,0.8513919899202327,boot739
C2,0.8913525498891353,0.6350876054510058,0.6350876054510058,0.6497209604153147,0.368760545100584,0.5716764006056673,boot740
C2,0.9318224038640163,0.410602593440122,0.4190012828513972,0.4348654739615838,0.410602593440122,0.4298263922224174,boot741
C2,0.9061162370398553,0.14586860674218843,0.1554652256068061,0.32628504139700043,0.3627521930825475,0.4750326337985741,boot742
C2,0.8846862573950149,0.21230813227457745,0.217222672373526,0.40987264425230924,0.17102599544340963,0.28166438571498387,boot743
C2,0.92783889614022,0.4217373829162589,0.41986299454774223,0.48265500489305185,0.21180588564238778,0.602615860478121,boot744
C2,0.9205932044302609,0.40522076033761256,0.4042761898006951,0.35043566919639685,0.2172512234910277,0.7424324420171643,boot745
C2,0.9177998400225849,0.5315168576892729,0.5315168576892729,0.5447810929970266,0.21412265568230957,0.8707023034161172,boot746
C2,0.9119636690477316,0.5978499032463227,0.5978499032463227,0.6750841012733595,0.49010342945551805,0.38816239967485794,boot747
C2,0.9138134592680046,0.21505673519829233,0.21600831367262108,0.20458937198067634,0.08373890574092799,0.41108190091001007,boot748
C2,0.8913525498891353,0.3414449491672074,0.3502249621457927,0.6146009085009734,0.15023577763357127,0.7024010382868267,boot749
C2,0.9133002598629812,0.35132976450212555,0.3484734249533278,0.2742085966845858,0.025707055939179914,0.30943678445309164,boot750
C2,0.8919934483090857,0.5322714080419284,0.5322714080419284,0.5527433852743102,0.08773704528163655,0.8422756347037108,boot751
C2,0.9028287935887038,0.6125673906151647,0.6116042343406126,0.6173831719879255,0.4507571364904042,,boot752
C2,0.9148384052842652,0.2062611834876785,0.2062611834876785,0.2262219431800345,0.057981254344462614,0.7585088683095272,boot753
C2,0.8910852900053033,0.36106434933166465,0.3591126501460882,0.48206969883741174,0.12295704869132364,0.510369337028272,boot754
C2,0.9294856876890853,0.48367094119440024,0.49302627854825715,0.5267054930221419,0.15155646513248133,0.6558091485053666,boot755
C2,0.8887278349519253,0.5175937805806241,0.5166153424320785,0.6653379410110102,0.13208915005365643,0.5665156880079043,boot756
C2,0.9143261741798442,0.26914569818859285,0.2681946533186685,0.30053017889609657,0.05896478193531009,0.7408639536710736,boot757
C2,0.9145823501651721,0.443062772019563,0.4421119935388343,0.43735810113519097,0.1625831202046036,0.5191250504778571,boot758
C2,0.9281886387995713,0.4009679686715534,0.4000311276232554,0.44874686213475246,0.2829259965860026,0.5902098604277537,boot759
C2,0.8944433762737933,0.32957101200044864,0.3285988261243411,0.42192867023066283,0.04958147968148342,0.8720507308684438,boot760
C2,0.9061682598563751,0.3848023238302125,0.39247917817096484,0.4740457555414588,0.2658110815485508,0.5767236823490217,boot761
C2,0.9205425447036185,0.5365455907714543,0.5365455907714543,0.7377501873107496,0.01889245037927656,0.8841666777501428,boot762
C2,0.8709439890039762,0.2605868168384526,0.25759156607019457,0.4722512044620233,0.3554364244999583,0.6459757490209916,boot763
C2,0.9000478240076518,0.5806454742872984,0.5796793420505474,0.5883745321813056,0.3767915723328558,0.5589106535983481,boot764
C2,0.8852808607570396,0.23966847409537317,0.23966847409537317,0.15323066376589434,-0.01768046120375704,0.5834552197239823,boot765
C2,0.9242282507015903,0.6294323182538286,0.6275506072874493,0.6595396937158949,0.15900457665903886,0.7423349762365778,boot766
C2,0.9009938837920489,0.662070797439634,0.6630359152201583,0.6389079707070521,0.006755824463669735,0.6186404973160428,boot767
C2,0.90136135657989,0.1871565171309417,0.1871565171309417,0.2517930462431741,0.0472714914402894,0.7110018202345568,boot768
C2,0.9147872039256393,0.4762333491805778,0.4847884392856182,0.5142559718696459,0.45437034113436364,0.8105620441350124,boot769
C2,0.9071557540625297,0.3901348163127738,0.3882176919082884,0.35754370143652237,0.1457014547408885,,boot770
C2,0.9042923157543709,0.6211919759222696,0.6211919759222696,0.7740859761879676,0.20289706953498277,0.807436638240596,boot771
C2,0.9322191272051995,0.4757231941798026,0.4757231941798026,0.42255413130088343,0.2677108955482418,0.6240368958946823,boot772
C2,0.909177140147024,0.5126470254700505,0.5155163185230546,0.5384706629470866,-0.021041482388696103,0.6714145744029393,boot773
C2,0.9266881329040084,0.5048366007347822,0.5029598847469205,0.4870077988500966,0.0,0.6568505957515753,boot774
C2,0.9008888464111631,0.2644731039954243,0.2644731039954243,0.4507625531600845,0.1090710246404487,0.763497172483141,boot775
C2,0.9166784419009938,0.46671337232421706,0.46481616349363086,0.44299826194188896,0.19161809188921108,0.9438613932166586,boot776
C2,0.9079340961967618,0.5392078780189447,0.5392078780189447,0.6436015879728789,0.23751963365665768,0.7077701986785081,boot777
C2,0.9128379655889581,0.2552955585173445,0.26863189366377294,0.393421886819639,0.0,0.7103014710953911,boot778
C2,0.9020431544777544,0.2255748628649265,0.22461086772447814,0.35378621654456427,0.4357258034826786,0.7104644185104738,boot779
C2,0.9359241267638213,0.7144763480839906,0.7144763480839906,0.7674349330525049,0.22762900556642096,0.7767259128715427,boot780
C2,0.8915662650602408,0.39793184488836664,0.39793184488836664,0.46522914218566397,0.07022326674500587,0.47985898942420685,boot781
C2,0.9239766081871346,0.46585030269675276,0.47808475509080894,0.5816070445789762,0.3011557512383049,0.4075013758943312,boot782
C2,0.9229184227779339,0.4437718516426786,0.4531937593208672,0.5200893038360056,0.12625356288772602,0.6793195435973913,boot783
C2,0.9080377913877414,0.37347612401056607,0.37347612401056607,0.5477649818821636,0.3524082400920214,0.9892329130843969,boot784
C2,0.8949214433286886,0.397411612565885,0.397411612565885,0.5927165859784593,0.3993549456346669,0.40518494484101236,boot785
C2,0.8733774185647808,0.12246311785217878,0.12246311785217878,0.30167743666024527,0.11250676680728619,0.4092060279450852,boot786
C2,0.930829304574191,0.4306585141308691,0.4306585141308691,0.46709166391634394,0.19898104882836246,0.7165186124476717,boot787
C2,0.9275389349995338,0.37031142080276974,0.37781139894561055,0.36562393446349406,0.3421865027671163,0.9234348088372863,boot788
C2,0.8924736360572061,0.30301711073890053,0.3147090892883115,0.45891015806437985,0.4248085539619313,0.6810577505031881,boot789
C2,0.9208464317552667,0.3248429102477193,0.3248429102477193,0.3956662191680069,0.3059566945356426,0.5694194037191126,boot790
C2,0.9190205386097664,0.3122416852328668,0.31508024600771106,0.361443405330167,0.1371971041174718,0.5658197811189526,boot791
C2,0.9296351451973194,0.47985164806463404,0.47985164806463404,0.4835931813828768,0.4321470982570389,0.5509407811112466,boot792
C2,0.8524099391278314,0.4427345189498438,0.4396741420907435,0.38968798672543853,0.41417100159824094,0.13669683303981353,boot793
C2,0.9443245972368842,0.4171373324711223,0.41529566654409744,0.3407081964995921,0.18232492677545742,0.785180811432533,boot794
C2,0.9069480087444157,0.49473139347324885,0.49185504816235776,0.7047046011682904,0.22051980716830857,0.5225360648118617,boot795
C2,0.9217065166432254,0.7538002565350082,0.7538002565350082,0.7566305453580432,0.21981909858905746,0.7789705009624152,boot796
C2,0.8991001340225924,0.6828083104955188,0.6847426116583956,0.7185928820087399,-0.034817420931782826,0.929431708762314,boot797
C2,0.9175451807228915,0.20470500080284024,0.21512979251039235,0.34591354302331806,0.167744375657883,0.8261074238343777,boot798
C2,0.9085559720969961,0.4842849681395592,0.4842849681395592,0.4661003547113939,0.29191089976791607,0.45940076029049093,boot799
C2,0.8979924296871256,0.33311019658242585,0.338920258150724,0.5432407566358748,0.5267789155256968,0.46383658186913374,boot800
C2,0.9146335708555517,0.41641765331347336,0.41641765331347336,0.15782038915533464,0.26049871462988966,,boot801
C2,0.9100042652007013,0.38795804784827664,0.38795804784827664,0.5513590975577726,0.5618702761940558,0.8036273848285731,boot802
C2,0.9131975617823559,0.239959504879662,0.24662504668187485,0.3247071077935109,0.3437515129426904,0.6951207879450527,boot803
C2,0.8988893144389123,0.06674904132935662,0.06384690909764545,0.20024712398806988,0.2650614104962857,0.7768040606880199,boot804
C2,0.9159125188536953,0.2848193029874523,0.2848193029874523,0.33893497055506827,0.14715663987685035,0.7196434388816296,boot805
C2,0.9123238437529555,0.41270623552001734,0.41270623552001734,0.48323801711004344,0.17728258615871412,0.5042069251503214,boot806
C2,0.9097459233978004,0.5171056780905087,0.5171056780905087,0.5037240154412165,0.38424488464396406,0.34696739583522124,boot807
C2,0.911654757961482,0.7401734075347876,0.7439887343777503,0.7163276147662699,0.2508577399248056,0.7153737830555292,boot808
C2,0.9275889401781133,0.4462246427806505,0.4462246427806505,0.4293506016670965,0.28310891201629507,0.7593318501099305,boot809
C2,0.9093323216995447,0.30026808873410604,0.30026808873410604,0.37485697701837445,0.1405713663818904,0.16925940033737824,boot810
C2,0.912426707017212,0.43839137645107795,0.43839137645107795,0.4193308818227702,-0.1315174129353234,0.4717472420506164,boot811
C2,0.9188681019084327,0.2924202631649185,0.2952592948461313,0.5223818293431554,0.3217569238707841,0.8062849974644353,boot812
C2,0.8864142538975501,0.48068603889010264,0.4855909984706138,0.587614157745248,0.29233559099847056,0.8004894035394362,boot813
C2,0.9014138326327856,0.7032430838417162,0.7032430838417162,0.7534058278194518,0.0028940044602539764,0.34920987153731314,boot814
C2,0.9241779316151364,0.5598394926435962,0.5692485597468498,0.38388993781275166,0.2578084386291518,0.5105779888198846,boot815
C2,0.9118092354277062,0.4425029328424207,0.4405955926146516,0.6341906257332106,0.11444041366614327,0.7076232245023192,boot816
C2,0.9128379655889581,0.41056860343647567,0.41056860343647567,0.5867987464428515,0.39532707755484314,0.7068257627607074,boot817
C2,0.897411313518696,0.34592251950947606,0.34786046079524335,0.46026105536975104,0.574599591230026,0.8170198842792301,boot818
C2,0.9210995402945866,0.7052063202458662,0.7052063202458662,0.6627240117973199,-0.08402056559823572,0.5890880104865066,boot819
C2,0.9088148780719234,0.6716822065058511,0.6716822065058511,0.5807850418077659,0.16839895775645272,0.697516137525307,boot820
C2,0.9042401143401619,0.3173454895313144,0.3173454895313144,0.4135107893892885,0.1875223347230494,0.5308324552160169,boot821
C2,0.8974641675854464,0.5106174554000641,0.5096485418224549,0.5765035786774918,-0.04263219741480611,0.6588612327742762,boot822
C2,0.9054394898396229,0.6261672128300404,0.6261672128300404,0.5810293922732738,-0.06818692041554122,0.48018958039113535,boot823
C2,0.9318720104026378,0.32099948431047104,0.3303308646683336,0.3461942112766999,0.38351973270815004,0.8099638150624676,boot824
C2,0.9019383175785353,0.7934602178055583,0.796352539377146,0.721152178515866,0.22752929696489885,0.8059936112824385,boot825
C2,0.9216054013503374,0.4321381677903417,0.4321381677903417,0.30947886252234075,0.1500217656739396,0.32834952487126406,boot826
C2,0.9152990001886436,0.3895139610738736,0.3895139610738736,0.5073181834474353,0.20520735510233337,0.5386693071436252,boot827
C2,0.909177140147024,0.37492095892585786,0.38448526910253794,0.4791719398516703,0.11285886008482454,0.7576580921809356,boot828
C2,0.9152478422864688,0.7572194614843458,0.7572194614843458,0.8265758237031128,0.22137030680784517,0.7182658881833947,boot829
C2,0.9263374101391092,0.5247407167208575,0.5322504228635531,0.6129797638975312,0.21214919853115166,0.5547795412916401,boot830
C2,0.9076747720364742,0.45888874733834417,0.45888874733834417,0.5499000855369719,0.30464847944382767,0.6035488743698473,boot831
C2,0.8851187590887056,0.5619486642221059,0.5747202247726082,0.6876994142578218,0.3811819610457641,0.21318681841992476,boot832
C2,0.910365738108774,0.6160925677877129,0.6160925677877129,0.6905967852876227,0.14518770589725952,0.6600309524671468,boot833
C2,0.9096942403413132,0.45595826630717984,0.45595826630717984,0.4932378729863833,0.21411876656773227,0.9648710386067859,boot834
C2,0.9003633581946834,0.4616493664807358,0.4606835728270105,0.4713073030179897,0.16804809574821766,0.750421668944627,boot835
C2,0.9217065166432254,0.4698279446238224,0.48303595913131936,0.4990742624618515,0.13868415232871864,0.5830394975452253,boot836
C2,0.8998373672629866,0.5817476356442234,0.5817476356442234,0.5440596658931857,0.1913389233514223,0.5092707707383816,boot837
C2,0.9119121960450374,0.4567564080586807,0.454849283181609,0.6083728357858839,-0.10107761848480198,0.6446082084502466,boot838
C2,0.8998373672629866,0.5015399051484252,0.499607188750936,0.46191921899989824,0.17297811757527576,0.5788485610479898,boot839
C2,0.9381348107109879,0.6330785689832249,0.6330785689832249,0.5329724409448818,0.2511922286888052,0.2243118794933242,boot840
C2,0.9278888733510465,0.05435433493943272,0.05248004752772815,0.16962301075926417,0.17618301670023018,0.5904005346869415,boot841
C2,0.9095391617674947,0.5745862494107408,0.5745862494107408,0.6654110309315735,0.2571775392537259,0.8461045436414403,boot842
C2,0.9136082376836238,0.4054634878817441,0.4054634878817441,0.5434733605175491,0.31599501872473956,0.484462242562929,boot843
C2,0.9265378512088115,0.5039799735433513,0.502102953157715,0.5903229112826219,0.23556605839735786,0.7537875695114076,boot844
C2,0.9321199739994427,0.6464926323449154,0.6558215303585506,0.5056262723390248,0.13620191099907308,0.06530228609544601,boot845
C2,0.9217570671792227,0.5009336482201376,0.5103674269060159,0.7264009588126291,0.10754507701901261,0.8480967038604592,boot846
C2,0.9005736137667304,0.640171697590695,0.640171697590695,0.7154860149543063,0.49243976737745776,0.4287122680697868,boot847
C2,0.8826272833268557,0.5930909578235981,0.5930909578235981,0.7034334616047326,0.08768288246893727,0.9063848524878908,boot848
C2,0.9085041761579346,0.38094151419902256,0.38094151419902256,0.38859863006231943,0.3235131452242955,0.7620487091716461,boot849
C2,0.9029857865114949,0.5652744375752119,0.5652744375752119,0.629794688542059,0.26193295914899084,0.7415013917085403,boot850
C2,0.9190713412914747,0.26964836767543815,0.2781635792862415,0.2299107134916894,0.2989785410015385,0.514697235141889,boot851
C2,0.9224642773483249,0.4675566939739882,0.4675566939739882,0.6212093978404398,0.27336984123479147,0.8502744717026962,boot852
C2,0.8807785888077858,0.11748498678837375,0.11748498678837375,0.24582993033869804,-0.1550012010569301,0.3524549603651213,boot853
C2,0.8764593815641639,0.3869322890667028,0.3879244231412328,0.4573738083583333,0.4434839313149133,0.7510454944192155,boot854
C2,0.9204412109833372,0.31742810899496704,0.31931756202469896,0.3977298627585748,0.2607445181030087,0.676424184644037,boot855
C2,0.9171884562873688,0.2901115410880947,0.292955771883076,0.6001326977410586,0.26830577165990455,,boot856
C2,0.8915128439924815,0.6973978385442374,0.700323983321346,0.7725022211566936,0.02048301343976082,0.8095667216667372,boot857
C2,0.926437640029873,0.3782605190754078,0.3782605190754078,0.543456180011566,0.5087275467465783,0.7950041182552615,boot858
C2,0.9138647525500566,0.47481100706364465,0.47861710732066787,0.5347570861117602,0.09991013174685912,0.7164983733846182,boot859
C2,0.9189189189189189,0.48450127877237853,0.48260869565217396,0.6302301790281329,0.33877237851662406,0.6784910485933503,boot860
C2,0.9152478422864688,0.5871538609753146,0.5852536866679512,0.5386994161375459,0.1881172564289843,0.7059147551855319,boot861
C2,0.9349386432044455,0.48364020070202635,0.49201089648340757,0.49387105110149226,0.14230182828348084,0.771034089196115,boot862
C2,0.8999426057011669,0.6135656980183377,0.6135656980183377,0.48505508725229224,0.49085255841467024,0.47152765454007683,boot863
C2,0.8975170165851787,0.45439371000250783,0.4592379926251359,0.6549470105793076,0.2286501397880423,,boot864
C2,0.9457279061239456,0.5296127585683699,0.5296127585683699,0.4441023652578519,0.07815466055262403,0.5875391540367855,boot865
C2,0.9275889401781134,0.5155957006919281,0.5155957006919281,0.49778421284984326,0.3487301830134495,0.7524868974560114,boot866
C2,0.9055436592909825,0.3168886654938427,0.3168886654938427,0.40427311567547813,-0.038410747332587,0.8661623523498367,boot867
C2,0.9076228924246021,0.18107501194457715,0.18107501194457715,0.3899340204309148,0.15808135963415465,,boot868
C2,0.910210850509358,0.4662082701491523,0.4662082701491523,0.5856263721340786,0.23023810062693792,0.7040891293031255,boot869
C2,0.9124781313537284,0.4097775394611741,0.4097775394611741,0.5184162359694854,0.32972797361294476,0.5917950046636957,boot870
C2,0.9043967036631257,0.6855398714842516,0.6922702769546439,0.7951493320020702,0.18075946120482367,0.7624587911458787,boot871
C2,0.9054394898396231,0.32268739802284285,0.32652891466597195,0.3582214269717868,0.10372094936448518,0.8288072157550993,boot872
C2,0.9003107817355964,0.4906518275647094,0.4906518275647094,0.5331492299522039,0.39116927197580176,0.6393927359209403,boot873
C2,0.9195791055993986,0.3952658979051546,0.40566763206055334,0.404722019864608,0.3319098807768163,0.6070830297969119,boot874
C2,0.9092288722375036,0.5757387131595896,0.5766950897595224,0.5594803109607307,0.2744800841807345,0.7191952031495205,boot875
C2,0.913351601625248,0.36368679099308193,0.3741594472782231,0.35321413470794083,0.29228231632166535,0.703572090429025,boot876
C2,0.9101592115238818,0.4901196965032685,0.4929858935588432,0.5426666425221375,0.3659178240950328,0.8445727323760025,boot877
C2,0.8569156602554545,0.5662370450315962,0.5702960919493855,0.6372703660929075,0.19483425205388255,0.7549827267087948,boot878
C2,0.8938585100755062,0.29476506393311463,0.29573788592629324,0.33075947768072267,0.44263400689626126,0.5282423422959778,boot879
C2,0.8700564971751411,0.38278373800112936,0.3877809147374365,0.3128232636928289,-0.01199322416713721,0.3358102766798419,boot880
C2,0.9353823366043325,0.5075813281007953,0.5057220558366897,0.45738097696994734,0.22590158008881545,0.703734551963923,boot881
C2,0.919731341881546,0.5228369887163455,0.5228369887163455,0.5549824816934807,0.15221836380349302,0.6334553027847225,boot882
C2,0.9123238437529555,0.7710839365720416,0.7710839365720416,0.6405048274121286,0.2878459194619982,0.6902157949479676,boot883
C2,0.9130434782608695,0.20476190476190476,0.21238095238095236,0.32857142857142857,0.33047619047619053,0.7685714285714287,boot884
C2,0.915810313943622,0.40733705722802593,0.4044885463383194,0.4405696842746015,-0.09969788113972664,0.7728959547403568,boot885
C2,0.9279388459028619,0.4441821946169773,0.4441821946169773,0.5809978073049068,0.03748372950354238,0.7571713359715561,boot886
C2,0.8990474366952276,0.39171894459542667,0.39171894459542667,0.2679164139578597,0.24470343946331596,0.47393156259693603,boot887
C2,0.9138134592680047,0.5738018200202224,0.582366026289181,0.7165385911695316,0.2588293450174137,0.7622143579373102,boot888
C2,0.9229184227779339,0.7622323311654502,0.7650589034689068,0.7810761465218272,0.038629821480572875,0.9035609463382778,boot889
C2,0.9051789794364051,0.5235572789961771,0.5216359678805949,0.5504556346143293,0.222872089407547,0.7740010613057484,boot890
C2,0.9142236699239956,0.4879407208509759,0.4869895693483424,0.36048641949808946,0.3252938139006506,,boot891
C2,0.8698899371069183,0.281894732705947,0.28889211968800954,0.5397984243305368,0.21192086288532186,0.503811862708501,boot892
C2,0.8738738738738738,0.335338413267593,0.339318691169879,0.26568354997758853,0.38608695652173913,0.7254056476916181,boot893
C2,0.8953460448585562,0.6021475583418461,0.6060323812988903,0.5652417402499266,0.22143490855151762,0.6390533764337657,boot894
C2,0.914274924471299,0.4118255122748415,0.41467880681716146,0.4508205376865471,0.3671238977784961,0.7215601376631754,boot895
C2,0.8878680914849378,0.5386620762160037,0.5386620762160037,0.6209304660380843,0.25170209743184174,0.6326830931555243,boot896
C2,0.9247311827956988,0.4447826086956522,0.4447826086956522,0.4504246713852376,-0.077108190091001,0.4043478260869565,boot897
C2,0.8899613899613898,0.591134584551542,0.5930887484674149,0.47877015938885226,0.1504706215222107,0.31071206262378576,boot898
C2,0.9257858110317125,0.5532315433444615,0.5626242690379157,0.5757740850087518,0.0319352673577448,0.6246162586147145,boot899
C2,0.9052310914370031,0.3832795017992107,0.3832795017992107,0.4418761173624987,0.14601123878065175,0.678183780125922,boot900
C2,0.9209476894205957,0.27098739728454674,0.27098739728454674,0.2719316042437263,0.16523621785643094,0.2133907727745908,boot901
C2,0.9232209737827716,0.7610406561425169,0.7610406561425169,0.7808201781462208,0.2985765940559132,0.8297980421553927,boot902
C2,0.9040834802496783,0.4741770660996054,0.4741770660996054,0.5520844542417311,0.4664825092460621,0.5703590267688965,boot903
C2,0.914274924471299,0.652453352010488,0.652453352010488,0.6343824865757951,0.379488174128549,0.5934852648025429,boot904
C2,0.9298841483273622,0.6321498092142761,0.6321498092142761,0.6536578648532235,0.18983196933505628,0.7181820317700652,boot905
C2,0.9284383153186732,0.2912792138655682,0.2894060356413523,0.4177187440001396,0.17326898573996818,0.6537392002513395,boot906
C2,0.9143774190503162,0.355670847211125,0.36518076291195717,0.3509158893607089,0.5344572623867707,0.38039662803328866,boot907
C2,0.9305310146005765,0.557886224786867,0.557886224786867,0.36351380476062184,0.40182759909271826,0.47938967054549875,boot908
C2,0.926437640029873,0.6044659411527609,0.6138520582514063,0.6298084573191034,0.2186965283984368,0.5988342708935738,boot909
C2,0.9263875274237968,0.2759667702176323,0.2759667702176323,0.3764036559771107,0.3116359445995031,0.6185785767803389,boot910
C2,0.9223128104207664,0.43652076725303274,0.43652076725303274,0.3893802956274352,0.1649916506895912,0.6279110820529585,boot911
C2,0.9270886784531416,0.24668152841160182,0.24668152841160182,0.5487022590143995,0.10786454664385631,0.5862203621948713,boot912
C2,0.9230697195298965,0.3419591903348316,0.3419591903348316,0.2863790464512088,0.1620302499658155,0.14789970491065718,boot913
C2,0.9019907385305772,0.7133978580731861,0.7211102673496532,0.7153259603923029,0.40779364049318617,0.6786920163290853,boot914
C2,0.946259220231823,0.569749201123269,0.569749201123269,0.507260579064588,0.03492011232691004,0.6644010845356833,boot915
C2,0.9416528621387815,0.481115171499473,0.49219651901961453,0.3933878369650201,0.33798109936431314,,boot916
C2,0.8813229571984436,0.564368941357136,0.564368941357136,0.8643132738266628,0.39663691333141377,0.789327190709281,boot917
C2,0.8772272394434951,0.6641479760954248,0.6681130386392782,0.6681130386392782,0.2765631124337664,0.7305627737049672,boot918
C2,0.9075710078844874,0.49343366311401554,0.49630803396710693,0.6486496891809486,0.4119931556097605,0.8805156046636509,boot919
C2,0.8924736360572061,0.41798823314144157,0.4248085539619313,0.48521710980055455,-0.1354320848640102,0.4647561473390854,boot920
C2,0.8902827366592685,0.35650618761722547,0.35455272905493923,0.6387809498675766,0.47078351351096615,0.8819865408722043,boot921
C2,0.9109848484848484,0.24149688149688153,0.24913314652445084,0.3980403145620537,0.06681731899123204,0.599446804664196,boot922
C2,0.877775067089534,0.29917538729245713,0.30412862218140513,0.323941561737197,-0.010897116755685526,,boot923
C2,0.8980452280567267,0.681673810981833,0.6855469576351388,0.5935597246191244,0.38634637866726035,0.41693805712429044,boot924
C2,0.9174942344801618,0.4653506318555096,0.4644028708945005,0.6255222342660618,0.08055968168578069,0.9837758775275336,boot925
C2,0.8865759790869921,0.4492123393365019,0.4492123393365019,0.6649911922929003,0.22068291779631644,0.620854608733637,boot926
C2,0.8868992885834583,0.32453074510436586,0.3372766656069542,0.3039411812155692,0.3902212584638598,0.9108430882234316,boot927
C2,0.9260366081434441,0.3051809109563814,0.3051809109563814,0.5990936036620658,0.3126930564568462,0.7981654594243822,boot928
C2,0.9135055978081156,0.43977741504674284,0.438825515879975,0.4064609442098684,0.18942793418680048,0.5911293825628298,boot929
C2,0.8539538591858089,0.11099265806471253,0.11099265806471253,0.4714642264583661,0.14866906493071586,0.28002734832840315,boot930
C2,0.9224137931034482,0.39122308004876066,0.39970743600162534,0.6080455099553026,0.16780170662332386,0.6382121088988216,boot931
C2,0.9208970629633105,0.54955866065337,0.54955866065337,0.6723123133766313,0.33237912121990765,0.6014928983439805,boot932
C2,0.9129921073774753,0.6095581053039067,0.6095581053039067,0.5819375036573234,0.49717082963849885,0.6978100145328382,boot933
C2,0.9197820777756903,0.3819430235862461,0.3819430235862461,0.5899317988064791,0.22216982807615798,0.7411963626030122,boot934
C2,0.9107269713473833,0.26066133080105813,0.26066133080105813,0.3590060819824097,0.3141303217346085,0.7399726423839561,boot935
C2,0.9144286590834001,0.3328283984362727,0.3328283984362727,0.5058991656231345,0.46691069609202834,0.807346600778273,boot936
C2,0.9055436592909827,0.6865921085699924,0.6865921085699924,0.6328170623043705,-0.09122552491489408,0.4215579519751422,boot937
C2,0.893326276283501,0.15671765593019496,0.15671765593019496,0.27936625622339095,0.46820616461132775,0.8059765162124312,boot938
C2,0.8887278349519253,0.3639789912589644,0.3639789912589644,0.5704294406020866,0.047943469278734566,0.7220873536266552,boot939
C2,0.9075710078844874,0.43307187519909707,0.43307187519909707,0.4685224490538905,0.07473364218037516,0.7300901966852036,boot940
C2,0.9311274281996469,0.40530575399064284,0.403437985539073,0.40717352244221267,0.21946279305944943,0.5715371461803536,boot941
C2,0.9221613009044471,0.5346607776506096,0.54691931399886,0.5044859189472243,0.18293508088927382,0.6063260670711498,boot942
C2,0.90183346065699,0.3818308380752444,0.3818308380752444,0.2815520321160893,0.026033920777857572,0.7607690182862824,boot943
C2,0.9067921479157754,0.35193339015574504,0.35193339015574504,0.3615228558275637,0.330836565677744,0.6929895610720299,boot944
C2,0.9144798942797808,0.5458079919577783,0.5448571069543676,0.5011163967974724,0.27290399597888915,0.6494544573295516,boot945
C2,0.8864681675139192,0.35607840809251295,0.35411654358511613,0.6013114715171086,0.3590212048536081,0.11182627692161563,boot946
C2,0.926487747957993,0.7039207096703537,0.7133063191326249,0.6504227357354067,0.12952141057934508,0.631651516810864,boot947
C2,0.9108817122833601,0.4563184970209841,0.4563184970209841,0.5746940067084362,0.31025839232598296,0.5966507544730442,boot948
C2,0.9222623119816316,0.5987167705650274,0.5987167705650274,0.6741456550456608,0.2357152640019793,0.7769175101505237,boot949
C2,0.933506445330613,0.4275604488635872,0.43780699556837904,0.4610946017156332,0.22076650627596991,0.3949578002574313,boot950
C2,0.9115002366303833,0.12974310352611856,0.12974310352611856,0.29096798952548647,0.5342363086369588,,boot951
C2,0.9180543795277072,0.42149629735245103,0.42149629735245103,0.5228448452551753,0.19511963428001103,0.630823671992657,boot952
C2,0.91947759090482,0.5040669456810528,0.5021755124890038,0.5702671074027671,0.19954620176116722,0.49744692950888136,boot953
C2,0.9080896315989365,0.5372003709563035,0.5372003709563035,0.7718065935664539,0.3284487116542106,0.7949612640727769,boot954
C2,0.9246809107485154,0.4401048156273769,0.442926000342937,0.6206606374232239,0.4532703442999908,0.6993356580257268,boot955
C2,0.9065842643213691,0.6953956818130002,0.7030690134743851,0.5438473815006497,0.20238412256902485,0.4709507307174939,boot956
C2,0.8942839286572761,0.3918607629848122,0.40352907354515405,0.5017373540946977,0.13418557144393076,0.42005918017230487,boot957
C2,0.9268383725270622,0.47379397292896036,0.47660859058992455,0.6914577387101858,0.04128105902747378,0.6887928749100871,boot958
C2,0.9279388459028619,0.20428632579430597,0.20428632579430597,0.33829065876946995,0.17055096924111782,0.8171453031772239,boot959
C2,0.8857668830539676,0.6705071671121341,0.6744340026442697,0.5674277343935777,0.3465432357109566,,boot960
C2,0.9201877934272299,0.4233540372670808,0.4233540372670808,0.6482608695652176,0.15308784383318547,0.7134649511978705,boot961
C2,0.8944965152607545,0.4714821391023994,0.4714821391023994,0.6464652010373105,0.1973420087377053,0.4452346798121627,boot962
C2,0.87442497797788,0.7746705794181484,0.772681694746985,0.6374375371078731,0.15612744668632775,0.5996487283557684,boot963
C2,0.8743698918416287,0.36995585493942823,0.37492837987140987,0.394818479599336,0.3520547651842946,0.8582578032600178,boot964
C2,0.8841451581602948,0.5310951635683475,0.5419137687521473,0.5409302591899836,0.4563484368439135,0.4937218002061305,boot965
C2,0.9146847867119667,0.5114615370812323,0.5190669130973102,0.40593694485815285,0.34224192072350124,0.4344571049184446,boot966
C2,0.9050226136634134,0.5649630629188299,0.5649630629188299,0.6149257827687945,0.3670338265901242,0.5861011367015072,boot967
C2,0.9028287935887038,0.49698863766890733,0.4989149502180116,0.6048621404187476,0.4478676676667478,0.4835044498251772,boot968
C2,0.9001004256133136,0.3893285378350034,0.4009214471501896,0.4695128272650413,0.2936870359847172,0.1526399726499517,boot969
C2,0.9078303813096538,0.40038124781107726,0.39846554806078494,0.496166235325689,0.3553623036792096,0.6250618871951024,boot970
C2,0.9002582002486371,0.3680103638429352,0.3699421767764939,0.6374982680743758,0.15164731528435912,0.6007938223367603,boot971
C2,0.9192745042759138,0.31404727405260774,0.3253983803436658,0.3528302205470562,0.27148062546113977,,boot972
C2,0.9247814501425833,0.4569822368160778,0.46544487083119035,0.27832662983036843,-0.06205931611082538,0.6582048678420874,boot973
C2,0.8820298449424003,0.531382985350706,0.5303971171033021,0.711796874625621,0.1794280210275111,0.7479436797853616,boot974
C2,0.922211808809747,0.444111876988335,0.4478835277483209,0.4431689642983385,0.2668442912689996,0.8703084128667372,boot975
C2,0.8701120062880722,0.1878818585287302,0.1878818585287302,0.40374612151918626,0.17189191312202978,0.6126147833942108,boot976
C2,0.9085041761579346,0.5359981104307855,0.5359981104307855,0.5733265502643581,0.12155671432983885,0.40774141972056177,boot977
C2,0.9226661670335846,0.4561450069969584,0.4561450069969584,0.5522747398764828,0.056546901693837824,0.7841170368212178,boot978
C2,0.9218581540336568,0.19242798208340148,0.20186072630317609,0.29996126618883173,0.1669595726900101,0.4461688015953378,boot979
C2,0.8817037001021053,0.42605262274564704,0.42605262274564704,0.4664881725895627,0.26135172460091777,0.7603855836502175,boot980
C2,0.9391143911439114,0.4787118817801315,0.4787118817801315,0.5379721534124882,0.2694490475783719,0.6564926966772017,boot981
C2,0.9100042652007013,0.27902401470861277,0.27902401470861277,0.4156693369802964,0.44051394102969343,0.6430930202016999,boot982
C2,0.9222623119816316,0.431830363651626,0.431830363651626,0.38185872768320644,0.2149723207698051,0.8070890639427771,boot983
C2,0.8921001926782273,0.5663235984599493,0.5692478166964033,0.6287069208376372,0.28364916893605036,0.5897173443515823,boot984
C2,0.9005210574119221,0.22692176313372137,0.22692176313372137,0.3350717098187291,0.2578217479008664,0.6488996801100458,boot985
C2,0.915452444947423,0.32675693470870415,0.33055643394950307,0.4834862783916582,0.32485718508830475,0.3201078110373061,boot986
C2,0.8947621335896203,0.3586087890533788,0.3586087890533788,0.44121514967543085,0.2721150702844067,0.5141031149301826,boot987
C2,0.9222623119816316,0.5770309662768454,0.5770309662768454,0.5628880504367265,0.1376577141771559,0.37431583923514306,boot988
C2,0.8572564217220648,0.43921716955362583,0.4442889613498571,0.6329596161696595,0.1775127128680936,0.6223239691866927,boot989
C2,0.9214031138623148,0.33502779351366657,0.33502779351366657,0.26896597507435205,0.3727774040504178,0.8928939521035831,boot990
C2,0.9060121765601216,0.550909190511842,0.5489896462940307,0.5461103299673138,0.0479886054452824,0.6205526281517539,boot991
C2,0.8979924296871256,0.47545670500573,0.4861084845476099,0.35150872488203666,0.27016786292586287,0.5607928660875277,boot992
C2,0.88094195494575,0.4224726850095332,0.42148559929689416,0.6534507417670817,0.32672537088354087,0.766145084394709,boot993
C2,0.9334075310703023,0.5216976567360199,0.5319452892790488,0.6241739821663096,0.0,0.40897369876270134,boot994
C2,0.9147359977351012,0.4163710252580302,0.4163710252580302,0.5304452787533809,0.2908893464131444,0.6207540627705337,boot995
C2,0.9095391617674947,0.4187500453276281,0.4187500453276281,0.4350029009681981,0.23518838162236647,0.6003996083692933,boot996
C2,0.9065842643213691,0.43833907115660836,0.4373799046989353,0.6177031987414787,0.471909897175167,0.5994790360456899,boot997
C2,0.9180034812061908,0.2585952114646787,0.27090926915347285,0.3845774939731118,0.399733257282397,0.8032554553921153,boot998
C2,0.907778516478298,0.11878017049228053,0.11878017049228053,0.18583349254437437,0.09962207847739657,0.6226379904837286,boot999
C2,0.8973055901812252,0.27618917085590566,0.27618917085590566,0.5717600379122258,0.06202142784132619,0.4380263341293662,boot1000
C2,0.9419936519619116,0.4117077499925689,0.4117077499925689,0.50586512779356,0.19846898261973614,0.5547900397881926,boot1001
C2,0.9210489280855655,0.5711824209113737,0.5787352463118547,0.5050951986571652,0.2435786191655115,0.7430091987723161,boot1002
C2,0.8815405563120015,0.31959860316973027,0.32354426493725774,0.5721209562914924,0.25449518400552595,0.5931401047544336,boot1003
C2,0.9281386895330412,0.4309700743121109,0.4412758804369656,0.3981788730057546,0.15833465773640593,0.6473920029340621,boot1004
C2,0.9081414668882032,0.49886883792813463,0.49886883792813463,0.31885474669878855,0.04596104456919475,0.47301575035796256,boot1005
C2,0.9149407935085154,0.41437701485443723,0.42578188682290796,0.47805421667839887,0.46474853271518307,0.7172300717427069,boot1006
C2,0.9227670835089691,0.49190424278267925,0.49190424278267925,0.4485563593190715,0.23370163258640703,0.7029895883445952,boot1007
C2,0.8912991082188477,0.33853857549321614,0.34146542196722085,0.5209786723728456,0.48292966821078376,0.562930138500247,boot1008
C2,0.9191729323308271,0.38219614119320705,0.39071041166533294,0.452202365075131,0.08703476482617586,0.544558690384267,boot1009
C2,0.8972527209090473,0.39831732578725065,0.39831732578725065,0.5204292066855318,0.17153811840472835,0.8916105589398311,boot1010
C2,0.9251331900177587,0.4953458318325177,0.4953458318325177,0.5865195428149735,-0.03759740659070343,0.5009854428211232,boot1011
C2,0.892846827765476,0.38275224798642304,0.3934654152328623,0.4480051757601898,0.12563623407187932,0.6291550946545273,boot1012
C2,0.8994162120777107,0.34805185192039007,0.3461182305208324,0.6013562552624517,0.3702884980153039,0.9068684363925719,boot1013
C2,0.8917798978510166,0.46901805094859095,0.46901805094859095,0.34615677356912633,0.23597165972881293,,boot1014
C2,0.9059080962800875,0.5173766015542953,0.5173766015542953,0.6450409577819786,0.3014030665826507,0.7035937828187356,boot1015
C2,0.8731014208721214,0.5746630556775485,0.5746630556775485,0.470088322841946,0.20217781681549798,0.7011486849168009,boot1016
C2,0.907778516478298,0.3975304093088421,0.40040412311107476,0.43488868873786585,0.4415940209430752,0.5239738166070762,boot1017
C2,0.9335558955812119,0.42101761675038113,0.42101761675038113,0.379102146056206,0.019560552990615054,0.6780991703413218,boot1018
C2,0.8881369041864063,0.6990696617726406,0.7039651075833735,0.7117978208805458,0.3740120599399842,0.791104043014417,boot1019
C2,0.9119636690477316,0.6560139289210047,0.6560139289210047,0.8076217991222252,0.22502803375778652,0.6943052259540455,boot1020
C2,0.8947621335896203,0.19339606780927474,0.20214262363984495,0.43052491477140054,0.6268365011908653,0.9814398899296235,boot1021
C2,0.8915662650602408,0.4408460634547591,0.4437720329024677,0.7714806110458285,0.18043478260869564,0.9226556991774384,boot1022
C2,0.9203398582359291,0.6670503705609196,0.6670503705609196,0.7738162230727951,0.05857949429855102,0.8938097033295043,boot1023
C2,0.9313757375830506,0.38559135726958427,0.3846577220219582,0.3230377956786348,0.061619926343323396,0.6302037921476257,boot1024
C2,0.8865220759101471,0.5757722187399091,0.5836191995745247,0.6071601420783709,0.1186855851235588,0.9769491139096245,boot1025
C2,0.8921535571504262,0.1257338629033394,0.12963258733445068,0.4064420219433529,0.34601179326112774,0.47818504793803956,boot1026
C2,0.9222118088097468,0.49502916224814425,0.4940862495581477,0.6157219865676918,0.40262371862849067,0.32436196535878403,boot1027
C2,0.917035502401356,0.31955521623045535,0.31955521623045535,0.31955521623045535,0.33757168242742464,0.7004067909108028,boot1028
C2,0.9027764526285659,0.3515724224127632,0.3602413314585574,0.3592781193423579,0.24947193809563198,0.41225478573332236,boot1029
C2,0.8903362763545134,0.5645155757441536,0.5664689168366939,0.6446025605383067,0.40141159451703645,0.4668485211171372,boot1030
C2,0.8877605300062865,0.3761296342786227,0.3800476513023584,0.4623260088008071,0.2399785427038088,0.4897521279669567,boot1031
C2,0.8899078140836914,0.48857039101666216,0.4856389686705622,0.623415818937261,0.21399383126529803,0.6390500714497941,boot1032
C2,0.8900685262040343,0.636980754905566,0.6350268262095368,0.5930173592449058,0.20223162003903708,0.5510078922802749,boot1033
C2,0.8943902321780511,0.6737648444400823,0.6737648444400823,0.6854317681533306,0.13514186634512476,0.6339028550864845,boot1034
C2,0.9420423183072676,0.3913790760869565,0.40153277853260866,0.46060886548913044,0.22707370923913045,0.7061438519021741,boot1035
C2,0.9100559188702493,0.6057917281725728,0.6057917281725728,0.7596284288599294,0.3401606549360187,0.6451077900084734,boot1036
C2,0.9028811295554283,0.4256903965599617,0.4285796978940792,0.5248897423646588,0.24751681428938951,0.24655371384468372,boot1037
C2,0.9244797755436053,0.4590125574542015,0.46841855248400077,0.6941624331991819,0.2389122737569,0.7016872292230212,boot1038
C2,0.9367603550295857,0.5421088587171081,0.5402523215297208,0.5699569165279185,0.48269966872071274,0.2274258054549512,boot1039
C2,0.9126837800784758,0.2629607375945302,0.2629607375945302,0.27058278795958907,0.13052761250163272,0.7698270868709435,boot1040
C2,0.8852268321054672,0.6385000666552401,0.6414469900398028,0.5412515949646727,0.5353577481955475,0.3871134354164986,boot1041
C2,0.9199342568678093,0.5973961870519564,0.5992866813147791,0.5709292673724393,0.42347071487227295,0.9046015047606365,boot1042
C2,0.9326650888672328,0.2629211645545523,0.26105647544423627,0.44286366370004365,0.43447256270362183,0.5342334301055264,boot1043
C2,0.8956112551618169,0.2475841266585236,0.2475841266585236,0.3252575781592369,0.1077719139572397,0.7725520009714198,boot1044
C2,0.8623435722411831,0.4951118504072502,0.50015372261099,0.6060330388895262,0.10789606516003213,0.8924113800619479,boot1045
C2,0.8885667343191263,0.6723088781908807,0.6723088781908807,0.6860094957959348,0.24465388580454173,,boot1046
C2,0.9141211463103723,0.5498272276938693,0.5498272276938693,0.5393633877204564,0.40238220988668977,0.4984592860062067,boot1047
C2,0.9042923157543709,0.23270659159936416,0.23270659159936416,0.2596313212059021,0.12019968574347323,0.7728351041829857,boot1048
C2,0.9160657900937837,0.26388839431503514,0.2724315437712772,0.14713201841305912,0.1926954821796839,0.5591016699696247,boot1049
C2,0.9256352765321375,0.4528030050376507,0.46219725825419944,0.5429878359165189,0.3372536904741008,0.7430854294290077,boot1050
C2,0.8596926127912742,0.04248232285241462,0.03944787122009929,0.14969961386088962,0.36109974424552427,,boot1051
C2,0.9113971980310489,0.5476541247448563,0.5476541247448563,0.5676902512599122,0.08396091111070969,0.6755036939361643,boot1052
C2,0.926788297326303,0.44661013164749813,0.45505444085932056,0.4212772040120308,0.06380144737821403,0.6154963158839469,boot1053
C2,0.9165763813651137,0.29789495323260357,0.306433343611882,0.4857395415767294,0.25615171137835335,0.5104060026724226,boot1054
C2,0.8916196809792298,0.6319715377421008,0.6319715377421008,0.7207206271472414,0.2799009742777514,0.8572576877705349,boot1055
C2,0.9219086903534265,0.4385985622198052,0.4480307893643172,0.4367121167909029,0.13393762545206958,0.7074170358383957,boot1056
C2,0.9290869302044047,0.2938836715750574,0.30230708891319596,0.38092565073582274,0.2957555420946437,0.32757734092761176,boot1057
C2,0.863467905321935,0.24673004861881753,0.24673004861881753,0.395775139213042,0.4300152275927963,0.5635733954069153,boot1058
C2,0.8788144681680803,0.2196635185846172,0.21669509265779802,0.3057478704623725,0.1167580864548866,0.49077975323409956,boot1059
C2,0.9254846998364867,0.5966321357241621,0.6060279173891094,0.5515323837324144,0.4556954107499506,0.7162608053304113,boot1060
C2,0.8850106651153771,0.38417616126205084,0.38417616126205084,0.5453139884921693,0.4952040544145105,,boot1061
C2,0.9077266467208054,0.6063882608240716,0.6073462201618663,0.6782352111586771,0.43491353935881283,0.6596984323660949,boot1062
C2,0.9342477179000046,0.5361207264634719,0.5361207264634719,0.4281519690506894,0.2168682799756753,0.23827587842820974,boot1063
C2,0.9051268624744132,0.509176762202679,0.5226267144118064,0.5226267144118064,0.1479494743004011,0.5187838709234842,boot1064
C2,0.9126323751891072,0.34301158579433866,0.34301158579433866,0.6869759815492171,0.3582565451629759,0.7991048892533794,boot1065
C2,0.8957703202266072,0.39897649685179915,0.40091798832066433,0.40383022552396214,0.016502677485354222,0.9192962105076734,boot1066
C2,0.9142236699239956,0.7247774450067127,0.7228751420014456,0.6524899308065683,0.16074460394505832,0.9121542910255085,boot1067
C2,0.9294856876890853,0.5557070388190982,0.5557070388190982,0.535125296640613,0.10852191330473973,0.08981123859702597,boot1068
C2,0.9203398582359291,0.55083621251702,0.55083621251702,0.5234361264741494,0.24849043549224062,0.47052561549481303,boot1069
C2,0.9132489132489131,0.4418053556003456,0.45227918946156065,0.35991901813993665,0.2894586812553988,0.6023764126508645,boot1070
C2,0.9155547173369795,0.22889425768112956,0.2364924073136982,0.2697343119561859,0.2412412508340536,0.6306464195031952,boot1071
C2,0.9137108581684219,0.6328707428566293,0.6328707428566293,0.6328707428566293,0.1418011138129891,0.7508797234795194,boot1072
C2,0.9036133091810468,0.5360122755672173,0.5340876354395074,0.6216587612503096,0.1857277723240089,,boot1073
C2,0.92783889614022,0.6410408220327135,0.6410408220327135,0.48640378163008524,0.0074975534740668245,0.7103931916678317,boot1074
C2,0.9293361884368309,0.5295972750951713,0.5389541174113404,0.5062051693047485,-0.06549789621318372,0.4762632738930074,boot1075
C2,0.9216054013503375,0.568950469820035,0.568950469820035,0.5849905328166197,0.36042965086443346,0.7724821059493127,boot1076
C2,0.902619399780524,0.6184897750934236,0.6184897750934236,0.6801460766603693,-0.03564504934339047,0.8622248422252557,boot1077
C2,0.8751956181533646,0.46300207964859774,0.46300207964859774,0.6030949835766068,0.09438883597986432,0.4153108783114032,boot1078
C2,0.9165763813651137,0.4999701922088601,0.5028163223352863,0.6735841299208551,0.42122725871107003,0.4895343817452976,boot1079
C2,0.903351928670195,0.4716732681901422,0.4793740562422262,0.45723429059248477,0.2839665594205958,0.35904924292841434,boot1080
C2,0.9179525780955965,0.5067989375545929,0.5049043620870992,0.4708020036722107,0.09567606110843717,0.6441556589478937,boot1081
C2,0.9084523753025484,0.4498812081786919,0.4594531487782386,0.5063556577160172,0.37426287744227354,0.6518491548291261,boot1082
C2,0.8688895446050948,0.2982317331259659,0.2982317331259659,0.5764479136931421,0.23418196493783894,0.5764479136931421,boot1083
C2,0.9282885233679697,0.5086499522049035,0.5105234326918461,0.628552703369227,0.02997568779108087,0.7831148435419878,boot1084
C2,0.9130434782608696,0.3971428571428571,0.4057142857142856,0.4142857142857142,0.15619047619047613,0.7866666666666665,boot1085
C2,0.910210850509358,0.37545051264060836,0.37545051264060836,0.3085763755290496,0.2493449969445261,,boot1086
C2,0.8936988936988937,0.434929096269949,0.4388210792343333,0.6373122104179342,0.25978986287265404,0.4728336304815862,boot1087
C2,0.9048140564735012,0.19413068647236217,0.19413068647236217,0.24122179358694507,0.31522210476700385,0.22584510554953022,boot1088
C2,0.9149919803755071,0.47327570902113386,0.47327570902113386,0.5730627561039031,0.11879410366996332,0.6112097554099651,boot1089
C2,0.8697233279276623,0.29994546178148346,0.3009452799874218,0.39092891852186684,0.22995818736580403,,boot1090
C2,0.8943370829727911,0.5124028493171173,0.5192089592700961,0.4462863526310376,0.2382138483542576,0.7321429706561469,boot1091
C2,0.9262371615312792,0.32764638849929867,0.32764638849929867,0.4806732117812061,0.12955645161290322,0.6502706737902763,boot1092
C2,0.9360717920251641,0.6549107488161434,0.6632713115669878,0.5582998014730527,0.22759309710631936,0.621468497812766,boot1093
C2,0.9045010716837343,0.38647297204478326,0.3893570987018338,0.5268338026879135,0.10575131075852277,0.751795681937862,boot1094
C2,0.9380367531628035,0.5339551606358663,0.5339551606358663,0.47648082042853346,0.23267837729097646,0.5330281551486513,boot1095
C2,0.9155035835533761,0.6563268304043279,0.6686745131760448,0.5205023199154439,0.1310754017305315,0.6449289693842819,boot1096
C2,0.908866644527729,0.4573302105602381,0.4602004838482731,0.685038558077679,0.26406514249921703,0.685038558077679,boot1097
C2,0.9211501477555233,0.7146075709471875,0.7146075709471875,0.754255547142408,0.18502388891102875,0.7306555613119196,boot1098
C2,0.9006261650972707,0.6401343437187041,0.6439963910412907,0.7588922988882376,0.42096315816192315,0.8930984433481168,boot1099
C2,0.9151455120041506,0.41048354495054296,0.41048354495054296,0.3582229084406359,0.4741465021535207,0.5938708694307625,boot1100
C2,0.9234225800411907,0.43599615642300504,0.43599615642300504,0.5320471455269932,0.2467192073063225,0.7486327091928487,boot1101
C2,0.8882981294407656,0.43267886461601057,0.4365945104496397,0.5472115052496606,-0.11355372917524262,0.7243944792213751,boot1102
C2,0.8773368477571143,0.6204547631603136,0.6224370467486853,0.5986496436882259,0.14272441836275584,0.7602057561405121,boot1103
C2,0.8924203024174131,0.275752306234105,0.275752306234105,0.27672669600878386,0.04871948873394081,0.8094066849757776,boot1104
C2,0.9214536928487691,0.4303219382675074,0.439758822878637,0.3982365305896669,0.49638013054541424,0.8157065043938915,boot1105
C2,0.9182579249365063,0.4573878303626307,0.465910584965661,0.5009485761114526,0.66193394083536,0.8162904964235769,boot1106
C2,0.926437640029873,0.4495950090251125,0.4495950090251125,0.49840281793806834,0.20461735275046875,0.9526908855125037,boot1107
C2,0.9057519387221086,0.5395469016201008,0.5395469016201008,0.6979547997825857,-0.25921292426588466,0.7680382941211398,boot1108
C2,0.9273388676429437,0.4969807492150123,0.50635774448322,0.4491580733471526,0.04500957728739734,0.8242378840754638,boot1109
C2,0.9046575864368034,0.5748031164455675,0.5748031164455675,0.6190187407875343,0.13553050070037628,0.8276011425746382,boot1110
C2,0.8915128439924814,0.3209005438895862,0.3189497807048471,0.6252196007088898,0.1736179234417822,0.8583358012852154,boot1111
C2,0.8900685262040342,0.4855512809632921,0.4855512809632921,0.5607775357604217,-0.017585358264264096,0.8323736245085004,boot1112
C2,0.9030904235024798,0.3918910380044452,0.3976683014639702,0.36300472070682027,0.48625300784335335,0.7910805755643577,boot1113
C2,0.9152990001886436,0.23655847879852324,0.23465841069572382,0.23655847879852324,0.3410622244524893,0.7324762536291622,boot1114
C2,0.9100042652007013,0.43669169425286314,0.43669169425286314,0.5542257826403952,0.2990908102869719,0.13282307549485334,boot1115
C2,0.9237248479176415,0.5384626227919475,0.5469349367869256,0.47539095194044306,0.1910977489978415,0.7559186819963878,boot1116
C2,0.9257356375525454,0.6424972579300663,0.6528298161716317,0.5354143816083885,0.2620712499451586,0.8143934541306541,boot1117
C2,0.9174432834415889,0.4502114579894539,0.45400271237252293,0.4947586969905156,0.22273619500530875,0.9335963918307622,boot1118
C2,0.9215548365921131,0.5284075373527239,0.5284075373527239,0.5038743302613474,0.0018871697762597283,0.7746831931546184,boot1119
C2,0.9272888391399654,0.2681965334604602,0.27757403463040636,0.4848168104862165,0.10971676368837006,0.4716883088482919,boot1120
C2,0.9323678224945458,0.4765799670114161,0.4765799670114161,0.6528492698786522,0.16414495928377543,0.5900242275074856,boot1121
C2,0.8699454625853682,0.27587936292782106,0.27787848874613863,0.33485357456818865,0.442806368757336,,boot1122
C2,0.9139160409878642,0.5794462441198538,0.5823006591155182,0.5823006591155182,0.4995226242412533,0.39676368439733833,boot1123
C2,0.9297347603536529,0.5555581668625147,0.5658462810636723,0.508794011402707,0.165545110327719,0.5237585411498454,boot1124
C2,0.9237248479176415,0.3370098233557993,0.3370098233557993,0.3304202458041495,0.3464235055724418,0.7549773137747235,boot1125
C2,0.9103141138011085,0.5521266648865638,0.5588133199976467,0.5139172071089468,0.012418073777725481,0.6476503093306059,boot1126
C2,0.881866796305299,0.4180854225588418,0.4170993720339389,0.5630348497195724,0.08085614304204015,0.6340304875125832,boot1127
C2,0.9119121960450374,0.5244593411947273,0.5244593411947273,0.4424529714806428,0.2793937944910093,0.5378092153342295,boot1128
C2,0.9251834197859713,0.6626183145420924,0.6626183145420924,0.7105524053813076,0.14662192491995238,0.6579188938715812,boot1129
C2,0.9078303813096539,0.5421430293327025,0.5450165789581409,0.4990397849511272,0.4185803954388534,0.5632157265859171,boot1130
C2,0.8745351340771187,0.693039001985131,0.6960219532131875,0.7606525631544122,0.25852243976489825,0.6020856115268405,boot1131
C2,0.911191062298807,0.3397368896599082,0.3406912067656944,0.38936137916079366,0.3912700133723662,0.6040827279627019,boot1132
C2,0.8874915352616815,0.450708524089819,0.463445938901053,0.5065571890313835,0.4242538933280252,0.46246613776172724,boot1133
C2,0.9074672240167205,0.2654305950040055,0.2654305950040055,0.22518480081567252,0.1533173111936494,0.5452346879324157,boot1134
C2,0.9101075676444107,0.5799601121026491,0.5799601121026491,0.530276544014778,0.01528725171934495,0.6363318528177335,boot1135
C2,0.8882443928847641,0.39942003747799587,0.40333592019836834,0.570739906494293,0.14880354337415533,0.7195434498684483,boot1136
C2,0.8830071390413287,0.5032211025715829,0.5051906567890843,0.4707234579828114,0.2521029398401668,0.8528169761780643,boot1137
C2,0.8850106651153772,0.23777654993712607,0.24268928857219063,0.36059501581374076,0.08155146134207217,0.6720626452768357,boot1138
C2,0.9172394313153187,0.3536130425856666,0.3536130425856666,0.5650224487427811,0.23416198798568275,0.992581382271295,boot1139
C2,0.90136135657989,0.5469986866662058,0.5547164811870694,0.7524849657841984,0.11673164212806157,0.6946015068777217,boot1140
C2,0.9075191184154277,0.36794050582789833,0.36889868422849187,0.4618419890860599,0.4762146650949623,0.644820105835667,boot1141
C2,0.8944965152607545,0.28191715533957906,0.28191715533957906,0.39954465808471373,0.45981660164007204,0.7845073943415183,boot1142
C2,0.925082955554517,0.6391906199067788,0.650470454375722,0.7322492542755599,0.29891561342699363,0.5884313647965346,boot1143
C2,0.9051268624744132,0.5197445817955647,0.5197445817955647,0.5331945340046922,0.19694572877650796,0.6321477538289864,boot1144
C2,0.8943902321780511,0.4909830395991942,0.4909830395991942,0.7758504269310039,0.27611719454687367,0.38306399525164864,boot1145
C2,0.89486834518547,0.3906331241595697,0.4003503660540863,0.3556510533393097,-0.08842690124010158,0.5830345136709993,boot1146
C2,0.9343464763934579,0.23732002638966143,0.2345280260791948,0.26244802918386084,-0.008376000931399815,0.7808294201604938,boot1147
C2,0.8532110091743119,0.27211781206171104,0.2731369798971482,0.27211781206171104,0.46168302945301537,0.19381049293454872,boot1148
C2,0.9051268624744132,0.3141524551703322,0.3141524551703322,0.3247202747632179,0.38044150534388843,0.3439344922048285,boot1149
C2,0.9140186033334908,0.5736730348535826,0.5736730348535826,0.5708189401528183,-0.04947097481324426,0.7049613910887308,boot1150
C2,0.8981508096196225,0.23236148087680078,0.2449477277576275,0.3853327891206946,0.4918318011892283,0.6661029118468288,boot1151
C2,0.8986784140969163,0.14707587382779197,0.14707587382779197,0.37156010230179026,0.09289002557544757,0.6095907928388746,boot1152
C2,0.9237752093959104,0.49325005615923667,0.4913674223571021,0.6344475913193236,0.07907061968964862,0.6730415842630806,boot1153
C2,0.9157080897605129,0.5298821717642003,0.5298821717642003,0.5545720220614568,0.04368204283360791,0.4035840913974644,boot1154
C2,0.9168825052978572,0.5804166945802909,0.5804166945802909,0.5358422098657913,0.1138071950157433,0.4476416337285902,boot1155
C2,0.9162190180001885,0.6311382521041475,0.6330364122608516,0.7326898204878222,0.1917141758271245,0.6709996153949357,boot1156
C2,0.8995215311004785,0.4011794634597594,0.4011794634597594,0.5751850138760407,0.06380203515263644,0.2813089731729879,boot1157
C2,0.9444214970856853,0.5054854276622986,0.5036439506944943,0.6408339847959197,0.36921613204477555,0.6969990323139529,boot1158
C2,0.8634117414508795,0.40788640707118967,0.40788640707118967,0.4592498805542284,0.2870311753463927,0.25077460582895367,boot1159
C2,0.9284882366643372,0.5872097995156962,0.5975117258229893,0.5357001679792316,0.30905778921878746,0.8962675887344838,boot1160
C2,0.9161168708765315,0.38726784755770266,0.38536947575594915,0.4100483091787439,0.15946323134728932,0.8343344068706389,boot1161
C2,0.8996268299684239,0.4020990908502354,0.4136981030862999,0.496824357444762,0.4455953867354772,0.6795088001627776,boot1162
C2,0.8961412939143789,0.4424768078685593,0.4424768078685593,0.6122869863268879,0.15525502030475766,0.7384316903245036,boot1163
C2,0.9271387256273905,0.38547770087586514,0.3845397989272621,0.3460858190345359,0.21946905597312028,0.5055291502970591,boot1164
C2,0.9110879651548149,0.5192072514979259,0.5239793769712524,0.4724404218593259,0.06871860681590194,0.7883551281935418,boot1165
C2,0.8838744116077061,0.4869863602293505,0.4869863602293505,0.4387796296207886,0.18102119248929396,0.6847323368073293,boot1166
C2,0.8661572590584176,0.642518126252753,0.641514191680483,0.5752545099106678,0.20982232560441466,0.5079908935685828,boot1167
C2,0.8989420269041122,0.08028761686895396,0.08028761686895396,0.19346413703362397,0.22828768169967628,0.4488367979180077,boot1168
C2,0.9333580670593146,0.4229701575725106,0.4220385052430557,0.45650964143288586,0.3093085733790165,0.7285521216337075,boot1169
C2,0.9224642773483253,0.4920657142226244,0.4920657142226244,0.6278079802150726,0.15836597699118948,0.46567138472409286,boot1170
C2,0.8996794718461465,0.35568222907582686,0.3595483402614336,0.5663852886913981,0.2880252833277076,0.4958287595540738,boot1171
C2,0.9249824725403131,0.6571217347364722,0.6665226179229738,0.5649930795087549,0.09118856690906695,0.603536700573412,boot1172
C2,0.883061383061383,0.5327316895885535,0.5366705560550126,0.5937841198186652,0.19398917347309627,0.7001335144130528,boot1173
C2,0.908296943231441,0.5763294314381271,0.5744147157190634,0.5552675585284281,0.41549331103678927,0.618453177257525,boot1174
C2,0.8944433762737933,0.38109686343414717,0.39276309394743736,0.4880373098059741,0.30332199334554566,0.988713036001346,boot1175
C2,0.9343958487768715,0.4392515047513927,0.43832088715658035,0.2987282479347395,0.21404204680682273,0.4550720038632014,boot1176
C2,0.9160147044961825,0.5097696788568054,0.5126175541576813,0.617039648523135,0.5420455989334001,0.7252589099564232,boot1177
C2,0.8998899889988998,0.45802700116934203,0.4715552248325714,0.5169714042734135,0.24544062931859253,0.7894684809184649,boot1178
C2,0.902567038839584,0.4817178004357939,0.48653497844015176,0.4797909292340507,0.3063725210771649,0.581915102926439,boot1179
C2,0.9017285837073823,0.6104217971505668,0.6133147914498586,0.7222842433898492,0.3510166416474033,0.6240581167713036,boot1180
C2,0.9064282997337392,0.37797660968089175,0.37797660968089175,0.49789304676239293,0.31945738838511917,0.7808958382747356,boot1181
C2,0.9244797755436053,0.560597303776033,0.560597303776033,0.5906964878713906,0.35366541312045036,0.6330234655054869,boot1182
C2,0.9324173783884144,0.5866005229165583,0.5866005229165583,0.6313649507384896,0.098854778106765,0.7927034093467006,boot1183
C2,0.9023575450987877,0.38642736913751713,0.38642736913751713,0.5695226313223757,0.2534423892348304,0.8268196576558347,boot1184
C2,0.9131975617823559,0.21424955792826963,0.21424955792826963,0.42564245508416243,0.2513861479691697,,boot1185
C2,0.9100559188702493,0.3984466098548309,0.3984466098548309,0.5398617135922769,0.220722222725338,0.5379506986769059,boot1186
C2,0.9069480087444161,0.5340414460554253,0.5340414460554253,0.5369177913663163,0.23298397018216938,0.7468909990613578,boot1187
C2,0.888888888888889,0.2778260869565217,0.283695652173913,0.4059782608695652,0.3032608695652173,0.8139130434782607,boot1188
C2,0.9048140564735012,0.522807393272104,0.5218463502697657,0.6669638436228681,0.19701381547937746,0.8015098639502477,boot1189
C2,0.9117577478116866,0.35192414431082336,0.35192414431082336,0.42059227003000843,0.08011281333904921,0.8221100606935765,boot1190
C2,0.9430632783419879,0.532953309915552,0.5347974390156057,0.580900666516951,0.38818917556132765,0.67956157336983,boot1191
C2,0.9131462054626215,0.26854121479934845,0.2809207743468361,0.5846961201659573,0.4494732389549378,0.5389869772213873,boot1192
C2,0.8808875048657064,0.3020668984994909,0.3050283386808584,0.28232396395704046,0.029614401813675577,,boot1193
C2,0.9364161849710982,0.5878099838969404,0.5905958132045088,0.6927428878153514,0.16993558776167472,0.6750993022007513,boot1194
C2,0.907778516478298,0.32185594585005045,0.32185594585005045,0.5709111420435419,0.36017212987981834,0.79410291401694,boot1195
C2,0.9016236867239732,0.4870440309506263,0.4947595799557848,0.3134441783345615,0.09740880619012528,0.10030213706705969,boot1196
C2,0.9340995458337195,0.43287444886407755,0.44125266400338237,0.5213111642234053,0.004654563966280404,0.5268966409829418,boot1197
C2,0.887114723956065,0.47932626955857743,0.47932626955857743,0.6067545211794669,0.19212259475149523,0.3492612035323527,boot1198
C2,0.8878680914849378,0.2820630508185619,0.286959978784162,0.41036256351728284,0.4691256991044832,,boot1199
C2,0.8870608729313847,0.2166411786469846,0.23036505421738182,0.331333567342447,0.3136885844662221,0.7067795918754566,boot1200
C2,0.9169335091354304,0.4864986960094316,0.4940854203136722,0.6202147118716731,0.28355382087099423,0.7008236576042298,boot1201
C2,0.9277389277389276,0.41147258029276823,0.42178282717937515,0.4049115140922001,0.29056150316801393,0.9054271356783921,boot1202
C2,0.8966708241389235,0.5149483154848854,0.5265855655523405,0.560527544915751,0.32196391853292267,0.593499753440207,boot1203
C2,0.8631308388117246,0.4795484356092483,0.48559316378919687,0.36772096428020096,0.09369328678920187,0.39693715048328543,boot1204
C2,0.8953460448585562,0.5467888312039667,0.5467888312039667,0.600205146863324,0.23891661185821636,0.7089801896605609,boot1205
C2,0.9101075676444107,0.46817208390493914,0.46817208390493914,0.6401536657475698,0.005732719394754357,0.5704055797780585,boot1206
C2,0.8980980213673166,0.4870195612745211,0.485083101786352,0.5054159264121272,0.23915274678888013,0.7987895388697415,boot1207
C2,0.9248819707380919,0.5236860933730041,0.5312076171557403,0.6026620930917337,0.30556190367365593,0.5641142837052109,boot1208
C2,0.9140698772426817,0.41382051742723674,0.4261875673733381,0.3710114983830398,0.1008390226374416,0.7363151275601868,boot1209
C2,0.9060642092746729,0.2332112290311537,0.2312917950473582,0.5220860435923771,0.6257354787173343,0.38100764578340746,boot1210
C2,0.9010989010989011,0.37731707317073165,0.3753870625662778,0.4583775185577942,0.0,0.7015588547189818,boot1211
C2,0.9175451807228915,0.5364029187704056,0.5392460437815562,0.5430368771297568,-0.05875791689711156,0.7723822946959018,boot1212
C2,0.9217065166432254,0.5651143349993365,0.5651143349993365,0.5971909416604008,0.23397054270423281,0.7151196426201956,boot1213
C2,0.9071038251366119,0.40453640649554734,0.40453640649554734,0.48985332634887374,0.14091671031953903,0.7199214248297539,boot1214
C2,0.8817037001021052,0.29093871229158774,0.28896624644554314,0.4714193372046743,0.20217774921957796,0.5098824212025453,boot1215
C2,0.941263119130915,0.39170306865346666,0.39170306865346666,0.29470112948220734,0.05727733551064843,0.5700018711301627,boot1216
C2,0.8847403384570625,0.45604144327047264,0.4629213788370529,0.5386006700694375,0.21229515462590964,0.6378683118158118,boot1217
C2,0.92783889614022,0.4039306934153502,0.41330263525793376,0.4610995386551097,0.03280179644904236,0.6832145603243395,boot1218
C2,0.8841451581602948,0.48388670458449445,0.4868372332709852,0.7002588082604879,0.20358647936786659,0.7986097644768485,boot1219
C2,0.9303818071896944,0.4663816941873959,0.4663816941873959,0.5860146738587119,0.32525216348139036,0.6533082249238272,boot1220
C2,0.9202384864560349,0.5197140486995558,0.5197140486995558,0.6359410086814565,0.36002009555369235,0.9460852617026306,boot1221
C2,0.9226661670335846,0.4250442110653476,0.43446869468098726,0.4420082815734989,0.30723816586985214,0.7473615507202231,boot1222
C2,0.878759810851655,0.3037878137376447,0.3008192031799478,0.4858625946097183,0.18108524401950807,1.0202124949951519,boot1223
C2,0.9060121765601216,0.5653057721454268,0.5653057721454268,0.6708807041250481,0.3522363639683728,0.47471051701193023,boot1224
C2,0.893273024732942,0.37867579138678875,0.3893838471843586,0.5032786224857835,0.13531088689656462,0.44097720693628617,boot1225
C2,0.9302823124505838,0.7636765453889391,0.7646112780026342,0.6917021341344124,-0.08225647000517339,0.8590192719858446,boot1226
C2,0.9180034812061908,0.07293711092593501,0.07009540530544403,0.24249221294856313,0.10987928399231768,0.6668535856085487,boot1227
C2,0.9110364092609251,0.3903819543299755,0.3932453916477994,0.538326215750871,0.3636565393636203,0.5393979680331158,boot1228
C2,0.8852808607570396,0.4989819050838098,0.5097866313749947,0.5422008102485493,0.389952394327308,0.721952165820079,boot1229
C2,0.9057519387221086,0.5433870930907064,0.5587478589731292,0.4886643646345752,0.38209905132526706,0.5742334717907791,boot1230
C2,0.9201370956382928,0.4243224020197269,0.4328277508352671,0.49047511502948393,0.3704551928546391,0.9778066969009275,boot1231
C2,0.9321199739994427,0.3656928021344977,0.3656928021344977,0.34330344690177333,0.21549754411497182,0.6978015714199088,boot1232
C2,0.9068960600731903,0.5753020146461723,0.5858492182480188,0.5081834462707856,0.21861476556554552,0.36467518946308314,boot1233
C2,0.9145823501651721,0.42309642392426083,0.4259487593664469,0.5590577466684615,0.2842827657378741,0.9222551263068157,boot1234
C2,0.8756355103637073,0.4518457385867138,0.4558180088160475,0.2929549294133639,0.08937608016000932,0.43595665766937886,boot1235
C2,0.909952606635071,0.4386277173913043,0.43671648550724634,0.40422554347826084,0.3401992753623188,0.8084510869565217,boot1236
C2,0.8685000245978254,0.5646917313972447,0.5646917313972447,0.4695752163569286,0.08510425029923013,0.5798361935595122,boot1237
C2,0.9039268013724743,0.49253699594740796,0.4954229549080373,0.6185572038948892,0.10293253626244658,0.739928351718757,boot1238
C2,0.9296351451973194,0.3264487820166808,0.3264487820166808,0.24039351569709735,0.15995054935487804,0.31803033205063463,boot1239
C2,0.8807241228283614,0.2784270181187448,0.2784270181187448,0.4206025167325719,0.3396414689108092,0.777733830737469,boot1240
C2,0.9056478089165912,0.3206928562617924,0.3206928562617924,0.3687007688758332,0.2842068426751214,0.3158920650003883,boot1241
C2,0.9261870302068256,0.6421841262048682,0.6525116487023149,0.5332757071408847,0.4450223330717947,0.42061182535055697,boot1242
C2,0.9046575864368035,0.28451793054830765,0.2825955120986569,0.37583280690671717,0.35564741318538445,0.3931345729535736,boot1243
C2,0.9205425447036185,0.5507149285559115,0.5526041735938393,0.6310078426678369,0.08029291411192536,0.46664352436813095,boot1244
C2,0.9086595492289442,0.5598308548075831,0.5598308548075831,0.6277761380406401,0.18373935747530934,0.886159609490294,boot1245
C2,0.9320703904907833,0.33585819424650526,0.3339923153895803,0.3946333782396437,0.4664697142312574,0.5131166856543831,boot1246
C2,0.9093840390725021,0.3423244025083089,0.34041197567865356,0.49053748180659906,0.3490178964121027,0.7152476342911036,boot1247
C2,0.9235233548628662,0.630854317418627,0.6336790382428894,0.5489374135150141,0.46796208321948907,0.7363105615244273,boot1248
C2,0.9110364092609251,0.23480186006155013,0.23480186006155013,0.32929529154973497,0.3378856035032063,0.6366375636628209,boot1249
C2,0.9104173575252261,0.34957689122968955,0.34766663499346173,0.5644807178053184,0.3409807381666644,0.3639038130013981,boot1250
C2,0.9007837889504875,0.5985125858123569,0.6014086144533843,0.8089573337270244,0.11873717428212886,0.8134782390102581,boot1251
C2,0.8208756280118937,0.595334586017009,0.5995718428569877,0.7913077148660245,0.13135496203934005,0.4936404218575199,boot1252
C2,0.9152990001886436,0.5310690347324277,0.5310690347324277,0.5538698519660201,0.0038001362055987667,0.8455303057457256,boot1253
C2,0.9347413274049371,0.29117564941639773,0.29210592305670574,0.4493221682687544,0.2139629372708354,0.7274739867208404,boot1254
C2,0.906428299733739,0.7358072579320916,0.7463599043952636,0.7156612965023992,0.23023955919648234,0.9363075407323613,boot1255
C2,0.9127351801077809,0.47349321299573965,0.47254051035389705,0.6030607722863243,0.0057162158510552065,0.6478377964529234,boot1256
C2,0.8982035928143711,0.7028521739130436,0.7018840579710145,0.7880463768115942,0.3640115942028985,0.7870782608695652,boot1257
C2,0.907778516478298,0.6255117042859613,0.624553799685217,0.5076894383944248,0.2653395744061428,0.6810701711291245,boot1258
C2,0.9207957957957957,0.30219606870026056,0.30219606870026056,0.41268650631879333,0.2596997465392864,0.7526570836065863,boot1259
C2,0.8651502442394039,0.630199661775135,0.630199661775135,0.7196538402408241,0.3145972793231535,0.571903680303113,boot1260
C2,0.9344945798202537,0.25124020381243045,0.2614759158196036,0.29311357111450226,0.08281621533076412,0.7667478812646027,boot1261
C2,0.886522075910147,0.3374201758884647,0.3374201758884647,0.6297202119778904,0.09318289741105856,0.6012749064524096,boot1262
C2,0.9131462054626215,0.7275371918677382,0.7275371918677382,0.6970644299046918,0.13903197645640025,0.6551643822055025,boot1263
C2,0.909021914429371,0.4993422449701886,0.4993422449701886,0.6581369052480647,0.36254925448984965,0.4586076511916611,boot1264
C2,0.8579373355181489,0.20676487314856287,0.20473776654906717,0.36082497471023717,0.40744842649863866,0.7844902540048415,boot1265
C2,0.8986784140969163,0.509927536231884,0.509927536231884,0.6241048593350382,0.16062233589087807,0.4857374254049445,boot1266
C2,0.9243288747544663,0.33961185466768734,0.33961185466768734,0.2662331159860264,0.18532835282419505,,boot1267
C2,0.8937521042758886,0.48355009289026785,0.4923065332041761,0.5613851179027858,0.2704767119184999,0.6631475513994175,boot1268
C2,0.9117062553231757,0.48451913964130666,0.48642669530918586,0.5589138106885939,0.01716800101091244,0.5579600328546543,boot1269
C2,0.9036133091810468,0.8304822151068377,0.8295198950429828,0.7265516482105011,0.09334504619393194,0.4359309889263007,boot1270
C2,0.9092288722375036,0.36533586117435746,0.36533586117435746,0.5059232213644899,0.29169486297952624,0.9133396529358937,boot1271
C2,0.9241276078211245,0.4064938334639118,0.4064938334639118,0.44695502522073643,0.23147565516694982,0.647379068109193,boot1272
C2,0.9096425523845644,0.4722351832213973,0.47892677488647784,0.5764328248633657,0.3450949415848673,0.5630496415332046,boot1273
C2,0.9122724048238353,0.22209232086911446,0.22209232086911446,0.2335305519868371,0.38032118466427745,0.47849933509139675,boot1274
C2,0.9152990001886436,0.252709057672318,0.2508089895695186,0.32491164557869456,0.1814565038173411,0.4816672640596437,boot1275
C2,0.9260366081434441,0.5408744760334636,0.5408744760334636,0.6188129856007856,0.2779493835171966,0.7033246224810145,boot1276
C2,0.9104173575252261,0.46228200916713047,0.46228200916713047,0.3772756066549929,-0.05635255896872045,0.6485319921993421,boot1277
C2,0.8502299540091981,0.4428469467053867,0.4459151703546157,0.6023945764652952,0.40296003926540963,0.7178218832477568,boot1278
C2,0.9017285837073823,0.751214186382767,0.751214186382767,0.688532643231445,0.25169050403838533,0.6567097059392354,boot1279
C2,0.8947621335896203,0.3226507261943679,0.3304254424882081,0.47717321253444167,0.43246859384486064,0.6035123523093449,boot1280
C2,0.9400921658986175,0.5679369138959931,0.5679369138959931,0.5318627450980391,0.16464620630861038,0.6114109121909633,boot1281
C2,0.8889962322480919,0.41571066781323535,0.41571066781323535,0.5458036532700831,0.42157952430001044,0.5199959253358676,boot1282
C2,0.9146847867119667,0.34699528073354985,0.34509393672953037,0.40783828886217227,0.3260804966893359,0.7976138096861598,boot1283
C2,0.9405315767653968,0.45857508506986583,0.4567259919849067,0.4548768988999476,0.07119008377092675,0.7701472698854804,boot1284
C2,0.9042923157543709,0.45002762342356367,0.4663747806846761,0.46445158571278056,0.2096282519366173,0.6134991960346874,boot1285
C2,0.9380857842005632,0.5710055337524662,0.5710055337524662,0.597887287776527,0.21412707515717486,0.40137239629028876,boot1286
C2,0.8916730917501927,0.47882629372732566,0.4768758811255851,0.5714708923100058,0.22039662399669163,0.719702250042294,boot1287
C2,0.8983091440341044,0.33492875722744364,0.3358967594159623,0.5304651993082056,0.14520032827779347,0.5720892934145063,boot1288
C2,0.9321199739994427,0.5466734235990195,0.5466734235990195,0.4925658151199356,0.24255134835451375,0.7798958739398981,boot1289
C2,0.9032996376120541,0.3330783636897767,0.33019040099882496,0.4331944036427732,0.4100907021151586,0.48421507784958867,boot1290
C2,0.8984674329501915,0.6290905719847966,0.6329618985816261,0.5565031982942431,0.39584314452581804,0.3077704644479466,boot1291
C2,0.8486183420104124,0.5369341568007878,0.543082257832858,0.5799708640252785,0.026641771138970392,0.6793651640437449,boot1292
C2,0.8782676550916894,0.4098978231896935,0.4079176404689703,0.47524385297355765,0.5514808877213991,0.5296988777934445,boot1293
C2,0.8783223603999024,0.55144653936219,0.5554066581367839,0.6593597759698717,0.21681650290901192,0.4158124713323516,boot1294
C2,0.9339019189765456,0.573563629144332,0.573563629144332,0.45624379591026415,0.06610879491760971,0.43855270994639667,boot1295
C2,0.9311770993075886,0.575241996727956,0.575241996727956,0.4902630653931443,0.029882701128724987,0.5799111687793194,boot1296
C2,0.852753391859537,0.49966023071758464,0.504758804500417,0.5690008341641065,0.3293678663709792,0.5169953815792151,boot1297
C2,0.8728252879196275,0.17633889119449256,0.17633889119449256,0.3975097038791103,0.01992529844005566,,boot1298
C2,0.9251834197859713,0.3759536536409035,0.3759536536409035,0.5752090900705825,0.2763259354260641,0.7161917101859212,boot1299
C2,0.8970411931137006,0.3014742072992158,0.3014742072992158,0.6795286794750811,0.2840255393526374,0.6465700844648776,boot1300
C2,0.9084005695301376,0.4345908863749944,0.44703511880423424,0.36949797828358544,0.268986870201263,,boot1301
C2,0.9215548365921131,0.5246331978002045,0.5321818769052433,0.5161409338070356,0.5444484804509316,0.44914640674981526,boot1302
C2,0.906636242631679,0.5917717756054859,0.5917717756054859,0.5284704187335862,0.008632003209804492,0.7423522760431864,boot1303
C2,0.903351928670195,0.7257992739089127,0.7277244709219337,0.6882579321550034,0.2242854520169452,0.5833346949453595,boot1304
C2,0.9113971980310488,0.5486082260074782,0.5505164285327215,0.6249363270172142,0.10781344267625222,0.7251169595924928,boot1305
C2,0.9290370646302849,0.3640983577978452,0.37345821275408797,0.3987298211359436,0.44178515393466056,0.5944800385627247,boot1306
C2,0.933061186621515,0.5153676651780503,0.5181635114629222,0.5507817181197608,0.2572178582082132,0.7464909580607924,boot1307
C2,0.8682216317291604,0.6149501739721842,0.6199579115452474,0.7261219480941914,0.47273042689718386,0.5062218793728271,boot1308
C2,0.9212513484358144,0.36528764891558907,0.36528764891558907,0.4662844924142144,0.07456776295692903,0.2954393646268201,boot1309
C2,0.9171884562873688,0.44464808094874636,0.44275192708542555,0.39629615743406404,-0.03223461567645496,0.8750750079225861,boot1310
C2,0.8924203024174131,0.5739155772858229,0.5865826443566474,0.5563765613416041,-0.26405962893795926,0.6986374684447113,boot1311
C2,0.9160147044961824,0.69203369811287,0.6958308651807047,0.7641798724017288,0.22593144053616326,0.8125937525166209,boot1312
C2,0.936317809739629,0.41884700788991064,0.41884700788991064,0.3761264704998089,0.21638880895421106,0.43649244724669173,boot1313
C2,0.9159636140830465,0.41771167519049984,0.41771167519049984,0.3958767467146328,0.11676940011007154,0.9018774805249429,boot1314
C2,0.9258861439312567,0.5822858872188035,0.5897992535054978,0.5372056894986381,0.09297790779784121,0.5456582265711691,boot1315
C2,0.8900685262040343,0.7610552271034293,0.7600782627554147,0.616464503597258,0.20809340612712507,0.7395620114471066,boot1316
C2,0.9141724105372486,0.18928976226615052,0.18928976226615052,0.33197048759239456,-0.03614578374931517,0.7134036266312206,boot1317
C2,0.8561766461110005,0.21836208986584774,0.21836208986584774,0.35141061903992243,0.17875222240181027,0.6114138516243737,boot1318
C2,0.9181561618062088,0.5104748752672843,0.5104748752672843,0.5909764789736278,0.28128207412687095,0.6885254811119029,boot1319
C2,0.9028287935887038,0.45749923041226925,0.45749923041226925,0.48254129355062503,0.11750506549536179,0.5393675137492017,boot1320
C2,0.9043967036631259,0.3913250037785278,0.3990168957446905,0.6115054113099354,0.29133040821841255,0.5557391945552558,boot1321
C2,0.9239766081871345,0.6051348376444688,0.6051348376444688,0.6870115575123831,0.03764446890478811,0.5834892680242156,boot1322
C2,0.922211808809747,0.2385569105691057,0.2385569105691057,0.3592497348886532,0.38470837751855774,0.7741313184870978,boot1323
C2,0.9107785565448,0.44873218548795485,0.44873218548795485,0.5232026332923388,0.21863759675902483,0.6435010489763439,boot1324
C2,0.9000478240076518,0.574848680866793,0.574848680866793,0.36326572101834304,0.0937148269648385,0.3526382664140831,boot1325
C2,0.9217065166432254,0.6037949489141493,0.6037949489141493,0.7538002565350082,0.3481255252333142,0.8217271882878501,boot1326
C2,0.9175451807228915,0.46058625180639057,0.46058625180639057,0.4653247934916415,0.380978751494175,0.7050950027653387,boot1327
C2,0.9051268624744133,0.6753797430726101,0.6724976104563685,0.6090906928990537,0.43520202505247846,0.5088070290158025,boot1328
C2,0.9233721855544631,0.3211291652156281,0.3211291652156281,0.4247192185109919,0.30700324885716934,0.9822220507914958,boot1329
C2,0.9190205386097664,0.26587852591041083,0.26587852591041083,0.3453582276060497,0.2261386750625914,0.6329990527902665,boot1330
C2,0.8648702003750862,0.14076000119091334,0.13874914403104316,0.3438565743378026,0.295596002500918,,boot1331
C2,0.9141211463103723,0.49750802782680564,0.49750802782680564,0.3966746608102828,0.126517337860354,0.42616366437171876,boot1332
C2,0.9252336448598131,0.5310057092665788,0.5310057092665788,0.718032498902064,0.37687307861220903,0.9417127799736493,boot1333
C2,0.9327641408751334,0.4241717242065466,0.4241717242065466,0.5015481046662023,0.21348423042483333,0.8157148542433589,boot1334
C2,0.8943902321780511,0.3247293766854077,0.3247293766854077,0.42389822824801726,0.15944795741439177,0.8776406997997298,boot1335
C2,0.9144286590834001,0.6333248953101647,0.6333248953101647,0.724614970309828,0.052301605468557145,0.6846755624974753,boot1336
C2,0.9233217863495926,0.42850951830918854,0.42662595998695035,0.5980297673106257,0.07063343708393217,0.7364713039951328,boot1337
C2,0.8845780795344325,0.5298522120518688,0.5298522120518688,0.6527307398932113,0.3696186117467582,0.34897501906941264,boot1338
C2,0.9008363201911588,0.5357340560488987,0.5357340560488987,0.7201037942567178,0.33012801291661864,0.7432706723561298,boot1339
C2,0.8943902321780511,0.6202914440876951,0.6300138805154019,0.7252937575069285,0.21486584505232065,0.4268149591763293,boot1340
C2,0.8812141258877322,0.3956991177628232,0.3996462411320284,0.5466765866349228,0.2131446619370818,0.8944899334365267,boot1341
C2,0.9392122497924545,0.5064373617551859,0.5166216597063872,0.5842083642916315,0.35089535668229527,0.7360469882913581,boot1342
C2,0.8823014870249781,0.39225475827849454,0.3952114524363727,0.4868689713305937,0.36860120501546983,0.3863413699627384,boot1343
C2,0.8734877797913502,0.26480547659331716,0.26480547659331716,0.3404641841914078,0.13439375691766095,0.9517069008391397,boot1344
C2,0.9115002366303833,0.5638101042936475,0.5752580251930111,0.6191417219739039,0.07441148584586212,0.8509621201860129,boot1345
C2,0.8868454167069983,0.2333625656065222,0.23140153564344215,0.47947182597306454,0.4039721723944838,,boot1346
C2,0.9191221391982707,0.5695415642214683,0.5695415642214683,0.5458895059066232,0.23179017148548128,0.5752180582170311,boot1347
C2,0.8956112551618169,0.4611861182854851,0.4611861182854851,0.6310967934432955,0.3446759410344152,0.7068284086564909,boot1348
C2,0.9053873976775176,0.3534398654331371,0.3534398654331371,0.5301597981497056,0.27756554649504517,0.5474476176545873,boot1349
C2,0.9019907385305772,0.4569602496306626,0.4569602496306626,0.5649339795011988,-0.04145419986100947,0.7587082625724293,boot1350
C2,0.9154013015184382,0.31822583968679163,0.31822583968679163,0.47591386771069427,0.032297547908510194,0.633601895734597,boot1351
C2,0.904866203218741,0.5266212147557036,0.5266212147557036,0.47088393290199776,0.026907653308685588,0.5862024470820788,boot1352
C2,0.903351928670195,0.7951063663776683,0.7951063663776683,0.7979941618971997,0.23487403558856057,0.7055847052721924,boot1353
C2,0.9165763813651137,0.4439962997224791,0.44873984993318944,0.5284314934731216,0.5777644156645081,0.7466348031657931,boot1354
C2,0.9014663036729235,0.5797318141819203,0.5806964261855508,0.8970891633763493,0.23247149287494642,0.8102740830496059,boot1355
C2,0.924630634000374,0.38934466019417474,0.38934466019417474,0.36865484733361475,0.34796503447305466,0.5949614732535006,boot1356
C2,0.9097976015547233,0.49796073048189876,0.504651181755168,0.5772903670078059,-0.0038231150132967276,0.6615427265718613,boot1357
C2,0.9345932925699462,0.5201053339309727,0.5294095438402924,0.5638351205047754,0.018608419818639452,0.8317963658931836,boot1358
C2,0.9181052730608212,0.19795020872594754,0.20836864076415526,0.23867680669348693,0.1420695277937422,0.6620439995188389,boot1359
C2,0.9158614188074476,0.6437275392154668,0.6418286379198458,0.7215824923359213,0.0655120946989192,0.725380294927163,boot1360
C2,0.9186139451784286,0.5092738787735828,0.5092738787735828,0.5878421537516635,0.05490313191239369,0.3048070426860477,boot1361
C2,0.9019907385305772,0.6034960258835331,0.6015679235644165,0.7837735927209465,0.4935941936938802,0.8030546159121137,boot1362
C2,0.9015187697010221,0.7513890194127347,0.7513890194127347,0.7571763546071846,0.38485779043091284,0.870029390898956,boot1363
C2,0.9184105337408887,0.2707891983347804,0.2679487521984016,0.43932233575992347,0.25564015227409337,,boot1364
C2,0.904866203218741,0.1566409817612768,0.16625085794295022,0.39688788630311234,0.3440335673039086,,boot1365
C2,0.9068960600731903,0.3451812087877034,0.3451812087877034,0.3327163318037031,0.25505055982646974,0.7095391513969458,boot1366
C2,0.9020431544777544,0.5379092883702095,0.5379092883702095,0.46368166255568233,-0.1397792953650186,0.8091067739405698,boot1367
C2,0.9247814501425833,0.38175882334841066,0.3836394086851024,0.4663851634995362,0.39868409137863575,0.7240253546262962,boot1368
C2,0.9383308714918759,0.47355132351179774,0.47169789367417825,0.5968044077134986,0.19090327327481477,0.831263282172373,boot1369
C2,0.8737635882871413,0.7334587682621365,0.737439548551212,0.6359296511797901,0.3891212732571172,0.5035687065680341,boot1370
C2,0.9241276078211245,0.1797229680361277,0.18913254751445902,0.22677086542778416,0.24464906643661366,,boot1371
C2,0.9210995402945866,0.7212551923264279,0.7278635514184241,0.5853118052910802,0.043426359747402735,0.4068861098071865,boot1372
C2,0.9124781313537284,0.34878739405299936,0.35736413325102395,0.35069333609700487,0.29351507477684097,0.7900129772402635,boot1373
C2,0.9201370956382928,0.5263865878062091,0.5282766653207737,0.5074858126605643,-0.11718480590299808,0.8637654241559697,boot1374
C2,0.9080896315989365,0.37536995617624064,0.37536995617624064,0.2709941265251941,0.0928849126252432,0.3763275325950576,boot1375
C2,0.9089184060721062,0.5721085594989561,0.5711518562222021,0.6735191068348916,0.3597204320595443,0.44773713352092215,boot1376
C2,0.9254846998364867,0.43878300375304524,0.4491183635844873,0.49891600640870876,0.12590347431029564,0.39932072076026603,boot1377
C2,0.9120151371807,0.3890095616092369,0.3890095616092369,0.5806539779902579,0.21357387696193397,0.5893632076268707,boot1378
C2,0.8985201858148556,0.45388639386734514,0.45388639386734514,0.37162553357155764,0.04354986721541691,0.9348704828909498,boot1379
C2,0.9198835352681506,0.5114068950821709,0.5114068950821709,0.4225487654375794,0.012288890269996714,0.5558359599044668,boot1380
C2,0.9003107817355963,0.4307691242005126,0.4355983744718188,0.448154425177215,0.17192130965850055,0.4761640767507909,boot1381
C2,0.889425398358281,0.43701883585894347,0.4487508851437472,0.4927460699617617,0.41648774961053664,0.44190718972761167,boot1382
C2,0.8831698552976593,0.5956803817136956,0.6006033600749658,0.7985070901980285,0.4154993736912058,0.7650308373413909,boot1383
C2,0.8452655889145496,0.26747445949156573,0.26747445949156573,0.44750534568781175,0.036006177239249225,0.4608532670160974,boot1384
C2,0.9092805994214446,0.5661427385816844,0.5737933161300854,0.6742071464528504,0.3834851996136071,0.6617749579366986,boot1385
C2,0.9165763813651137,0.33584335491828554,0.3386894850447117,0.39371466748895056,0.3007410833590297,0.593892486380923,boot1386
C2,0.8927402272289621,0.263964999812432,0.263964999812432,0.4675394830626102,0.28247177101699367,0.3827979517575121,boot1387
C2,0.9252838652399419,0.250921821686874,0.250921821686874,0.31858613315299733,0.039470848355238605,0.955758399458992,boot1388
C2,0.9105721864342554,0.6627462049250031,0.6627462049250031,0.8145857533156019,0.20436266261376176,0.7209991134270566,boot1389
C2,0.8704449464689126,0.45853610432427655,0.4715229656667942,0.45354115765407754,-0.030968669355234367,0.46952498699871453,boot1390
C2,0.9034564958283671,0.4754686245267867,0.4754686245267867,0.5717173339451647,0.3128083056097281,0.7199403464494666,boot1391
C2,0.9166784419009938,0.382287579363129,0.382287579363129,0.36616130430314586,0.14418787112455486,0.48568546063007956,boot1392
C2,0.8936988936988937,0.4251991388589882,0.4359020920110451,0.3551434455000702,0.20043712266579303,,boot1393
C2,0.8899613899613898,0.3019183250023578,0.3009412430444214,0.26381212864283693,0.3331849476563237,0.6797082804791109,boot1394
C2,0.8888352094304073,0.33556374275086615,0.340455342499421,0.3707832609404614,0.49209493470462284,0.13989975280867012,boot1395
C2,0.9010463949543696,0.3522474604250531,0.3503173373542309,0.5462248290426851,0.16599058409070994,0.4111162140851304,boot1396
C2,0.9345439384814934,0.4140592066413507,0.4140592066413507,0.45872177275097953,-0.0976993633648131,0.8243965327735656,boot1397
C2,0.930829304574191,0.5081957303409822,0.5081957303409822,0.7146502457920063,0.4437370807205267,0.34564783129809445,boot1398
C2,0.915656970439866,0.45488840534937963,0.4653346944075074,0.442542791007956,0.01994291547460746,0.5042708627150743,boot1399
C2,0.9223128104207664,0.4223786257653535,0.4336923389554969,0.5034602369613812,0.5506007085869786,0.8777555816686252,boot1400
C2,0.9071038251366119,0.4984808800419068,0.4994394971189104,0.6135149292823469,0.4342535358826611,0.6359885949629902,boot1401
C2,0.8768982860491235,0.5652333706183994,0.5672166456030253,0.5434173457875138,0.32823200995559687,0.7744688814964384,boot1402
C2,0.8830071390413287,0.7907760183267734,0.7956999038705266,0.6716179881679445,0.42640848808903214,0.5662468375316246,boot1403
C2,0.9165253438854343,0.47058638443935924,0.47058638443935924,0.4563549413615561,-0.13662185354691075,0.36432494279176203,boot1404
C2,0.9227166276346603,0.3383204590598102,0.3420900463473847,0.41936658574266167,0.10366365040829839,0.7218759655705143,boot1405
C2,0.9236241108199176,0.5159260499462469,0.5253407588868719,0.6844493399834334,0.512160166369997,0.6147804938228089,boot1406
C2,0.9162190180001885,0.683337656413513,0.6871339767269214,0.7507223419765122,0.1328712109692942,0.684286736491865,boot1407
C2,0.9072076780538794,0.3441041346928923,0.3421871200149375,0.5626438079797432,0.43899636125165653,0.7562622904531812,boot1408
C2,0.9166274140367404,0.4809692122078735,0.49140444166406005,0.43163903659680947,-0.1385039546002949,0.4800205549845838,boot1409
C2,0.9010989010989011,0.3560869565217391,0.3638069989395546,0.55101802757158,0.5288229056203605,0.4660975609756097,boot1410
C2,0.9305310146005765,0.3812689777437885,0.3812689777437885,0.5167689820890075,0.46724139429385847,0.6616138143201036,boot1411
C2,0.9076747720364742,0.5039154093945074,0.5039154093945074,0.49529328261779526,0.19735090177807704,0.330514859773964,boot1412
C2,0.8765142633841343,0.6557595611467563,0.6587357770067263,0.7906813467987361,0.3075423055302487,0.8015941382852935,boot1413
C2,0.9083487588400018,0.4709931981443702,0.472907804640892,0.6404358730865523,0.2910201874713182,0.6940448549891634,boot1414
C2,0.9302823124505837,0.48138729605300334,0.48138729605300334,0.4767136329845276,0.3065922972920099,0.650573899131826,boot1415
C2,0.9202384864560349,0.47057744773159793,0.4696325130975988,0.5556215647915252,0.279700651663761,0.726654733545379,boot1416
C2,0.9105721864342554,0.6044932964229495,0.6178628164070273,0.6302773706779567,0.2807599196656353,0.6159528849807304,boot1417
C2,0.9047619047619047,0.6525858123569794,0.6583524027459954,0.6631578947368422,0.21432494279176204,0.5247597254004577,boot1418
C2,0.910262484601535,0.5464262372249228,0.5454709466004037,0.40886438729417307,0.30855887171966795,0.7814277308566202,boot1419
C2,0.9036133091810468,0.47634843160820933,0.4830846720551942,0.42438314816004113,-0.13183784874813068,0.6524530032936686,boot1420
C2,0.9195791055993986,0.4642955882091648,0.4746973223645635,0.5475094614523551,0.229783763614719,0.7243389420941349,boot1421
C2,0.9256352765321375,0.5241993294834213,0.5241993294834213,0.4800463393656421,0.09957908409541695,0.7026901405978481,boot1422
C2,0.9338030780641572,0.5103021721863452,0.5121645888731566,0.40507562938149666,0.1294379597333978,0.5270639223676485,boot1423
C2,0.9002582002486373,0.027045381069822003,0.027045381069822003,0.2936355659009246,0.1738631640202843,0.6036915417370983,boot1424
C2,0.9307796011343032,0.5979092563397654,0.5969750231267346,0.5530660621142831,0.3680878859341681,0.7981708582968597,boot1425
C2,0.9367603550295857,0.4093664498189122,0.4093664498189122,0.43907104481710985,0.2812653838891845,,boot1426
C2,0.8930599672730772,0.3300815393122581,0.3300815393122581,0.5472148232846284,0.43621395165749743,0.7692165665388906,boot1427
C2,0.9251834197859713,0.6400610953236383,0.6485200525305587,0.5611108280590485,0.3505767820201425,0.7415685818066822,boot1428
C2,0.9243288747544663,0.5710371074329259,0.5832668972132027,0.5653925890727981,0.20414341402462094,0.6086672298337776,boot1429
C2,0.92783889614022,0.692586502166923,0.6907121137984062,0.7947406682510834,0.36175695512372424,0.424548965469034,boot1430
C2,0.9026717557251908,0.34005331372368786,0.34390660906333304,0.40363268682783343,0.41904586818641415,0.609783987498851,boot1431
C2,0.9144798942797808,0.48970577675654337,0.48970577675654337,0.6171243672135857,0.22060532079129722,0.4421615265860051,boot1432
C2,0.9182070457645454,0.5142346872870296,0.5246519645617207,0.5805264517623372,0.3011540157592549,0.41858514140122843,boot1433
C2,0.8734326018808778,0.5017683890221779,0.5067462500243821,0.5853964538592076,0.0019911444008816584,0.6560820800905064,boot1434
C2,0.9043967036631257,0.6355425737041941,0.6355425737041941,0.7018851419123474,0.10960946051781863,0.7432290612304718,boot1435
C2,0.9052831984769157,0.3016111187308554,0.3044927536231884,0.5523133543638274,0.22380697663786403,0.7050400036574772,boot1436
C2,0.9272388059701492,0.6142594698626541,0.6198862741667397,0.5926900533636602,0.26445980229201294,0.5120391916717697,boot1437
C2,0.904866203218741,0.4132246758119572,0.42571751484813264,0.3555654187219166,0.3132819635225536,0.11051357608924436,boot1438
C2,0.9095391617674947,0.5774544004061355,0.5803225514015302,0.543036588461399,-0.0019121006635964752,0.619520615005258,boot1439
C2,0.8978868177679811,0.41062597743715396,0.41062597743715396,0.6595195533837309,0.24308283098284353,0.6643618408535087,boot1440
C2,0.8971998465669352,0.3227432756473409,0.3266200717512129,0.62707176980129,0.11145788798631893,0.7530676431771287,boot1441
C2,0.9301827991999627,0.7123424516364679,0.7123424516364679,0.6983199624310258,0.48330846128091065,0.6029670358340181,boot1442
C2,0.9131462054626217,0.6199302511857299,0.6275484416764914,0.5447006200894584,0.01237955954748769,0.5866006677886475,boot1443
C2,0.8898542330340766,0.3381110681370098,0.3381110681370098,0.42410463459960185,0.19739432301640458,,boot1444
C2,0.8821385176184688,0.6703078212959637,0.6722793148880106,0.7205809078931609,0.17842017008024916,0.8142268535153911,boot1445
C2,0.9364653657634329,0.3379962043469673,0.34728181435649946,0.38720993739748727,0.42063813343180273,0.6202787486367421,boot1446
C2,0.9313757375830506,0.32397143092626096,0.3230377956786348,0.4033304269744804,0.28569238577359035,0.5116321156991094,boot1447
C2,0.9046054198218791,0.5950228218522096,0.6036742037531304,0.5556109709702378,0.109584170744995,0.6084805270314196,boot1448
C2,0.9017285837073823,0.2931567556615676,0.29508541852776216,0.3529453045135979,0.11186244623928239,0.3346230072847499,boot1449
C2,0.9239262655562832,0.58916803903092,0.58916803903092,0.6851666651988975,0.02070558603623042,0.91951625260896,boot1450
C2,0.9154013015184382,0.5424088192870389,0.5424088192870389,0.4512157428394806,0.26123016690706774,0.7893900679991755,boot1451
C2,0.9039268013724743,0.23472466213118656,0.23472466213118656,0.3203414446298571,-0.09523664570076833,0.5666099426035611,boot1452
C2,0.9147359977351012,0.48861805247175233,0.48861805247175233,0.36503761118512235,0.015209900466046766,0.4097166938041348,boot1453
C2,0.8856049227191238,0.4143569128008487,0.4143569128008487,0.7305249837057617,0.371153822366637,0.6833943395957127,boot1454
C2,0.9122209610291335,0.6472497430256253,0.6491562223865255,0.6253252303752727,0.20685301065767403,0.7034908841721819,boot1455
C2,0.9003633581946834,0.3834200805289793,0.3834200805289793,0.6741239703003213,0.02704222230431089,0.5157338110893576,boot1456
C2,0.873267035712536,0.49389743364601774,0.4998719993756067,0.4182196010712248,0.2658681749667071,0.6323082063814945,boot1457
C2,0.929286346073274,0.3902012519439108,0.3902012519439108,0.3293785148303516,0.18527541459207275,0.5240112735937411,boot1458
C2,0.9128379655889581,0.32578761571989484,0.33150318792550704,0.36865440726198623,0.1143114441122438,0.7841564748686031,boot1459
C2,0.9138647525500566,0.5328540359832485,0.5433208116900623,0.49098693315599334,0.186498912594137,0.7786146994531664,boot1460
C2,0.913402938536401,0.4293547748728304,0.4312587871782532,0.5416915008927728,0.2703697473700307,,boot1461
C2,0.9160657900937837,0.37400009841771165,0.3730508595892403,0.22876655766159518,0.34077673942121434,,boot1462
C2,0.9206438594021304,0.4212552801996392,0.4212552801996392,0.5043729139610029,0.22007282575452003,0.767893593727145,boot1463
C2,0.9125295508274232,0.27158143726064427,0.27158143726064427,0.3211331380941654,0.08480964181121874,0.7899684613651723,boot1464
C2,0.9363669996300407,0.7336402521773487,0.7336402521773487,0.630559153453696,0.20894817308848537,0.6612048855066738,boot1465
C2,0.9236744817258645,0.4923624260420201,0.49989378246331284,0.43305299422433885,0.1402715133465793,0.9696621392414543,boot1466
C2,0.8990474366952276,0.2640475848754358,0.2640475848754358,0.3801124573481548,0.3104735338645233,0.807618070956003,boot1467
C2,0.9006787114042634,0.22881295395605109,0.22784749845412677,0.5647914686256956,0.5416205365795133,0.8331880981606415,boot1468
C2,0.9020955654207837,0.6198128626447703,0.6188489235115746,0.6390916453086822,0.1416990525797531,0.6198128626447703,boot1469
C2,0.902567038839584,0.5366336296854743,0.5472314212950619,0.5896225877334118,0.2697619682440446,0.6239602098352977,boot1470
C2,0.8793061443258783,0.4588598220007806,0.4657822762119992,0.5933532181044575,0.4074358764317276,0.7782816377470138,boot1471
C2,0.9099009431726621,0.3593319956336031,0.36219900623706275,0.5275299510365663,0.2608979649148236,0.5217959298296472,boot1472
C2,0.9202891747253779,0.4771657070872847,0.4752759419107014,0.5092917150892009,0.28913407201724584,0.7804730179289053,boot1473
C2,0.9201370956382928,0.6171103085053045,0.6171103085053045,0.81745852504914,0.10584434081561118,0.3487193014371475,boot1474
C2,0.9238759182145697,0.3181304303788549,0.3181304303788549,0.33224864474478044,0.42166400239564206,0.5524927888532184,boot1475
C2,0.8936456780027899,0.21309875635978975,0.21504486372380605,0.3970059022593343,0.18001493117151185,0.7372484529485983,boot1476
C2,0.9092288722375035,0.4781882999664366,0.4781882999664366,0.3873325229728136,0.10041954299295168,,boot1477
C2,0.9181561618062088,0.46975053456878113,0.46975053456878113,0.6913667141838916,0.3750427655024946,0.39682555238774053,boot1478
C2,0.9001004256133135,0.446327008634669,0.446327008634669,0.4666145999362448,0.11689516892812758,0.7322854384092621,boot1479
C2,0.8985201858148556,0.6329247368640591,0.6319569620370499,0.5516316513952808,0.38420660632267806,0.7838976098775045,boot1480
C2,0.9245300663985785,0.3291919183034418,0.3291919183034418,0.2784023080509108,-0.0075243867040786705,0.582199421228087,boot1481
C2,0.9145823501651723,0.4782415758065239,0.4887001390945393,0.43925965809664824,0.25290707587382777,0.5571561897070041,boot1482
C2,0.9192237206898172,0.5467751585816335,0.5467751585816335,0.5410992918835541,0.1295989562728093,0.6848879149015616,boot1483
C2,0.9271887681328419,0.3038638302339926,0.30480168156187526,0.284168952348456,0.033762647803776955,0.7709137915195738,boot1484
C2,0.9238255661613324,0.5478165738848566,0.548757839475724,0.4226282502994856,0.26449563103375384,0.5275247936169394,boot1485
C2,0.9107785565448,0.33416226578890257,0.3322527671272517,0.3236600231498228,0.06014920784200246,,boot1486
C2,0.9050747405503188,0.704241623139619,0.704241623139619,0.6802224681894273,0.3256997411245987,0.6648502090213047,boot1487
C2,0.8980452280567267,0.5587014047393717,0.5587014047393717,0.4473484384568279,0.47542875169329546,0.4299192785169515,boot1488
C2,0.8966178939793715,0.2957975667062135,0.2996768790564589,0.4024786563379626,0.4024786563379626,0.8030176565008026,boot1489
C2,0.9256352765321375,0.5223204788401116,0.5223204788401116,0.6275361148654578,0.3400719664390655,0.7412065787856978,boot1490
C2,0.8872762457668117,0.5086401782750937,0.5086401782750937,0.6732867099710778,0.2959717415011142,0.6027239106727988,boot1491
C2,0.9329621897471584,0.6487051650703738,0.6487051650703738,0.722336929496465,0.2125068644196052,0.7085102554459687,boot1492
C2,0.940336328035015,0.6278974500990563,0.6371448352256992,0.5668647082632128,0.1451839464882943,0.7758556121253435,boot1493
C2,0.911654757961482,0.6295289290888657,0.6295289290888657,0.6257136022459028,0.24799624479258348,0.5389149165684987,boot1494
C2,0.9162700843424587,0.7658649370162188,0.763966882649388,0.6927898438932338,0.3444968675797861,0.5997851799185256,boot1495
C2,0.897411313518696,0.4883612040133779,0.4883612040133779,0.670527684875511,0.309101635079896,0.7296348940914159,boot1496
C2,0.9156058462989155,0.63820892849147,0.63820892849147,0.7160856132181077,0.22793176017552502,0.6041505158126689,boot1497
C2,0.901518769701022,0.4678095948846937,0.4668450390189521,0.5903081898338817,0.2797212010650746,0.5237538350977087,boot1498
C2,0.9048140564735012,0.18067608443962418,0.19028651446300845,0.33059879280441873,0.45072916809672203,0.6602365426064991,boot1499
C2,0.917494234480162,0.5781341862156024,0.5781341862156024,0.6719625213555117,0.2805372444587186,0.5534924012293636,boot1500
C2,0.9228679810799418,0.6369557715813766,0.6341290447844178,0.5907859005643834,0.28738389102414186,0.5483849986100018,boot1501
C2,0.9236744817258645,0.7540770616819463,0.7531356421292849,0.7606669985505777,0.2231164339808007,0.722068796891452,boot1502
C2,0.9019383175785353,0.10026714781504018,0.11280054129192017,0.2082471531543142,0.13208268510250484,0.567018306281647,boot1503
C2,0.9075191184154277,0.361233257023744,0.361233257023744,0.4541765618813121,0.4330966370682553,0.2510427409554931,boot1504
C2,0.9353330555941303,0.43974105840279903,0.43974105840279903,0.4276551519350688,0.16641363520951594,0.5187642929994966,boot1505
C2,0.9075191184154277,0.4800473786973361,0.4905873411038645,0.4647165242878404,0.30374255298813485,0.3027843745875413,boot1506
C2,0.9281386895330414,0.4019264388693381,0.4047371132670257,0.4234749425849436,0.2051792310312006,0.7710616764323199,boot1507
C2,0.8873839009287926,0.4821206317905155,0.4821206317905155,0.6506668689205332,0.2900563150609606,0.6535590771912186,boot1508
C2,0.9073634204275534,0.5960892328704758,0.5999226041429546,0.5797974049624403,0.410170726155247,0.8979672205781926,boot1509
C2,0.9098492748127786,0.38228978863350144,0.38228978863350144,0.49315382733721697,0.19496779220308574,0.403315727008344,boot1510
C2,0.9245803525506149,0.30566158460165077,0.30566158460165077,0.3028400930514817,0.2699226916328424,0.5511313494663611,boot1511
C2,0.9062202777249381,0.42508140765889096,0.42412185594859997,0.47977585514547516,0.2907441682181579,0.6486569561566823,boot1512
C2,0.9230697195298965,0.1582621046177733,0.1705085769989105,0.3080458822024516,0.08666734300497109,0.3052197731914199,boot1513
C2,0.9254344982246309,0.35048166748612763,0.35048166748612763,0.2640357870337852,0.13342733721991992,0.5947852426775304,boot1514
C2,0.9034042147420616,0.6054394177198924,0.6054394177198924,0.7267198098227643,0.35325320556947615,0.7610681944319808,boot1515
C2,0.9117577478116866,0.4987976354324136,0.4987976354324136,0.4310832336815505,-0.065806953814219,0.6357952562734663,boot1516
C2,0.9099009431726621,0.5313526318411791,0.5313526318411791,0.7243980124741255,0.13857217916721398,,boot1517
C2,0.9194268264035705,0.41046366443758187,0.41046366443758187,0.36222945502210574,-0.15132300993090578,0.4416740352358312,boot1518
C2,0.8858208593712154,0.3092194551307962,0.3121644023225181,0.47020990161159165,0.07755027604867587,0.7342734998026527,boot1519
C2,0.9075710078844874,0.383249447078847,0.38420757069654415,0.31618079384004877,0.5930785193545156,0.7878550223492665,boot1520
C2,0.9115517486157778,0.6095673391629385,0.6124291576566611,0.682066741003914,0.3758521621755833,0.5714097592466355,boot1521
C2,0.943936819872354,0.4532359348101025,0.45139351231087443,0.39612083733403264,0.42375717482245356,0.6237956384793713,boot1522
C2,0.9135569201700517,0.2541427993345623,0.25128726226338743,0.48068207364776766,0.3655087451103818,0.5920480194235872,boot1523
C2,0.8940180804000768,0.23635355084936016,0.23635355084936016,0.2703962433585273,0.3871140462471002,0.5393163648320976,boot1524
C2,0.9058560487131916,0.20638656882041068,0.20446669376161614,0.29182100893676677,0.36669613622975294,0.6793034927759887,boot1525
C2,0.8596926127912742,0.623074068502081,0.6342003911539039,0.588683616669174,0.374249034652224,0.21342309813951152,boot1526
C2,0.9227166276346603,0.2732950783491503,0.2732950783491503,0.34868682410064,0.09895166629883029,0.49381593467225776,boot1527
C2,0.9063763016499453,0.518068727675822,0.5161499546103561,0.6370326577347146,0.2724657752961731,0.74736210899901,boot1528
C2,0.8999426057011671,0.3285233658680863,0.335287082224194,0.31886091393078964,0.49568378438331845,0.6396543182490386,boot1529
C2,0.9322191272051995,0.5288922570587216,0.5288922570587216,0.5102364455222588,0.12779230902477048,0.8600329118309371,boot1530
C2,0.9378896328792427,0.44503243208528676,0.44503243208528676,0.5294031640014557,0.22807912144370943,0.7101975895361035,boot1531
C2,0.9232209737827716,0.38899726607284585,0.38899726607284585,0.4671734720874856,0.4718828820883675,0.8232048681541582,boot1532
C2,0.8918332931823657,0.5245667441805838,0.5235917130575717,0.5304169309186573,0.4153632584032132,0.9526054071829563,boot1533
C2,0.926788297326303,0.6445822698357799,0.6445822698357799,0.7233958224794561,0.055357138166391574,0.7815677303831218,boot1534
C2,0.8815405563120017,0.6431428681069878,0.6569526842933342,0.6608983460608617,0.3501774818680685,0.7108668789550047,boot1535
C2,0.9268383725270622,0.49912553187763753,0.5066311789735417,0.5010019436516135,0.07411826507205518,0.7552557390253726,boot1536
C2,0.9346426420862476,0.7080129887479691,0.717316707391175,0.7117344762052517,0.004651859321602951,0.7545315819639987,boot1537
C2,0.9421396375678409,0.5703945391100583,0.5703945391100583,0.43656410517646865,0.24735556064966932,0.5593189169914163,boot1538
C2,0.9294856876890853,0.4125703773050881,0.4144414447758594,0.3611160218588752,0.40882824236354537,0.5323186954344561,boot1539
C2,0.9202384864560349,0.5017602906535712,0.5045950945555688,0.5962537540534906,0.33923153360571007,0.8258728701152944,boot1540
C2,0.926036608143444,0.20376694670010698,0.20376694670010698,0.32959538383289194,0.20940105582545557,0.5897034217864848,boot1541
C2,0.9104173575252261,0.4374486780961689,0.4508204717497636,0.5406025148524708,0.2750768980168049,0.426942268796916,boot1542
C2,0.9299837171435217,0.2786397546599387,0.2786397546599387,0.51987819996955,0.2683543945885986,0.6788337647084411,boot1543
C2,0.8939117052996056,0.6352149586923775,0.6352149586923775,0.9182893124128703,0.27237394859703784,0.5087556254151814,boot1544
C2,0.9023051591657518,0.3353728974928594,0.3353728974928594,0.5550999682640432,0.14744842907013647,0.7044758277795409,boot1545
C2,0.9190205386097664,0.46836252784930016,0.46836252784930016,0.5847435196179142,0.24600860048650114,0.314134059082763,boot1546
C2,0.9067921479157754,0.7930488110594037,0.7930488110594037,0.5916700319512117,0.2320650692580117,0.38837335970865594,boot1547
C2,0.8933795227097768,0.47499166401288784,0.47499166401288784,0.6540868815915177,0.11096116741284677,0.968476855927917,boot1548
C2,0.8745902040416891,0.20282791132127792,0.20183365685401675,0.28336252316943233,0.3191556839908343,0.8620186231154311,boot1549
C2,0.9251331900177585,0.360935103270753,0.360935103270753,0.37879387140133713,0.12313150658455375,0.5968588296274171,boot1550
C2,0.9196806012212306,0.5455580228271972,0.5455580228271972,0.4254785273349025,0.11724297197672867,0.3923857529866323,boot1551
C2,0.9298343569700354,0.7705907334563302,0.7715259163852821,0.7883592091064154,0.17207365892714171,0.5508227451526438,boot1552
C2,0.9265378512088117,0.17268587547854122,0.17080885509290486,0.3632034446206274,0.30501581266590155,0.7132677465418005,boot1553
C2,0.9043445121951219,0.13365433591674453,0.14326975576687004,0.17596218325729676,0.08653877865112955,0.28846259550376513,boot1554
C2,0.9052310914370031,0.5408179436414929,0.5398573433863572,0.5667541505301613,0.08837522347249975,0.5148817367528246,boot1555
C2,0.9431118463376528,0.5854808368569564,0.5854808368569564,0.6168294170981163,0.29781151229101877,0.28213722217043885,boot1556
C2,0.9195791055993987,0.35744141006734065,0.35744141006734065,0.23734866118228173,0.1494067269593646,0.2808468221957677,boot1557
C2,0.9031427345128523,0.5902095625542387,0.5902095625542387,0.6941942815686886,0.06836032453727725,0.7779597496636621,boot1558
C2,0.906428299733739,0.47870641682935283,0.47870641682935283,0.6264434673137623,0.27916546552573485,0.6945560035760551,boot1559
C2,0.9236241108199176,0.39824218818843515,0.39824218818843515,0.41424719338749755,0.3803542412012478,0.45190602914999733,boot1560
C2,0.8845780795344326,0.41188882532418,0.4227021357742181,0.4974122807017544,0.1238615560640732,0.4482608695652174,boot1561
C2,0.9287876670858367,0.5439535958627846,0.5448898326887103,0.4334776504035616,0.10204981402589247,0.7159077343720108,boot1562
C2,0.921301941656505,0.4643711986401423,0.4643711986401423,0.6040600957920551,0.1075982045629598,0.581407842199853,boot1563
C2,0.9328136599851522,0.4894029308465544,0.4894029308465544,0.4940639111403311,0.2983027388017094,0.8203325317047007,boot1564
C2,0.9099009431726621,0.4510763349443103,0.4510763349443103,0.487391802588132,0.3077258047713303,1.0120547430212385,boot1565
C2,0.9207957957957957,0.5052340523582481,0.5052340523582481,0.5996703238270795,0.033052695014091,0.7857097786206774,boot1566
C2,0.8897470554161034,0.36942595108695647,0.373335220410628,0.7046457955917873,0.443702068236715,0.46031646286231875,boot1567
C2,0.894974536369751,0.4702587035878668,0.47997479250497144,0.47803157472155056,-0.015545742267367497,0.2628773586725756,boot1568
C2,0.9277389277389276,0.5220734105309154,0.5220734105309154,0.41615905615031684,0.21932707013327504,0.2840004369674459,boot1569
C2,0.9051268624744133,0.2401777180201316,0.2401777180201316,0.18253506569529998,0.23921700714805105,0.4630626403428137,boot1570
C2,0.8970411931137006,0.41682928983492856,0.42652299424969436,0.4808077389723827,-0.1366812322481975,0.8472297658505293,boot1571
C2,0.9001530221882174,0.436640736155509,0.436640736155509,0.5061941277555017,0.463689277333284,0.7158203218832572,boot1572
C2,0.9282885233679697,0.3512775913017289,0.3512775913017289,0.3494041108147863,0.1461314779815192,0.6098178984998014,boot1573
C2,0.8578239062422406,0.15712153475190155,0.15712153475190155,0.4429813592682645,0.36492743555280366,0.8717710960428087,boot1574
C2,0.9024099260319732,0.4307306922953119,0.4384395190030579,0.37195088864874803,0.36713287195640676,0.561780746326995,boot1575
C2,0.9126323751891072,0.7212771401286511,0.7279468098524298,0.7689176381556426,0.29346546784626754,0.8803964035388027,boot1576
C2,0.8936456780027899,0.41160170748945685,0.41160170748945685,0.42230529799154676,0.050598791464424954,0.3765717749371627,boot1577
C2,0.912426707017212,0.43839137645107795,0.43839137645107795,0.4374383517196625,0.07433592905040017,0.7709970077150479,boot1578
C2,0.8715533313708174,0.6954100623635491,0.6944123434792399,0.7053872512066417,0.2743726931850444,0.5248001331466668,boot1579
C2,0.8930599672730773,0.46542470734884756,0.46542470734884756,0.6036889509545721,-0.08179011593578076,0.9191651124211551,boot1580
C2,0.9040834802496783,0.4539788543590542,0.4626352308192905,0.5164971287940935,0.30297317610826713,0.6376863992374003,boot1581
C2,0.909073661243656,0.3807028751094556,0.38261595488387495,0.5222707784164894,-0.006695779210467812,0.7814930878503146,boot1582
C2,0.9122209610291335,0.5728970479505165,0.5728970479505165,0.6300914287775234,0.24498259787567847,,boot1583
C2,0.8709994109562142,0.21564433292821578,0.2236311600737053,0.4861981024816718,-0.10582545967773553,0.10882051985729409,boot1584
C2,0.9234225800411907,0.6196230473571,0.6196230473571,0.635631545541098,0.16761839275009696,0.9106010437603582,boot1585
C2,0.9146847867119667,0.5219189291033393,0.5314256491234366,0.5361790091334853,0.24527337651850922,,boot1586
C2,0.9296849550933035,0.4396066107500859,0.4396066107500859,0.6547332500533195,0.24131596930536636,0.48076127218200887,boot1587
C2,0.9314253856160565,0.3594304104930775,0.3594304104930775,0.29314584128526316,0.148440091606232,0.5442803358895172,boot1588
C2,0.8974641675854464,0.29551864117081506,0.29939429548125196,0.4389178506569811,0.3468710607841043,0.5997575045401131,boot1589
C2,0.9141211463103723,0.4566039261125558,0.45375015157435233,0.41189479168070137,0.31676897374058555,0.6725395328366187,boot1590
C2,0.9199342568678093,0.4508828816832013,0.4499376345517899,0.43481368044920876,0.3544676742792463,0.6739612046962736,boot1591
C2,0.9118092354277062,0.5712483982168318,0.5702947281029472,0.44536394318407424,0.22697348710451745,0.49781579944772314,boot1592
C2,0.8936456780027899,0.1926646290376181,0.1926646290376181,0.32402687610872133,-0.0019461073640163445,0.5361525787865029,boot1593
C2,0.9193760571321179,0.6526165167620606,0.6639663692274876,0.5306056027587188,0.019862241814497493,0.4379151409577305,boot1594
C2,0.9176979906827915,0.6538098656548046,0.6613902698942804,0.6689706741337565,0.3117441243484503,0.7229810543400229,boot1595
C2,0.9315743020392995,0.5815307799376465,0.5815307799376465,0.6076669947663049,0.08120895321761679,0.8914316129060231,boot1596
C2,0.9053353005568512,0.5734123417735985,0.5830172386207274,0.6829081658308683,0.08356260257002189,0.8990183448912699,boot1597
C2,0.91851224902431,0.4383269750401752,0.43738026451093076,0.5311046069061302,0.5074368436750192,0.6721644757635515,boot1598
C2,0.9121695123681595,0.4280287570618922,0.4280287570618922,0.4099161815960215,-0.17731258087641857,0.49952576547980293,boot1599
C2,0.9009938837920489,0.5964427883639851,0.6099544372913246,0.7421755732231464,0.46132629909059036,0.6091217516792705,boot1600
C2,0.9159125188536953,0.484192815078669,0.4860916104319186,0.4822940197254193,0.1063325397819822,0.5373590849696601,boot1601
C2,0.9266380436811649,0.4222839225028903,0.4260375573695827,0.4954798024033913,0.4776500367866026,0.5855670392040079,boot1602
C2,0.9257858110317125,0.3804053905849013,0.3804053905849013,0.4104621128039553,0.39637302426377363,0.23763596004439516,boot1603
C2,0.8976755331895518,0.657737412660461,0.6683929524826482,0.4853114046287053,0.11333619629053597,0.5831486339051509,boot1604
C2,0.9125295508274232,0.3945077720207254,0.405942779905384,0.46502365397612067,0.028587519711646765,0.7699571975670195,boot1605
C2,0.9179525780955965,0.4528035367310194,0.45564539993226016,0.7805650926074478,0.16293349020446724,0.8336132056972743,boot1606
C2,0.9173413669742043,0.5725430142071821,0.5839180409795103,0.646480688227315,0.17536499607339187,0.6237306346826588,boot1607
C2,0.8988893144389122,0.5446334821511273,0.5552746336674015,0.5581767658991127,0.2873110909394046,0.5281880661714308,boot1608
C2,0.9237248479176415,0.3426580326857847,0.3426580326857847,0.42643980441390245,0.1845081714461918,0.5337557816836261,boot1609
C2,0.926437640029873,0.3491635560696072,0.3491635560696072,0.4261297162784992,0.14642342673886755,0.8297327515202494,boot1610
C2,0.8933262762835008,0.35626498180404575,0.35431817862478865,0.5918281664941525,0.19468031792570803,0.6112961982867233,boot1611
C2,0.8807785888077858,0.07503242853711266,0.07305789094403076,0.09082872928176797,0.0918159980783089,0.7039226519337017,boot1612
C2,0.9239766081871345,0.6691304347826085,0.6710126582278482,0.6644248761695102,0.2917446340121078,0.731243808475509,boot1613
C2,0.8599187072469515,0.20224358653046082,0.20224358653046082,0.27505127768142673,0.24471473970185761,0.784705115738188,boot1614
C2,0.9101592115238818,0.2885305035945167,0.28757510457599184,0.41559857305832704,0.13662205964905924,0.7136830668380928,boot1615
C2,0.9049183449983336,0.40359154317400914,0.40359154317400914,0.4785442583348965,-0.19314738137613294,0.6121138404805804,boot1616
C2,0.9180034812061908,0.29743185494472196,0.29743185494472196,0.32869061677012273,0.08619840382155955,0.4243613726599855,boot1617
C2,0.9140186033334908,0.6459767672729395,0.6459767672729395,0.6041167116617328,0.23498713036291022,0.7449187168994279,boot1618
C2,0.9008363201911588,0.5270464767616192,0.5270464767616192,0.7210690808441934,0.19402260408257413,0.9749394533502479,boot1619
C2,0.9068441064638781,0.2838319205177286,0.2819141372709872,0.4784869200619816,-0.11027253668763104,0.7143742594111749,boot1620
C2,0.9257356375525454,0.6096209362523581,0.6171355240644059,0.5786232615276621,-0.10238625893914799,0.7796384854999342,boot1621
C2,0.9271887681328419,0.34512928866083115,0.354507801939658,0.26259837180715406,0.24853060188891368,0.6818179153707179,boot1622
C2,0.9062722906462504,0.46343687690208835,0.46343687690208835,0.46055838698344187,-0.11130161018766513,0.7090680166265906,boot1623
C2,0.9285880654027112,0.2865500499474352,0.294977992592948,0.460727531288033,0.1161183208937319,0.5824644806121069,boot1624
C2,0.9206945096198967,0.4259544386827992,0.42406550547356286,0.40234277356734466,-0.056667996277090814,0.3485081771041085,boot1625
C2,0.9074153246876632,0.391939792327687,0.401522672335699,0.3890649283252835,0.28652811223955604,0.42643816035653,boot1626
C2,0.9171374764595103,0.4418284081778413,0.4427765378091242,0.5138862601553433,0.1915221855191501,0.705561845360046,boot1627
C2,0.9295853306650532,0.22637489606053085,0.2245040291509397,0.29466153826060837,0.0261921367342763,0.604290011797946,boot1628
C2,0.9341983317886932,0.4877467218771566,0.4961240510697033,0.5640734989648032,0.02699361628709455,0.5082246376811594,boot1629
C2,0.926587949782984,0.4185529145369896,0.4185529145369896,0.4908142921588466,0.5011373461048261,0.7725200844562179,boot1630
C2,0.9327641408751334,0.5183285245249228,0.5229897522634563,0.4446811262560939,0.26755447219182166,0.6991841607800219,boot1631
C2,0.9281886387995713,0.429073200120494,0.430010041168792,0.5208836228537002,0.38316798875389085,0.7841359574254443,boot1632
C2,0.9216559613671526,0.5755236279510056,0.5755236279510056,0.6991196857568774,0.26228781732849116,0.8198852994908589,boot1633
C2,0.9248317127898278,0.5904717030890136,0.5961131524815838,0.4484952267093304,-0.1391557516833981,0.6902873878147178,boot1634
C2,0.9299837171435217,0.37494812623703155,0.37494812623703155,0.4796717924179481,0.21131739782934944,0.7508312852078214,boot1635
C2,0.9193760571321179,0.5618176970386435,0.5618176970386435,0.3717076682427389,0.1740310711365495,,boot1636
C2,0.8804517133956387,0.5896182912524277,0.6014699151972001,0.5570263254043035,0.483941311078207,0.7920835336422898,boot1637
C2,0.9194775909048201,0.6544358844489465,0.65727303423702,0.4747497312042936,0.22318911666177943,0.6393044189125546,boot1638
C2,0.9157080897605129,0.532731000644653,0.5355798295251056,0.5184868562423895,-0.004748048134087817,0.7907631288497747,boot1639
C2,0.9269385089110759,0.4615474304321565,0.4615474304321565,0.5037621344350977,0.14822051627699334,0.6873110023941849,boot1640
C2,0.8998373672629866,0.4406593386275181,0.4406593386275181,0.5923775758304135,0.5343960839057401,0.7363649474433526,boot1641
C2,0.9071557540625297,0.383424880897075,0.383424880897075,0.5233749624245074,0.07956066278614306,0.674827790378852,boot1642
C2,0.9373989373989374,0.3293108620652709,0.3385872243769687,0.3868243083977971,0.07977671588060084,0.7005176575369465,boot1643
C2,0.8754156072755721,0.5711572832886505,0.5741372343318957,0.7430011267824533,0.1768104285658779,,boot1644
C2,0.9075191184154277,0.42159849626113355,0.424473031462914,0.521249049922856,0.22613010254006252,0.6007778571721153,boot1645
C2,0.9269385089110759,0.5168955979026794,0.5262766432366662,0.5656770336394114,0.16510639787816983,0.768307612853529,boot1646
C2,0.8618932158939085,0.3571510731027872,0.3571510731027872,0.42373856130839166,0.3117505129626024,,boot1647
C2,0.8918332931823657,0.23205740727691257,0.2427827496300472,0.3695367956216381,-0.023400746952293706,0.6142696074977098,boot1648
C2,0.9118607181719259,0.5216281000311299,0.5359323440904846,0.3270903808239079,0.11252671993358929,0.5750306111860538,boot1649
C2,0.9165253438854343,0.5730527745995423,0.5702064859839816,0.45350865274599533,0.22675432637299767,0.536051022597254,boot1650
C2,0.9318224038640163,0.3611436446848346,0.37140870952083765,0.22863098952915886,0.15117640940295404,0.7064230982594827,boot1651
C2,0.8906574060676216,0.6111753210365466,0.6219148234828756,0.6824465645440034,0.4588696499795158,0.7410256687967075,boot1652
C2,0.9286878755414784,0.33520879945221493,0.347381186024502,0.40543410660002527,0.28277390344851644,0.6020649666138943,boot1653
C2,0.9202891747253779,0.4223625169663689,0.4223625169663689,0.5045673021477427,0.2352757644846216,0.7870871960469469,boot1654
C2,0.9117577478116867,0.29660815414814645,0.29660815414814645,0.4511114370163128,0.27181133097177407,0.5092885990839556,boot1655
C2,0.9367112015163421,0.647965478320952,0.647965478320952,0.6442522091042132,0.19958822039972018,0.2924199508181947,boot1656
C2,0.8994162120777107,0.592654958964442,0.592654958964442,0.5443144239754989,-0.0802452880816455,0.6390618725538275,boot1657
C2,0.9067401844281775,0.1496042375121938,0.1496042375121938,0.29824947350187353,0.3030444811144438,0.6099249683189439,boot1658
C2,0.8852808607570396,0.6463190817817851,0.645336833937132,0.7916917627904541,0.11885198920303344,0.808389976149558,boot1659
C2,0.898731146756045,0.5863338815408491,0.5834312385629241,0.47990363901693256,0.2854265594959579,0.5060274258182577,boot1660
C2,0.89321976805736,0.3913540988368008,0.3894070635192047,0.5412758182916946,-0.011682211905576141,,boot1661
C2,0.9056998762965077,0.19874133221264972,0.1977812291584823,0.3254749353627452,0.4070836949669733,0.6240669852088034,boot1662
C2,0.9296351451973194,0.5752607476798245,0.573389981020703,0.5920976476119169,0.4545962981664954,0.4976239313262872,boot1663
C2,0.8863064110013558,0.3139556096077835,0.3119933870477349,0.41893451657038616,0.4728956369717239,0.5621767634539373,boot1664
C2,0.9061162370398553,0.5882727364010625,0.5882727364010625,0.5326123469862801,-0.06717633205232362,0.6832792631607774,boot1665
C2,0.9113456714157239,0.5906220728837823,0.5906220728837823,0.6192467290817041,-0.09636967586633607,0.7728657173438833,boot1666
C2,0.9236744817258645,0.41799028138175315,0.41516602272376835,0.5479061796490547,0.26171463563992653,0.6299466405410258,boot1667
C2,0.9110879651548149,0.3054160302928976,0.30732488048222817,0.3560005603101587,0.20424697025837527,0.7788108772468888,boot1668
C2,0.9122209610291334,0.3202885326312373,0.3202885326312373,0.40131390546949675,0.06863325699240799,0.6339043874993239,boot1669
C2,0.9268383725270622,0.5619853263058362,0.5619853263058362,0.623906914847047,0.16418603022290706,0.6173394736381306,boot1670
C2,0.9355301522654695,0.6525014518564403,0.6627258335806866,0.577212822796082,0.13942338714881203,0.7212836561831876,boot1671
C2,0.9179525780955965,0.8137201632885894,0.8222457528923115,0.8326659179635275,0.2690297163841204,0.24250565983920708,boot1672
C2,0.9062202777249381,0.35983189135910637,0.3636700982002702,0.3540745810973607,0.2523620998065199,0.6313850253714453,boot1673
C2,0.9242282507015902,0.5231156486534061,0.5315833480021123,0.5127662383383207,0.10631666960042245,0.8947535645132899,boot1674
C2,0.904709748083242,0.35274344667859775,0.35274344667859775,0.4315580587430255,0.23548268238761974,0.9092515001579113,boot1675
C2,0.8896398571014772,0.3020274440596068,0.3020274440596068,0.5102211190909862,0.2463136436990968,0.7311214503449384,boot1676
C2,0.9075191184154277,0.35740054342136995,0.36410779222552436,0.39956039304748336,0.08719423445400716,0.8949386261543153,boot1677
C2,0.903351928670195,0.257013801238302,0.2599015967578334,0.41584255481253346,0.5727461113737442,0.4389449189687854,boot1678
C2,0.9105721864342554,0.47175306229531916,0.47175306229531916,0.5386006622157086,0.014324485697226292,0.6808905534748231,boot1679
C2,0.9306801803896042,0.6998154269852785,0.7016840930119415,0.7343857484785433,0.20929059498625152,0.8275318010810581,boot1680
C2,0.9117062553231757,0.5455609210134398,0.5436533653455606,0.5217164751649502,0.3214231300376385,0.8793998775293687,boot1681
C2,0.9279888137963177,0.6493706461686284,0.6493706461686284,0.585651737165069,0.12181556133033435,0.8508348437534122,boot1682
C2,0.880833049486643,0.3929086865251497,0.396857517545503,0.4096912183616511,0.20040317428292811,0.5549314087380001,boot1683
C2,0.9037700776893379,0.18280909645377708,0.19531708726377237,0.2338032128329886,-0.1173826829861095,0.7552902142958686,boot1684
C2,0.8813229571984436,0.4124234571455994,0.4124234571455994,0.6255417986371054,0.15490546117669643,0.598902005950667,boot1685
C2,0.9233721855544631,0.6394331471595645,0.6384914194023338,0.6187151365004917,0.1525598966713541,0.5848129372401908,boot1686
C2,0.8979924296871256,0.6032780595082887,0.6032780595082887,0.6255499621867648,0.3205217298511133,0.6662177549101101,boot1687
C2,0.9256854593862394,0.5260496606071775,0.5354434045465913,0.5814727498497193,0.1446636566669738,0.7054701698499827,boot1688
C2,0.9008363201911588,0.5782066658978203,0.5820678122477224,0.5666232268481144,0.24325222004382424,0.9073693922269633,boot1689
C2,0.914274924471299,0.5059842321713989,0.5154952139791319,0.3966079413824686,0.2682096869780723,0.5607943026249471,boot1690
C2,0.908866644527729,0.706087228856602,0.7137412909580285,0.5922330550978815,0.2774597511767135,0.49368700554201445,boot1691
C2,0.8919934483090857,0.5429948246874617,0.5429948246874617,0.3977412719434191,0.24663858284726722,0.48352860510768586,boot1692
C2,0.9312267657992563,0.5247869478434436,0.5247869478434436,0.6349735311984727,0.18488935173131998,0.6620532847348781,boot1693
C2,0.9176470588235294,0.5638238573021183,0.5638238573021183,0.6964882943143812,0.23879598662207355,0.5846711259754738,boot1694
C2,0.8961412939143789,0.26587422227189744,0.263933534518088,0.3609679222085615,0.29304385082523005,0.5812359822659364,boot1695
C2,0.912426707017212,0.6728354603792631,0.682365707693417,0.5918283582089553,0.05241636022784627,0.5155863796957242,boot1696
C2,0.8947090201355182,0.3848713026664238,0.3848713026664238,0.42471908905360406,0.42277529459569274,,boot1697
C2,0.9029857865114949,0.7010558612517108,0.7010558612517108,0.7983177321121816,0.15793016654571504,0.677944129562094,boot1698
C2,0.9248317127898278,0.5180731025510295,0.5208938272473145,0.46071836705989916,0.2924151268482217,0.7797468437445504,boot1699
C2,0.9333580670593146,0.46489451239797963,0.46489451239797963,0.5506065267078276,0.36241275615794405,0.7779296950948155,boot1700
C2,0.9042401143401619,0.3086906125440967,0.3173454895313144,0.40100930040775185,0.3211921015256333,0.6500774270399046,boot1701
C2,0.911191062298807,0.6403467779825799,0.6403467779825799,0.740550074090137,-0.00858885395207633,0.9161444215548087,boot1702
C2,0.9310777524747874,0.37263968644608503,0.37263968644608503,0.4193363890082511,0.2615015343481299,0.5472853540285861,boot1703
C2,0.8823014870249781,0.4287206528923244,0.4326629117694953,0.46420098278686156,0.1783872141919787,,boot1704
C2,0.9113971980310488,0.3406141507559473,0.3387059482307039,0.3949979227253843,0.21371868282726109,0.5362049095933961,boot1705
C2,0.9253340809270161,0.3815308282033493,0.3815308282033493,0.4228789967771113,0.2913166422242322,0.5497426958102447,boot1706
C2,0.9026717557251908,0.3284934277047523,0.3284934277047523,0.33908998988877653,0.15798510892545267,0.6301507922280261,boot1707
C2,0.9233217863495926,0.3927219101866629,0.4021397017978539,0.31361246065265885,0.2825337483357287,0.5471736926101946,boot1708
C2,0.8985201858148556,0.5603416248383642,0.5593738500113551,0.7074433985437725,0.1074230057980284,0.8109953050337638,boot1709
C2,0.9165763813651137,0.15463973686915408,0.15369102682701205,0.27702333230547843,0.34722787542399014,0.6119179771816219,boot1710
C2,0.9178507575044698,0.5286451934992109,0.5286451934992109,0.5561195852760517,0.3912732346150074,0.5886646481058483,boot1711
C2,0.902619399780524,0.6021123199897037,0.6021123199897037,0.7369854796673975,0.2909406730190248,0.7167545057157433,boot1712
C2,0.9162190180001885,0.41284983408316406,0.41190075400481196,0.477387279411107,0.4764381993327549,0.954774558822214,boot1713
C2,0.8587307100679799,0.319986935920691,0.318974319034866,0.43340002713308784,0.3058102995191414,0.6537863427178243,boot1714
C2,0.9194775909048201,0.6941559814819751,0.6922645482899261,0.7206360461706608,0.09457165960244891,0.7215817627666852,boot1715
C2,0.9251834197859713,0.6804761130900354,0.6804761130900354,0.5648703645954575,0.11748551676278236,0.42858716515063006,boot1716
C2,0.9195283506365387,0.4094726811520162,0.4094726811520162,0.47756051727891025,0.24776407035064257,0.6723673817530795,boot1717
C2,0.9072595971113644,0.6114926868363054,0.6114926868363054,0.562611609988889,0.3038294384437442,0.7725127046866177,boot1718
C2,0.9131975617823559,0.38088810298359044,0.38088810298359044,0.6160865065759576,0.013331083604425668,0.8703293153175042,boot1719
C2,0.897411313518696,0.45154031958379787,0.45444723151244887,0.4302229654403568,0.25968413229282794,,boot1720
C2,0.9339513325608343,0.3444923940015103,0.35473405976912287,0.492531017369727,0.2783870967741935,0.7392620563167547,boot1721
C2,0.8733774185647808,0.5515818478870491,0.5565600234094955,0.42115364919895626,0.10155478065790435,0.8642112706966762,boot1722
C2,0.9168825052978572,0.3916864295125165,0.3916864295125165,0.39642839597150586,0.16027846631383844,0.8070826913199795,boot1723
C2,0.9104689720511605,0.402086142152649,0.402086142152649,0.6437198570329821,0.3686585531375831,0.5396167941003484,boot1724
C2,0.9135055978081156,0.32459761586783403,0.33411660753551237,0.4274027258787608,0.11898739584598021,0.3740963725397618,boot1725
C2,0.9079340961967618,0.27199829015520477,0.27199829015520477,0.21740708403250525,0.21644934357421222,,boot1726
C2,0.9231201423354246,0.08195268464367939,0.08195268464367939,0.2844794340504732,0.19593285524006102,0.4031695290516641,boot1727
C2,0.9263875274237968,0.8401029229414316,0.8476122228112991,0.6974262254139482,0.12202612288534762,0.7790898614987578,boot1728
C2,0.9180034812061908,0.7066374642954222,0.7066374642954222,0.7492630486027869,0.15439933871334294,0.6166501196465415,boot1729
C2,0.9051268624744133,0.5591337275508663,0.5591337275508663,0.6465584169101941,0.19886715052066897,0.1892600417998637,boot1730
C2,0.9189697311524722,0.3974204796128941,0.395528001138547,0.3595709101259517,0.49204440333024985,,boot1731
C2,0.9167294649585531,0.48565842849228896,0.49419539305562993,0.4211569184581569,0.03509640987151307,0.48850408334673595,boot1732
C2,0.912786575277712,0.2353043027942269,0.2353043027942269,0.2991317857384099,0.21529867381172177,,boot1733
C2,0.9171884562873688,0.5897038514927937,0.601080774672719,0.4133615422039519,-0.2028884633753342,0.6955656557375285,boot1734
C2,0.914479894279781,0.6019102071590133,0.6019102071590133,0.6142717122033532,0.36323807130291164,0.8871757081822423,boot1735
C2,0.9046575864368035,0.33450081023922656,0.341229274813004,0.4709925201644282,0.10957785163009146,0.5719194887710914,boot1736
C2,0.8747003278046871,0.39566345812438897,0.39566345812438897,0.4046106217503173,0.0,,boot1737
C2,0.9025670388395839,0.6146719133560732,0.6127450421543299,0.46148565281749054,0.09827043128890196,0.6329771897726333,boot1738
C2,0.9137108581684219,0.5576876019759169,0.5576876019759169,0.6557111907191241,0.2759887450051466,0.4986831116644717,boot1739
C2,0.9254344982246309,0.17195213176933344,0.18134842312284888,0.18228805225820044,0.44914272669804023,0.63706855376835,boot1740
C2,0.8981508096196225,0.3863009619576812,0.3863009619576812,0.5082907394180017,0.26527935733434754,0.721288763555069,boot1741
C2,0.8929001203369432,0.5794503691550453,0.5823719676549866,0.7411121528184696,0.33890542599320295,0.40415445915856096,boot1742
C2,0.9187156222086407,0.47798298425242397,0.48082248712917114,0.6663366750766466,0.18930019178313823,0.4486414545260377,boot1743
C2,0.8835493422649384,0.2637583065406095,0.26769499768300664,0.47830797380125456,0.5157065396540276,0.7233669974154775,boot1744
C2,0.9283883893211573,0.25476593831960864,0.25289265936137617,0.2753720068601652,0.21730035915496032,0.4701930185163365,boot1745
C2,0.9056478089165912,0.28228652617055977,0.28228652617055977,0.28324668442284057,0.1526651621126497,,boot1746
C2,0.8966708241389235,0.5372530447808409,0.5401623572977046,0.593499753440207,0.2647474390346021,0.6759302747513467,boot1747
C2,0.9308293045741911,0.4829727804894995,0.4829727804894995,0.4633549306050131,0.281189181677639,0.520340113602807,boot1748
C2,0.9354316130525341,0.33744013940580425,0.33744013940580425,0.4341172041391476,0.050197706688466744,0.7975857840500828,boot1749
C2,0.9226157017050777,0.3015999717444284,0.3015999717444284,0.39207996326775685,0.31667997033164974,0.6870824356302758,boot1750
C2,0.8891035548686245,0.4410891294900137,0.4489133269089053,0.5535619673865805,0.23765999659883222,0.358935056591652,boot1751
C2,0.9182070457645454,0.29357781410493394,0.29357781410493394,0.35513445254629117,0.06629176447530767,0.6903813757499899,boot1752
C2,0.890924872215257,0.5036290557903556,0.5016770051865169,0.5778069787362219,0.24498235078174269,,boot1753
C2,0.9139673245821134,0.1940893285533303,0.1940893285533303,0.4167212054233268,0.23500031447388517,,boot1754
C2,0.9281386895330412,0.46376127561846703,0.4759408646751137,0.6483288943999581,0.33915471065431335,0.3288489045294585,boot1755
C2,0.926587949782984,0.49926042720555713,0.49926042720555713,0.5752756426259521,0.20083032222178426,0.8812134232068008,boot1756
C2,0.881758070789576,0.532532939529353,0.5305605953088739,0.6814449281755239,0.2850037398592279,0.703140714600794,boot1757
C2,0.9080896315989365,0.673176222428309,0.6827519866164785,0.591782226828869,0.0019151528376338807,0.912570327132544,boot1758
C2,0.8833867365763666,-0.09548233247632064,-0.09745104036243034,0.14273132174295355,0.31499326177755266,,boot1759
C2,0.9110364092609251,0.6862704771717665,0.6862704771717665,0.7521295354817135,0.22048467347243123,0.4075625782369183,boot1760
C2,0.9072595971113645,0.3977577821897597,0.3977577821897597,0.43705433416513356,0.09872060618203675,0.7669287315267558,boot1761
C2,0.906636242631679,0.31458856142398595,0.3184250072950102,0.489146848555588,0.4411912751677852,1.0137808214181498,boot1762
C2,0.9110364092609251,0.5392806948568123,0.5392806948568123,0.7034511010787091,0.3970633080715644,0.6318651681331147,boot1763
C2,0.9161679468451062,0.2154531874069138,0.2154531874069138,0.27335029944137074,0.11009942616388546,0.8608636166434837,boot1764
C2,0.9246809107485157,0.32725742700497257,0.3244362422894124,0.37897914679024114,0.3836811213161747,0.6319453762854642,boot1765
C2,0.9130434782608695,0.6266666666666666,0.6266666666666666,0.5219047619047619,0.1523809523809524,0.6047619047619047,boot1766
C2,0.9188681019084328,0.537523331642957,0.5384696755366944,0.534684299961744,-0.027443972918390406,0.7343628615403777,boot1767
C2,0.9166274140367404,0.5786809062067116,0.5805782206532911,0.5767835917601323,0.035100317261718576,0.6801872290987085,boot1768
C2,0.8878680914849378,0.32221786013648224,0.33299110166080226,0.33788802962640235,0.12144381354688083,0.11948504236064081,boot1769
C2,0.9065322810687457,0.2973586523289645,0.2992770952472159,0.417261334719676,0.08824837423956368,0.8460333269488605,boot1770
C2,0.9078303813096538,0.4434844921926525,0.4434844921926525,0.49808193507598125,0.2825657131681047,0.6293073679709994,boot1771
C2,0.90183346065699,0.3567611365854556,0.3567611365854556,0.407864758853102,0.20248605049444784,0.5428554591827339,boot1772
C2,0.8811597022911902,0.36019725314553724,0.3651314620927363,0.6355261123992493,0.3325656830412221,0.8822365597592063,boot1773
C2,0.9000478240076518,0.7323282354571917,0.7323282354571917,0.6221891604675877,0.033814628286281935,0.5246098045557456,boot1774
C2,0.9220602708909406,0.4432417978263079,0.4413556625164087,0.48379370698914037,0.011316811859395096,0.4432417978263079,boot1775
C2,0.9198835352681506,0.3677214088483632,0.38001029911836,0.1399042892276549,0.14652138398842235,0.7628564959913346,boot1776
C2,0.9242785650811469,0.5475480830579548,0.5466072787915321,0.5296728019959253,0.02069769386129726,0.6820830931563869,boot1777
C2,0.8927935300630626,0.47043351666127464,0.47043351666127464,0.3818011149714693,0.33699792290849073,0.75873231776218,boot1778
C2,0.90183346065699,0.3721886451945564,0.3721886451945564,0.12920538460121908,0.14077601605804466,0.15813196324328305,boot1779
C2,0.8997321086873326,0.33633199563552973,0.33633199563552973,0.2831760767850868,0.08504947016070867,,boot1780
C2,0.9257356375525454,0.6030456719168165,0.6030456719168165,0.6556477866011494,0.32218795244153914,0.6368613170710307,boot1781
C2,0.9054394898396231,0.4888329928381756,0.4888329928381756,0.412002659975594,0.39855735172464224,0.4494574472461025,boot1782
C2,0.9293860261602197,0.6876910312749064,0.695176103724157,0.7428934405881301,0.19180498151204875,0.6240679154562756,boot1783
C2,0.9251331900177585,0.5113247296335668,0.5113247296335668,0.6852127351155702,0.33743672415156334,0.8262030098307082,boot1784
C2,0.9190713412914747,0.304655348742074,0.304655348742074,0.6253949860823322,0.17692717458002438,0.798537622168666,boot1785
C2,0.9333085984602542,0.33727601911626176,0.3391394225367936,0.411812155937535,0.2990762489953591,0.6214450407473663,boot1786
C2,0.9104689720511605,0.3543324435596978,0.3543324435596978,0.42405284350540656,0.40877165995566217,0.6207980817083654,boot1787
C2,0.9231201423354246,0.44367487893302276,0.45403671262360296,0.3815038767895419,0.10832826131061067,0.5350474123863206,boot1788
C2,0.9218581540336568,0.5282336763073766,0.5282336763073766,0.5112547367117823,0.3537279082415469,0.7631090073797636,boot1789
C2,0.8953990971088273,0.41953602044718885,0.4166225758607501,0.4205071686426685,0.2962001996212792,0.3233923490947081,boot1790
C2,0.930083267432665,0.490839643197307,0.5001889697343985,0.45437726970264986,0.40015117578751885,0.5011239023881077,boot1791
C2,0.9020955654207837,0.4395562447371933,0.4395562447371933,0.4241332186060637,0.33352294008567734,0.6310353591906297,boot1792
C2,0.8996794718461463,0.5828162612302273,0.5953811225834494,0.5973141781762528,0.15174486403506746,0.6118120951222784,boot1793
C2,0.9209476894205958,0.184120357040023,0.184120357040023,0.3578544375290704,0.0906438680812421,0.6751079758134177,boot1794
C2,0.8968824940047961,0.5817251801906532,0.5943292257614508,0.7242478493373634,0.28310625435945125,0.7685290985422153,boot1795
C2,0.8966708241389235,0.4490038984359735,0.4490038984359735,0.5634368574326146,0.4063339815219717,0.6109556285413894,boot1796
C2,0.9072595971113645,0.2894526511356805,0.29999562849492717,0.37475492249685793,-0.014376787308063604,0.6229941166827562,boot1797
C2,0.9280387770320655,0.44413436511956966,0.44319737278809374,0.4319534648103831,0.06746344786626374,0.8367341520079654,boot1798
C2,0.9016236867239732,0.17842207074428884,0.17842207074428884,0.44075073691967576,0.2015687177597642,0.9461191967575534,boot1799
C2,0.9261870302068256,0.5370311698672289,0.5370311698672289,0.5445420953199175,0.22626662926224156,0.8243240684325647,boot1800
C2,0.9082969432314411,0.5830309364548494,0.5945192307692309,0.5409071906354515,0.24029682274247488,0.7205599569040335,boot1801
C2,0.9027241066742998,0.4421399980698795,0.4536992137056933,0.5172748997026695,0.4604420894932514,0.6357568599697614,boot1802
C2,0.8887278349519253,0.4853053216786192,0.488240636124256,0.6477260543371894,0.36593586755605567,0.7132814102897448,boot1803
C2,0.9137108581684219,0.5643493992691445,0.5643493992691445,0.29121571024680987,-0.18177189757235515,0.472035922491561,boot1804
C2,0.8764044943820225,0.21431438127090296,0.22721293199554066,0.3304013377926421,0.5486845039018952,0.6029057596441034,boot1805
C2,0.9084005695301376,0.4623510971786834,0.470966335014311,0.45947935123347416,0.295789832356549,0.7150647403570942,boot1806
C2,0.9069480087444157,0.5848568798811662,0.5886920069623542,0.8140057229821477,0.3873478351999855,0.6606006397346287,boot1807
C2,0.931276427675294,0.4117770508020114,0.4117770508020114,0.2941264648585796,0.1671385308243992,,boot1808
C2,0.9291367911351149,0.4164688401439689,0.4164688401439689,0.5231597340235474,0.1020114687094216,0.7028496605575745,boot1809
C2,0.9128379655889581,0.49725478188826044,0.49725478188826044,0.6172817982061165,0.22481250675407946,0.29339937322142573,boot1810
C2,0.9183596689240029,0.1978953743120247,0.20641718468909748,0.26512298950893254,0.04071531624601464,0.7480255775430598,boot1811
C2,0.9275389349995335,0.23343681969592323,0.23343681969592323,0.3871863716241618,0.2943741421065056,0.6665605574449854,boot1812
C2,0.8958763381498729,0.14656525932725414,0.14462399761431038,0.48725668994888466,0.16306598388727614,0.8830716710977496,boot1813
C2,0.9195283506365387,0.682769690050244,0.682769690050244,0.6317038129550734,0.20615483716198504,0.9106748081972093,boot1814
C2,0.9137108581684219,0.5472190633722733,0.5472190633722733,0.49106962904364015,-0.04472921039738582,0.7013920864441139,boot1815
C2,0.8903362763545134,0.49517196695897203,0.49517196695897203,0.6035823975949599,0.3447647028333671,0.506892013514214,boot1816
C2,0.9146847867119667,0.057040320120583535,0.057040320120583535,0.22055590446625636,0.14260080030145883,0.4106903048682014,boot1817
C2,0.8768434417423576,0.4303975902447528,0.44130628492837565,0.5246090443305859,0.3203189438918322,0.5484098327312174,boot1818
C2,0.9373989373989374,0.5547264662395267,0.5575093749330361,0.5482330126213384,0.33487667945228955,0.5779173720187711,boot1819
C2,0.912786575277712,0.6325589354468286,0.6316062864476617,0.5525364195168082,-0.07525927093418594,0.6984435684551592,boot1820
C2,0.9164232544991989,0.3691098713444018,0.36721213421666715,0.4459682250176577,0.19072258133733877,0.8596749188638254,boot1821
C2,0.9092288722375035,0.5087923511642886,0.5087923511642886,0.6847656455519372,-0.03060405119785194,0.8703027059389145,boot1822
C2,0.9054915770438755,0.3946931295756368,0.3946931295756368,0.41582025573297016,0.4542332123826672,,boot1823
C2,0.8605400049541739,0.4617929463592901,0.4617929463592901,0.560820755425396,0.35367074666466414,0.3590355265678261,boot1824
C2,0.9472720615159282,0.6242180803683971,0.6242180803683971,0.6205462093074064,0.2166403925984437,0.716932824658409,boot1825
C2,0.938428874734607,0.4911076136140075,0.4911076136140075,0.49481408616958494,0.21590202636238445,0.4225378713358254,boot1826
C2,0.9285381533587999,0.43453062150441946,0.4364035983212488,0.4804185535167395,0.20977340348489212,0.6527324206650438,boot1827
C2,0.914479894279781,0.7093602125444295,0.7093602125444295,0.6228296772340501,0.21014558575377873,0.6047628621692456,boot1828
C2,0.9312267657992566,0.7843790679510544,0.792783129393387,0.675126269200729,0.182087997917209,0.37538141109086176,boot1829
C2,0.9242282507015903,0.20134307340256996,0.20134307340256996,0.31142316493575073,0.18723024115472625,0.46384175321246257,boot1830
C2,0.8956112551618169,0.717508508237839,0.7204212626691158,0.613620266855635,0.14078313084504285,0.5844927225428674,boot1831
C2,0.9286379727967207,0.7107182985553772,0.7125910740456417,0.81184817502966,0.35676373089538693,0.6938633191429967,boot1832
C2,0.9210489280855654,0.710909690820272,0.719406619395813,0.6797542860432878,0.06042260320384781,0.7921025638754424,boot1833
C2,0.9256352765321375,0.48474346597391654,0.48474346597391654,0.5674128942795457,0.38798265784346414,0.9187579645784698,boot1834
C2,0.9019383175785353,0.5967823509375948,0.5996746725091826,0.6922289627999888,0.19860608124902188,0.44156109326238846,boot1835
C2,0.9241779316151364,0.34437185597908604,0.3566036432133159,0.3415491358481099,0.28227201309761146,0.5118532504170021,boot1836
C2,0.922565231648475,0.30727177997271293,0.30727177997271293,0.3035015740834772,0.41378009634362267,0.5758989495807596,boot1837
C2,0.9109332828258913,0.4286096358204098,0.4276550486582263,0.5536605540664536,0.432427984469144,0.550796792579903,boot1838
C2,0.9320703904907833,0.5578977782205837,0.5662942330767464,0.4263533188073692,0.11661742855781435,0.7071680867745862,boot1839
C2,0.9087113304232303,0.22966110929497655,0.23061803058370559,0.14353819330936032,0.09569212887290689,0.6449649486033925,boot1840
C2,0.9087631067039901,0.39422910868884237,0.40475464314412696,0.4152801775994116,0.36839370593496196,0.4545117151145634,boot1841
C2,0.916321145872597,0.521935864646862,0.521935864646862,0.7620263623844187,0.19264178276965999,0.39477330853289927,boot1842
C2,0.872383193606903,0.5631749343941045,0.5611813948033288,0.6000554168234529,0.4236271630398131,0.31497925534254334,boot1843
C2,0.8983619120605421,0.47235732101959255,0.4810688289892163,0.4036332025925617,0.35717182675456904,0.6514272070618561,boot1844
C2,0.9018858916209118,0.34902709047805375,0.34902709047805375,0.558250512118213,0.14173199530462402,0.6286344281538426,boot1845
C2,0.913351601625248,0.3884403422125064,0.38558416322564976,0.3760635666027942,-0.02665767054399554,0.4131938934319308,boot1846
C2,0.9254846998364867,0.28657134078089674,0.28751091894739156,0.2546256831200755,0.2743568246164651,0.36455632859996046,boot1847
C2,0.9034042147420616,0.41581848720984654,0.4244813723600518,0.4523951133996016,0.22138484272746464,0.7514280227593917,boot1848
C2,0.9369077883059856,0.4093020312734605,0.42043950151219406,0.49376118058385704,0.18376825893910467,0.6747450719632783,boot1849
C2,0.9125809654389863,0.4392701364580377,0.4392701364580377,0.4516573637334271,0.14388240912183012,0.8299442274510864,boot1850
C2,0.88835186080232,0.484531863556796,0.484531863556796,0.5667554525240099,0.22709372190944788,0.7243506647111698,boot1851
C2,0.9140186033334908,0.7097182155900041,0.7125723102907683,0.8276874632215866,0.26257671247029646,0.7648973798047768,boot1852
C2,0.9352837700212943,0.5987487626212631,0.5987487626212631,0.5494728551384573,0.21755778020710487,0.793063190242139,boot1853
C2,0.8817037001021052,0.3639199485952403,0.368851113210352,0.4457772812060937,0.38265837413266457,0.8550639442603613,boot1854
C2,0.926587949782984,0.5555679941836275,0.5668295075792414,0.5058296433529986,0.18393805212836317,0.719798397869666,boot1855
C2,0.9054915770438755,0.43502673405781866,0.43502673405781866,0.4014153969893338,0.004801619581212127,0.38701053824569737,boot1856
C2,0.9293860261602197,0.49869295193132673,0.5089849265490464,0.474366466471262,0.11601862296338557,0.6933048356118445,boot1857
C2,0.913402938536401,0.5121793101587201,0.5226513778385452,0.5397874885873499,0.24180956278868942,0.965334238849335,boot1858
C2,0.908866644527729,0.3186003349718814,0.3186003349718814,0.3999247447995389,0.25354080710975546,0.2841570555154618,boot1859
C2,0.9094357515410146,0.567958471233622,0.567958471233622,0.5670023121911411,0.283979235616811,0.4694740898580949,boot1860
C2,0.9048140564735012,0.47667732915985955,0.4757162861575211,0.5122359202463814,0.08072761219642784,0.6775353166485907,boot1861
C2,0.9004684960321254,0.24238590303489155,0.24238590303489155,0.2250036470403575,0.22886637059469842,0.3553705669993629,boot1862
C2,0.9072076780538794,0.393946516319718,0.39969756035358245,0.47541964013279836,0.4850047135225726,0.5990670868608851,boot1863
C2,0.895399097108827,0.3136808671399121,0.31270971894443256,0.47877606037144493,0.3661228696958108,0.10002826413439923,boot1864
C2,0.8847944142746315,0.4746865409907935,0.48549720755580117,0.5542923584240321,0.21523054343060824,0.45699635933896265,boot1865
C2,0.8999952173705102,0.27343140471426525,0.2792285369696914,0.28695804664359287,0.3410646143609033,0.46763533527104023,boot1866
C2,0.9242785650811469,0.5212055635981219,0.5212055635981219,0.6435101182330603,0.2671884116640192,0.9182138247259073,boot1867
C2,0.916831496656306,0.376533084392671,0.3831722067875041,0.5026764098944979,0.2930698314290563,0.8118698242824344,boot1868
C2,0.89321976805736,0.5325141593625123,0.5403023006328965,0.6103955720663534,0.31931379208574784,0.8751923752594127,boot1869
C2,0.9194268264035705,0.5788105129857146,0.5863766634822598,0.657309324387372,0.0009457688120681611,0.7809386425446305,boot1870
C2,0.9194268264035705,0.41708404612205907,0.42748750305480876,0.404789051565173,0.04728844060340805,0.7561266596195662,boot1871
C2,0.9094357515410146,0.4704302489005758,0.4704302489005758,0.5105889286847712,0.38820057124722307,0.8653239334451649,boot1872
C2,0.917901670195248,0.27472867871548595,0.2775706995297841,0.3249377131014196,0.38746217101597835,0.601561072359771,boot1873
C2,0.8991528263054612,0.2030897199116826,0.2030897199116826,0.22629997361587484,0.18858331134656237,0.7356348522581054,boot1874
C2,0.8896398571014772,0.447665273072168,0.447665273072168,0.5219503402195147,0.002932305282132105,0.7223245344985418,boot1875
C2,0.9056998762965077,0.38692153082945807,0.39268214915446237,0.5895032752587774,0.1536164886667824,0.701835332596362,boot1876
C2,0.8996794718461465,0.6330757066431156,0.6330757066431156,0.7258623750976793,0.48616348159005673,0.7983519598278069,boot1877
C2,0.8956112551618169,0.6330386297308133,0.637893220449608,0.6786717824874824,0.24370045408348795,0.7747926787196149,boot1878
C2,0.8817037001021052,0.4329562532068035,0.44676351412911613,0.5799049587371309,0.3560300852110616,0.6943079778077214,boot1879
C2,0.9146335708555517,0.4544466627484936,0.4544466627484936,0.5514206368077957,0.2852175707626529,0.6637505239207591,boot1880
C2,0.8947090201355182,0.5782788512285914,0.588969720747103,0.7221196411140223,0.2993443465183296,0.7201758466561112,boot1881
C2,0.9106237862928054,0.6588890044731093,0.6617537392751662,0.582496076418256,0.2005314361439898,0.5366603195853441,boot1882
C2,0.9144286590834001,0.38037531249859735,0.38037531249859735,0.664705858591299,0.20540266874924257,0.4583522515608099,boot1883
C2,0.8901756417679983,0.5734090651985368,0.5782932991440101,0.59099230740224,0.20318413213167918,0.9514487725781515,boot1884
C2,0.8681102362204723,0.4587676229912255,0.4567642709257616,0.3966637089618456,0.3195346544414868,0.39165532879818593,boot1885
C2,0.9209983111277914,0.2690841926225151,0.2690841926225151,0.4229814677013571,0.12179600297650685,0.8100850430530455,boot1886
C2,0.8973055901812255,0.21416774301457944,0.21804408225466235,0.3159216480667552,0.3837575847682057,0.723906353085479,boot1887
C2,0.895823331733077,0.23102381285241627,0.22908243627382452,0.35041847243580787,-0.1223067244512792,0.5629992077916027,boot1888
C2,0.9035087719298246,0.509126213592233,0.5226002532714226,0.5630223723089911,0.348400168847615,,boot1889
C2,0.9119121960450374,0.2975114808231908,0.2975114808231908,0.3528181022582711,0.12587024188673454,0.22694786037153655,boot1890
C2,0.8591269841269841,0.18218696656290792,0.18218696656290792,0.445345918264886,0.053643940154633994,0.5799618435585902,boot1891
C2,0.8716640502354788,0.5456829082082101,0.5476780925161012,0.5217406965135173,0.3541452146506665,0.60417340553812,boot1892
C2,0.8966708241389235,0.1929843969519627,0.1929843969519627,0.37627108551437954,0.18231691772346223,0.4422155025632914,boot1893
C2,0.8871685697696922,0.3067893998027164,0.3038489263221792,0.28424576978526445,0.26758308672888687,0.2647001630181391,boot1894
C2,0.8884593079450995,0.35821659666250427,0.35625912892117906,0.3875786127823816,0.43260037083286024,0.575495515949597,boot1895
C2,0.9022527682321496,0.415385379675799,0.415385379675799,0.5782627095254741,0.5560959723269977,0.39225487129478,boot1896
C2,0.9111395161672111,0.29871815261443363,0.29871815261443363,0.4733680629289428,0.14983626185452426,0.11929638682685052,boot1897
C2,0.913351601625248,0.2970426146330931,0.2970426146330931,0.41605007241878755,0.18184339549654097,0.6369279140690364,boot1898
C2,0.9301827991999627,0.29073294285950335,0.29073294285950335,0.41226118264000317,0.10002708966548829,0.6730794818612296,boot1899
C2,0.9336053412462907,0.5886483218462283,0.5979623775716432,0.4088870463457187,0.23843982657062412,0.5411466376466118,boot1900
C2,0.87127643912254,0.7255721429585984,0.7305623227588639,0.7694857252009345,0.14671128612780462,0.7914425163221025,boot1901
C2,0.9156058462989155,0.32005417991313306,0.32005417991313306,0.63346035015448,0.06458066538306542,0.5669802534366185,boot1902
C2,0.9109332828258913,0.17087110203085382,0.17087110203085382,0.22814633176186622,0.32742339662895453,0.5937532148781623,boot1903
C2,0.9286878755414784,0.428842542315962,0.428842542315962,0.5243489600369842,0.21723028344389347,0.5309033220374465,boot1904
C2,0.927788914269731,0.8032186845980085,0.8032186845980085,0.7929089931971005,0.16026883905047778,0.6954355472248801,boot1905
C2,0.9016761377202618,0.17358975421726694,0.1716609791704084,0.21023648010757884,0.2719572816070515,0.6827863665879166,boot1906
C2,0.8955051863234729,0.7476955216085651,0.7574058530580269,0.7923630462760898,0.05340682297204036,0.9768593438158655,boot1907
C2,0.8989420269041122,0.6152159557669242,0.6200525591927648,0.41498057393712345,0.2708497918470736,0.49526819080607737,boot1908
C2,0.9152990001886436,0.366713143840281,0.37146331409727945,0.4759670597512455,0.2498589555181189,0.8075289436897379,boot1909
C2,0.8979924296871256,0.6313600237550631,0.6342650545392121,0.5461457874200238,0.18301693940139097,0.4880451717370426,boot1910
C2,0.8915662650602408,0.6115276145710928,0.6115276145710928,0.7158871915393655,0.05949471210340775,0.5725146886016451,boot1911
C2,0.9136082376836238,0.5615574127939649,0.5615574127939649,0.7081334154554404,0.2998145508984728,0.9203830816470577,boot1912
C2,0.9197820777756904,0.5653513071895424,0.5644059036658141,0.4849920076726342,0.27794863597612957,0.6532738348962772,boot1913
C2,0.9190205386097664,0.45606209782497514,0.45606209782497514,0.3756362092043882,0.013246616949273139,0.5062100048472234,boot1914
C2,0.8927935300630626,0.47140749909742635,0.4772513937143366,0.45582378011899893,0.6506202673493404,0.24446959147407854,boot1915
C2,0.899784740492705,0.6146397614589835,0.6136733467397083,0.7393072602454756,0.3566070314125234,1.0215003582738136,boot1916
C2,0.9108301368565611,0.5623155101247338,0.5623155101247338,0.6320082643507194,0.058236411065549665,0.74466230542834,boot1917
C2,0.9185630994921948,0.6191144108535414,0.6304743083003952,0.6087011715272583,0.3966497525193177,0.7172441592515043,boot1918
C2,0.905595736581652,0.37544346364018494,0.37544346364018494,0.35047791362830566,0.2592576347387466,0.6260591772209733,boot1919
C2,0.8963002063438744,0.6509853024018026,0.6509853024018026,0.6529256460751313,0.17657127427291813,0.5559084624086928,boot1920
C2,0.9182579249365063,0.5132592216491632,0.5132592216491632,0.4365544302218897,0.17234903752794778,0.7054946865841818,boot1921
C2,0.9196806012212306,0.5918879069147754,0.5918879069147754,0.7403326375627303,0.018910156770440112,0.36402051783097217,boot1922
C2,0.9097459233978006,0.5295315076934229,0.5323990068325569,0.5104148467658625,-0.032498323576852665,0.866651079433223,boot1923
C2,0.9214031138623148,0.45582654723127036,0.45582654723127036,0.5737940801586178,0.4218518977481943,0.6294747557003257,boot1924
C2,0.8833867365763667,0.28250958165674245,0.2864469974289619,0.47544295449549345,0.22443269901650623,0.7353123954619744,boot1925
C2,0.8973584543841986,0.2577613736138662,0.2577613736138662,0.5223059412702026,0.438000529599502,0.2800490111819825,boot1926
C2,0.9314750290360047,0.6525414724059416,0.6525414724059416,0.6954841157974628,0.16710289493657163,0.5218464707795728,boot1927
C2,0.9257356375525454,0.5297784407493529,0.5297784407493529,0.5166279120782696,-0.010332558241565395,0.47529767911200815,boot1928
C2,0.8643657729719052,0.36115950307720585,0.3641775490639235,0.38932793228657014,0.15794440663822096,0.71140750815642,boot1929
C2,0.9328136599851522,0.5350805377255661,0.5444024983131195,0.632961123894877,0.43347116732123386,0.6152493987785255,boot1930
C2,0.9081414668882032,0.43950248869292474,0.43950248869292474,0.6176015363985544,0.46918566331052974,0.7516545830587058,boot1931
C2,0.9247814501425833,0.45416135881104036,0.45604194414773197,0.5481906256456242,0.45604194414773197,0.6121305270931413,boot1932
C2,0.8874915352616812,0.3125565634448963,0.31549596686287334,0.37428403522241493,0.033313238737073585,,boot1933
C2,0.8619495299356753,-0.0020176708431088705,-0.004035341686217741,0.3924369789846753,0.20782009684021366,0.5124883941496531,boot1934
C2,0.8995215311004784,0.47658186864014807,0.47658186864014807,0.7801248843663275,0.36831174838112857,0.5753100948852122,boot1935
C2,0.9042923157543709,0.5009922901787963,0.5009922901787963,0.5000306926928486,0.1288540631170033,0.7788939636177065,boot1936
C2,0.9303320621337549,0.47481877537535977,0.47481877537535977,0.36172217730366973,0.08225207132486548,0.47481877537535977,boot1937
C2,0.9139673245821134,0.7107094530849889,0.7107094530849889,0.5299399804127694,0.049473750415554775,0.4804662299972146,boot1938
C2,0.9018858916209118,0.6170644693534653,0.6170644693534653,0.8050762998595989,0.4261601491472368,0.6691292839551639,boot1939
C2,0.9194775909048201,0.3555894401052079,0.3555894401052079,0.49933836270093024,0.3215436426483263,0.6960474146740241,boot1940
C2,0.9182579249365065,0.4166680028148187,0.42140286648316894,0.44981204849327017,0.2433719925532009,0.7263280867249227,boot1941
C2,0.9165763813651137,0.3908685373625244,0.3908685373625244,0.39656079761537677,0.3348946448761435,0.6460715386987358,boot1942
C2,0.8802336903602725,0.17287899191996922,0.17189111196614085,0.3902125817622163,0.38922470180838786,0.7073220469411313,boot1943
C2,0.9263875274237968,0.43178474251738386,0.43366206748485076,0.5960506771707363,0.48810449154139046,0.7903538113035592,boot1944
C2,0.9036133091810468,0.7486850096791654,0.7486850096791654,0.6668878042514931,0.09623200638549684,0.7429110892960356,boot1945
C2,0.8826815642458099,0.4383874518436985,0.4383874518436985,0.4610456796917996,0.07684094661529994,0.7290038525041276,boot1946
C2,0.9312267657992563,0.3828516879284909,0.3809841187190836,0.38658682634730546,0.4547531024906709,0.673844907067977,boot1947
C2,0.9348893211077149,0.6166737881307018,0.6166737881307018,0.6017917660943652,0.0,0.6585294751078988,boot1948
C2,0.906064209274673,0.4395503822891703,0.4395503822891703,0.3330217961885199,-0.08925368024649091,0.6458895355471869,boot1949
C2,0.8596360751648568,0.3874238039591348,0.3874238039591348,0.5239831082267149,0.4622785337058083,,boot1950
C2,0.9065842643213691,0.4105232438840884,0.4095640774264153,0.3970949134766649,0.021101662068808282,0.7356806730352706,boot1951
C2,0.9282385834109972,0.4777632268203248,0.4880679238693905,0.5648847564169722,0.1630015715034049,0.8365540422559803,boot1952
C2,0.9141724105372485,0.7733295312682432,0.7733295312682432,0.7837927844588344,0.13602229147768607,0.17882650907555928,boot1953
C2,0.8992055135445582,0.34136414547676125,0.34136414547676125,0.4796504706982255,0.31912228897260964,0.7716957169701287,boot1954
C2,0.9138647525500566,0.6337156927943635,0.6337156927943635,0.7050800726135485,-0.011418300771069612,0.8468573071876629,boot1955
C2,0.9151455120041506,0.40193180443074,0.4133341251238106,0.14632978222773987,0.1862379046534871,0.7535033591337513,boot1956
C2,0.9303320621337549,0.32433487215600365,0.32620423741338683,0.3290082852994619,0.13365961590290637,0.7617663423836971,boot1957
C2,0.8815405563120013,0.6086183276411222,0.6214417283855866,0.5622568018726736,0.26041367665681725,0.432637233062831,boot1958
C2,0.896829584152717,0.43922842247717736,0.4421372199770262,0.6050298799685622,-0.0397535658312677,0.5216443516395616,boot1959
C2,0.9176979906827915,0.5211527914639745,0.5306282967633197,0.5230478925238436,0.1686639943283409,0.7163482006304814,boot1960
C2,0.9282885233679697,0.44120465467497144,0.4505720571096843,0.533941938778628,0.12083949140779476,0.5105234326918461,boot1961
C2,0.931772792717477,0.5114140945677097,0.5114140945677097,0.5692748132961731,0.13158647323731215,0.7381907824873327,boot1962
C2,0.9117577478116867,0.5636508652783105,0.5636508652783105,0.5808178967081067,0.2126804449358092,0.7810999300557299,boot1963
C2,0.8806151749647149,0.46508989287825414,0.4660773448801188,0.5371738890143742,0.34264584464703657,0.3633823366861944,boot1964
C2,0.9225147568631125,0.6767889851539799,0.6881002216746593,0.5721600473376961,0.01602425173762905,0.2563880278020648,boot1965
C2,0.9379877175970815,0.47743278355899343,0.47743278355899343,0.44498589535595506,0.1983895450128633,0.7796523708215796,boot1966
C2,0.8956642819417102,0.5126144293565664,0.5223230359731681,0.6029044708909618,0.1077655334442782,0.30776282974627195,boot1967
C2,0.908970162705754,0.26690501581481463,0.26499171821040735,0.3663964912439928,0.27838480144125827,0.5778158765309964,boot1968
C2,0.9002056137330846,0.8172046060258938,0.8172046060258938,0.7949874595263718,0.1729073575397577,0.8935156744372954,boot1969
C2,0.9131975617823559,0.39707584736039303,0.4056458296775238,0.5227689213449779,0.12569307398458485,0.5494310885538293,boot1970
C2,0.9273388676429437,0.4088369936938592,0.4060238951133968,0.4210270875425292,0.4491580733471526,0.6216947862821757,boot1971
C2,0.8730462051055905,0.156374013576891,0.16035806487821305,0.4372496303200965,0.3426284119136974,0.7021890418580137,boot1972
C2,0.9035610430471469,0.4022730546724106,0.4051601818590546,0.5706888072266493,0.37340178280596953,0.7468035656119391,boot1973
C2,0.8735429522969929,0.4768188422048226,0.4768188422048226,0.4031558060395682,0.40514669890889937,0.3434290199596322,boot1974
C2,0.9398478912191748,0.4367034138644263,0.4367034138644263,0.47741305413992374,0.28126660553980004,0.6994656374608184,boot1975
C2,0.896829584152717,0.2792445599854902,0.2792445599854902,0.4023836541457585,0.38105247248020024,,boot1976
C2,0.9206945096198966,0.6044586269556355,0.6044586269556355,0.6696268226742899,0.12278065860036344,0.49301156761069004,boot1977
C2,0.9234225800411907,0.3700788109594838,0.3776122218696005,0.3907956909623047,0.2504859127613809,0.7957165273810783,boot1978
C2,0.9305310146005765,0.6363827790282353,0.6363827790282353,0.8045896809740243,0.32239656206276235,0.5354586378607618,boot1979
C2,0.9246809107485157,0.44762797486887046,0.44574718505849714,0.5538925991549679,-0.06864882807862929,0.8950942363512818,boot1980
C2,0.9042401143401619,0.5548737801805104,0.5539121271819306,0.6721954460072388,0.2500297796307326,0.49525129426856646,boot1981
C2,0.9042923157543709,0.3480982899130985,0.35098308237094183,0.34425189996930733,0.3750230195196364,0.5827280764843581,boot1982
C2,0.9285381533587999,0.5956066277517472,0.5946701393433326,0.4429590171801517,0.17231386714830427,0.3755318517742935,boot1983
C2,0.9205932044302609,0.5572966167813319,0.5554074757074969,0.37499450315625216,0.10201361798709126,,boot1984
C2,0.9101592115238818,0.7461666334679389,0.7576314216902377,0.6678239139488981,0.329612661391087,0.6162323669485539,boot1985
C2,0.9062202777249382,0.37806337385463434,0.38190158069579816,0.4106881320045267,0.0518157923557113,,boot1986
C2,0.9232209737827716,0.4473939500837816,0.45869653408589817,0.5020231060940118,0.10831643002028396,0.2656107240497398,boot1987
C2,0.918664786083686,0.36820924747452266,0.36820924747452266,0.37862133416403354,0.14955542699479327,0.6559614614391881,boot1988
C2,0.9035087719298246,0.8122921063739973,0.8122921063739973,0.8296158716758125,0.16457577036724355,0.4860278598564794,boot1989
C2,0.933061186621515,0.6327932091426693,0.6327932091426693,0.6737989546541238,0.04007379674983031,0.4799536122363398,boot1990
C2,0.9068960600731905,0.5772196880283262,0.5791373614104801,0.8562411651317197,0.05273601800923246,0.9377422838732609,boot1991
C2,0.9136595503495181,0.4444620059697199,0.4444620059697199,0.6205336785701442,0.017131297874635885,0.2246103499118927,boot1992
C2,0.909073661243656,0.5414015761606831,0.5404450362734734,0.492618041912989,0.34244127962106813,0.34722397905711655,boot1993
C2,0.9298343569700354,0.5021932328471472,0.510609879207714,0.4872303059839175,0.1748792077139973,0.6705261600584815,boot1994
C2,0.9116032557259134,0.4511878881987577,0.4607267441860465,0.3863236674851942,-0.012400512783475369,0.6019018127979199,boot1995
C2,0.9294358592440884,0.40230107302118173,0.40230107302118173,0.5014729654403568,0.12911057692307695,0.5744485089186177,boot1996
C2,0.8944433762737933,0.5833115256645108,0.5842837115406183,0.5084532132042321,0.38109686343414717,,boot1997
C2,0.8949214433286886,0.42558994206322165,0.43724994047591265,0.6733649083329054,0.4236466089944398,0.5451049257933044,boot1998
C2,0.9157080897605129,0.4681575460210587,0.4681575460210587,0.48050247116968703,0.15003832103717496,0.8347068619726381,boot1999
