target,ceiling,GradDot_ALL,GradDot_head,TracIn_head_last5_lr,KFAC_embed_1e-4,datamodel_LOO,draw
C1,0.895436146451903,0.1310995818216409,0.11847517764622362,0.23403703125196634,0.3301767245878363,0.5253694353000572,boot0
C1,0.9539907526718714,0.36642411513137446,0.36642411513137446,0.48309647019808066,0.0063805194177105,0.8221755021106958,boot1
C1,0.9633079705090093,0.447732564278677,0.4396083846849107,0.5506388391330503,0.1372083664724978,,boot2
C1,0.9238167740497985,0.3623907013812305,0.3623907013812305,0.6617160079766363,0.06871304208007746,0.6551270861333414,boot3
C1,0.9561496401633853,0.38105732699402295,0.3701439906600652,0.4992851372785646,0.10913336333957697,0.3492267626866463,boot4
C1,0.9588722193481635,0.3310047970349867,0.3310047970349867,0.3636518455096703,0.1695832795768288,0.658382144239453,boot5
C1,0.9200026832231472,0.4215488650509232,0.4206036882234548,0.3081276457547107,0.18147395087394003,0.20982925569799318,boot6
C1,0.9570925265495164,0.2970954408264784,0.2889185020881349,0.4733538980752147,0.17807555474614606,0.31254076955446036,boot7
C1,0.9420075570888777,0.35631579745530095,0.34985411200922045,0.246467144871931,0.2750831804188593,0.5233965211325275,boot8
C1,0.964312007261967,0.5239148610612492,0.5194061273171765,0.6195000164355907,0.25789957016095916,,boot9
C1,0.9273738054171694,0.29255123041139114,0.29255123041139114,0.4547671370177074,-0.24004203520934658,0.3506864108136548,boot10
C1,0.9429183187367546,0.3227722062868574,0.3227722062868574,0.5404128939545669,0.20934083093461894,0.7432982807634486,boot11
C1,0.9318806713892922,0.2202185296947944,0.2202185296947944,0.33965908817332696,0.30606643110123966,,boot12
C1,0.9273460141910124,0.21566922911128672,0.21566922911128672,0.4013323046070901,0.23160999821951223,0.5926215339057965,boot13
C1,0.953907685421487,0.485873285175154,0.485873285175154,0.46673006005568257,0.17137744392669593,,boot14
C1,0.9566682507452369,0.45629374528776073,0.4490221318170394,0.40539245099271176,-0.2617780849459663,0.6399019854234733,boot15
C1,0.9118844149407506,0.15638900425931704,0.15638900425931704,0.4691670127779512,0.10870942979001309,0.1754608340470387,boot16
C1,0.9115002366303833,0.2184644904961849,0.20701656959682152,0.17076482008217075,0.043883696780893044,,boot17
C1,0.9143180396285154,0.36710658585432465,0.36425342586063825,0.3024349593307649,-0.13600062636572133,,boot18
C1,0.9615694705724267,0.29390356526599754,0.28486037864242836,0.4322643206066055,0.22155807227744428,0.33459790507205867,boot19
C1,0.9366659450574044,0.20609639891310313,0.19588441518317457,0.37691503585008945,-0.14296777221899945,0.46418107863311514,boot20
C1,0.9403440773717024,0.4531181370468865,0.45219340615495407,0.5086019905628317,0.20898918157672722,0.607548195999601,boot21
C1,0.9569010819721696,0.2862501136624562,0.2862501136624562,0.46708748705556336,-0.005452383117380118,0.6124843701856999,boot22
C1,0.9223681128055243,0.4911742632590237,0.4911742632590237,0.5251133678220272,0.08013399688486951,0.802282721753223,boot23
C1,0.9284089942648804,0.550731790605864,0.546048697148331,0.5348092728502523,0.2800489887604648,,boot24
C1,0.9373950411768588,0.4434119615047356,0.4424843214179057,0.6762496232990635,0.2541733837914175,,boot25
C1,0.9620827110485544,0.5739360105969217,0.556763122090872,0.5667053206996376,0.15455599655444663,0.1617866864517307,boot26
C1,0.9634748272458046,0.3637197077690662,0.3601095866001424,0.4765359942979329,0.15252761938702775,,boot27
C1,0.9295529091929905,0.5416348611147586,0.5416348611147586,0.5463121915216217,-0.210479868308844,,boot28
C1,0.9375508677767757,0.24485627956984857,0.23372644868031,0.36913939116969596,-0.17251237878784786,,boot29
C1,0.9630186248725242,0.3729215879185588,0.37021271439856934,0.3973014495984646,0.2501193216790334,,boot30
C1,0.9585392236840686,0.5588213405126055,0.5542854530084448,0.5769648905292485,0.022679437520803793,,boot31
C1,0.9576551917619511,0.4649036470895232,0.4649036470895232,0.6201742010979382,0.1625346734941888,0.5893016932833994,boot32
C1,0.9596944416524272,0.3859924227245405,0.38236808072712697,0.43401495419026975,0.17940492887196954,,boot33
C1,0.9551033358812755,0.338684044665273,0.3286691938821601,0.6036223699276236,0.3113708152567833,0.5899657552233789,boot34
C1,0.9700980148266083,0.5521629420185793,0.5476810999567402,0.6668980988016607,0.014341894597885178,,boot35
C1,0.9302167621522651,0.4085069367281501,0.4085069367281501,0.4655296441432923,0.08039266947052838,0.23650401600050794,boot36
C1,0.8909596757836569,0.2713244347699096,0.2713244347699096,0.34745143445355325,0.03806349984182184,-0.07515101250821236,boot37
C1,0.8819832644699838,-0.15873317061648687,-0.15873317061648687,-0.0690144220071682,0.0808454657798256,0.8084546577982561,boot38
C1,0.9650776191785616,0.5162909797756149,0.5117858228840302,0.454119814671745,0.08920210645337849,0.296439323466278,boot39
C1,0.9209316180440489,0.3588049059608795,0.3588049059608795,0.4730559418063175,-0.2974303825728344,0.015107574987826508,boot40
C1,0.9602617643259999,0.4518695418252136,0.45096399164119516,0.598568671636205,0.21733204416443141,,boot41
C1,0.9435310415223651,0.3870751201943268,0.38615351276529264,0.4902951522461472,0.005529644574204668,,boot42
C1,0.9095055145606225,0.2877817959808935,0.2791770246724946,0.17305151186890938,-0.052584713551326046,0.26961616766316265,boot43
C1,0.9063036611277375,0.35308254145394885,0.35212307802608483,0.5305832756087873,0.23506853982667789,,boot44
C1,0.9453035436781903,0.4351029365929335,0.43234329851729114,0.492135456822874,-0.035875294983349695,,boot45
C1,0.9602654946631984,0.4518677864505072,0.4437178664544059,0.4428123197881724,-0.03259967998440533,0.3377689065050885,boot46
C1,0.8945133837121919,0.16234233489241032,0.16137022510263543,0.21580837333003053,0.03888439159099649,,boot47
C1,0.9616215615807144,0.5724027045565517,0.566977086503883,0.5036782092227476,0.15824719320283814,0.46841169188040094,boot48
C1,0.9540058543909735,0.5031415664701833,0.48491179956908964,0.42748803383064476,0.04283995221756994,,boot49
C1,0.9312740629287073,0.4911457567167756,0.4911457567167756,0.4267178912919514,-0.2959946860821633,0.4164467823111824,boot50
C1,0.9649223691776883,0.5091646369902058,0.5091646369902058,0.46771052495206505,0.11535057262786962,0.2865740788723636,boot51
C1,0.9495432796868204,0.3919504471309924,0.3919504471309924,0.6364615905514946,0.34707761556693023,,boot52
C1,0.8996134598005787,0.2542154629662933,0.2426162783442571,0.42433683742282424,0.06766191029521115,,boot53
C1,0.9380647714530704,0.1473894700800352,0.1473894700800352,0.411578142865004,0.0435679565645387,0.6025355695095779,boot54
C1,0.9513905473176872,0.3052739838834177,0.29522005028246684,0.5538803420160213,0.22758449696697908,0.37199554323518264,boot55
C1,0.9452459636914208,0.4940053062120984,0.47836640452568197,0.5280429157648873,0.04047715730601924,,boot56
C1,0.9677428547003676,0.5346371733305338,0.5220574751345212,0.51217342655194,0.19318822229590718,,boot57
C1,0.9637898545801704,0.5936708197584408,0.5927685844700542,0.6261512901403616,-0.07308105835932174,0.7569754069564314,boot58
C1,0.9609104403760516,0.40088792370035364,0.39636322930192985,0.4995262615859937,0.058821027179510134,0.2778162360632248,boot59
C1,0.9387453171862469,0.1593245949173993,0.15839828913299586,0.21490294198160842,0.13524064452290874,,boot60
C1,0.9208633093525178,0.3342798913043478,0.3342798913043478,0.44098505434782614,-0.06137907608695653,,boot61
C1,0.9313883470443558,0.409860324800266,0.3958559856840838,0.4107939474080115,0.22126855803567896,,boot62
C1,0.9388230383056321,0.37697524351020995,0.3723440980125416,0.38068015990834475,0.3760490144106763,,boot63
C1,0.9375041245957896,0.4424328360949752,0.4424328360949752,0.4322299824324076,-0.018550643022850113,,boot64
C1,0.9555251207381243,0.30941329275012464,0.30941329275012464,0.6179165464039255,0.07189308860958778,0.8335958122326886,boot65
C1,0.9077546405351926,0.29025272810968394,0.29025272810968394,0.21745006363332764,-0.198291467718497,0.4032884440071847,boot66
C1,0.940165813947535,0.4689274579834846,0.4689274579834846,0.5919399864091325,0.38476099116593604,0.3782866475645861,boot67
C1,0.9425210182157868,0.34781833043585997,0.34781833043585997,0.29338522302016834,0.01660671073699066,0.607067536941103,boot68
C1,0.9360960083408898,0.40779912213424163,0.4050123399784267,0.36321060764120383,0.26474430480241196,,boot69
C1,0.9370988446726572,0.4751018463371054,0.4751018463371054,0.5205705777248362,0.16795592614651578,,boot70
C1,0.9424476971415434,0.4456480728573752,0.4456480728573752,0.5711307600387477,0.3662987265515071,-0.1245600203638626,boot71
C1,0.9322742043637489,0.48782065036973604,0.48502244396226146,0.38615248423149273,0.24717489932692166,,boot72
C1,0.9665833419510821,0.5100889461488588,0.5100889461488588,0.6261409286060067,0.20331587624275502,0.7781780219025801,boot73
C1,0.9343981997286356,0.26615596246454487,0.25498857942407444,0.40854009623054266,0.33967456748097513,,boot74
C1,0.9568710450726735,0.3989452208847952,0.3989452208847952,0.5270802462714834,0.059069337944217974,,boot75
C1,0.9626400060136812,0.31344960582335724,0.31344960582335724,0.3486788122415443,0.018066259701634425,0.5934766311986909,boot76
C1,0.9161817284246111,0.6368586523471335,0.6330621775194306,0.49069437148057815,0.230635845782941,0.4147648749265236,boot77
C1,0.9497831073808721,0.5282670606959746,0.5236893565304982,0.43213527322097056,0.15564194162619702,,boot78
C1,0.9450616654775252,0.3597648835202761,0.3597648835202761,0.5299861199684885,0.010121262707731553,,boot79
C1,0.9464768046765086,0.5760493956222147,0.5732931784182806,0.4658007074648531,0.09003642866184537,0.4896879232322815,boot80
C1,0.9529098483561985,0.30569979765514727,0.30569979765514727,0.4599185015468483,0.052014592436845954,0.6698019447130689,boot81
C1,0.9534770346349267,0.45964491397846974,0.45964491397846974,0.6621075546594625,-0.031007791816007883,0.7378030464455992,boot82
C1,0.9600864082791187,0.4836521193121193,0.48274640373288324,0.6176980250390739,0.3061318657818283,0.4193463131863507,boot83
C1,0.9365410796786872,0.2098378206729152,0.2098378206729152,0.2841166952473985,0.16527049592822526,0.4790987410054171,boot84
C1,0.9273698353301726,0.4697717753111278,0.46508343424015847,0.3675659399639963,-0.06282377035098916,,boot85
C1,0.9334923158452568,0.27945550358513616,0.267345765096447,0.3679497463870961,0.35025089782670404,,boot86
C1,0.9441007367247447,0.41631519071196577,0.4061836263362322,0.5784202207237048,0.18513131268386093,0.7819725595452632,boot87
C1,0.9549714582439337,0.49170602255984974,0.49170602255984974,0.4926165892682939,0.038243801754654985,0.5554456921509414,boot88
C1,0.9534581383255328,0.33014832643672715,0.33014832643672715,0.4286456171968556,0.3593327088841726,,boot89
C1,0.9527622792055738,0.3696346095241361,0.36050782904205875,0.4453868875253788,0.15424259014710864,0.7000240629753394,boot90
C1,0.9362678343984113,0.2897721547813405,0.2786270719051351,0.4328007183593099,0.39286417138624047,0.33992502772426486,boot91
C1,0.9461051712851842,0.5101004732873415,0.5064240734798653,0.5707610701107012,0.16451889138456605,,boot92
C1,0.9615322595094332,0.42956798815216174,0.41419397594461066,0.40967220764827217,0.2161405245649824,0.1112355000899282,boot93
C1,0.9505057345554498,0.3650230704830007,0.3577043121775772,0.32019567586228137,0.41168015468007607,0.49310134082791335,boot94
C1,0.9669701355272445,0.6213941290852427,0.6159985215968036,0.6906377585202119,-0.21672356745230606,0.536862945099696,boot95
C1,0.9022644110940233,0.3382793198440159,0.3344242848600386,0.41923505450754106,-0.08866580463147997,,boot96
C1,0.9267700147393214,0.21205016995042905,0.21205016995042905,0.5001006220512332,0.11634611094625312,0.4297299904305155,boot97
C1,0.945234446939615,0.3072621650099995,0.29622280578808335,0.21618745142919127,-0.12971247085751478,,boot98
C1,0.9340023100295005,0.3305084461345313,0.3193363296454768,0.35936974706458896,0.16944376675066114,,boot99
C1,0.9243600164797843,0.3649998900133136,0.3649998900133136,0.5672549837062582,-0.04609534693467106,,boot100
C1,0.9441238195173137,0.39235826376892124,0.3849900334634017,0.45222513500126843,0.009210287881899561,,boot101
C1,0.944854252987395,0.29358105069727264,0.28069661587043304,0.37917051061842105,0.41046128091217426,0.4573974363528041,boot102
C1,0.9551673787247851,0.4469965487191858,0.4469965487191858,0.5626148006282217,0.31226031814802596,0.7364973684599212,boot103
C1,0.8960210281708919,0.42700861210056507,0.42700861210056507,0.40080581090348494,-0.15333491070883926,,boot104
C1,0.9642564841189568,0.6664292190260216,0.6664292190260216,0.7277515287604865,-0.2597180176989097,0.2552090243360814,boot105
C1,0.9279729514776438,0.4123058705999271,0.3954388122572028,0.3129776381372174,0.10963587922770789,0.407620576615837,boot106
C1,0.937118336359135,-0.008351225936873057,-0.01855827985971791,0.19393402453405215,0.2997162197344442,0.5084968681562706,boot107
C1,0.9469400213664342,0.5629115532488403,0.5546469464311575,0.5050593055250606,0.020202372221002428,0.3370123002321768,boot108
C1,0.9259227687324183,0.4404536757583278,0.4404536757583278,0.48365382306085036,0.23478340925284,,boot109
C1,0.9461473284580222,0.46688197191731673,0.46688197191731673,0.669074951881509,0.46596291291747954,0.3979525469295239,boot110
C1,0.9414665327367364,0.14500965715008643,0.13392611647619448,0.3204990511533758,0.46181419474549823,,boot111
C1,0.9082854279837562,0.47964236845692804,0.474855518472328,0.47102603848464797,-0.03255057989528055,,boot112
C1,0.9229608541983341,0.3900490452682189,0.3900490452682189,0.4484621873132178,0.14037997039846525,0.4409250076945082,boot113
C1,0.9328128740034247,0.20042232150672915,0.20042232150672915,0.19016815622033836,-0.08949089704486511,,boot114
C1,0.9404021937842778,0.23579180471972414,0.22839441476773276,0.44384339711948073,0.21452430860774901,,boot115
C1,0.9506919350283508,0.4308075016741259,0.42166084558762645,0.5616046837110688,0.11982119473314332,,boot116
C1,0.9069348158988557,0.30777342526647267,0.30681462954913175,0.4899446115612696,0.2722979837248544,0.1888827563161842,boot117
C1,0.9442084477896869,0.663081290987553,0.663081290987553,0.6234806027757962,0.04144258068672206,0.43744946280428837,boot118
C1,0.9425325942981414,0.4898919498679167,0.4843564476095222,0.47513061051219796,0.17252315371996316,,boot119
C1,0.9371066414330356,0.45189975414321765,0.45189975414321765,0.6523316779521191,0.023198139329733962,0.7200702447949423,boot120
C1,0.9547113733750775,0.32060679809403164,0.3151419094901561,0.4116882748252906,0.25593894961483776,,boot121
C1,0.9481821844274344,0.30355567915497933,0.30355567915497933,0.5337444267921388,-0.20451032160592264,,boot122
C1,0.9606458485010417,0.4399214302665209,0.4399214302665209,0.49694828233810695,0.3095743398171814,0.6100967983531588,boot123
C1,0.9603587443946189,0.531504279612155,0.5269769859186954,0.4454856994364229,0.18018628899969139,,boot124
C1,0.9437081747802123,0.281037505440828,0.27182316100014514,0.49573173090873923,0.28748754654930603,0.7942764907868648,boot125
C1,0.9255763256045023,0.5101404389693062,0.49041125072187436,0.2715112096908462,-0.03476095072166543,0.28278503154652146,boot126
C1,0.9652180433408674,0.5612608821108279,0.5603599818185152,0.6756752192345441,0.2090088678165523,0.6171167002342168,boot127
C1,0.9519442194190486,0.4348080854263322,0.43389462306199117,0.48413505310074806,0.2758656340309923,,boot128
C1,0.9613908331451794,0.501085629097147,0.5001811424020259,0.6078150591214492,0.256874221414422,0.41515939306063265,boot129
C1,0.9685988532869237,0.6203492428040261,0.6194514870257282,0.7110225764121401,0.17865339988133316,0.6158604639125356,boot130
C1,0.9218790108667749,0.4904916021662457,0.4904916021662457,0.6178307681132517,0.012262290054156142,,boot131
C1,0.9498630256120363,0.48336488778134273,0.48336488778134273,0.4970968448205855,-0.024717522670636843,,boot132
C1,0.9616066789687729,0.3879376947141438,0.38432056003149445,0.4937388841816376,0.23420947070154605,,boot133
C1,0.9494823536235246,0.4679895570372475,0.46249457202311145,0.3956389210177904,0.16118622708132205,0.494548651272238,boot134
C1,0.966222073192048,0.4652814605094909,0.46078163980823855,0.5579777669552888,0.29788813042290424,,boot135
C1,0.9650850108741068,0.3730241335671943,0.360409790886178,0.3486964726823773,0.010812293726585341,0.15677825903548748,boot136
C1,0.9254209509542543,0.41908072921475586,0.41908072921475586,0.6051300215567327,-0.0610767878900429,,boot137
C1,0.9538397114936844,0.5387834426326079,0.5387834426326079,0.6427112132927049,-0.10119282932693653,,boot138
C1,0.9200871979281177,0.4205650536280602,0.4177297836036013,0.3203855127638481,0.24099795207900077,,boot139
C1,0.961063171517787,0.5998791299222777,0.5998791299222777,0.6858346613591048,0.1945309395675561,0.6541668339876422,boot140
C1,0.952807689528077,0.5612702485225833,0.5612702485225833,0.46088044797382843,-0.036505382017728995,,boot141
C1,0.9119089277534561,0.3213516935104476,0.30609463981262214,0.12110286372648917,0.16019906382716675,0.7514098946179012,boot142
C1,0.9082113955906508,0.297766339336471,0.297766339336471,0.43851120069486726,0.1359576211761379,0.8540436485148943,boot143
C1,0.9453265739126636,0.5169596049238561,0.5123603201825405,0.4323327656836518,0.19225010218698566,,boot144
C1,0.9364864418535521,0.4976974953307715,0.4976974953307715,0.5162682973953525,0.17270845920060354,0.29063305231069303,boot145
C1,0.950167364623031,0.48137972464386974,0.47039767769381946,0.4905314304355783,-0.10158393428796492,,boot146
C1,0.9544058911182229,0.42366442815352406,0.4118200462911675,0.30066507804443643,0.044644208558113296,,boot147
C1,0.9421852015432852,0.33779013833364274,0.3248692040804433,0.30733365045110117,0.12920934253199448,,boot148
C1,0.9257555482242344,0.1380775812812736,0.12680594199300635,0.16437807295389714,0.2883661051248367,0.33814917864801697,boot149
C1,0.9437967191366686,0.32339314718485485,0.3132583192104007,0.5076627467203847,0.17137072756804272,,boot150
C1,0.9503574869428527,0.4739635229871992,0.4730485354910849,0.5069030728473134,0.26717634886537095,,boot151
C1,0.959985645074466,0.5797188134904512,0.5788130028443722,0.6159512393336042,0.14130646078829745,0.5779071921982935,boot152
C1,0.934656741108354,0.2716644863409003,0.2716644863409003,0.458666410157753,0.211191227395152,0.38516814159292034,boot153
C1,0.9449694922165106,0.39200713426187717,0.39200713426187717,0.5373994516641697,0.1076639312409381,0.5659257924203158,boot154
C1,0.9322348641160171,0.39083265399266726,0.3852360050094787,0.4048242764506386,0.06902533745932549,0.3712443825515073,boot155
C1,0.9679670946030162,0.23985723723252975,0.23985723723252975,0.5039697007020569,0.08983417124813847,,boot156
C1,0.9627476806780436,0.5076051202011046,0.5067019082434514,0.5374111148036607,0.3332852123740349,0.7090213867577707,boot157
C1,0.9489489489489489,0.13287011557512382,0.12279031370390754,0.4270170610897083,0.3784507429829389,0.4444276279581728,boot158
C1,0.9266229364900052,0.2430518201475332,0.2430518201475332,0.40633759893390686,0.14170202641805987,0.827689982124032,boot159
C1,0.9498706362377974,0.440334560948052,0.43209545273904476,0.5154019912967843,0.12724844900577803,,boot160
C1,0.9415051956827438,0.4867321727660822,0.48211422046279867,0.4294695642053667,0.23366838654614577,0.6178820181793341,boot161
C1,0.929801950581814,0.5760927620961266,0.5760927620961266,0.6668086678158089,0.12157801797483192,,boot162
C1,0.9212810624897636,0.24729270602916914,0.2369101878371048,0.15196231172021463,0.350174022659625,0.0991058554697052,boot163
C1,0.9676141484597928,0.5212282467032505,0.5167348997489121,0.5562763529470895,0.03864278380730994,,boot164
C1,0.9629778067231101,0.4551100414832641,0.4551100414832641,0.5101928044405639,0.0009029961140540956,,boot165
C1,0.9661335607030862,0.3690191021528975,0.3600186362467292,0.45542357485211254,0.25651327832579457,0.6300326134317762,boot166
C1,0.9553481632079247,0.06462474395457181,0.05643287500258382,0.2630500141249472,0.2994583205782271,,boot167
C1,0.966741778145412,0.4389464029381467,0.4389464029381467,0.49381470330541505,0.25095501315521096,0.6170435090482965,boot168
C1,0.9426869178484517,0.5119501358453762,0.5119501358453762,0.5820550193124908,-0.03413000905635842,,boot169
C1,0.9664359158169541,0.48497333812114385,0.48497333812114385,0.6298355040534336,-0.046787780301112206,,boot170
C1,0.9456220393372481,0.23265109192483496,0.23173152239153516,0.2970209592558169,0.289664402989419,0.5692135411125407,boot171
C1,0.9541908150671583,0.505777972321193,0.49939879068831317,0.6224258650367115,0.3863961446201547,,boot172
C1,0.9615471442546466,0.5281343613683844,0.5236126630689977,0.4991954922523087,0.30476246537867396,,boot173
C1,0.9411919445824687,0.2928756195797322,0.2928756195797322,0.39358048561818887,0.309505780943881,0.6531957824696235,boot174
C1,0.943461712335759,0.5198247858882479,0.5189031107359636,0.6967864151268003,-0.17603995408626832,,boot175
C1,0.9614206103177022,0.5092102375770029,0.4992611920826033,0.5191592830714026,0.4160509934021694,0.12571975670195987,boot176
C1,0.9187374076561449,0.5593688024408849,0.5593688024408849,0.4552561657767608,-0.09654080854309689,,boot177
C1,0.9597467209407509,0.5064742039913125,0.5019440232758267,0.5028500594189238,0.18664344547801495,,boot178
C1,0.9360413247717335,0.47470962480776874,0.47470962480776874,0.4552010100896413,-0.04644908266220829,,boot179
C1,0.9603512850316414,0.3947830764553173,0.39387761068363075,0.36943003484809506,0.121332413405992,,boot180
C1,0.9373989373989374,0.32188977221591275,0.32188977221591275,0.4109428504082113,0.18831015492746478,0.5547264662395267,boot181
C1,0.952811473543855,0.28200295612996285,0.2810903252039759,0.36048921576483933,0.18526407797534777,0.6826479326382274,boot182
C1,0.9594890078523034,0.5047976809771992,0.5011725629809537,0.4069194950785681,0.2591959367315601,,boot183
C1,0.9660819214179448,0.3906410998706181,0.38974100517045546,0.5778607975044627,0.3969417627717572,0.5022528426907947,boot184
C1,0.9554686514444304,0.3658573380328584,0.3658573380328584,0.411361982066796,0.1255928175336678,0.4686978335495574,boot185
C1,0.9245516181824254,0.2577042372535284,0.2577042372535284,0.3028495050935626,0.2454773938801858,0.4730847859070248,boot186
C1,0.9137483179591361,0.48819455834192693,0.48248468046658277,0.2645576748909468,-0.19128090882402987,,boot187
C1,0.9323332093002691,0.49058780678970504,0.487789777473414,0.5409523344829448,0.18000655268139365,,boot188
C1,0.9403440773717024,0.6685804348671408,0.6685804348671408,0.640838508109168,0.1562795207365792,0.15720425162851162,boot189
C1,0.9386559238234755,0.2547583504385146,0.2547583504385146,0.41502451271438023,0.23715686440821726,0.5354557329216781,boot190
C1,0.9436273169664824,0.5307917185224748,0.5307917185224748,0.7058792645628745,0.023959348405528377,0.754719474774144,boot191
C1,0.9557848008676569,0.32479568866012976,0.32479568866012976,0.4767309267728515,0.0027293755349590736,,boot192
C1,0.9330486166080667,0.16029734649307154,0.16029734649307154,0.43336201232138527,-0.08480847983063669,0.24976563290780915,boot193
C1,0.9385781782221733,0.28813239949915,0.27794122138181665,0.504926552176967,-0.024088239186424113,0.6828089338613297,boot194
C1,0.9385587400421206,0.3798608695652174,0.3696694803817603,0.5799826935312831,0.30388869565217386,,boot195
C1,0.9355293702800387,0.07157073189384515,0.06971175184465435,0.21192372560774927,0.17009667450095664,,boot196
C1,0.9588909206522558,0.26661236268578287,0.2584507597464221,0.501485158385163,0.08433656370672722,0.5032988479272431,boot197
C1,0.9714760277254288,0.5111003513828013,0.5030444789441932,0.6220923716480682,0.41711517293237377,0.546009131950103,boot198
C1,0.9497336280940818,0.4751904475908272,0.46695015081179553,0.5640025350981687,-0.028383244461109135,0.5722428318772004,boot199
C1,0.9261217728995822,0.42815291761143914,0.42251932659023594,0.461954463738658,0.04600766000649237,,boot200
C1,0.9353612167300379,0.26402262283492406,0.2510074231177094,0.400682219865677,0.16176033934252387,0.22032873806998943,boot201
C1,0.8497078623142383,0.15350544392215865,0.15350544392215865,0.41241795933753295,-0.012280435513772694,,boot202
C1,0.9532691376931467,0.473428048786113,0.4688670849249751,0.4880231331417543,0.08027296395602687,,boot203
C1,0.9543908009481923,0.5138720764297456,0.512960955726856,0.6140953537476039,0.22049121009928802,0.3717372467789649,boot204
C1,0.961200963523744,0.5952698080387891,0.5952698080387891,0.6251237649769047,0.08594320936730238,,boot205
C1,0.9405455203500805,0.32913368964436834,0.31341663143101367,0.19877455975713254,0.18305750154377787,,boot206
C1,0.9423203258441729,0.5158404665486553,0.510303717354931,0.39587756735129365,-0.026760954436334538,0.45585901694997444,boot207
C1,0.9267421922161032,0.24583545334406862,0.24489715008703017,0.22613108494626158,0.019704368397807027,0.694344410208438,boot208
C1,0.9543719376231264,0.3407658780436328,0.33165449093016663,0.5685505558802857,0.2751638908266767,0.6368859592312816,boot209
C1,0.9615210956704962,0.37983294693047925,0.37983294693047925,0.5055395650812807,0.41962496994224374,0.8564328589122948,boot210
C1,0.9542210065171735,0.16767604035881223,0.15856321207844198,0.3508438887942539,0.13122472723733128,0.5112296665287698,boot211
C1,0.9493223890770134,0.24365205170287255,0.24365205170287255,0.36822603302464196,0.05129516877955211,,boot212
C1,0.9405765047798351,0.4354406210552463,0.43174261153460736,0.40770554965045364,-0.02958407616511228,,boot213
C1,0.9410410538432025,0.3613019842348464,0.3613019842348464,0.5248581254357871,-0.04620229977427703,,boot214
C1,0.9184024602798418,0.27931299209746374,0.27931299209746374,0.4478476110579674,-0.2262908647840469,,boot215
C1,0.9533220647510077,0.32654688204179416,0.3247225977845774,0.353911145900045,0.2845883441258094,,boot216
C1,0.942053904872466,0.3350680595669056,0.3350680595669056,0.48552561799502025,-0.2021484987469761,,boot217
C1,0.9608247422680413,0.48418548236611303,0.4796603844000746,0.542106736331405,0.23892517260682958,0.24978540772532187,boot218
C1,0.8933102168317664,0.1868964650726397,0.1868964650726397,0.44679936181427926,0.17618885509451973,,boot219
C1,0.9207427435032287,0.31071323509239895,0.31071323509239895,0.4778750667378538,-0.16243974600575264,,boot220
C1,0.9515650550627324,0.30521799961385565,0.2951659098062137,0.391117676151887,0.45508552038233574,,boot221
C1,0.9736942756363944,0.590311171666262,0.590311171666262,0.6822961197473888,0.11699056503521982,0.8162547820014574,boot222
C1,0.9294738241943349,0.20769114012242257,0.18898022659788,0.25727506096246033,0.3339898064130849,0.19646459200769703,boot223
C1,0.9607986574293215,0.38916899038836,0.3801185487514215,0.5095398641596435,0.4516170376832364,0.5041095991774803,boot224
C1,0.957208860486204,0.41788163118007937,0.41515631619412235,0.4969157657728335,0.14535013258437546,,boot225
C1,0.9240684913197795,0.2484287902333225,0.2484287902333225,0.3190051510950619,-0.11762726810289893,,boot226
C1,0.9525465263797073,0.3341158261054339,0.32316120885607535,0.5659885578835218,0.21635369067483018,0.8380282195759242,boot227
C1,0.9066585175376047,0.5668209513698698,0.5639436876573323,0.4795439520895683,0.13235413077672084,,boot228
C1,0.9501711677443896,0.2397737320291015,0.2287917290354022,0.24434956660980953,0.3312904236432624,0.48137779789048624,boot229
C1,0.9358850550233349,0.30847340773778553,0.30847340773778553,0.3995288112266499,-0.11335468597593322,0.4208989569434242,boot230
C1,0.9132595089792963,0.19995269017923106,0.19995269017923106,0.25708203023043985,0.15805784080834454,0.5379679521488835,boot231
C1,0.9167448519214881,0.32914188697361146,0.3253477441842903,0.2798180307124362,-0.1735820326114435,,boot232
C1,0.9538472645885601,0.2525242501180625,0.2525242501180625,0.3455115191146054,0.16227190079788853,,boot233
C1,0.9389862156076664,0.6047224948760852,0.60009215418025,0.5843489958144101,-0.03611665742751504,,boot234
C1,0.9497640774376852,0.4358061684065093,0.4358061684065093,0.6637804035603346,0.267343279778783,,boot235
C1,0.9459825130570143,0.17740929101763095,0.17740929101763095,0.3897489087641219,0.1718939762709689,0.5359047495506675,boot236
C1,0.9591825740298453,0.3880115455807873,0.38710497654905657,0.5267166074356014,0.35900133656540134,0.6500099957509918,boot237
C1,0.9482814308888798,0.2274136842592183,0.2164097963111916,0.2741802080383317,0.20907387101250716,0.28518409598635847,boot238
C1,0.9690611626343368,0.518655287232708,0.518655287232708,0.6667143225154013,0.1040899884411663,0.17946549731235567,boot239
C1,0.9499124927077257,0.5721350809066426,0.5721350809066426,0.4842551324793823,0.05767121615538957,,boot240
C1,0.9364357017028773,-0.011143084986743185,-0.011143084986743185,0.28229148633082735,0.3751505278870206,0.5311537177014252,boot241
C1,0.9561909975975824,0.4574308955499122,0.4474274366015045,0.4437898151657199,-0.16005534317452197,0.8375623355894017,boot242
C1,0.924599507943046,0.37242916866030584,0.3602029585780231,0.3855958564412258,-0.15894073106967596,0.3235243283311748,boot243
C1,0.9586926526388411,0.5034029355745802,0.4979607416764766,0.47347086913501046,0.17777833400471663,,boot244
C1,0.9523647708252747,0.4209201951790137,0.4117896052618984,0.42913772610441736,0.07943613227890281,,boot245
C1,0.9544398424083241,0.4537147958620181,0.4537147958620181,0.5366225196038729,0.061953024334572754,,boot246
C1,0.93607647914005,0.1495604292168675,0.1495604292168675,0.2981919116684128,-0.12262097302252489,,boot247
C1,0.9105386029480871,0.40683039841399815,0.4020553937377776,0.31992531330678264,0.1470701440275956,0.42497541618363666,boot248
C1,0.8923161600293548,0.2689629648667403,0.2543454124283305,0.19392619568290334,-0.12278744048264231,0.6470703212736072,boot249
C1,0.9366308296334348,0.3685735941870011,0.3685735941870011,0.5635369563514098,-0.08077053575382645,,boot250
C1,0.9474295925557338,0.48277075989783313,0.47634605396763385,0.5864838699139076,-0.06608268956776422,,boot251
C1,0.9146758446091446,0.1768267210597392,0.1768267210597392,0.3831245622961016,-0.15020764477117632,,boot252
C1,0.9024598079872749,0.30351827422559646,0.30255472414868984,0.4268526840696484,-0.07708400615253246,,boot253
C1,0.948033279609705,0.29167935881351736,0.29167935881351736,0.41091934826558424,0.047695995780826735,,boot254
C1,0.932918971065829,0.2908123387351966,0.2824235212716813,0.3318243352234936,0.06245008556172491,,boot255
C1,0.9535223829934749,0.39852237008536,0.3894028650490817,0.45506330131028516,0.14682403108408,0.39487456807084864,boot256
C1,0.9461971462233276,0.34738601092370247,0.33635788359279134,0.29224537426914654,0.23067166333822572,,boot257
C1,0.9526449509752545,0.3532499057344777,0.3532499057344777,0.5869242619826076,0.025558132714639213,0.2017266903548309,boot258
C1,0.9469935903957675,0.46187356364791393,0.45269118663702107,0.6436846284635936,-0.050503073559911064,0.2598612694082697,boot259
C1,0.9498706362377974,0.3908999116940088,0.3908999116940088,0.4925155796050976,0.08879927736374438,0.4888537537344278,boot260
C1,0.9495813548878175,0.42490120387550334,0.42490120387550334,0.4697722361813215,0.18497854134235273,0.7426613714289508,boot261
C1,0.9412538360368259,0.2993232214819465,0.29655171017192844,0.2669889228650696,0.06559243433709322,,boot262
C1,0.9274254138738892,0.24002867758640492,0.2362782294991173,0.31503763933215645,0.04969343715656039,,boot263
C1,0.9546925216149242,0.40076641116342515,0.39530141464756025,0.3096831358990103,0.0664907909430228,,boot264
C1,0.918854388563285,0.4703399346214395,0.4703399346214395,0.582010180668381,0.14384641863673803,,boot265
C1,0.9353533943417228,0.44623915075603604,0.4369425017819519,0.5010893797031322,0.09110715994602403,,boot266
C1,0.922956851376965,0.21292624767587212,0.21292624767587212,0.5228941038057922,0.13661197306637815,,boot267
C1,0.9222599071760086,0.2781447367867406,0.26588751109783343,0.5676038357478571,0.18574411236267088,0.46766030320753676,boot268
C1,0.9403750735850642,0.37172956537292084,0.36525666249329286,0.35693435879091395,0.23764800572348416,,boot269
C1,0.9593769188507901,0.5066694298878991,0.49941834681258035,0.5565206260307157,0.010876624612978156,,boot270
C1,0.9441045839269252,0.44210282573962445,0.44210282573962445,0.45315539638311503,-0.22934084085243017,,boot271
C1,0.9646265259968773,0.4390074805707096,0.4345002169098193,0.3695956201929999,0.2830561579039072,0.16676875545293893,boot272
C1,0.9306588735387885,0.22237634822326202,0.22237634822326202,0.21022974096736957,0.26255358760813713,0.3615951544638757,boot273
C1,0.9332214283347873,0.30935386116138913,0.3084220724229512,0.34010288952984047,0.05870269052158889,,boot274
C1,0.9417061974824438,0.36289357694404856,0.36289357694404856,0.5152534756610154,0.03878251967340977,0.7682632468637364,boot275
C1,0.9635823286853087,0.3627767000130064,0.36187427041098397,0.5577014940498456,0.17507134279234635,0.3745082848392976,boot276
C1,0.9662958220231067,0.3770561951971722,0.36445765884213543,0.4400488769723561,0.3221625725073691,,boot277
C1,0.9580636810768831,0.3766655310550615,0.3757579032693867,0.48285798197901864,0.2650273134170553,0.7197488340401537,boot278
C1,0.9422199510895353,0.44391001175634387,0.4328353337083685,0.6672493523905129,0.0387613731679136,0.4540617999669879,boot279
C1,0.9392619488591026,0.24441021769289312,0.23607805118063543,0.24348442141375337,0.11850192372988758,,boot280
C1,0.9536092896964095,0.47599477939520524,0.46687610546043123,0.511557607740824,0.36657069217791677,,boot281
C1,0.9432074274503511,0.34479943842624877,0.34479943842624877,0.3696913764944538,0.4821660596174548,,boot282
C1,0.893728455762499,0.21210605544563718,0.2111330918885471,0.14399860644933168,-0.1615119504769531,0.20140345631764633,boot283
C1,0.9572501340318582,0.4042376260730324,0.4042376260730324,0.6658565840708601,-0.02452677731229634,0.5650242773425306,boot284
C1,0.9645488391370525,0.4363382631758992,0.4273230098044964,0.5400136769470323,-0.009015253371402876,0.8600551716318344,boot285
C1,0.9189915063618357,0.029332721306476153,0.017031902694082928,0.005677300898027642,0.0842132966540767,0.45134542139319755,boot286
C1,0.9685364464692483,0.6069220101106289,0.6069220101106289,0.5746007196313647,0.07002946270507256,0.5746007196313647,boot287
C1,0.9444891626207845,0.29921856897540944,0.29185318881601474,0.3415695048919289,0.3848411133283728,,boot288
C1,0.9227126229977435,0.24973624166975242,0.2384274307262165,0.3213587109788135,0.060313658365525116,,boot289
C1,0.9230809250058527,0.1789847312718549,0.1601442332432386,0.010362273915738969,0.41731703133385123,,boot290
C1,0.9485027593638768,0.6518282244954777,0.6518282244954777,0.5564834490418495,0.04217172760448943,0.29336853985731776,boot291
C1,0.9421852015432852,0.4328512974821815,0.42915960198126735,0.5048393597500069,0.1153654844035665,,boot292
C1,0.92580731251668,0.39918157093260803,0.39918157093260803,0.5663682053467357,0.09110732324814819,0.3973030694223369,boot293
C1,0.9188584219362058,0.531850871153948,0.5309045172906848,0.512923793888683,0.2801207435259228,0.4296446539215168,boot294
C1,0.9292681484984628,0.6175968092800828,0.6175968092800828,0.4622618542187286,-0.05614516448000753,,boot295
C1,0.9532162052823209,0.5236277268647332,0.5236277268647332,0.5993439312720031,0.06476928328814646,,boot296
C1,0.9340611241278096,0.280216276722987,0.280216276722987,0.299766249517614,0.2988352984321555,,boot297
C1,0.9517812123601559,0.45955026078232386,0.454982166738762,0.484217968617558,0.16627862318565198,,boot298
C1,0.9408243149896384,0.5323731085998851,0.5240547787780119,0.5610251335418928,0.007394070952776182,,boot299
C1,0.9215781130221861,0.14342128049247227,0.14342128049247227,0.28589899992907297,0.10945308248109727,,boot300
C1,0.9432690835101845,0.47844708971765443,0.47844708971765443,0.47199404611837975,-0.30790236602253673,0.5982893279898993,boot301
C1,0.9515081567455507,0.4724764724339884,0.4633376625223059,0.5090317120807186,0.1836900792248195,,boot302
C1,0.9638528370696127,0.33741394826735316,0.33741394826735316,0.43484899215204326,0.28057683933461713,0.43484899215204326,boot303
C1,0.9583745179157425,0.6759633888903928,0.6696120550350468,0.7086273915750291,0.11523134280413407,0.5362340440727814,boot304
C1,0.9389784463979087,0.568610542155092,0.568610542155092,0.6195447112406459,-0.14724605244732838,0.6936307753650878,boot305
C1,0.9383020893247702,0.45595772600740764,0.4531774959707771,0.5690204141637161,0.328067144322403,,boot306
C1,0.934903413601482,0.41948067291007757,0.4027386504879459,0.36832449328689737,0.25764112282947116,,boot307
C1,0.9494709291998507,0.4377724068532848,0.4322773557212352,0.29764860298602,-0.22621293826937522,,boot308
C1,0.9198658218412225,0.2864311887816221,0.2864311887816221,0.45753364808681557,0.26847015714185046,0.4140490451694736,boot309
C1,0.9400301385495456,0.18778306342688705,0.1702073087219075,0.06197766132808588,0.3755661268537741,,boot310
C1,0.9439006435719336,0.4035059916646467,0.4035059916646467,0.3823173208694712,-0.20912296828281918,0.5527479337871871,boot311
C1,0.8851444926599575,0.29079015514668866,0.2799837642459671,0.251494188234974,0.16897265772037312,,boot312
C1,0.9413427923271097,0.6022848704641881,0.5976661214575609,0.45263740264946656,-0.11177372596037846,,boot313
C1,0.8977384239713366,0.20922139672448584,0.1966293682179196,0.15885328269822074,0.11817134444623738,,boot314
C1,0.9499201026165033,0.44763490122286037,0.44763490122286037,0.4220034549360708,-0.03570094304231401,0.35243238644335634,boot315
C1,0.9409017319070712,0.23196988820802178,0.23196988820802178,0.2181071458848332,0.2606195556759448,,boot316
C1,0.9111526077106026,0.2404980602900367,0.23668063076162343,0.04008301004833945,0.08302909224298888,,boot317
C1,0.9444622512310963,0.5146706031798837,0.510987808166074,0.5229568919609551,0.23477818213035836,,boot318
C1,0.8941843560283742,0.37537245160928817,0.3646753092059148,0.42302335867886104,0.2790981699789267,0.32091427210120493,boot319
C1,0.9636119803308002,0.44939611285468783,0.44939611285468783,0.45661532751902023,-0.22379565459430237,0.6325836849621207,boot320
C1,0.9523950677978968,0.4072113559483704,0.4062983260022978,0.5341225184524588,0.3332559303164915,0.6829463996622894,boot321
C1,0.9380647714530703,0.23359840540986712,0.22432862741741208,0.19095742664457394,0.35595947491027374,0.6423956148771345,boot322
C1,0.9497564652673083,0.19043783520492874,0.18586000262788718,0.30030581705392606,0.22980719536748612,,boot323
C1,0.9500608660367516,0.42834784200382786,0.4274325688371531,0.4997391490044659,0.08878149716746006,0.3889910958368096,boot324
C1,0.9291929780480865,0.372459720098992,0.372459720098992,0.43422439730133744,-0.07486627539678231,,boot325
C1,0.942760205756813,0.23704676916243522,0.2269007984978952,0.3421959196858501,0.17432622323618777,0.17801566711420233,boot326
C1,0.9367751782130631,0.38336886281259563,0.37687108547678894,0.41400124168139874,0.25991109343226826,,boot327
C1,0.9428951832059674,0.38456946446502854,0.38456946446502854,0.3864139223281702,0.10513409819907256,,boot328
C1,0.9406229780265174,0.4973577064192589,0.4973577064192589,0.6064435974182785,0.046222835169076104,0.6341772985197244,boot329
C1,0.9523382595366862,0.23557577766129237,0.23557577766129237,0.4035833090166326,-0.11230938237340682,0.8208628841763637,boot330
C1,0.9344177905899309,0.3201249353287217,0.31547195661754845,0.41969867974782993,0.3136107651330792,,boot331
C1,0.9482241756008333,0.44843550949849265,0.4420161872766328,0.5300526063192817,0.011004552380331108,,boot332
C1,0.9259784973334766,0.46484317276071824,0.46484317276071824,0.5953748919803948,-0.30144375445695065,,boot333
C1,0.9329661185445923,0.4958472622498165,0.4958472622498165,0.5443135360035579,0.11091320339798526,0.8518879655946096,boot334
C1,0.9737633281513928,0.5429406067053243,0.5420476122864011,0.66617383651673,0.1446650958655634,0.6688528197734999,boot335
C1,0.9181440458724842,0.4811218157114022,0.48017472552299395,0.5758308345522294,-0.3437937383922028,0.5493123092767979,boot336
C1,0.9539756505166954,0.7009567296730601,0.700045212469324,0.5450872878341871,0.24064054178633013,0.4885732212025491,boot337
C1,0.9468405215646941,0.19837140751658064,0.19837140751658064,0.39031411201179067,0.13224760501105376,,boot338
C1,0.945829150115675,0.3190207559133485,0.3190207559133485,0.5139268085174692,-0.07998503102150235,,boot339
C1,0.9528682304990679,0.4480750937781927,0.4480750937781927,0.46358889539576764,0.2655597806302527,,boot340
C1,0.954963921373476,0.6046210662256156,0.5927836055916804,0.5199376939982328,0.1748301878242744,,boot341
C1,0.9475519142352864,0.3698317499485091,0.3624901767485388,0.4827084378980541,0.4707783814481022,0.7561820395969517,boot342
C1,0.9496955639315743,0.5429657602888374,0.5356407584636929,0.5429657602888374,-0.12544065625559986,,boot343
C1,0.9355567390865182,0.39966901830385104,0.39966901830385104,0.4833206732976804,0.0092946283326477,,boot344
C1,0.9550694276679442,0.5808819679740994,0.5726877082377875,0.5808819679740994,0.23217069252883282,,boot345
C1,0.9443661279218436,0.16942581406651394,0.16942581406651394,0.3370100431975223,0.17955453121179463,,boot346
C1,0.9184387899054286,0.3048651723745591,0.3010780273761174,0.3332687598628721,0.13160328869585006,,boot347
C1,0.8611355633802817,0.26355492838809313,0.26254513939043767,0.25749619440216,0.07472438582650918,,boot348
C1,0.9032863565492498,0.39373136916593315,0.38121668017043897,0.2830245049750229,0.1954216820065634,,boot349
C1,0.9413041175159735,0.5644343182394195,0.5598153794649561,0.5893765876215216,-0.08498847345012536,,boot350
C1,0.9562511480156887,0.41920949956424464,0.41920949956424464,0.574708034109767,-0.07274785241895786,,boot351
C1,0.928547660773309,0.34087829036888695,0.34087829036888695,0.501952647356383,0.23599266256307555,0.8344026283480174,boot352
C1,0.9488803290461578,0.34182163562501117,0.34182163562501117,0.4453761793934462,0.19702855672755337,0.20985832321213824,boot353
C1,0.8977887314301362,0.23632944546485332,0.23632944546485332,0.2595749646909045,0.019371266021709292,0.6305347090066376,boot354
C1,0.8988692321721685,0.15865343984191324,0.15865343984191324,0.37051382597227306,0.322143874800958,,boot355
C1,0.928016571724495,0.3307662072981366,0.3307662072981366,0.4881846855590062,-0.06090595885093168,0.21832443711180125,boot356
C1,0.9605116377501425,0.40467563004689416,0.39109591091780366,0.3313451467498059,0.31504948379489744,0.6391521136758551,boot357
C1,0.9578688453848478,0.49748119633119514,0.49748119633119514,0.5873546241355534,-0.17520779359839536,0.44755151421766287,boot358
C1,0.9192333941217931,0.1560846916431271,0.14189517422102463,0.28189841278576894,-0.002837903484420493,0.49001133497660515,boot359
C1,0.9531557045428273,0.32477927364426207,0.32477927364426207,0.46618597986578064,0.13045909025598168,,boot360
C1,0.9455414742771063,0.6759411957801662,0.6713429563530904,0.6400749282489738,0.007357183083321539,,boot361
C1,0.9518001692745068,0.29600659836983784,0.29600659836983784,0.4641091110243136,0.1425216955114034,0.36087224183977146,boot362
C1,0.9389046332300797,0.3130382288849959,0.31211208027882736,0.4084315353203646,-0.03982439006525096,,boot363
C1,0.9540285061520303,0.6671936268422163,0.6671936268422163,0.5459685552984802,-0.019140800770063582,0.6535216262921708,boot364
C1,0.9541153288148805,0.4967041500810124,0.4967041500810124,0.686271972497252,0.09569529496973633,,boot365
C1,0.9620641242371278,0.4239073848428854,0.4239073848428854,0.45554226430877237,0.03976956275711505,0.5423122194152051,boot366
C1,0.9483844747002641,0.2943220204767982,0.27690109091586623,0.3768422131338445,0.2704828537092071,0.6454912847840061,boot367
C1,0.9495927769098891,0.4093287792676608,0.4093287792676608,0.5869793009185024,0.016483038091315197,0.5704962628271871,boot368
C1,0.9420848011389562,0.5519672956949665,0.5519672956949665,0.5704277403670389,0.19568071352396804,,boot369
C1,0.9317349906554457,0.5142346692867633,0.5142346692867633,0.5823637634027955,-0.04946358887876307,,boot370
C1,0.9438082673061645,0.49752183113583676,0.49752183113583676,0.5887341668440735,0.2828503743679665,,boot371
C1,0.9346528247507573,0.22514753824748993,0.21305283577964956,0.5051864184644093,0.1525793234404477,0.400985904895323,boot372
C1,0.9066172669959138,0.37310216987819833,0.36926564370978504,0.37789782758871504,0.24841506940476446,,boot373
C1,0.9295133681543155,0.33865312698051775,0.33865312698051775,0.36297627974707425,-0.12442228145969299,0.20394028088882007,boot374
C1,0.9498021366344384,0.44128184030809814,0.4330421378957063,0.46783199252580526,-0.06500209680886923,0.3460675013204587,boot375
C1,0.9272229214481379,0.21569786010859152,0.21569786010859152,0.5467471845361254,0.19319025731465153,0.6349019621457237,boot376
C1,0.9571863462659498,0.5169135671709416,0.5169135671709416,0.6241118113294145,-0.08902905023330804,0.48693439719441944,boot377
C1,0.9134713802062829,0.25416659796286994,0.251310793491377,0.23512790148625046,0.1780118120563921,,boot378
C1,0.9500684737951872,0.38624218344312483,0.36793686669226594,0.4869214255728494,0.19495162339664832,-0.040271696851889804,boot379
C1,0.9545190535114522,0.35255633493375543,0.35255633493375543,0.4636981252746292,0.3771532885337849,0.4199702077634658,boot380
C1,0.9258590718206651,0.24043475127853178,0.24043475127853178,0.26109711271653063,0.04977750710063353,,boot381
C1,0.9467295188320255,0.5198675051884621,0.5189490113630407,0.5207859990138833,-0.1469590120674098,0.24064538226038348,boot382
C1,0.9130108623897255,0.3542983705833349,0.3542983705833349,0.456206772874778,-0.15333881092450785,,boot383
C1,0.9469974165464567,0.31954542891546406,0.31954542891546406,0.43616114578978565,-0.007345871929091127,,boot384
C1,0.9420461805238661,0.5215289419812472,0.5215289419812472,0.6249116703031935,0.22338053798134835,0.47629899834039574,boot385
C1,0.8975455361626367,0.18407689041685585,0.18407689041685585,0.41853271926358804,-0.19860927650239713,,boot386
C1,0.9595114227550325,0.26281491503187593,0.25284607342721854,0.4458790972264929,0.12687616587745734,0.797507328372589,boot387
C1,0.9628256380340212,0.4795667171655301,0.473244745376154,0.650259955478685,0.18243404306485328,0.5174985479017867,boot388
C1,0.9268375777191039,0.19139416507515403,0.17919747808507067,0.32555772196607086,0.38747936360803237,,boot389
C1,0.9231209426593486,0.41635695641322806,0.41635695641322806,0.43425465363461124,-0.0960823745568988,,boot390
C1,0.9516750409671503,0.411174330503004,0.411174330503004,0.5034601246825671,0.1507639211844348,0.5930047566587768,boot391
C1,0.9645969323772469,0.35969067503050917,0.35969067503050917,0.5048290175866796,0.23077897946819642,0.768962771431139,boot392
C1,0.9378740622102335,0.28556721818849695,0.28556721818849695,0.44225832167504237,0.1603997686578246,,boot393
C1,0.9388152667059697,0.4640446202388894,0.4640446202388894,0.4909054864802623,0.12504196353742528,0.3760521273792198,boot394
C1,0.927024325224925,0.4249220141906042,0.41366580189416435,0.4127277842027943,0.1238183352608383,0.7560422592442096,boot395
C1,0.9443122912211807,0.31032475271703497,0.2992746131544105,0.35728784585818857,0.2992746131544105,0.22929039592445605,boot396
C1,0.9190398925753931,0.3245352807585006,0.31223510976765356,0.42293664868527625,0.13246337990142878,,boot397
C1,0.9010238907849829,0.2962812911725955,0.2962812911725955,0.3879644268774704,-0.2692588932806324,,boot398
C1,0.9646820094743385,0.6300792188378532,0.626473615296578,0.5597699497829856,0.1730689699812129,,boot399
C1,0.9355567390865182,0.3225236031428752,0.32159414030961037,0.2472371136484288,-0.15429083032195182,,boot400
C1,0.9525919554146803,0.23368735625661288,0.23368735625661288,0.49932415575143446,0.1405775502481187,,boot401
C1,0.9567921899804533,0.47168481573340054,0.47168481573340054,0.5234883504093232,0.29264452922187856,0.4416932956578664,boot402
C1,0.9522246245290796,0.3461002886312565,0.3433607085101647,0.3817148302054492,-0.015524287352853194,,boot403
C1,0.9458981689618297,0.2114392506114162,0.2114392506114162,0.32635188681327276,0.1544425830552953,,boot404
C1,0.9322269957185912,0.3609869062749387,0.3609869062749387,0.5139632696576,0.26117915699478766,,boot405
C1,0.9449080344270173,0.4674943109174098,0.46197272456799154,0.5963313257371684,0.18773393588021967,,boot406
C1,0.959963250599331,0.38226101000223656,0.38226101000223656,0.45744504751452475,0.08605401883936604,0.4175884493152395,boot407
C1,0.9631262209564426,0.6003998821576775,0.6003998821576775,0.7286055712800688,0.11466283463763163,0.7213827155548636,boot408
C1,0.9433808167834002,0.5134170819143998,0.5134170819143998,0.5088083109815956,-0.21937749640148504,,boot409
C1,0.9515119501588288,0.4651635700195804,0.46242193797624304,0.46607744736735957,0.28695748720264885,,boot410
C1,0.9495242410512008,0.16026332605791013,0.16026332605791013,0.31686349037735373,0.2509265790849564,,boot411
C1,0.9085773467658412,0.221081414733048,0.221081414733048,0.2775480964181122,0.0038282496057670643,,boot412
C1,0.9337787572525488,0.15272214595218522,0.1387536569931439,0.2588826620408994,0.08474216635151742,0.052149025447087646,boot413
C1,0.8925447395875129,0.342937382234975,0.342937382234975,0.4452340445493851,-0.1461380890205859,,boot414
C1,0.9138867339022498,0.26166309884107175,0.26166309884107175,0.19030043552077947,0.015224034841662359,0.32065623385251346,boot415
C1,0.9726828645770559,0.5784091774833605,0.5739392456635508,0.5998648502184466,0.14661376368975443,,boot416
C1,0.9651515313829047,0.49372738231856383,0.49282641994207005,0.6072486417567738,0.343266665444111,0.5144495169779196,boot417
C1,0.9621979344229419,0.49072430541711226,0.49072430541711226,0.704004114033021,0.328956992949961,,boot418
C1,0.9616438846987585,0.5208472420893021,0.517230247352571,0.47653905656434414,0.2631363670971995,0.3616994736731265,boot419
C1,0.9698380818655243,0.4671331088478412,0.4545805876887822,0.5711397127371878,0.06724564906638789,0.3003638991631993,boot420
C1,0.9471886886359591,0.5040086627674096,0.5040086627674096,0.5976496165056169,-0.20472483023157076,0.5921413251092517,boot421
C1,0.9352947227651477,0.34399758985443474,0.34399758985443474,0.521574724076589,0.2891439201208898,,boot422
C1,0.94822799281398,0.3264670730428792,0.3264670730428792,0.5914923093052165,0.16139945184142343,0.07703155656067935,boot423
C1,0.9738323713749513,0.5295081464431045,0.5295081464431045,0.5955850483601193,0.27859450537984587,0.5589748729736651,boot424
C1,0.9346449919491805,0.3014397261651423,0.3014397261651423,0.3098130518919518,0.08280288774289403,0.5219373036377927,boot425
C1,0.9519669605595296,0.1854284302332111,0.1772074653460244,0.42200953087558396,0.05846019475332764,0.5709003393879652,boot426
C1,0.9631336405529952,0.4938589556896193,0.4929561056792179,0.625675057208238,0.005417100062408987,0.5399043062200957,boot427
C1,0.9472460567135765,0.393818982530395,0.393818982530395,0.6233172240982243,0.18176260732172075,0.3662791935422554,boot428
C1,0.9448696196724654,0.5540216871942887,0.5540216871942887,0.7242775212988459,0.15184979798514556,0.3184244248658204,boot429
C1,0.909480893337598,0.21225677161005746,0.2007834326041084,0.4627580065732784,0.16445119241860306,0.6616292160097286,boot430
C1,0.9544662474429882,0.7279278974578434,0.7206395079964382,0.5748717187683344,0.0838164788061597,0.49014419127949904,boot431
C1,0.9265275128257366,0.133269934416712,0.11637656244839639,0.1417166204008698,0.4270269025324222,,boot432
C1,0.9567208346233322,0.43354612305370666,0.422639302347953,0.5326164111309688,0.1908693623506885,0.6844029992860402,boot433
C1,0.8782311819216387,0.25446404713230203,0.250503517215846,0.3445661027316775,0.14951000434621636,,boot434
C1,0.94738753791112,0.4093637201642249,0.4093637201642249,0.5672349306311456,0.27535676244230367,0.6388276888661447,boot435
C1,0.9478499542543459,0.4816392479435957,0.4779696155783111,0.5706278328017458,0.28256169212690946,,boot436
C1,0.9653584294012431,0.5053315660786144,0.49902618111863173,0.4503846399987651,0.30626155519916026,0.26302462975927876,boot437
C1,0.9759355454256333,0.44461239834134636,0.44461239834134636,0.416991187221944,0.18354740292247967,0.6727101417789909,boot438
C1,0.9456910853051602,0.36596195300927686,0.3512499146973461,0.399064039211121,0.18298097650463843,0.312630814128528,boot439
C1,0.9453611173786146,0.48290725177731103,0.47278919507340544,0.4709495483999681,0.19224307737420576,0.5923662288468349,boot440
C1,0.9462584539306231,0.38595944880311156,0.38595944880311156,0.4971525281011507,0.09189510685788368,,boot441
C1,0.9528871481169673,0.40335083419529716,0.3933126912628351,0.5511853028370124,0.010950701380867798,0.022813961210141242,boot442
C1,0.9690611626343367,0.5464724393161231,0.5464724393161231,0.6936341471122548,0.2943234155922633,0.6712009599482105,boot443
C1,0.9290465631929046,0.27985680190930784,0.2648811870914185,0.1366524852132406,0.14039638891771297,,boot444
C1,0.9515688480643095,0.5153960048254446,0.5153960048254446,0.6177441476276604,-0.08224404332320924,0.7173508223191029,boot445
C1,0.9424361192003679,0.4022876745261958,0.4022876745261958,0.5305399377352353,0.1762315271433564,,boot446
C1,0.9701968281493748,0.4167688600448627,0.4149763058081106,0.5010189091722113,0.1416117847034157,,boot447
C1,0.9274651093075156,0.3712784692720797,0.36659060981157365,0.36190275035106756,-0.023439297302530283,,boot448
C1,0.9495927769098891,0.31500917241180154,0.31134627505817597,0.45603072052638716,0.32050351844223995,,boot449
C1,0.9625694484220171,0.6224282681782491,0.6224282681782491,0.7498047352510113,0.02890813437112333,,boot450
C1,0.9687163044599993,0.4533116999898099,0.4416422898910624,0.5107611035528751,0.2809634893006149,0.5816752110760335,boot451
C1,0.9497069834700259,0.518237647621775,0.518237647621775,0.5237313329322532,0.11536739152004179,,boot452
C1,0.9644008319098906,0.45173351110687227,0.45173351110687227,0.7267409380282217,0.14606951856150363,0.7069043367420916,boot453
C1,0.9379752633989921,0.21137110678885992,0.21137110678885992,0.3402333166294368,0.20673577549963054,,boot454
C1,0.9461243340545848,0.17094912857980815,0.17094912857980815,0.3400600944867151,0.17646361659851165,,boot455
C1,0.9645562383878804,0.5246837212598324,0.5111609449387027,0.5300928317882843,-0.06220477107719663,,boot456
C1,0.9345823253898811,0.32472073633851645,0.3237903044292371,0.32844246397563415,0.13119089920839777,0.2260949539548983,boot457
C1,0.9547302244552731,0.4535767981033019,0.45266600131996204,0.46541715628672137,0.2787038157020289,0.5209757600704592,boot458
C1,0.9372976263380038,0.061230608864392765,0.061230608864392765,0.29502020634661974,0.01113283797534414,,boot459
C1,0.9541153288148805,0.5121976740284935,0.5112862902668769,0.5459188732083053,0.2606557558223294,,boot460
C1,0.9558412359842042,0.2847480342938208,0.27383117674900975,0.5613084254290334,0.35297839394888963,0.6550114526886612,boot461
C1,0.9640084080477027,0.3671265110591731,0.3572041729224387,0.3671265110591731,0.31931888185490737,0.3211229433343136,boot462
C1,0.9505969430432688,0.48207694430210096,0.4756736452316746,0.4582932620405172,0.1802071309819998,,boot463
C1,0.9533749864567157,0.5509032634224594,0.5463428059437967,0.41591372205404226,0.14319836483001017,,boot464
C1,0.9408320571906831,0.25139634361172464,0.25139634361172464,0.45565587279625097,0.22274455445009428,,boot465
C1,0.9421350037233344,0.29165948362995364,0.2805838070364111,0.35719057014174704,0.2418189389590122,,boot466
C1,0.94091721393253,0.2264210656434501,0.21533105426499538,0.3826053925566871,0.07485757680456921,,boot467
C1,0.8996385285987667,0.179782351792669,0.179782351792669,0.35473184466618024,0.43012444380504145,,boot468
C1,0.9525048796356539,0.35604062722736984,0.35604062722736984,0.47928545972915176,0.13146115466856734,0.5276704680446662,boot469
C1,0.9556869655463184,0.5250036345823378,0.5204542096726121,0.5031663950156547,0.14103217220149453,,boot470
C1,0.9395530607689521,0.515508752310971,0.515508752310971,0.6284209027273777,0.3202262626563662,,boot471
C1,0.9367166632422436,0.20979848746387936,0.20979848746387936,0.3852494349447343,0.03806078754875687,,boot472
C1,0.9684997330485852,0.6644072671492256,0.663509419490916,0.5539720051771247,0.2531930396433536,0.5728268060016298,boot473
C1,0.9172507584475363,0.26828754760393525,0.26733953506823227,0.3450765629958743,-0.07678901539193907,,boot474
C1,0.9689071055749464,0.4639920739610364,0.4595047231490342,0.4110413343794095,0.25039417530972763,0.19026367442889694,boot475
C1,0.927965020142272,0.3598336534571816,0.3598336534571816,0.632520093967702,0.07309121085849,,boot476
C1,0.9320853447322841,0.39369412233868833,0.39369412233868833,0.5084438309824294,0.04198160072331985,0.8004491871246319,boot477
C1,0.9366542401737752,0.5143190622245053,0.5133906884659772,0.531958163636537,-0.05570242551167927,,boot478
C1,0.9523761323953641,0.4099585965333838,0.4099585965333838,0.6427858618251721,0.24378384248198992,,boot479
C1,0.9150537231852045,0.34495479982780886,0.3335513353706912,0.4238287623228726,0.29553978718029905,0.7250702817317304,boot480
C1,0.8918375306866936,0.2778825497125037,0.2642321788494334,0.3987858344996983,0.14332889406223878,0.14917905300355466,boot481
C1,0.9308955686396032,0.31573148845018234,0.2998515023446998,0.311060904301511,0.31573148845018234,,boot482
C1,0.9611525542813921,0.4234047133583204,0.4234047133583204,0.5039239857704797,-0.10675588926555943,0.4369753772480103,boot483
C1,0.9438929461669654,0.45878452638024947,0.45878452638024947,0.5112960083153383,0.16858949463370615,,boot484
C1,0.9627736677654536,0.4642384152201552,0.44798103881166723,0.5590731109363346,0.2709562734747987,,boot485
C1,0.9443699731903487,0.48433486592402863,0.4788101336131082,0.4134341346005491,0.17587064523096857,,boot486
C1,0.9372118865039111,-0.016700784676804414,-0.016700784676804414,0.21618237942752383,0.04731888991761251,0.48988968385292947,boot487
C1,0.9449733330906309,0.5254346569828697,0.5254346569828697,0.7076344154462816,-0.027606024009607866,0.621135540216177,boot488
C1,0.8937706845414187,0.14010013247256495,0.14010013247256495,0.31230654530342594,-0.08172507727566287,,boot489
C1,0.9637083364622332,0.5061968113167185,0.5061968113167185,0.704705364774255,0.027069348198755,0.682147574608626,boot490
C1,0.9350247502011987,0.4928955785589861,0.4928955785589861,0.5300952448653246,-0.17483843163979126,0.13949874864876963,boot491
C1,0.9287694525560936,0.42037857891877106,0.42037857891877106,0.5411554980290639,0.12920321579240626,,boot492
C1,0.896882494004796,0.6243850267379679,0.6205068588700303,0.36454777958614276,-0.10471053243431759,,boot493
C1,0.9344843941304722,0.40943294297406346,0.40943294297406346,0.46433417850922193,0.07258129443631124,,boot494
C1,0.945203734371872,0.4756278472493123,0.4599882468562015,0.42778906957626733,0.28979259551940695,0.3164719138370666,boot495
C1,0.9560029828486204,0.4138608153021773,0.4138608153021773,0.442967510004748,-0.01728209997965136,,boot496
C1,0.9509806050865494,0.5385745096209034,0.5321737938868688,0.5477183892409526,0.12161359894665559,,boot497
C1,0.9420732152505003,0.35075276237508984,0.343368493693509,0.2141437917658444,0.3267538891599521,0.343368493693509,boot498
C1,0.8516678157913506,0.16540435438023268,0.16540435438023268,0.26342174956851877,-0.5646210368658561,,boot499
C1,0.9602356512161081,0.2435996238860923,0.2363550254062085,0.3432128529844944,0.16028674136742876,,boot500
C1,0.9053245497401184,0.27182180864572886,0.25933529446765646,0.3793979307952753,-0.05090655780291035,,boot501
C1,0.9295133681543156,0.28907131557176785,0.27690973918848966,0.21048882201827757,0.1833591516248107,,boot502
C1,0.9246713345875123,0.4438709920555577,0.4438709920555577,0.5078185078601719,0.37992347625094347,,boot503
C1,0.9102559281626268,0.323845854308994,0.323845854308994,0.42797328239064697,-0.08406618046959137,,boot504
C1,0.946342740381469,0.4732176492166082,0.4732176492166082,0.5752121328341683,0.09096805295620233,0.5816442173866271,boot505
C1,0.9377105426180415,0.3477479901327764,0.3477479901327764,0.466445970764764,-0.1557910995794838,0.4942658099753862,boot506
C1,0.9615434231083463,0.6131446622404616,0.6122403190808149,0.639370613870216,-0.08229522752784957,0.6683095949789102,boot507
C1,0.9695633622528802,0.485202722095018,0.48071840858212517,0.6295976172101714,0.2672650853684203,,boot508
C1,0.9485866871773289,0.4702648293000422,0.46659804700530505,0.5023491743789924,0.18150572358948996,,boot509
C1,0.9597504549745681,0.37328543863489044,0.37328543863489044,0.5653643536606108,0.38596989528753234,,boot510
C1,0.9637861494894019,0.5413432541141947,0.5359298215730528,0.5846507144433304,0.3401440113350857,,boot511
C1,0.9637120421094789,0.5666495100822896,0.5657472019452159,0.6117649169359751,0.3067847666050612,0.5693564344935108,boot512
C1,0.9642564841189568,0.42925616814125345,0.42925616814125345,0.5672313650437992,0.20380649999983882,0.43917595353947575,boot513
C1,0.9329543320654955,0.218100987235976,0.218100987235976,0.10439021611294581,0.028893720531261782,,boot514
C1,0.9446313857448762,0.5154989862581661,0.5154989862581661,0.5633667492678531,-0.07456324622662762,,boot515
C1,0.9262650102445729,0.5031896394301589,0.501312066148703,0.563271984436745,0.266615405966726,,boot516
C1,0.9269249995371485,0.29456911659218527,0.29081664376935484,0.27017804324378775,0.16792315882165976,,boot517
C1,0.9596458918936385,0.47571895319594926,0.47571895319594926,0.5346174902583049,0.14588714564675775,0.6034834720542899,boot518
C1,0.9078987036478744,0.1752733362689401,0.1752733362689401,0.2518955597744877,0.20879555905261718,-0.11206000187686332,boot519
C1,0.9420539048724661,0.39322036742562466,0.39322036742562466,0.4319885726647707,-0.17353387107046347,,boot520
C1,0.9530082046872573,0.5036682765575125,0.4981936213775395,0.4534839374077604,0.018248850599909872,,boot521
C1,0.9413543942194589,0.13486580879499555,0.13486580879499555,0.4350807941263213,0.23278208093382796,0.385198919640501,boot522
C1,0.9221797408470819,0.22064924206929246,0.21970629659036392,0.11786818486607506,0.09146571145607424,,boot523
C1,0.9320892799893872,0.33678430834633677,0.33678430834633677,0.5737461208670281,0.04851186713022026,0.35264395721583186,boot524
C1,0.9507527208741555,0.3731597090455366,0.3612698163553602,0.42254849406626943,0.1865798545227683,,boot525
C1,0.9182611551985426,0.28977263713633505,0.28030294311227183,0.4393938027165342,0.043560592510690894,0.12405299171522839,boot526
C1,0.9540209556740213,0.6115989983231914,0.6106875244061672,0.5414155067123333,0.22148816183686362,0.5587335111357917,boot527
C1,0.9334491400979695,0.5002484888358473,0.5002484888358473,0.6111042992110164,-0.0353993344055162,0.4918644359503303,boot528
C1,0.9507337260538826,0.5515191180429831,0.535970486191025,0.4362763172578822,0.38139879307450075,,boot529
C1,0.9268733429117355,0.2805129762209153,0.2805129762209153,0.44750732326881815,0.05159937689682389,0.8406007581737129,boot530
C1,0.9305957371435319,0.33825924204411134,0.33825924204411134,0.452258213119751,0.07008133467764736,,boot531
C1,0.9595674557870021,0.4594461416532788,0.4531027038000777,0.5120060552940877,0.14499286521602486,,boot532
C1,0.9510565444950375,0.7076797716777411,0.7003652520738368,0.559560749698679,0.15726217148394245,0.20114928910736823,boot533
C1,0.9365996139761192,0.36672902245966865,0.36115845502990146,0.35187417598028964,0.21260999023611166,,boot534
C1,0.910030502597046,0.42903483069465514,0.42903483069465514,0.35545870160002613,-0.09650894855269528,0.6010309766301517,boot535
C1,0.9336649838835495,0.17323036980784465,0.17323036980784465,0.3352845867248606,-0.3706757375458181,0.4088609265894828,boot536
C1,0.9578388641953999,0.4294087066216396,0.4285008658042576,0.5928200537503819,0.18429168592852604,0.6654473191409341,boot537
C1,0.9495242410512008,0.3644845929774185,0.35990564080433535,0.4652215407852477,0.1813265060540926,,boot538
C1,0.9274730480416575,0.236266094465277,0.236266094465277,0.40877784597960626,0.06656703455172489,,boot539
C1,0.9450885463116321,0.46464475365444796,0.4563639560645667,0.564934413354121,-0.0073607089687833345,0.22266144630569587,boot540
C1,0.9544775634781478,0.41634431185550236,0.41634431185550236,0.5693986759511794,0.0555733107728351,,boot541
C1,0.9638009696935025,0.20209837385575033,0.20209837385575033,0.5223882074217832,0.4763747383742686,,boot542
C1,0.944493006993007,0.5293845441925035,0.5293845441925035,0.5579252761402731,0.27620063175261045,,boot543
C1,0.9570249658999707,0.4479461533908623,0.4443117018420521,0.4706614755709263,0.11357661090032006,,boot544
C1,0.9489375129206697,0.34363375046487354,0.33263747044999753,0.525988727378233,0.27765607037561774,0.464592830628509,boot545
C1,0.9154556919864225,0.1282326445456927,0.1282326445456927,0.0531928007004355,-0.20802184559634598,,boot546
C1,0.9423820854561114,0.2712829306271333,0.2602101579484748,0.27036019957057844,0.21499633617728592,0.1337960032004569,boot547
C1,0.9520465467800202,0.4649023696889087,0.4649023696889087,0.5818129852491843,-0.06576222125265506,,boot548
C1,0.9416443589060006,0.47557879227015665,0.47557879227015665,0.6648868552126462,-0.31582125622600693,0.6159437950372708,boot549
C1,0.9371729092782823,0.34701962475078163,0.34701962475078163,0.4268155812442768,0.2143356505813651,0.7636287464435647,boot550
C1,0.9387919512239778,0.49740149681760903,0.4936964577351688,0.4992540163588292,0.23619624150556856,0.5631659405309242,boot551
C1,0.9363185905670764,0.25075077122356104,0.2405349990626012,0.38448451587612703,0.34176401411211293,,boot552
C1,0.9505019338577201,0.4345530119907128,0.4345530119907128,0.5452496739925575,0.09422938996851246,0.4144263461721956,boot553
C1,0.9411803391291959,0.1727710289853947,0.1727710289853947,0.3954331572499943,0.4019005219713726,0.6448886536460186,boot554
C1,0.937297626338004,0.3989266941164983,0.3989266941164983,0.4406748365240388,-0.006494155485617415,0.6494155485617414,boot555
C1,0.9509995909694746,0.39500771344190955,0.39500771344190955,0.6217714007881909,0.1307548681069284,,boot556
C1,0.9371846027461564,0.3989748043049508,0.3989748043049508,0.48619255222277724,-0.1660848603967121,,boot557
C1,0.9620120776234447,0.48539569575124264,0.48539569575124264,0.6354435272125206,0.08135123392478927,,boot558
C1,0.9593395504835228,0.45955528988165434,0.4450525588400242,0.4513975036707374,0.3109022967049457,,boot559
C1,0.9374456898353369,0.6075714290087022,0.6075714290087022,0.39422573637969227,-0.1678937841993513,,boot560
C1,0.9593358134991884,0.35803756727972486,0.3444412039653048,0.306371386684929,0.2945878718124318,0.45865065580643233,boot561
C1,0.9255086037173398,0.4246783624508683,0.4246783624508683,0.4998426743890752,-0.21985561241925483,0.5994353877071993,boot562
C1,0.9671873496487795,0.3839011624386122,0.3758095688509132,0.5655124851847472,0.17082253129586958,0.39738715175144396,boot563
C1,0.9493680982039923,0.3297387797768673,0.3297387797768673,0.605437037312526,-0.09525786971331722,,boot564
C1,0.8907728993389802,0.13666685473381834,0.13666685473381834,0.2440479548818185,-0.047833399156836424,0.8385487729739284,boot565
C1,0.9512083903328773,0.5750122973029305,0.5750122973029305,0.6033515361207219,0.15632289799491433,0.358354245695944,boot566
C1,0.9489489489489488,0.4233516785910843,0.41876995046780413,0.4068574573472758,-0.060478811227297744,,boot567
C1,0.9380063983465441,0.4737151333618017,0.4737151333618017,0.5821782852274198,0.16037713908334972,0.554367220646492,boot568
C1,0.9182894191684489,0.34942095435222664,0.34942095435222664,0.4867272914283048,0.19791051344069208,,boot569
C1,0.9022186698587429,0.3228755484207564,0.3190203179918518,0.3055270114906859,0.35468119945921894,,boot570
C1,0.9448427276798554,0.4537217037449322,0.4537217037449322,0.4334744877563145,-0.07822787995602279,0.5117023677123373,boot571
C1,0.9537603974121995,0.5497689225822846,0.5497689225822846,0.7348486759557568,0.09755435276335729,,boot572
C1,0.946411691994474,0.46399514978220774,0.46399514978220774,0.5108540658988269,0.08544861174206994,,boot573
C1,0.9579362967544283,0.4230107917167975,0.42210304323671854,0.5755125363700636,0.2913872621053476,0.4466122521988506,boot574
C1,0.9304378635330242,0.15981255492902172,0.1551396732059509,0.2242983227073989,0.43738172927942776,0.7299041251436605,boot575
C1,0.941636628575811,0.3795426956663385,0.3703080802000042,0.44787885011721207,-0.13574884735511378,,boot576
C1,0.9438852486497912,0.4698434068166146,0.4661583604886411,0.5463081181220635,0.18240979323468562,,boot577
C1,0.9590928519347296,0.38895449747993405,0.37263472835490186,0.41343415116748233,0.20762372942402071,,boot578
C1,0.9554121760444075,0.29761796344716046,0.2921570833839097,0.48328788559768254,0.1046668678789708,,boot579
C1,0.9601050659891921,0.45737747913055166,0.4401692175395012,0.5542871628275201,0.21917891079127427,,boot580
C1,0.9555853479219825,0.41222172811132446,0.40221192897396335,0.4904801577306929,0.2438751062557063,0.40949178289204413,boot581
C1,0.960492994626703,0.5413886440703284,0.5413886440703284,0.5902765818291874,-0.06971057791541017,,boot582
C1,0.9526941563369592,0.3669228105012815,0.3669228105012815,0.5476459858228081,0.16429379574684244,0.48649218407259465,boot583
C1,0.9661630665501311,0.3402072212795127,0.33210704934428625,0.4482095137491993,0.11430242619708496,0.6840145189746816,boot584
C1,0.9379674793768529,0.4190374260331408,0.4153291302275378,0.49505749004800265,0.11866546577929651,,boot585
C1,0.959294704900077,0.4650155517831247,0.4650155517831247,0.629991829413785,0.30457158947198815,,boot586
C1,0.8921637212289413,0.1764152706534873,0.1764152706534873,0.2592622209603736,-0.19883268073652713,,boot587
C1,0.9307653993026731,0.1653618017962121,0.1653618017962121,0.2821427352681133,0.20179745303944527,,boot588
C1,0.9178572228736156,0.12600235748100466,0.1136863375768463,0.36853321097827674,0.13547621894574183,,boot589
C1,0.9559051884090344,0.3775160649750279,0.3775160649750279,0.5667289360950417,0.040935476925003024,,boot590
C1,0.9539794260963724,0.4621373932783892,0.4539337709125006,0.40744657750579877,0.12761190346937767,,boot591
C1,0.9177359843448905,0.492705877024376,0.4860732979105863,0.4187999954707195,0.06443076853395685,,boot592
C1,0.9442584490289582,0.48070847970176894,0.48070847970176894,0.5396459178261239,0.14918539025227315,0.4604487353465221,boot593
C1,0.9222278420755109,0.42807491889116905,0.42807491889116905,0.45824760039891654,-0.10654728157423368,,boot594
C1,0.9480829192332403,0.3732933441776244,0.36136996954787226,0.3503637775819472,0.33293730696923257,,boot595
C1,0.9440815002933105,0.2873738631058835,0.2873738631058835,0.465140387398946,-0.11697589940527951,,boot596
C1,0.9285833120750657,0.3165176884575556,0.3052803740744472,0.3736407032383571,0.08708918646909075,0.7294889920367925,boot597
C1,0.9522056829644842,0.47487000039291266,0.46939073115760976,0.561625096618541,0.27578988484357614,,boot598
C1,0.9420809392043338,0.5372011421324073,0.5372011421324073,0.49566497134897375,0.33598147033710696,,boot599
C1,0.9198738734709394,0.2949364642811088,0.2949364642811088,0.5463887062643619,0.07278880688988904,,boot600
C1,0.9481172823822349,0.36135687221240914,0.36135687221240914,0.470497653413619,0.017425839015319224,,boot601
C1,0.9384148753791374,0.5142807390571157,0.505014419434465,0.48926167607595866,0.06208434147175991,0.25760368550969037,boot602
C1,0.9605638349383977,0.265242766205113,0.265242766205113,0.38926412787781084,0.210021575971284,0.8337494459894507,boot603
C1,0.950813499677786,0.4700780141327359,0.4700780141327359,0.5139763500828748,-0.032923751962604074,0.4645907221389686,boot604
C1,0.9292404553499181,0.4220370634808402,0.4061287927953096,0.46976187553743187,0.5380738614223572,,boot605
C1,0.9614019997849692,0.3690262853364193,0.3590770472513687,0.44500228525862323,0.4314351424153725,0.4847992375988253,boot606
C1,0.9628145019863282,0.5653714448255018,0.5608556984610811,0.4497683378963258,0.3422935744231074,0.07225194183073508,boot607
C1,0.9544134360399041,0.5411928621558497,0.5247930784541572,0.6095252942462349,0.07653232394123127,,boot608
C1,0.9611041405269761,0.6260914973322738,0.6260914973322738,0.6134249063457827,-0.07057100692473606,0.3564740606198206,boot609
C1,0.935200834790788,0.5569601157743983,0.5532408495588765,0.5104692880803751,0.37192662155218587,0.08647293951088321,boot610
C1,0.9707637231503579,0.6189658213302691,0.6180700676090966,0.6171743138879239,0.06539002164560007,0.38069533149835655,boot611
C1,0.9523912807721504,0.1862588496232412,0.17804154743398057,0.5058206014278217,0.0803469547394374,,boot612
C1,0.899300003418323,0.1295693747220336,0.11603227587047785,0.26590729886984504,0.3065185954245123,,boot613
C1,0.9537717287315656,0.3719785332361261,0.3683316848710661,0.5342632854812989,0.27169020319697446,-0.20422350844336337,boot614
C1,0.951121084348251,0.613463701384971,0.613463701384971,0.715860027100495,0.07222597974577152,,boot615
C1,0.9703468417574451,0.37368977776589096,0.37368977776589096,0.5421638262550696,0.21238483772306038,,boot616
C1,0.932777503627378,0.4232334154291078,0.4232334154291078,0.5742550306262784,-0.13983482888626905,-0.1062744699535645,boot617
C1,0.9361155368247932,0.3046818262110845,0.300037286177379,0.32233107833916574,0.10310878874826339,,boot618
C1,0.9331468119570018,0.3979056061364931,0.39045070016672273,0.571232169933654,0.1155510425314406,0.6532361356011279,boot619
C1,0.9414665327367363,0.2401433812676591,0.2392197528781681,0.4959884451566651,0.13115523130772153,,boot620
C1,0.9431765967223158,0.395518166541932,0.393674259005606,0.3780010449468348,-0.01659516782693421,,boot621
C1,0.9493871424997914,0.28668379932640387,0.2738608817846478,0.5028415521731493,0.4249881242410589,0.5477217635692956,boot622
C1,0.948563799102397,0.30343355631838853,0.30251683862558365,0.47210961179447153,0.18426025625376463,0.6215345957216538,boot623
C1,0.9586028460543338,0.4825863991081382,0.4825863991081382,0.5043572141054978,0.1088540749867981,,boot624
C1,0.9153095559805816,0.3078074828279841,0.3078074828279841,0.38000923805923953,-0.011400277141777188,0.7533683144524425,boot625
C1,0.9525616698292219,0.43909059414515855,0.4381777238870605,0.6189260349904729,0.09950285813268665,0.682826953057336,boot626
C1,0.9236728827219414,0.3182003596469543,0.3116104113702423,0.34173588920664033,0.1816942882007757,,boot627
C1,0.9088115911469903,-0.012438604366632248,-0.025834024453774668,0.127256490827853,0.20188811702764647,0.24398800873009413,boot628
C1,0.8985888407058457,0.33288910481866246,0.3270828995020579,0.3115996853244457,-0.029031026583022892,,boot629
C1,0.9489184523205036,0.25658502084574153,0.25658502084574153,0.41420153365098267,-0.07697550625372244,,boot630
C1,0.9191487457202319,0.22610713219618456,0.22610713219618456,0.35098638512462127,0.062439626464218335,,boot631
C1,0.9374262101534829,0.26807907129558645,0.26807907129558645,0.38866827291643846,0.12708246632351328,0.6131497097798708,boot632
C1,0.954835777940471,0.43804482323377464,0.43622343103737643,0.5027042462059119,-0.04371341271355755,,boot633
C1,0.9598475304454565,0.5942972863033381,0.5942972863033381,0.8316538244305861,0.05979210502442122,0.5553418239389426,boot634
C1,0.8943446760292553,0.24112870540081258,0.2372395327330575,0.18959716755305825,-0.12834269803591636,,boot635
C1,0.9495813548878175,0.49083414930446073,0.49083414930446073,0.6446776886386947,0.21336633729093163,0.19322015952097238,boot636
C1,0.9611860688527881,0.6197053756968999,0.6197053756968999,0.7599306796867096,0.09408665558025926,0.5563778190563409,boot637
C1,0.9494061861051899,0.6109081744868035,0.6044968443197755,0.5431312555782225,0.1740218188193293,0.6319739736070381,boot638
C1,0.9666644083993282,0.4200909364131517,0.4101958608231203,0.6143942389083139,0.3265374944710365,,boot639
C1,0.9538548175743727,0.20147082082383494,0.19235449408972477,0.3938253149135597,0.26710837330942827,0.13036347229777556,boot640
C1,0.9508362899138366,0.5377417261518495,0.5377417261518495,0.6392541948641884,-0.34203300268842135,0.508476870306851,boot641
C1,0.9085691258384395,0.18184350161786866,0.18184350161786866,0.2718081813656564,0.27467939454909635,0.7981972649963288,boot642
C1,0.9100100047390869,0.2503555848507872,0.2503555848507872,0.43573338432045405,0.10415556774326643,0.3038667022234745,boot643
C1,0.940111547956478,0.33761026022682106,0.33761026022682106,0.4643297277640114,0.06289725396006528,0.5244521028728972,boot644
C1,0.9440699580980142,0.26895574983639015,0.2643503431611095,0.3886963233936871,0.05065947342808719,,boot645
C1,0.9609625975217989,0.4859258028807284,0.48502091311744955,0.6135152595030425,0.08234496845837297,0.4099150627653072,boot646
C1,0.9540549319666509,0.3262960416591281,0.32265027583053446,0.29348414920178556,0.2725209956873723,,boot647
C1,0.9426560567419358,0.30902506353474296,0.30902506353474296,0.36437283610812976,0.047045606687378776,0.6254298300792708,boot648
C1,0.9579100667038241,0.33133726785017725,0.33133726785017725,0.5038142017995845,0.0009077733365758279,0.8687390831030674,boot649
C1,0.9657719773454814,0.2881227412810678,0.2881227412810678,0.45559408465068846,0.34394652240427465,0.37816109793140146,boot650
C1,0.8986599983278482,0.3464094856846151,0.3464094856846151,0.38124395910541437,-0.2660966719644389,,boot651
C1,0.9320814094461785,0.5243057604424112,0.5233728320430474,0.6362571683660577,0.23789674183774887,0.8853490509961712,boot652
C1,0.9335551106924163,0.31390056666662103,0.30086018704248835,0.5206837292778669,0.04470987299702613,0.7433016385755593,boot653
C1,0.9397703201542419,0.26370920813486287,0.26370920813486287,0.4154576647458015,0.1943120480993727,0.13601843366956087,boot654
C1,0.9688704185361375,0.5187573962796422,0.5124748672589544,0.4227244526777014,-0.0484652238738766,0.5663251160077063,boot655
C1,0.9379713714021854,0.3411617984903184,0.3309640273397925,0.4774411038655271,-0.004635350522966283,0.4236710377991182,boot656
C1,0.9399681039401875,0.17669424720427282,0.16466793718513387,0.33766178130659474,-0.16374283641443085,0.6827243687788134,boot657
C1,0.9548018523594501,0.5309546902180481,0.5273117763915092,0.5628301862002637,0.37339866722023973,,boot658
C1,0.9460246800432065,0.5073863400456715,0.5073863400456715,0.6039000460326199,0.39248907101359015,,boot659
C1,0.9479759972991517,0.34948600889684506,0.34948600889684506,0.4650640590832033,0.06421002788131012,0.3274711421946816,boot660
C1,0.9694131202458046,0.44042783496768767,0.4305608162616906,0.48348391659385676,0.23411744384229424,,boot661
C1,0.9424129625574774,0.3801527396153225,0.3681576288993049,0.34139930499434296,0.1817720623888799,,boot662
C1,0.941536124006092,0.5744543957762068,0.5744543957762068,0.6381800441822489,0.17917066363437958,,boot663
C1,0.9282782186785795,0.2997602054708627,0.2997602054708627,0.31381146510230934,0.22575690474524343,0.4730590742587051,boot664
C1,0.9390367126978779,0.5241263801384818,0.5241263801384818,0.561167113717173,-0.13149460420435408,0.7760033684735825,boot665
C1,0.9398478912191749,0.5283001044842953,0.527374885387125,0.48666524511162756,0.3654615433823059,,boot666
C1,0.9663548135122892,0.6433859714270217,0.6433859714270217,0.6217897989595411,0.20516363844106425,0.5848963376609287,boot667
C1,0.9586926526388411,0.425398156368429,0.425398156368429,0.5859428763624842,0.2630393717416725,0.5868499086788349,boot668
C1,0.9561045192245345,0.5547874442000484,0.5547874442000484,0.6930295614433392,0.152793919058374,0.5911669487377565,boot669
C1,0.9621384674889338,0.4166443591675664,0.4166443591675664,0.5974011310406973,0.2530594806223831,0.7248346552112543,boot670
C1,0.9557170706746759,0.4822238498806414,0.4822238498806414,0.6259811485243042,0.13374887911783828,0.32845813171115384,boot671
C1,0.9118803293645876,0.09440598042259103,0.09440598042259103,0.3623663895008544,-0.052447766901439465,,boot672
C1,0.9678935840589775,0.40338606334320415,0.393503553996266,0.537249144497185,0.2255008950983168,0.8696608225305604,boot673
C1,0.9052790631787704,0.1287136131496113,0.12391086639029746,-0.05955405981549179,-0.07972559620460998,,boot674
C1,0.957973765964791,0.44750249683733945,0.44114850601003436,0.47110303419590094,0.07170932505101381,,boot675
C1,0.937835133540293,0.37644514012622177,0.36624588756122567,0.46731120843255114,0.17987772705538677,0.582284600983417,boot676
C1,0.9528947149727384,0.5183290826546261,0.5128537754434856,0.5201541850583394,-0.04288990648726659,,boot677
C1,0.9068812166887327,0.2857380106832112,0.2857380106832112,0.2502604724440205,0.22149490089873083,,boot678
C1,0.9472001627516656,0.4296415242971459,0.4296415242971459,0.5297076058107976,0.16341066522412817,,boot679
C1,0.968058968058968,0.49404105054071945,0.49314279408519085,0.5784771573604061,0.3628956080335467,0.5021253586404767,boot680
C1,0.9397237720662216,0.40622483093668266,0.40529948963614354,0.5172657870013795,0.17396416450135838,0.4848788414825096,boot681
C1,0.9512121859155541,0.2833912573689794,0.2833912573689794,0.5055334365324052,0.0009141653463515466,0.46165349990753096,boot682
C1,0.9563902193093017,0.6255405560266782,0.6255405560266782,0.6373603630446242,0.4073287341569068,0.44278815521074466,boot683
C1,0.9632300856462103,0.1940933163582669,0.18777399908148612,0.44144944976368616,0.3863811134945965,,boot684
C1,0.9693654733877219,0.365097636747275,0.35253899567980124,0.4162292468077043,0.42519970471304275,,boot685
C1,0.9190277964280917,0.4182113180697786,0.40591098518537344,0.5080983660712017,0.025546845221457067,,boot686
C1,0.9306391442161156,0.04671871061923499,0.04671871061923499,0.2401341725828679,0.289656005839257,,boot687
C1,0.9561421202777858,0.38924539056531826,0.38833593871820304,0.5483994638104834,0.47291496049991943,0.4247140126028122,boot688
C1,0.9651700077844354,0.49011415030057665,0.49011415030057665,0.5117368334020728,0.04594820159067906,0.5757039375773318,boot689
C1,0.939017291308948,0.28244143506095254,0.28151539756894944,0.36485877184923055,0.32226104721708687,0.4648708209855678,boot690
C1,0.951307066554729,0.4424118983385882,0.4424118983385882,0.3382074429447884,-0.2705659543558308,0.42778671161665127,boot691
C1,0.9636230992604461,0.5766281177147902,0.5757257262942663,0.5937735547047448,0.1308467559759696,,boot692
C1,0.9268733429117354,0.40998050370749173,0.40810416272942535,0.4146713561526575,-0.07880632107878559,,boot693
C1,0.9145538921370702,0.381274034446569,0.381274034446569,0.4716008007119656,0.381274034446569,,boot694
C1,0.9289317776110521,0.17785740060399252,0.15819947737934073,0.029954930628040853,0.03837975486717734,,boot695
C1,0.9391105074917541,0.44723171197580047,0.4444538752554539,0.497232772942039,0.18981884255701678,,boot696
C1,0.9570700073055481,0.5206106823553877,0.519702112229113,0.6314562377608979,0.08540559186981928,,boot697
C1,0.9505551411210011,0.6229769188824967,0.6220621216447838,0.6257213105956355,0.0365918895085167,0.2808427519778657,boot698
C1,0.9285635060892197,0.3923779296705945,0.3923779296705945,0.38863207831335733,-0.21257706452320993,,boot699
C1,0.9059981351382981,0.39159308936270115,0.39159308936270115,0.46357711314260946,-0.4031105331674865,,boot700
C1,0.9517698378824158,0.3745881881733685,0.3745881881733685,0.4897055338071354,0.17724416708691093,,boot701
C1,0.9420500427122652,0.28983967505032693,0.28983967505032693,0.4504514695049666,0.001846112579938388,,boot702
C1,0.93598663558093,0.040877581058056854,0.03344529359295561,0.2945043908046369,0.4422211041735241,0.6874865905218652,boot703
C1,0.9408862494289629,0.23382210137890855,0.23382210137890855,0.2892739831288473,-0.07578423839158299,,boot704
C1,0.960582475520964,0.47434987158799063,0.4698236323552808,0.3620991386167867,0.04978863155980818,,boot705
C1,0.9375274967003959,0.3663660661457165,0.3663660661457165,0.5713455613816742,0.012057617366821047,0.7138734039555417,boot706
C1,0.9517015858316935,0.2055814310134439,0.2055814310134439,0.45319284347852523,0.21837316449872482,0.4997913011749058,boot707
C1,0.9503118638665324,0.2305879186765416,0.2305879186765416,0.25346370425953185,0.11346389649163159,0.3010453382721516,boot708
C1,0.9466299792451938,0.5732004136239475,0.5732004136239475,0.579630546469088,-0.028476302599907646,,boot709
C1,0.9195758832038415,0.30070573204575707,0.2893583459308229,0.34514966099591615,-0.13805986439836643,0.2940864234787121,boot710
C1,0.952637380509225,0.5741497582708323,0.5732369605629295,0.8169539485729649,0.09310536620608091,0.6097488688790397,boot711
C1,0.9515043633048235,0.12246054103811391,0.1114939254227604,0.30706523722989754,0.13799657982653132,0.4596839712102335,boot712
C1,0.9346175762366047,0.29958777484954563,0.29865737803324266,0.36657634562335706,0.04093745991732922,,boot713
C1,0.9375859224635688,0.47670993242381743,0.47670993242381743,0.6399413489736071,-0.07605100089251561,0.6149001657529006,boot714
C1,0.9567809239940387,0.35626710009481244,0.35626710009481244,0.5016822429906542,0.07997832859271299,0.2653826357849112,boot715
C1,0.9541983630930901,0.2569878557635136,0.2569878557635136,0.5194435382453997,0.22235828654715356,0.5750331098821883,boot716
C1,0.9384070977998872,0.49853212753116277,0.4864858121818968,0.531891154652207,0.29096484766688685,0.3057910819429065,boot717
C1,0.9253292986828051,0.2866194679903484,0.2866194679903484,0.494301115288273,0.2029829674948041,-0.09867227586552979,boot718
C1,0.9613238282636043,0.5870527802335997,0.5870527802335997,0.7580126807946943,0.04522748692092447,0.7733900263478086,boot719
C1,0.9505247376311845,0.5552996845425866,0.5543848580441638,0.7153943217665614,0.056719242902208186,,boot720
C1,0.9588871804451853,0.4380077328857451,0.4234981599537121,0.4108022836381833,0.1886244481164285,0.18771759980817648,boot721
C1,0.8938635765077693,0.052532089877277026,0.052532089877277026,0.34243140068150957,0.12841177525556607,,boot722
C1,0.93123464894488,0.2857356701914223,0.2857356701914223,0.18488778659444968,-0.0018675533999439364,,boot723
C1,0.9613498867448461,0.4947752951046919,0.4784938411524352,0.459498811541469,0.05246246273504961,,boot724
C1,0.9312109991591306,0.4753044111934275,0.4753044111934275,0.42768059003259284,-0.14007006223774873,,boot725
C1,0.9321955209692039,0.5979339009999813,0.5876729448205745,0.48133212623399446,0.17816751184242816,,boot726
C1,0.9372859353570615,0.2662636960366121,0.2662636960366121,0.39150968546149933,-0.043604159281257035,,boot727
C1,0.94110683201672,0.32708941905869915,0.31600164214145515,0.4887861657685081,0.039731200620124474,0.5913481022530155,boot728
C1,0.9668559694548721,0.5423225823207066,0.5414232082206722,0.6925180570264414,0.15199422290580333,0.5459200787208439,boot729
C1,0.9241923089773145,0.24651372311096995,0.2333412340897731,0.39893823892767655,0.016936057312967403,,boot730
C1,0.9247431516379301,0.42597021970971227,0.4165669036013301,0.3479226960101402,-0.027269616714308293,0.47392713186246127,boot731
C1,0.8982412920002738,0.034850711167347906,0.021297656824490387,0.15101974839184093,0.26912493623674216,0.1636047274244943,boot732
C1,0.9624988812315403,0.5113501144164759,0.5113501144164759,0.5420672590987377,0.18882009525272703,,boot733
C1,0.9542776107877559,0.38362731387937987,0.37542625491283727,0.48295125025195085,0.18315698358611723,,boot734
C1,0.9658125758332738,0.28811062987572134,0.28811062987572134,0.5077949851559588,0.19807605803955838,0.20978055237825957,boot735
C1,0.947452530036465,0.31480296913000816,0.31480296913000816,0.41208901789904845,0.14317569441481418,0.07250564012032255,boot736
C1,0.9552314137182657,0.406912551861024,0.406912551861024,0.5816937821905913,0.1028660366002141,0.6217478141411171,boot737
C1,0.9482547125302132,0.4667613983917549,0.46217631589281816,0.3970681444079172,0.24300937244364448,,boot738
C1,0.9520995975454977,0.5534678547261426,0.5443347218098696,0.47309628506294044,0.14339018678548582,,boot739
C1,0.9523723452327157,0.374351209288125,0.36978595063826974,0.43735177865612646,0.31865505375989167,,boot740
C1,0.9553707568695728,0.3513318483945041,0.3513318483945041,0.6626155068165778,0.13561773422482154,0.8137064053489294,boot741
C1,0.9243719935863174,0.335833176213281,0.335833176213281,0.5277378483351559,0.2596357328707719,0.3659358698794575,boot742
C1,0.9554159412610702,0.3877209565079605,0.37315866706165224,0.4004629597734804,0.19113004898279748,,boot743
C1,0.9529968568228621,0.29107263299126085,0.29107263299126085,0.4352402693944558,0.16241670430233363,0.4343278159994989,boot744
C1,0.9431187842583778,0.40752854518658393,0.39554241150462566,0.4351888536834109,0.31717153743028254,,boot745
C1,0.9156383066296481,0.40361484957049076,0.40361484957049076,0.35992947761697885,0.14340198184739789,,boot746
C1,0.9693251533742331,0.5463236103467253,0.5454265272427078,0.6288552559163455,0.13635663181067695,0.7768739680792515,boot747
C1,0.8486933583352535,0.28893520715815624,0.28483683542541643,0.11475440851671455,-0.27151712729401206,0.22541044530068927,boot748
C1,0.9505437400187583,0.47661507744181136,0.46014852966071235,0.49948528269333786,0.04208117766280869,0.49308162522291044,boot749
C1,0.9421079721545879,0.38581380437562324,0.38489080484362403,0.5021117454075096,0.02861298549197205,0.7808576040712373,boot750
C1,0.9205819471241591,0.37122076041394736,0.37122076041394736,0.6111446106560405,0.23803468606695857,,boot751
C1,0.9317074249651643,0.3947871156766561,0.3947871156766561,0.6085134738089356,0.19412699777953774,,boot752
C1,0.909086802510079,0.26974034891638315,0.2668707707364216,-0.08130471509890981,-0.08513081933885851,,boot753
C1,0.926618960842704,0.2468065751276319,0.23179172645066567,0.21959216190063063,0.3490952317394641,,boot754
C1,0.9611711737546959,0.4740593417227597,0.4686311813213541,0.42611059151034314,-0.07508955221944477,,boot755
C1,0.9587450326604819,0.24488534563161082,0.23490853525402672,0.4525843980376808,0.21495491449885845,0.719237329947657,boot756
C1,0.9612791535392853,0.44053619524607596,0.43510864458596,0.4532004801196797,0.3147979382867237,,boot757
C1,0.9590105930909626,0.369039764553145,0.369039764553145,0.46424658341820707,0.18043959003949844,0.539505306902018,boot758
C1,0.9587824437354486,0.36549979080070544,0.3509886328532829,0.380010948748128,0.3990568435541201,,boot759
C1,0.9609290685292018,0.5185199260626546,0.5031362633347923,0.3990703095874882,0.3547291640777673,,boot760
C1,0.9540549319666509,0.26705234694448193,0.2561150494587011,0.27707820297311436,0.19960567911550015,0.5505106401176351,boot761
C1,0.9205336988668955,0.21632063554840258,0.21632063554840258,0.28244484728808894,-0.1114665283611856,0.42319495513399286,boot762
C1,0.9399525941532788,0.3376673529304275,0.3376673529304275,0.5717217098931621,0.19427436743942406,,boot763
C1,0.9581760531481202,0.34758067389248964,0.34758067389248964,0.5526804971293111,0.02904068293618712,0.7341847654804806,boot764
C1,0.8720048576188324,0.264258599703148,0.2512949702837483,0.2313509250231334,-0.2483033634946561,,boot765
C1,0.9210601756534883,0.39085394148605057,0.39085394148605057,0.614603661612123,0.13311692210032156,0.10007371448676657,boot766
C1,0.8950950302152237,0.5780294682492209,0.5780294682492209,0.5022541766131885,-0.19526709767746792,,boot767
C1,0.9528379608886062,0.43440024481418654,0.43440024481418654,0.5521263615810564,0.0556689389362718,,boot768
C1,0.9389512532677226,0.43989874535382156,0.43989874535382156,0.47509064498212733,0.2722741708084706,0.2092991925262393,boot769
C1,0.9298651807375734,-0.04301698872977673,-0.054238811876675015,0.31982195968660093,0.3469413656249384,0.14775400476749398,boot770
C1,0.9659823167990409,0.39788287984459514,0.3879808172240284,0.6481350078916482,0.23314856533880127,0.13772868917697528,boot771
C1,0.9443853539842348,0.45578299239049935,0.4539414449464974,0.42079359095446106,0.006445416054007063,,boot772
C1,0.9290030267305766,0.38844821258267903,0.38844821258267903,0.4399293009972509,-0.13665888924595454,,boot773
C1,0.9603214465092919,0.3142063853010733,0.3142063853010733,0.5487293068946697,0.15755593960342004,0.804984082226669,boot774
C1,0.9305207529901502,0.44949117816144474,0.44949117816144474,0.509298736170452,-0.1691432499942235,,boot775
C1,0.9507565197556834,0.26980802529374537,0.26980802529374537,0.5002881011378939,0.03292572512059266,,boot776
C1,0.9538585940263808,0.367386512847211,0.367386512847211,0.568856536021488,0.237935185739757,0.40567493354096507,boot777
C1,0.9601834210611295,0.4066252072725996,0.4020970869243525,0.4075308313422491,0.27259284496448216,,boot778
C1,0.9547226841047874,0.4717964599647632,0.4717964599647632,0.5273555025474863,0.2677763691691899,0.40621857363761465,boot779
C1,0.9468290396083862,0.6134893850083455,0.6134893850083455,0.7007371268882748,0.10102370112412876,,boot780
C1,0.9282504742990914,0.3709643416524711,0.36065977660656917,0.33724031059315557,0.26323479799076865,,boot781
C1,0.9692261726919629,0.5589398488178845,0.5589398488178845,0.5472765774942369,0.1462394789041977,0.29158178309119176,boot782
C1,0.9717789147264818,0.620108840107716,0.6192140221566228,0.6541119222492648,0.24786457245286778,0.6344259273252103,boot783
C1,0.9526865865822456,0.4764557934070109,0.4709792900345166,0.4937980540865764,0.3012076854871908,,boot784
C1,0.9438198152231352,0.25889245187036947,0.2579711264188735,0.3381264406990234,0.0018426509029919533,0.36208090243791885,boot785
C1,0.9528757976282529,0.45445952068331735,0.4535469513646762,0.5119513877577129,0.11589630346743234,,boot786
C1,0.9217546601183169,0.44904903808691427,0.44904903808691427,0.6839507407836405,0.133960007160382,,boot787
C1,0.9483615778205173,0.4877978046256584,0.4877978046256584,0.5684861632855417,0.26957247097733755,0.5253912444558313,boot788
C1,0.9396694607974067,0.5154448945014529,0.5043401570974719,0.45529423356322235,0.07588237226053705,0.43123396918793017,boot789
C1,0.9160357880247764,0.12625289909515564,0.11486166007905137,0.3303459314670238,0.07499232352268642,,boot790
C1,0.918039029744593,0.46412727859760006,0.459391285958849,0.32678349207382046,-0.07861747780326694,,boot791
C1,0.963270883938569,0.4667069511674087,0.46580422979184316,0.49739947793663863,0.1940850957466013,,boot792
C1,0.9343119913803565,0.16194199498879305,0.16194199498879305,0.37041904600884845,0.09213941094189948,,boot793
C1,0.9663400662712269,0.2933524861112404,0.2933524861112404,0.5840054094668558,0.0818867369206223,,boot794
C1,0.9502510269283432,0.244329031449693,0.24341394144426345,0.41087541243787323,0.361460552144677,0.47401662281251306,boot795
C1,0.9537188471411396,0.4148520028717555,0.40755790172236206,0.5762339908020868,0.28629347011369505,,boot796
C1,0.9464040311497938,0.3500665011153668,0.3500665011153668,0.40795151311082123,-0.014700955427416978,,boot797
C1,0.9351577972684483,0.4825970003611429,0.4825970003611429,0.6350939330378816,0.22316624294156898,,boot798
C1,0.9557697504729303,0.6032014916198827,0.5968328484202761,0.6359545137892882,-0.031843215998033025,,boot799
C1,0.9544021186165491,0.36171062969218537,0.35168842080902657,0.6250213903497209,0.2651329804544734,0.08199989086220827,boot800
C1,0.9497945250157639,0.7141132652390896,0.708620086275712,0.7223530336841559,0.037536722916413676,,boot801
C1,0.9488688915245754,0.49028627185455453,0.4783727736599578,0.6735708594637336,0.42063812856306637,0.39222901748364364,boot802
C1,0.896832103784574,0.41789606673767987,0.41789606673767987,0.4770414497330359,-0.10180762646741622,,boot803
C1,0.9551334746679357,0.3951189172581674,0.3914772682511797,0.4797872566706319,0.48889137918810116,0.4342666440832854,boot804
C1,0.9619637439510568,0.5866622621025409,0.581238574009143,0.48903587642137847,0.14191983844391207,,boot805
C1,0.9231009342043655,0.3513676717990939,0.34006361801467266,0.3739757793679364,-0.009420044820351045,,boot806
C1,0.9621644851111072,0.6064225710868837,0.6055188116664859,0.6787233247187028,0.34885113627352765,,boot807
C1,0.9722711813916539,0.538407669473745,0.538407669473745,0.6734567692919103,0.21285884607101546,,boot808
C1,0.9556380410104869,0.3630626940847397,0.35305344687939605,0.4185685194961912,0.28571851113435665,0.3903606410084044,boot809
C1,0.9440738055244833,0.3988265927167176,0.3886947393220665,0.5747524107511126,0.3684310325327645,0.5323828420098448,boot810
C1,0.9134754538433275,0.37982030089517627,0.3788683703164917,0.49310003975864997,0.2551173950874869,,boot811
C1,0.9218469230969556,0.07829273085927232,0.07829273085927232,0.15281231806267612,0.09244201956877938,,boot812
C1,0.943742824339839,0.5215127472759972,0.5215127472759972,0.5979889982016292,0.09766846503755422,0.7426488945308368,boot813
C1,0.934848607364173,0.4018320944737815,0.4018320944737815,0.4288069341491048,-0.20928754920509454,,boot814
C1,0.9424669931468359,0.2684905467256459,0.2684905467256459,0.4161142150284065,-0.10610451159260921,0.34045708502324173,boot815
C1,0.9364786359916474,0.4782021391041279,0.4782021391041279,0.5645570884957472,0.319420457964699,,boot816
C1,0.9508704734115535,0.4837672562800295,0.469135354388762,0.5514398025271414,0.41426572229650915,0.38591641238217844,boot817
C1,0.9148262149228246,0.31462378565616744,0.31367326062397355,0.3688037124912174,-0.015208400515101748,,boot818
C1,0.950813499677786,0.35575943092924955,0.35575943092924955,0.5057454120922237,-0.09694215855655644,,boot819
C1,0.945376469303832,0.5261304046567831,0.5224511710577847,0.5040550030627922,0.008278275597746586,0.506814428262041,boot820
C1,0.9496346555323589,0.25913855932709656,0.25913855932709656,0.4798183925349774,0.24906603581968292,,boot821
C1,0.95214127652189,0.2849412734391098,0.2730687203791469,0.3826615178557276,0.01095927974765807,0.5233056079506728,boot822
C1,0.9584007245908004,0.5253316780249,0.5207951350367747,0.37834768520964296,0.0780285393957537,,boot823
C1,0.9342336080495149,0.31460337216072753,0.3052955800849664,0.4067505137107632,0.2112868801197786,0.23269480189402927,boot824
C1,0.956048112565247,0.2537620151785161,0.2537620151785161,0.5257148558178578,0.1500743100518106,0.6275834783984807,boot825
C1,0.9546812102324373,0.35340729526422854,0.35249645171973315,0.5938699910110232,0.1512000283862421,0.1566650896532147,boot826
C1,0.9524821618339153,0.178937506063672,0.178937506063672,0.4208683178334326,0.08216518135576775,0.5432031434075758,boot827
C1,0.9044099578473811,0.14037497114837638,0.12787582988174012,0.26728932862499066,0.0894169336767055,,boot828
C1,0.9609774986017297,0.5700717111000373,0.5700717111000373,0.7067079466176652,-0.006334130123333748,0.521208421577177,boot829
C1,0.9486172030605471,0.38133309122762554,0.37308309646548937,0.5243330004379851,0.40699974159871577,,boot830
C1,0.9330289753690953,0.3988878404298758,0.3932959548163728,0.2404510813806261,0.04659904677919109,,boot831
C1,0.9172062576361619,0.4398991584612774,0.4398991584612774,0.45317197789760894,-0.1554815991113135,0.2427029839786358,boot832
C1,0.9395491803278688,0.26839884310843487,0.2582181973353563,0.4553525200322412,0.033318477075529845,,boot833
C1,0.9326988943968533,0.29274557941600016,0.29274557941600016,0.1911237063066243,0.13891430360822937,,boot834
C1,0.9569198541559436,0.22172589702470683,0.21263877009746474,0.45526505905482834,0.35348923746971705,0.7505966841901961,boot835
C1,0.964534040318143,0.33086487510316,0.32996333593394156,0.4624895938090492,0.1199047095060498,,boot836
C1,0.9269369195906215,0.36492328918629013,0.36492328918629013,0.5009486797570153,0.27392699342518434,0.3405325294977463,boot837
C1,0.9551334746679356,0.4133271622931061,0.40331262752388986,0.48980179143984814,0.24490089571992407,0.48616014243286043,boot838
C1,0.960022967056628,0.3179271765134179,0.3179271765134179,0.38495455845641774,0.05162919960474308,,boot839
C1,0.9608210159426838,0.5231033536033274,0.5176732149846076,0.48418736016916974,-0.08145207928079491,,boot840
C1,0.9431380557824717,0.10418503310599161,0.10418503310599161,0.1429086737294575,0.24248374961836988,0.57163469491783,boot841
C1,0.9679523933319325,0.613576708492723,0.613576708492723,0.8732014065225868,-0.026950660695141574,0.5255378835552607,boot842
C1,0.9283614431990886,0.024353333303314965,0.013113333317169597,0.2510266663572466,0.40838666616328173,0.23697666637456488,boot843
C1,0.9544473868400355,0.4746657432431099,0.4746657432431099,0.5411736112982866,0.16763627016647262,,boot844
C1,0.9535715059470937,0.5070183597709028,0.5070183597709028,0.7030776175959822,-0.027357105743034328,,boot845
C1,0.9084416856251789,0.404897851757417,0.3905397719078632,0.377138897381613,-0.031587775669018346,,boot846
C1,0.9482394442871763,0.36497844358489473,0.3475548495444098,0.46585188276664957,0.4475112574608759,0.3512229746055645,boot847
C1,0.9324983884335575,0.3655444014117768,0.3627468677275029,0.3580843115870466,-0.0009325112280912672,,boot848
C1,0.9357873631175774,0.2908501693554936,0.2908501693554936,0.47576768916936985,0.37169350716357014,0.7954241053300403,boot849
C1,0.9118190420402829,0.45012745258128,0.45012745258128,0.41198105829473086,0.16975145457514376,,boot850
C1,0.9606458485010418,0.3620752512481653,0.3548337462232021,0.4942327179537457,0.2516422996174749,0.37746344942621235,boot851
C1,0.9512311634168584,0.36017396068218627,0.3592598135738559,0.39948228634039445,0.2239660415409534,0.4552452599485502,boot852
C1,0.9251499337954668,0.43518210502426846,0.4304825142572677,0.43142243241066786,0.20114248482763167,,boot853
C1,0.927711155430081,0.4236701002896284,0.4236701002896284,0.48647075674848933,0.23995474706669223,0.4011743427521261,boot854
C1,0.9518418720726262,0.30878347769915615,0.30056143243497746,0.539914305681069,0.11876287603813701,0.5700618049830576,boot855
C1,0.9234169808867507,0.23918724670331687,0.2288287438933307,0.4529490774184859,0.34748068517135405,,boot856
C1,0.9451231053712088,0.4269055095326382,0.42598545455519715,0.4830288631565411,-0.06256373846599007,,boot857
C1,0.952743357075487,0.5978159943718998,0.5868636402765368,0.754799736405437,0.06023794752449677,,boot858
C1,0.9401851933119759,0.31168697438062154,0.31168697438062154,0.3662553170763386,-0.01294842030067864,,boot859
C1,0.9503879001238673,0.2571032586327223,0.2525284675538482,0.5599544280541853,0.41173119709866557,0.22599467929637865,boot860
C1,0.9296873268774791,0.007482646625393028,0.007482646625393028,0.26002197023240775,0.2834052409367609,0.13281697760072625,boot861
C1,0.944004547558056,0.5001818203788259,0.5001818203788259,0.48360120754858843,0.18607132176155214,,boot862
C1,0.9641898484886392,0.594326396569214,0.5934245355729028,0.558251956716758,-0.11002704154999107,,boot863
C1,0.9405919963151027,0.12757922719958956,0.11648538135614697,0.3781152458306675,0.14791794457923427,0.36979486144808565,boot864
C1,0.9432344028618,0.35216475569132455,0.35216475569132455,0.6066084011646375,0.233240008350537,,boot865
C1,0.9344922292937428,0.2810175274016399,0.2810175274016399,0.37220864556508587,0.1386477204729945,,boot866
C1,0.9531519230144023,0.6148935362457253,0.6148935362457253,0.5729275085494294,0.023719928697906314,,boot867
C1,0.9222759390107846,0.2583401122019635,0.24419740532959328,0.36111044880785415,0.3365964235624123,0.15934116409537163,boot868
C1,0.9254050125517737,0.23679408670843888,0.22175954152060148,0.264983858935634,0.3138461307961055,0.778037713470585,boot869
C1,0.9372079889099963,0.2913371220602036,0.2802032193063104,0.34329533491170483,0.04175213532709924,,boot870
C1,0.9613498867448462,0.6612079355055389,0.6612079355055389,0.8574899081521901,0.2008045987445002,0.6015092710139308,boot871
C1,0.9466606088141754,0.25444130977321855,0.24525570292219984,0.30496214745382155,0.05327651973590859,,boot872
C1,0.9606309379068441,0.4544114934311702,0.4544114934311702,0.44445426947152306,0.014483234850395862,,boot873
C1,0.9428296270355452,0.4390114943456863,0.4390114943456863,0.5625987637623292,0.16324587079661027,0.6622064137399218,boot874
C1,0.9285912342643768,0.27718472332094496,0.27718472332094496,0.37270108068154084,0.20882497736679298,,boot875
C1,0.9557960883789978,0.4776350779010639,0.4676274857926606,0.47490573459877206,0.3293407584765431,,boot876
C1,0.961870781928384,0.5406131569538791,0.5406131569538791,0.5876229966889991,0.17357479286813512,0.38602310705569637,boot877
C1,0.9423936645804061,0.5960769384892807,0.5905406201751389,0.3478653340719177,-0.22514361144177164,,boot878
C1,0.9535790629152463,0.6064110382178273,0.6027634530255397,0.493335897256909,0.321899393219388,,boot879
C1,0.931009933713763,0.4445849915125798,0.44084898318054133,0.207348462428136,0.14850633119852982,0.37640283945287745,boot880
C1,0.9599707155315346,0.28442896626246117,0.28442896626246117,0.5371540668587244,0.2762765436625817,,boot881
C1,0.954104004937149,0.4338238193492617,0.4338238193492617,0.6853687230055563,0.010936734941578027,0.24698793076397044,boot882
C1,0.9600490908503697,0.3641118154506815,0.3550543076036496,0.39853034526940256,0.18115015694063752,,boot883
C1,0.9562323517547396,0.2618974166154636,0.2618974166154636,0.4419518905385949,0.4437706225984245,,boot884
C1,0.9423164656289348,0.2556143015676019,0.2556143015676019,0.37188651094492253,0.14764725000294696,,boot885
C1,0.941899396466426,0.4034401141200276,0.4025169101975561,0.6093145888311629,0.029542525519086687,,boot886
C1,0.9589545000610689,0.4887569244881433,0.4860365705485061,0.5395368646947036,0.07072920243056618,,boot887
C1,0.9421156956009096,0.5399502996810298,0.5399502996810298,0.6064057211802336,-0.1615235939216756,0.7706982909977091,boot888
C1,0.9423859451923814,0.34602272899472286,0.3451000017174036,0.3303363652802954,0.19561818279168328,0.4364500021720104,boot889
C1,0.929204847768253,0.38649220959744396,0.38649220959744396,0.5240572333524665,-0.0645713376809289,,boot890
C1,0.9515840197961775,0.3582127884938664,0.3554713640921276,0.5135601712590636,-0.029241860285213583,,boot891
C1,0.938107574319645,0.44492904201368993,0.4393674289885188,0.40414387982910166,0.3272082329809011,0.7730642104987862,boot892
C1,0.9488803290461579,0.20619267564511398,0.19427932105228515,0.31982775022286564,0.15029155024799415,,boot893
C1,0.9569986899500454,0.5233753927537103,0.5179235657458591,0.46249665783270577,0.03998006472424176,,boot894
C1,0.9555175918517397,0.5223665571821883,0.5223665571821883,0.5878898883966788,0.0609730998801509,,boot895
C1,0.9245156980627922,0.3677601156069364,0.36399786378487053,0.34142435285247547,0.09593742146267906,,boot896
C1,0.9658273381294964,0.6464383450732732,0.6401360213747873,0.7103619140150594,-0.0036013278277062582,0.1197441502712331,boot897
C1,0.951033763826953,0.45625408895284414,0.4553397521012353,0.5257436896751211,-0.26241467641175603,,boot898
C1,0.9383370944579583,0.35956300389331214,0.3475157898453404,0.34936920739118216,-0.011120505275050891,0.6486961410446352,boot899
C1,0.9587599974130682,0.6938309828312,0.6892961398061593,0.7056215746963053,0.21041671636188025,0.4852282036793359,boot900
C1,0.9294461416839981,0.3049969741721138,0.3049969741721138,0.3499045041115662,0.17120995789416205,,boot901
C1,0.9530422468045752,0.3959859131252253,0.39507350318714873,0.4297450808340578,0.1779199379249284,0.5191612547655604,boot902
C1,0.9475251587973168,0.23218380847981238,0.23218380847981238,0.4294941595594947,0.23310153104297365,0.7883236817555684,boot903
C1,0.9652771579041327,0.5333003111908075,0.5333003111908075,0.6468067963429048,0.21980620934215708,0.751304830292455,boot904
C1,0.9170282178051322,0.5111027589704011,0.5025685756109696,0.4418810494994563,0.1621494838291996,,boot905
C1,0.946055344823197,0.4108593163189139,0.40994016796025856,0.5809017626701422,0.3869614589938764,0.6967144558607086,boot906
C1,0.9662515739872083,0.5561608579122896,0.5561608579122896,0.7118499006611994,0.10889233625790785,0.3221773254572811,boot907
C1,0.9522435654088527,0.37622818633738464,0.3753150111278279,0.5880848349545527,0.1378894566430706,,boot908
C1,0.9669959114710505,0.4765992903902661,0.4765992903902661,0.57911310002138,-0.13128961584335633,0.7499694494065696,boot909
C1,0.958737550122882,0.27300394190384564,0.2630270536615124,0.4362621131420258,0.15509526267627113,0.08435005513972639,boot910
C1,0.9296240757019494,0.4489893444644904,0.44524776659395293,0.45179552786739346,0.18146652672106486,,boot911
C1,0.9149115417017692,0.2794282969012731,0.2794282969012731,0.5407983025062054,0.23380735046841217,0.4343494274961966,boot912
C1,0.937445689835337,0.29311842987290054,0.2921908399049484,0.40535681599511886,-0.16140065442368579,0.547278081091808,boot913
C1,0.9562962562800497,0.6237834093912258,0.6237834093912258,0.7310814302486086,0.04455595781365899,0.5664971779165212,boot914
C1,0.9628107899172896,0.38293676809083727,0.38293676809083727,0.5391821946939384,0.2835899650484031,0.14450444078899521,boot915
C1,0.9569348714164883,0.6897021100537856,0.6887934116215673,0.7205978567492121,0.22444851275795127,0.27079213280109105,boot916
C1,0.964060254659584,0.5808765554781009,0.5646408753560421,0.6070340401191955,0.21016185935776013,0.38063650063937665,boot917
C1,0.9348407774412655,0.22696262097617875,0.21487035018646436,0.2985860710383335,0.22882297032844254,0.7673941078088012,boot918
C1,0.9408552831147187,0.39187286163004714,0.38078212026315905,0.45102348225345046,0.30591961603666423,0.38447903405212175,boot919
C1,0.9441122782471827,0.48630914496210104,0.4853881049148243,0.5019668257658051,0.19526049002266177,,boot920
C1,0.923304985566045,0.4068560007641945,0.4068560007641945,0.4746653342248936,0.26935374124666583,,boot921
C1,0.9615992375028217,0.3879406968225418,0.3770892087995336,0.5489044358304962,0.08500332284689727,,boot922
C1,0.9169351282262103,0.42390747197769135,0.42390747197769135,0.3992506615270874,0.15363089588453244,0.39071561175572445,boot923
C1,0.942011419559281,0.376622407466819,0.3738531250589748,0.2215425926275406,-0.008307847223532772,,boot924
C1,0.9667380941345094,0.6782107562442012,0.6710148861514245,0.6476283083499004,0.24915700196239224,0.5621773509981774,boot925
C1,0.9309626132025011,0.48103552237828856,0.48103552237828856,0.5968576675722843,0.015878842486273602,0.6697135330975396,boot926
C1,0.9550091409655888,0.3687649656289184,0.3605701886149424,0.3824229273188784,0.08376883169842098,0.4115599122574595,boot927
C1,0.9545529974531207,0.5283602140820114,0.5283602140820114,0.5848400990356055,0.1712615866334795,,boot928
C1,0.9564804079016542,0.35546990528106975,0.35546990528106975,0.5782068024520726,0.04000172847152703,0.38910772240485386,boot929
C1,0.9336846017139051,0.5727658009074863,0.5681091683797831,0.4889464154088297,0.06519285538784396,0.4926717214309922,boot930
C1,0.9273142510262322,0.1472227338028614,0.1472227338028614,0.18660715940617462,0.17722991521490955,,boot931
C1,0.9221677148691017,0.2545985994846704,0.24516902172597893,0.39698522364091204,0.302689446053997,0.8118866450233378,boot932
C1,0.9435580004155776,0.454339480970009,0.454339480970009,0.5732234425219991,0.1124328938708744,,boot933
C1,0.948655345423676,0.2502397793814206,0.2502397793814206,0.22274090252631945,0.20899146409876887,0.6865552921490259,boot934
C1,0.9394443976827336,0.2647263135395287,0.2647263135395287,0.5127915304227234,0.21196617412780444,,boot935
C1,0.9654027539279352,0.43505158680265366,0.43415085887966676,0.4638748803382332,0.19906087098009614,0.2684169210500844,boot936
C1,0.8907644080057873,0.4236712883406699,0.4236712883406699,0.34069419269791196,-0.04588145288481909,0.7370318495327322,boot937
C1,0.9264957011672228,0.23745388103025025,0.23745388103025025,0.5021257958544817,0.33318627575390836,0.29564416017600326,boot938
C1,0.9632968448164841,0.5398128342245989,0.5398128342245989,0.5407155312717973,0.20491222971402,0.35385724250174383,boot939
C1,0.884298952442184,0.23403456621493773,0.22911787364739705,0.15635082364779457,-0.1534008081072701,,boot940
C1,0.9695853452137986,0.39550748447523854,0.3910232726331156,0.4762232976334504,0.43765907579119356,0.4206190707911266,boot941
C1,0.9435079328044798,0.42210654062168623,0.42210654062168623,0.43500936064068974,0.1299498301913925,0.5538996308157935,boot942
C1,0.9074746378040918,0.23476521479034657,0.23476521479034657,0.39574707636086986,-0.38520659732946666,,boot943
C1,0.9347193989141342,0.2790886393504233,0.2651342073829021,0.21396795683532455,0.2083861840483161,,boot944
C1,0.9566870313101893,0.27449801978869676,0.27449801978869676,0.4999136121979576,0.1290686053311091,0.31449110876453334,boot945
C1,0.9634748272458045,0.3149830719885958,0.3149830719885958,0.42148164647184605,0.3348387384176764,0.31408054169636496,boot946
C1,0.9643490193836125,0.6672669831518676,0.6663652710124733,0.6239848004609357,-0.23624858052133696,0.5779974813518206,boot947
C1,0.9548169306673591,0.1712142460181386,0.16210710527249295,0.4826784595192205,0.2540892268035142,0.33058920906693784,boot948
C1,0.9408204438466712,0.18854958510737482,0.18023122105852002,0.3623109674612301,0.10444168194673212,0.3160978338564813,boot949
C1,0.9574264478389442,0.5031604584583395,0.5031604584583395,0.5803601677885901,-0.21706741799917528,,boot950
C1,0.9286427256393763,0.2799785028424019,0.26686914150529945,0.44290913660353215,0.2284774404466423,0.36144381972296696,boot951
C1,0.9068111174819686,0.2004156399619752,0.1850728158500536,0.23781377373478393,0.09876943022049493,-0.0834266061085734,boot952
C1,0.9338611297098837,0.17226283448307514,0.17226283448307514,0.3556994744461336,0.19274814452971115,,boot953
C1,0.954628420543824,0.38166454952116147,0.36435756517533313,0.41810030603869475,0.2386542051898432,,boot954
C1,0.878808395396073,0.30673946539827157,0.30673946539827157,0.238465197293495,-0.042547732297179605,,boot955
C1,0.9651589220226893,0.32524492735392363,0.32524492735392363,0.373896523135397,0.05045350673634273,0.4829121359049947,boot956
C1,0.9066461427019196,0.2685482785422429,0.2570390666047182,0.23593884471925625,-0.16496537110452061,,boot957
C1,0.9565818514371301,0.41270133664207265,0.41270133664207265,0.5908719577474608,0.3227069923082285,,boot958
C1,0.9492804855498874,0.36549421063696436,0.3490057500067254,0.4708371535523802,0.4479365137881594,,boot959
C1,0.9464844644629361,0.211308275528311,0.20212095920099313,0.2930753908414401,0.11576018572420514,0.4602845479986252,boot960
C1,0.9397974713181922,0.33864835698995205,0.32939566964049977,0.3886128686769942,0.38121071879743235,0.321993519760938,boot961
C1,0.9362951652449678,0.26283053214031504,0.26190180234476623,0.1736724717676287,0.1253785223990902,0.44300411247678545,boot962
C1,0.9643157085931776,0.42291760190393624,0.4175071421780863,0.41119493916459476,0.2137131591710723,0.4301315482050695,boot963
C1,0.9470739337216103,0.40858111279501774,0.40858111279501774,0.6087399500743746,-0.17261404315834455,0.3176832921956767,boot964
C1,0.9595413077897972,0.5065826271110615,0.49661409598723016,0.46036489190057106,0.03171805357582675,0.24740081789144863,boot965
C1,0.9618001196545066,0.4222155396150416,0.4222155396150416,0.46109191692434953,-0.13923167687519572,0.36254482095424345,boot966
C1,0.9408127014758447,0.4344070307860381,0.4307099496729655,0.46860503108196033,0.3031606512719585,,boot967
C1,0.9603699332383867,0.551417947462807,0.5477961547044308,0.5496070510836188,0.2824998351533593,0.45815678393461484,boot968
C1,0.9352399567923461,0.3551750656406479,0.35424528798190275,0.4193297240940633,0.20176175194769788,0.4741866059600274,boot969
C1,0.9627885169450577,0.494035985620492,0.494035985620492,0.5301629315525207,0.18786011884654907,0.7433119125514899,boot970
C1,0.9139803482158249,0.4024441966116149,0.4024441966116149,0.48902202614271884,0.08467502009085988,0.32442900956160925,boot971
C1,0.9689657994072799,0.443323404865343,0.4388363258687303,0.47563037364095506,0.15256068588483465,,boot972
C1,0.9323961407115149,0.43739572607551563,0.43739572607551563,0.6509642149268867,-0.31615597257910405,,boot973
C1,0.9369077883059856,0.3619677827588425,0.34433345488084766,0.3406209648012698,0.21996503721498897,,boot974
C1,0.9453841450988384,0.4129906182929229,0.40471240990843227,0.563837971076975,0.15544635744210236,,boot975
C1,0.8852431270122746,0.25539532544555327,0.24262555917327558,0.2357495311805107,0.1375205598552979,,boot976
C1,0.954997836434444,0.48167648391481643,0.47803431768483673,0.5772833474517838,0.002731624672484781,,boot977
C1,0.9484989441449024,0.3997162433579776,0.3987994629833033,0.45747340696245603,-0.034837654237621904,0.5198144724403058,boot978
C1,0.9476436368390091,0.607456380790154,0.6010331260083849,0.5918570477487148,0.043127567820448985,,boot979
C1,0.9279174296653904,0.43950687196767596,0.43482129763966243,0.3392355813481849,-0.1668064460772843,,boot980
C1,0.9089759131397249,0.47353816133797866,0.47353816133797866,0.5998150043614398,0.08896777576652933,,boot981
C1,0.873390557939914,0.4430509560944344,0.4430509560944344,0.5286742869351565,0.23695759000106825,,boot982
C1,0.9118803293645876,0.2889395158388392,0.2784499624585513,0.4882410300643092,-0.09726676770812409,,boot983
C1,0.931699548792356,0.33132532110167495,0.33132532110167495,0.5114542984893461,0.18946208502433806,,boot984
C1,0.9422740014015416,0.4807980243400657,0.47526100294651413,0.5795415725250697,-0.022148085574206482,,boot985
C1,0.9603662036505568,0.39206058865794663,0.3848169750106866,0.6003144810166712,0.32596261412669925,,boot986
C1,0.9566757630523534,0.4272039367548474,0.41811449129197836,0.45810805132860233,0.20814830109970225,,boot987
C1,0.9441699820749355,0.5728518968891179,0.5682469781038356,0.5231187740080692,-0.2007744590383082,,boot988
C1,0.9494099947434247,0.32880832808995475,0.32880832808995475,0.5440449773967497,-0.02564521778974578,,boot989
C1,0.940692680252216,0.3189139304449194,0.3078212719946613,0.386394269350656,0.23109705104704303,,boot990
C1,0.9362717388910503,0.2600508492950439,0.2600508492950439,0.4448727029011643,0.24797705986348825,,boot991
C1,0.957009951233557,0.3870751627307702,0.3870751627307702,0.5987852869473652,-0.07814193426020244,,boot992
C1,0.9483234141384816,0.372281726884912,0.371364776818693,0.44472078211621263,0.09261195668811852,,boot993
C1,0.9285951953150994,0.3820637996896636,0.37644521440010975,0.31464077621501707,0.04213938967165407,0.42607605112450225,boot994
C1,0.9575089572211749,0.4468115767795352,0.4431789623341731,0.41502620038261706,0.19434487282687102,0.5349024770795656,boot995
C1,0.944393044213103,0.39685024258933677,0.39316717769291604,0.5478559033425879,0.4032956061580731,-0.04880060987757505,boot996
C1,0.9439429772936807,0.39335463768227846,0.39335463768227846,0.4615238254773336,0.027636157214211598,0.1391019913115317,boot997
C1,0.9644896413232235,0.48775514267139924,0.4823456586491657,0.45169191585650836,0.23891887764865216,,boot998
C1,0.9396345434720565,0.5025080403054808,0.5015826111336475,0.5450777822098125,0.15824838838349395,,boot999
C1,0.9536848490100082,0.3309816384738759,0.33006984332656497,0.36107087833513735,0.193300571229922,0.4331026949727026,boot1000
C1,0.9291336254997745,0.33130443082494637,0.33130443082494637,0.6682241909859088,0.05989684625083777,,boot1001
C1,0.9369506844893108,0.5048755351715272,0.5048755351715272,0.4102113723268658,-0.10023264301199436,,boot1002
C1,0.9331114637136408,0.2618634917574472,0.2618634917574472,0.5321140704395102,0.39605688255129917,,boot1003
C1,0.9402317008952078,0.2524817065004323,0.2524817065004323,0.24138360951140225,0.10358223856427991,0.7038043173876519,boot1004
C1,0.9645303405473197,0.42282349223467874,0.4174142364704825,0.3957772134136972,-0.0063107983915623705,0.2479242225256645,boot1005
C1,0.9566720069123179,0.4653814348987776,0.4653814348987776,0.6562605390564793,0.17542698620207825,0.5808178455084353,boot1006
C1,0.9435156358227673,0.32164624447895357,0.32164624447895357,0.3612760109906872,-0.11243794219608119,0.47002746327870015,boot1007
C1,0.9416520891232657,0.5180534218436418,0.5180534218436418,0.5125127435351535,0.0941915312442985,,boot1008
C1,0.9527055107638601,0.5668068399930204,0.560417712972165,0.6151816588652105,-0.05658941075614695,,boot1009
C1,0.9536584044915422,0.7030135522856827,0.7030135522856827,0.6793062210801993,0.1668631388693644,0.621861533928451,boot1010
C1,0.9280998368847578,0.02904485128411635,0.01592782167193477,0.30450247313992945,0.04590960364263552,0.34760128472281177,boot1011
C1,0.9134306421557415,0.18087568303426582,0.170403932963861,0.26655363815576016,0.000951977279127715,,boot1012
C1,0.9476971343084141,0.21103788621873465,0.21103788621873465,0.42941622065377305,0.47712913405974794,0.3697750788963046,boot1013
C1,0.9624728803729082,0.4210169445474112,0.42011347470932653,0.5131708680320377,0.0975747425131339,,boot1014
C1,0.9481592787377912,0.5300888858265004,0.5300888858265004,0.8474085302831943,-0.05594363673947494,0.7098422104320264,boot1015
C1,0.955540178185278,0.3813003727157875,0.3813003727157875,0.5178040860985277,-0.09737264887968798,0.6624980222842322,boot1016
C1,0.9455453109877234,0.471777450893129,0.46901851843176573,0.53339360919691,0.340268336901477,0.4460274145870713,boot1017
C1,0.9606943049777652,0.533128915607897,0.5322237731365763,0.5593780472761974,0.2208547630022527,,boot1018
C1,0.9448926688608627,0.44725576732610234,0.44725576732610234,0.6460361083599255,-0.09202793566380706,0.5273200713536145,boot1019
C1,0.9243440465894875,0.42991709181669274,0.42991709181669274,0.5700869970260739,-0.21636965233662875,,boot1020
C1,0.9575727055268789,0.4113661983102585,0.4113661983102585,0.5212454698235947,0.07991219746424448,0.7836843910413975,boot1021
C1,0.9178693452325387,0.13452705606840207,0.13452705606840207,0.0975794843313057,-0.15821139692551506,,boot1022
C1,0.9468443488278281,0.36092429643567914,0.35633238426728625,0.4738853357781436,0.2130647246134289,0.6015404940594652,boot1023
C1,0.9398052285381895,0.49038838178656036,0.48946312068884984,0.5477545698446109,0.24241840760014868,,boot1024
C1,0.9501863799542835,0.4777094821124462,0.4777094821124462,0.65158841238326,0.04392730869999506,0.7778794248957458,boot1025
C1,0.9229328338239229,0.4070200562229757,0.403251351998689,0.2958432816065148,0.19220391543862744,0.2845371689336543,boot1026
C1,0.9185275853833293,0.5131085394995485,0.5131085394995485,0.6740466422946098,0.08141574611985454,0.1524178502941463,boot1027
C1,0.9444853182205581,0.5910741636693722,0.5910741636693722,0.5551677892408591,0.12429129609869977,0.7300962800464365,boot1028
C1,0.8789775408681929,0.2216013488845909,0.20775126457930396,0.2661194770087274,0.2394086001342455,0.6272109606822796,boot1029
C1,0.9218068106985933,0.357520918229648,0.357520918229648,0.5254331172926487,0.3603508991127322,,boot1030
C1,0.9613201055166876,0.25960678025886985,0.24965669460434875,0.49298151651945676,-0.10130996302785167,0.49026785679549645,boot1031
C1,0.9317074249651643,0.2501251702159429,0.2501251702159429,0.24359205009836224,0.11666285924251067,,boot1032
C1,0.9429144628852818,0.4214500042048608,0.4122279034563956,0.5145932217643595,0.24161903960978887,0.7027240770330501,boot1033
C1,0.9379324498651344,0.33097776140843954,0.3198524585039542,0.2799867897628816,-0.04913675449481035,,boot1034
C1,0.9523647708252748,0.27300463852174633,0.27300463852174633,0.433703021062975,0.29583111331453454,,boot1035
C1,0.9440622631609631,0.4089634461492198,0.4034369130931493,0.32882871683619697,0.048817708661956415,,boot1036
C1,0.9256480218281036,0.43119028547627436,0.41991733683637184,0.47440325526256766,0.1089718368523918,,boot1037
C1,0.9676288593688215,0.4843754375821742,0.4843754375821742,0.6829783535481491,0.16355534256021464,,boot1038
C1,0.9598101958701091,0.568953068920765,0.5644231877987843,0.46567177933960696,0.33702315547535755,,boot1039
C1,0.9322899396511705,0.3273846239492289,0.32365374504382466,0.4309165135741988,0.21359281733439722,,boot1040
C1,0.9700540917071229,0.3540815546327984,0.3540815546327984,0.5584628064208439,0.12997930486520445,0.49571417648591765,boot1041
C1,0.9489108278868682,0.6506315305967117,0.6506315305967117,0.6799557685954368,0.0843071842463345,0.413288479294531,boot1042
C1,0.9663105705266537,0.4733377842472953,0.46793849393268744,0.4490409778315596,0.11788450520227316,,boot1043
C1,0.9295054595960343,0.4555952377661236,0.45465972393087484,0.5893737162066897,0.1805541702030017,0.6894736965783019,boot1044
C1,0.9517812123601559,0.3151984890057689,0.310630394962207,0.3992514194073073,0.08222569278411362,,boot1045
C1,0.9670916394301539,0.5197115507567923,0.5062242267752146,0.5493836635162631,-0.1402681694084076,0.32459493048996885,boot1046
C1,0.9525578840078938,0.17162029060294928,0.17162029060294928,0.34050195954734086,0.048382315967852724,,boot1047
C1,0.9455798401269087,0.35864812297298243,0.3540500701143546,0.3512912383991777,0.2363399169334782,0.48095632901248686,boot1048
C1,0.9393978209712306,0.27769871229601295,0.27677304992169294,0.09441756218064441,0.18513247486400863,0.3887781972144182,boot1049
C1,0.9537112921918267,0.44220838516605837,0.44220838516605837,0.506944045674904,0.114883003156543,,boot1050
C1,0.8872292469022505,-0.015681452710038676,-0.03038281462569993,0.047044358130116024,0.39889695331160874,0.12349144009155455,boot1051
C1,0.927651638495012,0.25778042624984215,0.24371967572712352,0.30746174476344806,0.06374206903632461,,boot1052
C1,0.9619005315871673,0.7042217798030617,0.6987977352859649,0.830782818535319,0.24046597359128935,,boot1053
C1,0.953835934905347,0.2233544265471721,0.2233544265471721,0.5232875136248031,0.4758816761535666,0.24249909167978684,boot1054
C1,0.947991273191928,0.5127546742968035,0.5127546742968035,0.5274310156004687,0.010089984646269836,0.5054165036449708,boot1055
C1,0.9645155411996326,0.5860116993048645,0.5851101428443954,0.6761673453517668,0.33177277745260025,0.6428097563144131,boot1056
C1,0.9536621823617338,0.46593839443914403,0.4650265776202808,0.5926809322611422,0.22065967016491755,0.7285416382717732,boot1057
C1,0.9526146684544741,0.42719951226383934,0.41624567861604866,0.5422147655656423,0.30762016160879035,0.560471154978627,boot1058
C1,0.9003608546677746,0.3843869429990292,0.3843869429990292,0.28394412372290095,0.23468851042403038,0.27525195667015906,boot1059
C1,0.9680442694052545,0.6512458185368125,0.6512458185368125,0.7356832074229649,-0.15001110578710025,0.6332804166461418,boot1060
C1,0.9539832016487939,0.346373795720508,0.33543567585565,0.447551404470446,0.24246165700435568,0.5678707229838855,boot1061
C1,0.9553707568695726,0.20388169440510093,0.20388169440510093,0.22572616166279028,0.18749834396183387,0.554303356663868,boot1062
C1,0.9211646061580727,0.4427287850946135,0.4427287850946135,0.6853328315110649,-0.3266186772766232,0.35021829268678384,boot1063
C1,0.9534279028110826,0.5590810555147867,0.5590810555147867,0.6439008567592812,0.18149613384574642,0.46058064116634134,boot1064
C1,0.8892934480577965,0.21805293168612006,0.21805293168612006,0.38232599232857817,0.4380614950465551,,boot1065
C1,0.90944395941837,0.5909009552292939,0.5870763535773245,0.47520675525721545,0.32031038835244896,,boot1066
C1,0.9543077972266423,0.3079855831969675,0.3079855831969675,0.37176957971704955,0.37450317956791024,0.6223495660459433,boot1067
C1,0.9422585590189063,0.2685499386965953,0.25839856644345943,0.29808120343299066,0.17718758841837218,0.6829104970291426,boot1068
C1,0.8773229304273378,0.39646300682816765,0.39646300682816765,0.6274027083055754,-0.03171704054625341,,boot1069
C1,0.9236608900410777,0.3238530915488968,0.3238530915488968,0.43682510022874466,0.0037657336226615914,,boot1070
C1,0.9518077518482617,0.33072078692823587,0.33072078692823587,0.44766073368739107,0.4339568336765525,,boot1071
C1,0.9612493682546622,0.5807659156945403,0.5807659156945403,0.7246004649086086,0.12212367386100147,,boot1072
C1,0.9713774597495527,0.5156281527744415,0.5111522139482745,0.5290559692529426,0.23095844343021862,0.6328977500200177,boot1073
C1,0.9529703775159599,0.2646188370522094,0.2536690920707386,0.302030465738901,-0.13413437602301648,0.43616484176191744,boot1074
C1,0.9528682304990678,0.4699769313559456,0.4645014719615074,0.5046548408540542,-0.0082131890916573,0.344041365283867,boot1075
C1,0.9417061974824438,0.4358416496630812,0.4358416496630812,0.42845450305862226,0.1089604124157703,0.6980853541213757,boot1076
C1,0.894353112636346,0.374329338116564,0.3607173621850525,0.279045506595984,-0.024307099877698954,,boot1077
C1,0.9455146165209987,0.4110942817617253,0.4064959117196477,0.4855878764433801,0.0377066343450352,0.43408613197211254,boot1078
C1,0.9440545681117597,0.25698588179857546,0.24685382194271765,0.3877815635741945,0.005526578103195171,,boot1079
C1,0.9588123706599218,0.4924570515485685,0.4915501324849431,0.6248672348378704,0.3854406020407764,0.6992345980551498,boot1080
C1,0.9631039615296543,0.3683741557164473,0.3683741557164473,0.5308921655913506,0.1643237655401799,0.5092230976080301,boot1081
C1,0.9484378968757937,0.35665052048159096,0.35665052048159096,0.48867539181667874,0.17511632239584543,0.7078000046575533,boot1082
C1,0.9551447762646965,0.5808361438830786,0.5808361438830786,0.6937259273337082,0.05189288432811203,0.7638268412506315,boot1083
C1,0.9580112324807099,0.36942473269527876,0.36488634531573,0.48742280456354964,0.04629155127139857,,boot1084
C1,0.9458061418250867,0.3567235286681208,0.3484490138278809,0.30615704908887686,0.06987368087313707,,boot1085
C1,0.9621607683878038,0.7049350709878879,0.7004162564302733,0.704031308076365,-0.09670263153295386,,boot1086
C1,0.9310651356824327,0.37544657617867666,0.37544657617867666,0.3633052689888189,-0.12514885872622553,,boot1087
C1,0.9372625526234726,0.14287676713790343,0.13174351255572916,0.2189540067827611,0.19761526883359368,0.8080887284228175,boot1088
C1,0.9411029629386037,0.4370450036006526,0.4370450036006526,0.41764131422303374,0.12011807709954513,0.21621253877918117,boot1089
C1,0.9357912711382038,0.3763381043457787,0.3763381043457787,0.47297801262222555,0.13752602331648212,0.3707627250221375,boot1090
C1,0.9633747196497365,0.6228106133178871,0.6182974929315256,0.5163009721997557,0.09567815219086381,,boot1091
C1,0.953439241333733,0.5846112475590062,0.577315007339861,0.6247405687643045,0.2736090082179436,,boot1092
C1,0.966432229624663,0.6028448532583023,0.6028448532583023,0.6541316542071428,0.130466423466349,,boot1093
C1,0.909915704661634,0.1567273703724073,0.14621516870108733,0.1777517737150473,0.15481606097762188,,boot1094
C1,0.9364825389369229,0.3407756381073367,0.3407756381073367,0.41877333184307586,0.2247076414767724,,boot1095
C1,0.9625248807870203,0.40292577854134115,0.3975052523726235,0.2656057822671621,0.050591577574697545,,boot1096
C1,0.9420268691588783,0.32492380689208955,0.31476993792671176,0.4947703423129546,0.1467695604995518,,boot1097
C1,0.9445967944585869,0.6002100844139451,0.6002100844139451,0.5817987321313087,0.11322981653821357,0.11230924892408173,boot1098
C1,0.9501141180306487,0.5308286831189759,0.5198460207096178,0.6022159887798036,0.2251445793918415,0.6186899823938408,boot1099
C1,0.9522359891391198,0.21916379401138453,0.21916379401138453,0.35066207041821523,0.1159741743310243,0.11097579851472526,boot1100
C1,0.9650184818128247,0.6893312447806297,0.6893312447806297,0.8064725020636124,0.04865867610216208,0.4883889342105899,boot1101
C1,0.9248468704436769,0.2595024189084024,0.24351857426549356,0.03196768928581768,-0.0470113077732613,,boot1102
C1,0.9496041986835617,0.4963166216824411,0.49265376838589164,0.30218539696532387,0.03479710631721912,0.3177525234756588,boot1103
C1,0.9329268292682926,0.4968002273373118,0.49586814435919296,0.44553566354077856,0.09134413185564082,,boot1104
C1,0.946495953933736,0.4106680546899893,0.40056212940679037,0.48416569311325347,0.1763943322158343,0.7055773288633372,boot1105
C1,0.9519214772916319,0.5846298800966522,0.5846298800966522,0.7801154962539703,0.26125647766819143,0.6796322356123581,boot1106
C1,0.9567734132012441,0.4117098552731279,0.4117098552731279,0.5716677681386257,0.2626581637393686,0.657099835237244,boot1107
C1,0.9661704427487451,0.5409073518802308,0.535507278483756,0.5859079635175213,0.2790037921512006,0.04410059940454462,boot1108
C1,0.951815334312314,0.5682505268820545,0.5673369408259741,0.6586955464340213,-0.05116081914050651,0.3416811849740971,boot1109
C1,0.9033859566803396,0.6420290195027143,0.6410664572545842,0.591013220351824,0.18673707613722124,0.2935814856796519,boot1110
C1,0.9307417287448944,0.34381181171657593,0.32792920084923405,0.3400747268066131,0.4045394415034711,0.40267089904848974,boot1111
C1,0.9200469544802398,0.29204558622304955,0.2873199294880488,0.3789976701470643,0.11530602433401956,,boot1112
C1,0.9496080058862546,0.5851384681560912,0.5851384681560912,0.6446595955898095,0.200540413968989,0.30584702404402886,boot1113
C1,0.9456642351699924,0.39539725578291146,0.39539725578291146,0.42574169634299536,0.2878124210698867,0.657462878801818,boot1114
C1,0.9589096212845143,0.4280223844859276,0.4280223844859276,0.4352770011721298,0.23577504230157031,0.4107926698561975,boot1115
C1,0.9533863261259764,0.5135014043893631,0.5135014043893631,0.5837316142259191,-0.13772417773142778,0.5445121463951151,boot1116
C1,0.9439622187725473,0.3546567882038506,0.34820848296378054,0.3703169580725921,0.3813711956269978,0.22569068340245035,boot1117
C1,0.9492157189786579,0.3884213512294382,0.3829248226743047,0.4159039940051061,0.18230153041192973,,boot1118
C1,0.9504221128459205,0.5068686049320494,0.5068686049320494,0.6715551552709824,-0.3595656349066705,0.7850058899489141,boot1119
C1,0.9584381604105866,0.4373056625824005,0.4336765699468619,0.5561584463962894,0.15877280280481346,0.26764558187097126,boot1120
C1,0.9349425574609147,0.33203620921028976,0.32273547505874106,0.4575961202561976,0.3729594394771042,0.220427399391705,boot1121
C1,0.9622685425566582,0.40664776049565915,0.40574409880566875,0.3939964968357942,0.23675936277747264,0.29730469600682635,boot1122
C1,0.9751170587486384,0.5573466857066447,0.5573466857066447,0.6491974195110998,-0.009809301668436948,,boot1123
C1,0.9643231111762329,0.36069454617992186,0.36069454617992186,0.5500591829243808,0.2073993640534551,0.4725098554956977,boot1124
C1,0.9502586319312633,0.4566262582602331,0.45205084485081193,0.35962749398050425,0.22602542242540596,,boot1125
C1,0.9531216698034484,0.5474003445356299,0.5428386749978331,0.5382770054600361,-0.05656470226868176,,boot1126
C1,0.958846036393684,0.42623699390890557,0.42533010668782284,0.5178326032382662,0.18137744421655558,0.5259945882280113,boot1127
C1,0.9581498351662179,0.5554182587227162,0.5554182587227162,0.6625087072999719,0.16789604226095176,0.3267166227780683,boot1128
C1,0.9545982526135041,0.37256738417374746,0.36254723447714304,0.3862312246691172,0.09109226996913142,,boot1129
C1,0.945495431571823,0.543538367630095,0.5315823629275718,0.5297429775887219,0.32741059031525177,0.39730723319154143,boot1130
C1,0.9411726020190062,0.3926646574693228,0.3926646574693228,0.4471757510944758,-0.16168544719325054,,boot1131
C1,0.9495737400684336,0.5146473955131634,0.5146473955131634,0.5586030449520101,0.01923059662949543,,boot1132
C1,0.9470050687644205,0.42330244941604706,0.4122837305592302,0.42605712913025134,0.004591132857007019,,boot1133
C1,0.9417023327831257,0.13758617015249897,0.12742880188620712,0.3730524345074469,0.1560541124548478,0.8061256814975277,boot1134
C1,0.9517281293519742,0.4668852505068965,0.4668852505068965,0.6505328735047169,0.1836476229978204,0.6413961758431337,boot1135
C1,0.926074018625093,0.24507384633906926,0.24507384633906926,0.43756479844446855,0.054460854742015403,0.5389746658951178,boot1136
C1,0.9466376368044372,0.31691112664050564,0.31691112664050564,0.42530391778131627,0.20208825466930794,0.4023393433870767,boot1137
C1,0.931088791923782,0.3548907316626196,0.3548907316626196,0.4753667958322984,-0.184916749655786,,boot1138
C1,0.9418337167269142,0.18650019721472133,0.18650019721472133,0.4727133711581055,0.27051761279165026,0.43116629752116264,boot1139
C1,0.9238047845752779,0.36051283108907833,0.34921738990613066,0.26261900750353223,0.0856570956373528,,boot1140
C1,0.9482203583599788,0.27786606620139587,0.2677785192435894,0.2696126186904633,0.17057124855927272,0.41817467388724927,boot1141
C1,0.9420307314882758,0.3747685361634759,0.3747685361634759,0.449537628353726,0.2658456611208893,,boot1142
C1,0.9713445995591476,0.40463855817930666,0.40463855817930666,0.7099079129119252,0.2246997303163849,0.7672018680523581,boot1143
C1,0.9504411189500066,0.5251566086850489,0.5251566086850489,0.7584578895468738,0.017383232691665383,0.3924950960381289,boot1144
C1,0.9693508119296399,0.5104267749162064,0.49607382518218296,0.564250336418794,0.21350012729359769,0.562456217702041,boot1145
C1,0.9529552458820937,0.19983601898578307,0.19983601898578307,0.26279805236486536,0.23907322819303725,0.7290820966650259,boot1146
C1,0.9478652338077257,0.41466177283657846,0.4109921996256354,0.3348485554985645,0.33760073540677193,,boot1147
C1,0.9154435154899215,0.343858035334041,0.343858035334041,0.5214863574541119,0.13013411834465086,0.35145710793810814,boot1148
C1,0.9615917959302138,0.5688032323632938,0.5688032323632938,0.7134908590375815,0.16910366367557386,0.6393384503670091,boot1149
C1,0.9595375722543351,0.6144264012572027,0.6089889994761656,0.6896437925615506,0.15768465165007858,0.4467731796752227,boot1150
C1,0.9518646176548242,0.43027675343199423,0.4211413658856674,0.4065247458115445,0.11145172806518747,0.5810106479463872,boot1151
C1,0.9604519774011299,0.4970485933503836,0.49433248081841435,0.6111253196930946,-0.019012787723785167,,boot1152
C1,0.9587861846950911,0.428077489184119,0.428077489184119,0.43986775901334263,0.40993861252377495,,boot1153
C1,0.9520920191935663,0.45026703672720997,0.45026703672720997,0.4977597059154755,0.09863862062178229,0.8018954528326376,boot1154
C1,0.910153473556743,0.03152836637734814,0.03152836637734814,0.14617697138588687,-0.12897968063460602,0.6592294787990977,boot1155
C1,0.9588871804451853,0.5459226815677403,0.5459226815677403,0.6402349056259545,0.12151767330577606,0.5776623723565623,boot1156
C1,0.9585729070837167,0.4662728504385901,0.46536570481516876,0.48985863664754603,0.10885747481056579,0.29482232761194904,boot1157
C1,0.9387181121047659,0.45760831910246824,0.45668198647270625,0.43630266861794037,0.27512079103933823,,boot1158
C1,0.9441199724553037,0.3849916022052727,0.3665709513820538,0.409859480816618,0.17315411773825656,,boot1159
C1,0.9211123934328579,0.3983840890160368,0.3983840890160368,0.3955519746391456,0.2850995139403865,0.2596104845483652,boot1160
C1,0.9540171803941384,0.17318072955047897,0.17318072955047897,0.4520928518791451,0.2962301952837141,0.6690245025792189,boot1161
C1,0.9459403426966906,0.6232583502153733,0.6232583502153733,0.6269353906296234,-0.12318085387737468,,boot1162
C1,0.8827547920489769,0.08570009995351704,0.08570009995351704,0.20390713437216126,0.012805762062019787,,boot1163
C1,0.9543002507803057,0.3690388981408263,0.36812769098492304,0.5130096287735437,0.39728631997382785,,boot1164
C1,0.9189632790701144,0.1693780126563334,0.1693780126563334,0.24602392899802616,-0.21006658552908386,0.40593948284674314,boot1165
C1,0.9510641378311857,0.17097553065452356,0.1609181464983751,0.26789214161377223,0.15268937764334453,0.5046978231085402,boot1166
C1,0.9621496180581668,0.4410414119826657,0.4274848112045101,0.5052093223326029,0.2774584292595869,0.5115357360290755,boot1167
C1,0.9453572793274742,0.4700316333345049,0.4599135355523532,0.45255491898351546,0.030354293346455306,0.6337608519911426,boot1168
C1,0.9652439067933987,0.5549397102049718,0.5540388340520417,0.7855640053550899,0.30809964430211095,0.30809964430211095,boot1169
C1,0.9502966552930693,0.39987513150070897,0.3815742101505621,0.42366632925589987,0.25529785283454876,0.4840593697113845,boot1170
C1,0.9113448534936139,0.3406337144700526,0.3406337144700526,0.4370034768271263,-0.06869923653177532,,boot1171
C1,0.9308285156667934,0.25783481700501776,0.25783481700501776,0.4773680851071162,-0.12331230378500849,0.27651849939668577,boot1172
C1,0.9636675725933342,0.4502725377700047,0.4493701879949145,0.5711874076320901,0.007218798200721518,0.7390244657988655,boot1173
C1,0.9240844693932103,0.3133536240268642,0.3133536240268642,0.6342352630453648,0.30676661090918234,0.39710279080881883,boot1174
C1,0.9376404473787432,0.3449917948547092,0.3449917948547092,0.5128507057920813,0.02967671353588897,,boot1175
C1,0.9421311421552343,0.29442960956928066,0.29442960956928066,0.5445563311782933,0.07845303076297445,,boot1176
C1,0.9551824464882521,0.5398467861389719,0.5398467861389719,0.5717095812736499,0.11015423460845801,,boot1177
C1,0.9248109700445954,0.3272114036856438,0.3187490397972219,0.2416475021471564,-0.1993356827050473,,boot1178
C1,0.8605041620301741,0.09701087403530535,0.09701087403530535,0.3546960081915852,0.15360055055590016,,boot1179
C1,0.9044927892339388,0.2538054698984774,0.2538054698984774,0.5345297017558842,-0.19708379291359043,,boot1180
C1,0.9207146075952195,0.1662224939176301,0.1539446960714415,0.23894483500659328,0.19644476553901738,,boot1181
C1,0.9605265517674276,0.4752827897265378,0.4707562869672375,0.5920665609164871,0.16295409933481297,0.09505655794530757,boot1182
C1,0.9531443598755911,0.495385518627114,0.49447320643811377,0.7043050099081619,0.2125687400370489,0.5099825136511174,boot1183
C1,0.9550882658359293,0.45249630688868675,0.45158585154283415,0.4952877081437536,0.10925464150229859,,boot1184
C1,0.9588572578211446,0.4235113758689267,0.4180701162217884,0.47520334251673996,0.15961028298272184,0.3455199875932785,boot1185
C1,0.9387919512239778,0.5696497589251948,0.5696497589251948,0.584469915254956,0.18617821389262462,0.5603871612190939,boot1186
C1,0.9633747196497365,0.5090799795815772,0.5018589869633989,0.5027616110406711,0.0649889335636056,,boot1187
C1,0.9468022474033478,0.23787162728227323,0.23787162728227323,0.47574325456454647,0.0551053962816077,,boot1188
C1,0.934010152284264,0.5492911153119092,0.5492911153119092,0.7103544423440452,0.03630907372400755,0.4934310018903591,boot1189
C1,0.9555627635420044,0.4613716461524839,0.4604616429056348,0.4495416039434458,0.18928067534460877,0.29484105197910215,boot1190
C1,0.9422469769360201,0.523263528914827,0.5149577586145917,0.5694066972494679,0.2925476872416229,,boot1191
C1,0.9600416270432239,0.5724389463026495,0.56700439934408,0.6331247206733418,0.2717273479284728,,boot1192
C1,0.9348290323410605,0.4064914405240271,0.4064914405240271,0.5376477176725118,0.29858982244442256,,boot1193
C1,0.952057915253379,0.45758999209318024,0.453936578982656,0.6009864566812627,-0.07306826221048789,,boot1194
C1,0.9356622913009307,0.33921566285046073,0.33921566285046073,0.4358688928133317,0.09014772409998545,0.7964597892132735,boot1195
C1,0.9561759589097837,0.6156771111931472,0.6156771111931472,0.6029452359247511,0.16824263747523222,0.45380041135211285,boot1196
C1,0.9662073221630452,0.5003877012515326,0.4994877233715838,0.561586197088051,0.25559371790545915,0.4859880551723518,boot1197
C1,0.941188076126312,0.45271180896745256,0.45271180896745256,0.42499475943883297,-0.29195292170145914,,boot1198
C1,0.9633079705090093,0.4007928599591383,0.4007928599591383,0.531682420080929,0.2599737470005221,,boot1199
C1,0.9661409373227401,0.3060135043364596,0.2979131468687298,0.3951174364814875,0.2799123524959969,,boot1200
C1,0.943561851573721,0.2764732007576393,0.2764732007576393,0.5133185760733504,0.12533451767679651,,boot1201
C1,0.946342740381469,0.3280363121753963,0.3280363121753963,0.4061401960266811,0.26922868198148775,0.8030916998355642,boot1202
C1,0.9235849301890225,0.5875027600776493,0.5875027600776493,0.5037082958999077,-0.17041346085585665,,boot1203
C1,0.9445967944585868,0.404129182603868,0.404129182603868,0.6655703850173044,0.08193051765773178,0.6867434401423359,boot1204
C1,0.9286664892201223,0.27809862050917794,0.27622590252595114,0.1938263112639725,-0.1460720026916894,,boot1205
C1,0.9491661862129734,0.26751168253405094,0.26751168253405094,0.29041508001128136,0.14841401565245294,0.20063376190053822,boot1206
C1,0.9611115890905961,0.3401858071948718,0.3401858071948718,0.37275678873480633,0.2207588748817785,0.2678058482172395,boot1207
C1,0.9371222346106448,0.3943618065415459,0.3943618065415459,0.6643836552558751,-0.04175595598675192,,boot1208
C1,0.9334098863849659,0.43226268197373563,0.4285362795429275,0.3940670570579529,0.12390288082436818,,boot1209
C1,0.9677759454039673,0.3935513865850524,0.392652867437598,0.6604115733790261,0.3225683739361502,0.6002107904995775,boot1210
C1,0.9103624605203788,0.09360820003016831,0.08023560002585854,0.034386685725367946,0.23211012864623365,,boot1211
C1,0.9333549263322942,0.2850865721225181,0.2850865721225181,0.4779392532642214,-0.06894250436949784,0.5748314215672995,boot1212
C1,0.9658716224896159,0.4132334209734997,0.3970281887784606,0.4402421412985651,0.3124008650932558,0.3277058066107928,boot1213
C1,0.9180592267371533,0.2689984638756164,0.25763233159918186,0.36087469977679515,-0.060619372140983965,,boot1214
C1,0.9400107535140947,0.23681505218954504,0.23681505218954504,0.3320961083439323,0.13690870204708075,0.5208081030574759,boot1215
C1,0.9437235748651406,0.4708453173382411,0.4671596397074134,0.4929593831232075,-0.08845626313986527,,boot1216
C1,0.9454724087113148,0.7072608846252315,0.7072608846252315,0.6796694326892667,-0.20509645939067184,0.6686328519148808,boot1217
C1,0.9029791422190256,0.36786443618971926,0.36786443618971926,0.4583860513777654,-0.2686758578453709,,boot1218
C1,0.9629406965259587,0.502085188230002,0.4957639718314228,0.46415788983852696,0.3178668817571236,0.6953338038437078,boot1219
C1,0.9377377993797973,0.3431013772160778,0.3431013772160778,0.5693628259747887,-0.16784148453002729,,boot1220
C1,0.9699991825390336,0.6266253599982413,0.620350141800834,0.6875846224873406,0.023307953304655613,,boot1221
C1,0.9582884009834792,0.6497091011570196,0.6488016862112695,0.7322838612202722,0.08801924973775266,,boot1222
C1,0.9002982627900094,0.042497993327952885,0.04153212984322668,0.12169879907550142,0.3139056325360156,0.579518090835721,boot1223
C1,0.8988399442200495,0.09384076289594323,0.09384076289594323,0.3763304821290919,0.3221543715912278,0.8145765191586001,boot1224
C1,0.9146961673569968,0.3555469049838259,0.34318832272502975,0.4078332145402708,0.19868797631449095,,boot1225
C1,0.9602319206647626,0.5650808767912331,0.5650808767912331,0.6185099981545068,-0.2037551238429927,,boot1226
C1,0.9437158748788079,0.14282117349457638,0.14282117349457638,0.19718536211509255,0.18981394670892088,0.6274917364503646,boot1227
C1,0.9676546024508406,0.5337873016076266,0.5337873016076266,0.6434203837559943,-0.02875621826842432,,boot1228
C1,0.9372547581502805,0.213389154080914,0.2031835858422616,0.3284337414984502,0.17349466005709097,0.5798618317416141,boot1229
C1,0.9461703218580565,0.35015296947327934,0.35015296947327934,0.4705467726255092,0.007352293322273581,0.7416625888843477,boot1230
C1,0.9536055114442625,0.4641423422373372,0.4559355031800955,0.6073060902358871,0.2726494309016971,0.9000166832775085,boot1231
C1,0.9489603847283726,0.34729080654472,0.34729080654472,0.4948206742325825,0.23366531838760846,,boot1232
C1,0.9432690835101845,0.39732311304105794,0.39732311304105794,0.32449590670638606,0.07374906970599684,,boot1233
C1,0.9362248830875174,0.36130301135522913,0.36130301135522913,0.47461655219157345,0.3482998181445011,,boot1234
C1,0.9137971746732583,0.32068766065691945,0.32068766065691945,0.2816722479360479,-0.06756327568736284,,boot1235
C1,0.9546812102324373,0.4435808061692766,0.43993743199129487,0.4918555140275345,0.19674220561101383,,boot1236
C1,0.9147124250073028,0.46011134615781696,0.4563087730490747,0.3755040944883011,0.08460725166951592,0.2870942697100428,boot1237
C1,0.8984255620006233,0.26616610757391024,0.2555194632709538,0.242937065458369,0.09775555223623614,0.4655487190656394,boot1238
C1,0.9350599717779867,0.41197078575812546,0.41011087250413847,0.4091809158771449,0.08834587956438354,,boot1239
C1,0.9563188089501604,0.25641803654739953,0.25550875272985557,0.2700572938105591,0.30551936269477387,0.5883066299509485,boot1240
C1,0.9251459472290426,0.5658331665803269,0.5658331665803269,0.48875954588333886,-0.2406200841271822,0.923003603956613,boot1241
C1,0.9539945281425282,0.34545818416064,0.33634319249413236,0.42020111582600267,0.06653943916550585,0.16133535249718542,boot1242
C1,0.9227326458846008,0.3712979021390573,0.36187409751623856,0.3543350538179835,0.34491124919516486,,boot1243
C1,0.9466376368044372,0.3527358626955193,0.34814294781667143,0.38856059875053295,-0.10196271031042356,,boot1244
C1,0.9481974543329692,0.27328741877386686,0.27328741877386686,0.44477985941384374,0.022009725001922165,0.843706125073683,boot1245
C1,0.9350012678556334,0.39246633598767416,0.39246633598767416,0.5263884980308616,0.2966747895262277,,boot1246
C1,0.9534732554276387,0.5225745627670954,0.5225745627670954,0.6630221764950756,0.37027098164649336,0.027359924752203946,boot1247
C1,0.9531783931396701,0.4497538501285518,0.44063105397989966,0.45796436666233875,0.12954370531086076,,boot1248
C1,0.9360686672589633,0.5239303480211638,0.5230013935033957,0.4746957585794586,-0.1681407677160118,0.5638753922851887,boot1249
C1,0.9564202839055377,0.29821344873580463,0.29184913732985757,0.3400360665463139,0.4873244162268027,0.3245798817032996,boot1250
C1,0.8738239854506452,0.37118210473438196,0.37118210473438196,0.5731927408230671,0.20997164637789434,,boot1251
C1,0.8939269029953282,0.4523276173164571,0.4523276173164571,0.4066084818027508,-0.04669188307782783,,boot1252
C1,0.9155814997754826,0.13866217455274324,0.12916476533680193,0.2032445572211442,0.10447150137535449,,boot1253
C1,0.9628627564660032,0.3838192046680881,0.38020678862415314,0.5129630782387624,0.27273741131708845,,boot1254
C1,0.9469285415796073,0.28467324149046386,0.28467324149046386,0.33426148355654467,0.05601634751909128,0.35170919835757314,boot1255
C1,0.9435387442036806,0.2055167789022992,0.2055167789022992,0.36311036272424163,0.15943678363272537,,boot1256
C1,0.9564277997839394,0.2827550419067575,0.27275405971712935,0.35367109743321107,0.16637997642744892,0.48913894709271866,boot1257
C1,0.9618373115240357,0.3516820001807181,0.3390250644415663,0.41677481255349885,0.2440980463979277,0.2865891878079374,boot1258
C1,0.9518608267930123,0.45494411165114307,0.45494411165114307,0.2777168874336295,0.03380106853632991,,boot1259
C1,0.9574414505162426,0.38235962765592485,0.38235962765592485,0.49588683301694764,0.14349838757633282,0.672081055737255,boot1260
C1,0.9632115399063383,0.3367358183006151,0.3367358183006151,0.4820829141354651,0.1959026074295804,0.5299300947519064,boot1261
C1,0.8920790148755021,0.46106268723683436,0.46106268723683436,0.5224727280315924,-0.06141004079475806,,boot1262
C1,0.935279075919231,0.37468472419772014,0.37468472419772014,0.4044363648288046,0.12644447268210904,,boot1263
C1,0.9656095515142861,0.51240442673721,0.51240442673721,0.5619338528717381,0.13237864803228447,0.3827273837668088,boot1264
C1,0.9379947229551452,0.3411533052039381,0.3291016938787989,0.37823518620436614,0.18262826392710815,0.6303919770072768,boot1265
C1,0.94091721393253,0.3354728441982546,0.3243828328197999,0.4759463216586808,0.1450943155347823,0.4269654380705059,boot1266
C1,0.9475519142352864,0.31752304089872,0.3065106810987644,0.40562191929836483,0.2578727586489605,0.7552643429469553,boot1267
C1,0.9534127843986999,0.28091304347826085,0.2699683794466403,0.2699683794466403,0.07934881422924901,0.5372005928853755,boot1268
C1,0.9456872496552927,0.33561973523859673,0.33561973523859673,0.5848058948267055,-0.25562270245569835,0.614230090792829,boot1269
C1,0.9671910304568166,0.37401001357914637,0.37401001357914637,0.46841157950657514,0.13575844242896898,0.6320409604474517,boot1270
C1,0.9576589408261038,0.4376614856444141,0.428581371834364,0.5965634773202907,0.17161415100994662,0.6864566040397865,boot1271
C1,0.9391609927520316,0.3120268841257575,0.3009161345426445,0.4083200471794038,0.08333062187334771,,boot1272
C1,0.953526161845954,0.5882057437538897,0.5882057437538897,0.6711929107021131,0.01823893779081829,,boot1273
C1,0.9543379819228203,0.4328062867503825,0.4264280888403768,0.4173163775403688,0.19772413521017473,,boot1274
C1,0.969028154282909,0.4100926300143465,0.4100926300143465,0.45765260679938013,0.24497874834555053,,boot1275
C1,0.9586627188317474,0.5932176572663023,0.5923105966282805,0.6621542657559644,-0.1986462797267893,0.4254114392322565,boot1276
C1,0.9131372379884412,0.3504402040430758,0.3504402040430758,0.32853769129038357,-0.1399856249845982,0.40757719383270774,boot1277
C1,0.9407004243777803,0.21538067848346937,0.20243935016257422,0.339247678126323,0.1562203204450915,0.48807295381661725,boot1278
C1,0.9583894933201064,0.6986358073185456,0.6950065303974102,0.5525574112428495,0.08891728456781489,-0.005443915381702952,boot1279
C1,0.928032432752345,0.15460479160630136,0.15460479160630136,0.35980751501102864,0.2595486501511847,0.3879174771212653,boot1280
C1,0.9571338093044679,0.32070387521070876,0.31434430828018484,0.2870890214350821,0.10992965694191434,0.6005248201537636,boot1281
C1,0.9558788560063987,0.34932569266499774,0.33931896709386494,0.5922162133461291,0.21468974861702986,0.6968319806806986,boot1282
C1,0.9322112585758394,0.04850551941780608,0.045707124066778806,0.1707021164126637,0.23040121723457885,,boot1283
C1,0.9625731622187617,0.4137460768667323,0.4137460768667323,0.6115853581632702,0.2538485755448729,,boot1284
C1,0.9503042596348884,0.2992176697137024,0.2992176697137024,0.3577801494130203,0.1766024778432555,0.881182311725674,boot1285
C1,0.9598736630536214,0.5435497925581031,0.542643876237173,0.5308669640650808,0.06794372406976289,0.6658484958836763,boot1286
C1,0.9343786081469659,0.32386089858403244,0.32386089858403244,0.4020342189319022,0.18426568367712187,0.7910395511391596,boot1287
C1,0.9290426054789559,0.3715840256070661,0.3706480456936982,0.4586301575502832,0.3013855321044718,,boot1288
C1,0.9558826178595232,0.4412038911003207,0.43301660239948997,0.4639463597137394,0.09824746440996832,0.4448426860784677,boot1289
C1,0.9564691351800972,0.4991183581244743,0.4991183581244743,0.5618490807302826,0.28001539945781073,0.0518210317178416,boot1290
C1,0.9567058111990322,0.5117197069993082,0.5117197069993082,0.7807588424731897,0.20632393159652396,0.3726555592712547,boot1291
C1,0.9520465467800201,0.6092139107711241,0.6092139107711241,0.56719915830415,-0.14248481271408597,0.2703557984831375,boot1292
C1,0.9355489195711342,0.35412829932822804,0.343904122707203,0.36899982895880973,0.3234557694651532,0.6794430099972039,boot1293
C1,0.9503840985726238,0.5855756003980617,0.5828307147711956,0.4648006328159614,0.08966626381095319,,boot1294
C1,0.9640121115492272,0.494310946326841,0.4907028372295648,0.5944359737762559,0.020746627309338222,0.4564258008054409,boot1295
C1,0.9653953667705555,0.5359372151107433,0.5359372151107433,0.5836761603222884,-0.10088229931496344,0.09457715560777823,boot1296
C1,0.9451115859362771,0.23369681263465447,0.23369681263465447,0.45267256620570867,0.13432966395535256,0.6422062016495622,boot1297
C1,0.9462699483315941,0.33449412579201815,0.3207100272016877,0.3997388591195821,0.20768041876097829,0.294060769927049,boot1298
C1,0.9319594011896601,0.36388970844620866,0.36388970844620866,0.4814540757903685,0.19127535956787894,0.604616746341393,boot1299
C1,0.9311203319502074,0.38102766798418974,0.3782259939548942,0.47441680229404015,0.054165697899713254,,boot1300
C1,0.9451653411469235,0.22540339661878533,0.22080332730003463,0.19872299457003112,0.1435221627450225,,boot1301
C1,0.9648077500107164,0.4353198862626621,0.42630705217854903,0.5371649114131399,0.3280671606617163,0.6372073697467953,boot1302
C1,0.93900563813429,0.39357081830263907,0.39357081830263907,0.7204661097398898,0.13335105373077652,0.5241437250806911,boot1303
C1,0.9477888316026432,0.43854934775946375,0.43854934775946375,0.416530133646018,-0.22110960838918572,,boot1304
C1,0.9265990821644325,0.2946727268745727,0.2946727268745727,0.4485782275351774,-0.2139661838452311,0.5302232187392788,boot1305
C1,0.9490328055529365,0.3985751254877123,0.3875799496121892,0.4196492125824649,0.3023673365768852,0.32893901160939937,boot1306
C1,0.9706430816772338,0.6011254516555532,0.5948543962731555,0.6414393791138243,0.012542110764795448,,boot1307
C1,0.8856717691979373,0.1875265333026784,0.1757447615768557,0.34658045160128526,-0.004909071552426137,,boot1308
C1,0.9362209782508946,0.32508118612718734,0.3232235793493178,0.5052690435805426,0.1188868337836571,0.44303921652190964,boot1309
C1,0.9487735691640247,0.4848364403798804,0.4848364403798804,0.6782211075257305,0.009165150101699063,0.30611601339674865,boot1310
C1,0.9597541889815785,0.34519708445101244,0.33070061896225605,0.4303638191974565,-0.2962715134264595,0.5019401175481913,boot1311
C1,0.9353807721979355,0.23798724783394176,0.23333905939968508,0.27238384224744117,0.12736036309863288,,boot1312
C1,0.9529855087124757,0.4607944515083893,0.4571445944667387,0.5328791280809888,0.04653567728104527,,boot1313
C1,0.8995591401524213,0.3711963211464703,0.3711963211464703,0.34606323690217805,-0.31996349557156684,,boot1314
C1,0.9260461600035577,0.15587541131470375,0.1436683007900583,0.4479070554042993,0.2112769129265563,0.25447130401376333,boot1315
C1,0.963849132429234,0.5187533849201343,0.5178512051202732,0.6188953427047169,0.2589256025601366,0.5954386679083281,boot1316
C1,0.9421311421552344,0.3036593778943364,0.3036593778943364,0.3968800379774002,0.09875852107809725,0.5925511264685834,boot1317
C1,0.9507831111561661,0.5734403408169035,0.5697820292327446,0.5963047882178965,-0.041156005321787335,,boot1318
C1,0.9678494727057088,0.6361032281103933,0.630712522787424,0.5875868802036686,-0.09523579403912669,,boot1319
C1,0.9301733207818814,0.3215856960197125,0.3215856960197125,0.578667284407564,-0.34215222309074067,0.393568540768311,boot1320
C1,0.929418457741952,0.5192587812648838,0.5192587812648838,0.4575090883577084,0.2226731350289051,,boot1321
C1,0.9644082332761578,0.4697631797707193,0.46435323912076865,0.5193543023952674,0.30205501962224757,0.4165654300462041,boot1322
C1,0.904414099714195,0.18940919638495357,0.18940919638495357,0.5826496091841719,0.10095414020517832,0.7403303615046409,boot1323
C1,0.9369038884812912,0.40559122944400944,0.40559122944400944,0.6487603418337816,-0.04455006639201933,0.6162759184229342,boot1324
C1,0.932502320647129,0.4280208487906217,0.4280208487906217,0.36461035267349257,-0.16132376218034325,0.27135962308947914,boot1325
C1,0.9237927948336113,0.5591315953308208,0.5591315953308208,0.5986661525764344,0.3049808701804477,,boot1326
C1,0.9292562801816348,0.2741790549382693,0.2741790549382693,0.3471687009627914,0.004678823463110397,,boot1327
C1,0.9224762967094253,0.34029388570527314,0.34029388570527314,0.48074759476368234,0.06692760632984597,0.6824730560958941,boot1328
C1,0.9341826527009532,0.1740652057518216,0.1740652057518216,0.220606704615945,0.24387745404800668,,boot1329
C1,0.8933313475924802,0.14211582531081784,0.12946167648177243,0.2637903332824085,0.4876714279501352,,boot1330
C1,0.9265951063404226,0.3096892264761273,0.30593541767035604,0.4532724132968773,0.36505790636125307,,boot1331
C1,0.969416785206259,0.6099588503620529,0.6054738588152732,0.5050100481674056,0.045746913777153966,,boot1332
C1,0.9306983300002212,0.32327291832286814,0.32327291832286814,0.3653170840006978,0.15603057040439008,,boot1333
C1,0.9516143619426607,0.5034922274654348,0.5025784484682198,0.6350764030643868,0.1845833574374189,0.5939563481897143,boot1334
C1,0.9338140612928149,0.5922415405645218,0.5838607640470994,0.5782735797021512,0.5838607640470994,0.4451123528142161,boot1335
C1,0.9305720590731624,0.26725028948495466,0.26725028948495466,0.3242512253541234,-0.1317562615992259,0.45507304538172355,boot1336
C1,0.9508818674157954,0.3411021255126403,0.32464143312865235,0.3429310913330835,0.46730076712321506,0.5651504385169215,boot1337
C1,0.9642453787759654,0.3886797043003821,0.3886797043003821,0.514031163459902,-0.0414832167002728,0.4950931732271688,boot1338
C1,0.9083800103210447,0.10625700481489189,0.10625700481489189,0.17613773771117214,0.27760839095782563,,boot1339
C1,0.9395414193605046,0.45998388590216266,0.4590583650049751,0.40352711117372814,-0.19621043020373935,0.09532865241030733,boot1340
C1,0.9240605021050989,0.4695721140442266,0.46863108776357687,0.4836875082539729,0.1336257318522649,0.18067704588475253,boot1341
C1,0.9581910342596253,0.5572093918524343,0.5508568417824554,0.5354292201839352,0.06443300785264305,,boot1342
C1,0.9445122284340685,0.26606786048999176,0.26514721045369416,0.46308696825766726,0.36457741437382946,,boot1343
C1,0.9317034868932773,0.3705228070525521,0.3705228070525521,0.375189341146413,-0.29679156836955056,0.3070579433760444,boot1344
C1,0.9578088812808375,0.5020516875708488,0.49478873368193965,0.5474451493765314,0.1697715471532527,0.6073645189600324,boot1345
C1,0.9336924486439349,0.16111813137953757,0.16111813137953757,0.3036098891891864,0.42933791078593536,0.5131565918504347,boot1346
C1,0.9288367640373022,0.41566717799106606,0.4091138666263421,0.534562969893916,-0.015915184742901177,,boot1347
C1,0.9274452619579858,0.37128641463969847,0.37128641463969847,0.4228539722285455,0.029065350640986497,,boot1348
C1,0.9497450468048402,0.49624301744100974,0.485256087165563,0.5676580642314133,0.11994065550695991,0.4422239435867301,boot1349
C1,0.9220594689896817,0.16786618857160096,0.1669231200964796,0.10750980616383432,-0.30932645983980395,,boot1350
C1,0.9415670505220946,0.32877660408746445,0.32877660408746445,0.5374943358957986,0.25581775093322373,,boot1351
C1,0.9198094570719306,0.430145799079453,0.430145799079453,0.3497888915591156,-0.11344504591106454,0.31575537778579627,boot1352
C1,0.9643453182904907,0.5013538736586954,0.5013538736586954,0.7457188012873043,0.05951322960696744,0.7006330212820258,boot1353
C1,0.9560368305018804,0.4838816674137158,0.47751480336879853,0.5138968836254688,0.32652917030361645,,boot1354
C1,0.9309547260433151,0.2279100230203958,0.22697596554900076,0.33906286211640857,0.1223615287527535,0.6099395288209774,boot1355
C1,0.8813618203925655,0.38773988449212526,0.38773988449212526,0.4410171205292112,-0.23382786927387708,0.7971853095919522,boot1356
C1,0.9541077795903047,0.4329107120772362,0.4329107120772362,0.5532143204860681,0.1412656007830981,0.4192398474853235,boot1357
C1,0.9356310187531678,0.4665532997314993,0.4600475764284704,0.468412077818079,0.208183145696924,,boot1358
C1,0.9422431161853593,0.3433065790696953,0.32669497040503265,0.35530385199417397,0.24179119278564565,,boot1359
C1,0.9565029526141438,0.4827367538937954,0.4827367538937954,0.6063755458515283,0.4218264666793241,0.5018280379460924,boot1360
C1,0.9541077795903047,0.4967080801728289,0.4967080801728289,0.7045052219699023,-0.0783796236602996,0.7500747706096113,boot1361
C1,0.9467027215631542,0.2930078239236597,0.27739298691205394,0.30219302216578064,0.44823767421550437,0.34903753320059766,boot1362
C1,0.9352712523238127,0.6498928363790638,0.6489630898320264,0.5606371678634843,0.04555758080482708,,boot1363
C1,0.9242522105169381,-0.038574074811358106,-0.03951490590431806,0.22015447575262917,0.19475203624271048,0.4807646885025364,boot1364
C1,0.9596346874596131,0.4204498504922436,0.4195437085730792,0.5554649964477268,0.2745610015067883,0.6678265944241023,boot1365
C1,0.9635600888377065,0.5270310516587361,0.5098844934712088,0.48732323269814637,0.3799316314183698,0.6371300042312803,boot1366
C1,0.9427177771535102,0.5414502568838027,0.5414502568838027,0.4160035193434327,-0.370805797729623,0.5036317551253089,boot1367
C1,0.9093536659716837,0.24097382897605446,0.22949888473909952,0.26774869886228275,0.19220531596899587,,boot1368
C1,0.9379596952406082,0.2929577998819705,0.2929577998819705,0.5618114769888422,0.24104122775098843,0.5358531909233512,boot1369
C1,0.9603699332383865,0.2716344568782301,0.2716344568782301,0.287932524290924,0.2933652134284886,0.31962321092671747,boot1370
C1,0.9356896532728095,0.2667179406316905,0.2667179406316905,0.3410644049192698,-0.16449155223626907,0.034385239733005404,boot1371
C1,0.9573814372162299,0.4159897550585869,0.4159897550585869,0.42416422622786043,-0.1625811488111071,,boot1372
C1,0.9583445658151546,0.40105390044136735,0.40105390044136735,0.5616569329710551,0.25406129439724634,0.33209440624782915,boot1373
C1,0.9492347687990166,0.5459775459140918,0.5413971973745441,0.6220113316705844,0.17771752333445268,,boot1374
C1,0.9382787512868516,0.5523527724084355,0.5523527724084355,0.6450294120742804,-0.1612573530185701,,boot1375
C1,0.9619079687354476,0.5966402838233513,0.5957362833933159,0.6698643186562172,0.29560814062156954,,boot1376
C1,0.9451538226344217,0.5464948950751072,0.5464948950751072,0.5731756222757436,0.04968135409773701,0.45541241256258924,boot1377
C1,0.9076270100341507,0.33628063943674785,0.33628063943674785,0.3947225739257554,-0.032574192993873013,-0.23855806045512887,boot1378
C1,0.9322938734005594,0.3833461900207867,0.37215360053112856,0.5120609691518537,0.09980058961611721,,boot1379
C1,0.9617517662400938,0.3101225077352849,0.3010810352065593,0.5388717627120401,0.05515298242522558,0.7242219495509129,boot1380
C1,0.9354394342914869,0.3272119447835477,0.31791615089765146,0.5809871178685151,0.11340868540793413,0.35602890582982605,boot1381
C1,0.9107064996767452,0.3733365251271214,0.3733365251271214,0.43444531696378574,0.17664260140285792,0.3981619718107663,boot1382
C1,0.9510223731218486,0.2825334711021427,0.2825334711021427,0.3940839030583286,0.0027430434087586677,0.05303217256933424,boot1383
C1,0.9188624552790327,0.2886366613203374,0.2876903116110904,0.4665504066587749,0.0605663813918085,0.4296427679981416,boot1384
C1,0.9432228421398097,0.36138815769568244,0.3494033463435297,0.4674076427339566,0.13367674200478047,0.25075912982965715,boot1385
C1,0.9502624343914021,0.33308876335109666,0.3221078151087528,0.3651165290579328,0.3010609976442604,0.45113395695629305,boot1386
C1,0.9304891775690587,0.5298755645379626,0.5205303164861467,0.6401494915493904,0.2906372144114751,0.6448221155752984,boot1387
C1,0.9348016260999329,0.3599926762370219,0.3599926762370219,0.42045656242670254,0.2799943037399059,0.18604272673747901,boot1388
C1,0.9366815511680725,0.31563787452027375,0.3054260609328531,0.47345681178041066,0.21816147209489506,0.49202374557572087,boot1389
C1,0.8941716972060473,0.24992768342797173,0.24992768342797173,0.19935865798729266,-0.21589083938136083,,boot1390
C1,0.948750689224876,0.47476622438788246,0.47476622438788246,0.6021648830556734,0.08432141437004863,,boot1391
C1,0.9290623937561899,0.3303938721468515,0.3191623524138141,0.30044315285875156,0.16379299610679607,,boot1392
C1,0.9485828725673734,0.4766836152329563,0.4757669159728929,0.5326022700968223,0.21909112315514717,0.534435668616949,boot1393
C1,0.9364278950961178,0.3036515972837078,0.30272299912687683,0.21357757607110944,0.06221607650767101,,boot1394
C1,0.9541002302567471,0.5450161141456475,0.5450161141456475,0.6671434708271139,-0.08202583657710416,,boot1395
C1,0.9512767066180301,0.24772200588284332,0.23675276576994989,0.39489264406416347,0.3967208507496457,0.48356066831005207,boot1396
C1,0.9476780286937482,0.49457266917958354,0.49457266917958354,0.5294405011440069,-0.019269065032970788,0.5202647558902113,boot1397
C1,0.9437466741505872,0.4275281406768539,0.4275281406768539,0.6569559575487,-0.05251962072969972,0.7702877707022626,boot1398
C1,0.9365722987725447,0.5180778803091499,0.5152925153612512,0.5450030748055036,0.1559804370823247,,boot1399
C1,0.9587936665337313,0.641204286338518,0.641204286338518,0.7781517364617374,0.08434511828781069,0.39361055200978323,boot1400
C1,0.945341926843559,0.496714684980867,0.496714684980867,0.6172139881891886,0.07450720274713007,0.4957948429716433,boot1401
C1,0.927492894362861,0.366579627797108,0.366579627797108,0.3843929600941542,0.10125473095163083,0.5109613737836928,boot1402
C1,0.9305838982394119,0.4999198806088315,0.4961821618753075,0.4681492713738777,-0.13455787440686304,,boot1403
C1,0.9429838639082606,0.29139693605869027,0.29139693605869027,0.24621196812553897,-0.24160125711195207,,boot1404
C1,0.9338846623600217,0.30261627269687985,0.30168514570396643,0.595921275464625,-0.022347047829923437,,boot1405
C1,0.9609067146652707,0.5547296840844262,0.5547296840844262,0.6841364456245126,0.20542192216503224,,boot1406
C1,0.9477238810034747,0.45876506587054977,0.45876506587054977,0.4991363916671581,0.2385578342526859,0.5000539217988993,boot1407
C1,0.9577751484397197,0.4721086298596284,0.4721086298596284,0.53838541828223,0.4385162850426933,,boot1408
C1,0.9550958009129389,0.23944786685828978,0.2267015925768599,0.2376269705323712,0.018208963259185536,0.434283773731575,boot1409
C1,0.9370286686815925,0.5586576786450981,0.5586576786450981,0.5141135447996418,0.12899238759413395,,boot1410
C1,0.9531821744768619,0.3795068142491408,0.3731208822786023,0.45248889391243713,0.3183843225311301,0.2891914906658117,boot1411
C1,0.9389901001698786,0.485257697424721,0.485257697424721,0.5723077423825907,0.05834205140793401,,boot1412
C1,0.9608620040518492,0.5547554966406039,0.5547554966406039,0.6995530161552802,0.371948628253325,,boot1413
C1,0.9356701091507397,0.34293022944660306,0.33642477793948594,0.4228543479626135,0.22304405167258737,0.7546323748255872,boot1414
C1,0.9464002006856761,0.4924840000921963,0.4906463732261806,0.5081038284533294,0.027564402990234868,,boot1415
C1,0.9556869655463184,0.3912505422364042,0.3830615773988981,0.540471679275405,0.23202067039600718,0.5477507591309659,boot1416
C1,0.9492728663676674,0.42412325256143746,0.41496292313246474,0.48274936090686293,-0.177710390922071,,boot1417
C1,0.9656612379942823,0.5565008547552448,0.5519984206552834,0.6312412608146062,0.162087627598615,,boot1418
C1,0.9583894933201065,0.6324015035078262,0.6324015035078262,0.6723235496403145,0.14335643838484438,,boot1419
C1,0.9399370839125026,0.285865572039634,0.285865572039634,0.38207922735394445,0.2035288862418106,,boot1420
C1,0.9589657191506482,0.5903098986928541,0.5903098986928541,0.5866828025411315,-0.015415158644821073,,boot1421
C1,0.9426097617040838,0.4594090745230539,0.4594090745230539,0.5461248436097348,-0.24446466816989815,0.6319181045146424,boot1422
C1,0.9417757572437968,0.4293461824397793,0.4293461824397793,0.605701281033323,-0.2723809114402901,,boot1423
C1,0.9258192574141821,0.23387042059935226,0.2207210796821196,0.23950585242102343,0.17094143192402456,0.7185175572630703,boot1424
C1,0.9597653908417716,0.3180124999471526,0.3180124999471526,0.5010282406574798,0.0724814814694365,,boot1425
C1,0.9540926808142052,0.3818788608419349,0.38096745544613086,0.5122098324419271,0.2907383212615209,0.8631009098265211,boot1426
C1,0.9423859451923813,0.5287227299039365,0.5250318207946595,0.551790911836918,0.2103818192287915,,boot1427
C1,0.9410217057662793,0.38256290773532153,0.38256290773532153,0.4075126625876251,0.13214129421775597,,boot1428
C1,0.9568147212233129,0.2980905132183687,0.2980905132183687,0.5352905862366439,-0.31263151386316723,0.3553457032572628,boot1429
C1,0.9241923089773145,0.5146679638996204,0.5146679638996204,0.6096980632668265,0.2371048023815436,0.6247523364339086,boot1430
C1,0.9585541943529057,0.36830831302052747,0.36467965969027605,0.5461123262028511,-0.009071633325628757,,boot1431
C1,0.9510071851302191,0.29533905695878887,0.29533905695878887,0.26882254720087906,0.04297503305592284,0.3264273787439246,boot1432
C1,0.9573476766986274,0.5286344437236828,0.5277261371193466,0.6521641419134093,0.16349518878052047,0.5104683116369584,boot1433
C1,0.9628145019863282,0.36667860479098047,0.36667860479098047,0.4642187262624728,0.007225194183073507,,boot1434
C1,0.9597093791281374,0.4022957000508693,0.39685927167180346,0.35608605882880995,0.26910320476375715,0.6025374786797929,boot1435
C1,0.9528833646480704,0.485483022177672,0.47361971524475893,0.5895150983586016,0.397877063288468,0.35498664591562856,boot1436
C1,0.9335786568537258,0.24217237065345926,0.23099518431560725,0.2999211667323611,0.22168086236739729,0.4768932837483505,boot1437
C1,0.953439241333733,0.48155185446358073,0.48155185446358073,0.4715195241622561,-0.18970224569777422,,boot1438
C1,0.9573664328116568,0.44778638302044016,0.446878094211068,0.6812166070290672,0.09264545855595313,0.7584211558256946,boot1439
C1,0.9401348054902334,0.531838622589103,0.527213938914415,0.5198144450349146,0.0656705081805675,0.4643182409386603,boot1440
C1,0.9017485618135929,0.26036371848873074,0.24204182718767195,0.27386405944740577,0.30857922191256987,,boot1441
C1,0.9614801595407291,0.47390699578314244,0.46486296914605957,0.5616340541628464,0.17002770077715795,0.40969440665985407,boot1442
C1,0.938714225550693,0.3353338003490745,0.3353338003490745,0.40017735290276285,0.028716430416633448,0.45483120434087176,boot1443
C1,0.9584830798424426,0.46268762610025943,0.4527080890667244,0.5134925419073467,-0.10070260097476236,,boot1444
C1,0.9509236433140386,0.31273941545022016,0.3118249727149856,0.3429160257129607,0.14539639490229533,,boot1445
C1,0.9563037739450492,0.36553784154718916,0.36553784154718916,0.5410323774143719,0.0472835018916762,,boot1446
C1,0.9694387744215982,0.4745013425674586,0.47001645275113096,0.5310109542531862,0.3731428327184551,,boot1447
C1,0.965668621355481,0.5664018791160298,0.5655013991810283,0.5330841215209693,0.14947966921027178,0.8122329013714769,boot1448
C1,0.9375080200179646,0.4285180732929457,0.41831526202406605,0.4897349409062236,0.08162249015103729,,boot1449
C1,0.9182692307692307,0.5284042795356249,0.5284042795356249,0.5094650580468927,-0.1325745504211245,,boot1450
C1,0.939692737736767,0.38217857855065246,0.38217857855065246,0.5302380762942466,0.09531330167243875,,boot1451
C1,0.9114961481687368,0.4149889940019729,0.40831101019044697,0.1879375444100889,0.22895944496660578,,boot1452
C1,0.9385120855050857,0.3965574005828415,0.3919247206694905,0.2307074596848774,0.026869543497435523,,boot1453
C1,0.9426984902989485,0.4316931934515736,0.4316931934515736,0.6669106386014697,0.10976814106995142,0.7803684650855369,boot1454
C1,0.942922174560098,0.1715296710571462,0.1715296710571462,0.2609833167159805,0.05902096208417934,,boot1455
C1,0.9176753548926823,0.34207417885268526,0.34207417885268526,0.41029949984269454,0.09001952075070664,,boot1456
C1,0.9500266297593901,0.30754286657993585,0.3057122542788648,0.391751032429204,0.10800612576319175,,boot1457
C1,0.9493261983228374,0.40944372214800007,0.39845194437221476,0.5129496295366444,0.11632964812706041,0.3489889443811812,boot1458
C1,0.9644452385206359,0.4129429579393334,0.39671375871901027,0.3786813151408735,0.20196336807513252,,boot1459
C1,0.9564127679188753,0.6500740593286597,0.6500740593286597,0.5946131955257951,-0.3845892686657665,,boot1460
C1,0.9428103442615177,0.2600919610151511,0.2490242179932297,0.4869806929645381,0.04703790784316562,0.2757712636295396,boot1461
C1,0.9677943282114846,0.43757051320208373,0.43757051320208373,0.5939098752085779,0.07996668516424117,0.7116136477536967,boot1462
C1,0.9558036132509891,0.3484434183378778,0.3484434183378778,0.5131125011555172,-0.17922546582914342,0.7341875681427348,boot1463
C1,0.8954571961078014,0.4768028260814048,0.4768028260814048,0.4661208890408845,0.0660337926141253,,boot1464
C1,0.9443507465676827,0.4815823044018289,0.4815823044018289,0.626149076468917,0.05248602552754158,0.11878416303601516,boot1465
C1,0.9516295323573141,0.6569966253102723,0.6569966253102723,0.646031452147931,-0.031067990626633173,,boot1466
C1,0.9004943601962264,0.36984515726261313,0.3621199320456395,0.3186655402001627,0.27521114835468596,,boot1467
C1,0.9410023569823316,0.44356031762379855,0.43339539367825314,0.449104821594096,0.25504718263368414,0.7078483402079785,boot1468
C1,0.9535941765241128,0.40031613010288747,0.3930210753401925,0.5653667441088615,0.3410438101559907,0.4787379688018586,boot1469
C1,0.9389939847036469,0.6880629344240672,0.6871368739470497,0.551932044302482,-0.05741574957509041,0.5213720485609016,boot1470
C1,0.927040215628633,0.35268860641328126,0.3442465918980698,0.3170445451268326,0.26639245803556355,,boot1471
C1,0.9393007730147575,0.5221275194255486,0.5221275194255486,0.7563442967565127,0.2277364712388031,0.49065174697790914,boot1472
C1,0.9448965102943585,0.47670276871736367,0.47670276871736367,0.6009399767807693,0.3147342604272942,0.6046210792419072,boot1473
C1,0.9584568773113954,0.3837690517577848,0.3837690517577848,0.5316516887235506,0.3157248936447024,0.3629021766031062,boot1474
C1,0.9528757976282528,0.42525730248679905,0.4197818865749518,0.5092136798017893,0.13049741256569153,,boot1475
C1,0.9466759229306979,0.23974046053323456,0.23606627723004325,0.22779936479786275,0.1524786070824404,,boot1476
C1,0.9274135046708218,0.32629317357156934,0.3253555495095821,0.5550734446964628,0.049694075285325205,,boot1477
C1,0.956033069759902,0.6057640191547468,0.6048544635704304,0.5975780188958989,0.1782728945260216,0.2956055649028419,boot1478
C1,0.9472728263436074,0.3148626892597342,0.3148626892597342,0.38095631499355587,0.18267543779209064,,boot1479
C1,0.962171918477852,0.4817000496156487,0.4708550203560093,0.5024863556966241,0.15092665719664788,0.6398567263187228,boot1480
C1,0.9402278254191732,0.3486666508836515,0.3486666508836515,0.43930148320884477,-0.08878514186957705,,boot1481
C1,0.9633116790201185,0.4748113350116184,0.4585630383762398,0.3096203192186029,0.14081857083994764,0.4522442563513703,boot1482
C1,0.9676582799291824,0.6290398840161426,0.6290398840161426,0.720699981401352,-0.009884912463110813,0.3504650782375651,boot1483
C1,0.9691345069595871,0.452218826610714,0.4486297883042798,0.3822325796352463,0.3104518135065616,0.6523077121944227,boot1484
C1,0.9401619379895991,0.37828820710776095,0.37828820710776095,0.6751843305346347,0.24232643095900583,,boot1485
C1,0.9579887528944756,0.2614172471775162,0.26050954840259427,0.32767925774681717,0.34129473937064614,0.0844159860677396,boot1486
C1,0.9449886963074604,0.18403716801886136,0.18403716801886136,0.4518112474863047,0.19507939809999303,,boot1487
C1,0.915504395238398,0.16241937553472102,0.14912188280088423,0.29159501923485004,0.20421149555535098,,boot1488
C1,0.955931519483514,0.556707151293651,0.556707151293651,0.5903642829895088,0.19193661588719008,,boot1489
C1,0.9626771377334243,0.4913833098546694,0.48325380656663264,0.5275144355792775,0.29446867465555554,0.637714369039332,boot1490
C1,0.9468634847262498,0.46193702830802624,0.46193702830802624,0.48489612514242114,-0.13132603389273906,0.5096919497235677,boot1491
C1,0.9446121686435461,0.39951984197891105,0.3884732104034573,0.3976787367163354,0.1712227894195333,,boot1492
C1,0.9606570311659434,0.42724382302240943,0.42633864543126027,0.4933217871762991,0.16293196640685106,0.4073299160171277,boot1493
C1,0.9395569411816365,0.30356583917696706,0.3026403335697203,0.2924597718900049,0.024988651395664974,,boot1494
C1,0.9517963779464901,0.3873682026079753,0.37731855584220236,0.4714197937398945,0.3371199687791106,,boot1495
C1,0.9478423143112324,0.44035943325776855,0.44035943325776855,0.5165049185919244,0.17522635781715373,0.34403080723263174,boot1496
C1,0.9329779047633074,0.2507165949847479,0.2507165949847479,0.2609689464525257,0.010252351467777795,,boot1497
C1,0.9558525222755064,0.2865641268866272,0.2747376708563854,0.38663413945021124,0.3193143128165274,0.4293913266364699,boot1498
C1,0.9387375444481472,0.18248375047872525,0.18248375047872525,0.34922017223593615,0.26770458826574417,0.5354091765314883,boot1499
C1,0.9563939774785643,0.5737129939070649,0.5737129939070649,0.5900788162372187,0.17093192211494163,,boot1500
C1,0.9406694471961371,0.3420320829955662,0.3337123836794579,0.34942737127655144,0.292113887098916,,boot1501
C1,0.9542776107877556,0.457436844578263,0.4465020992895396,0.569517983787678,0.32986481620982316,0.4054968044568268,boot1502
C1,0.9608955373726217,0.4352823520326349,0.43256749328814853,0.5456866076417439,0.09049529148287626,,boot1503
C1,0.947899611180291,0.3953821736765839,0.3862085733592618,0.4843660967546085,0.2082407272032124,,boot1504
C1,0.9642712908725067,0.46712453940335225,0.46712453940335225,0.6601064919753935,0.25881224480456,,boot1505
C1,0.9397780777715584,0.3118219983974798,0.3118219983974798,0.6634313734450832,-0.1943104441052545,,boot1506
C1,0.9606011154349657,0.4978766543995298,0.49154004243444505,0.5856839916299924,0.03168305982542463,,boot1507
C1,0.9537490658473802,0.3045190742605364,0.29357826919728364,0.5370111818546586,0.40845672236143815,,boot1508
C1,0.9516105692703962,0.6204584119545713,0.619544629315463,0.622285977232788,0.23484213825084654,,boot1509
C1,0.9636972193614828,0.3555148741418765,0.3401753998768717,0.4132634831395417,0.13715294636945488,0.6595973933952074,boot1510
C1,0.8965380690558508,0.23277946511930228,0.23277946511930228,0.34237979661297374,0.2861247592091424,0.7875705236536393,boot1511
C1,0.9538699232188174,0.4667485371610937,0.4667485371610937,0.5879937626345809,0.22516970445076198,0.7876381564593455,boot1512
C1,0.9124560929478519,0.19441078394767672,0.18202186144120713,0.3449838421032303,0.2611203666748207,0.5603604949080094,boot1513
C1,0.9064068408063456,0.3971726423420873,0.3971726423420873,0.5487506072938984,-0.062358023556124825,,boot1514
C1,0.9569573964965574,0.5906400779947167,0.5906400779947167,0.6088136188560926,0.02180824903365108,,boot1515
C1,0.9345470722103552,0.3759086709192671,0.3759086709192671,0.5452536662343825,0.07815922860697633,,boot1516
C1,0.9293512193500001,0.5071326512658186,0.4912262765951195,0.5071326512658186,0.12257265187421076,,boot1517
C1,0.9456757425382364,0.29516505735191,0.28872843616355065,0.3981509963656606,0.2841308496004368,0.5268834201328487,boot1518
C1,0.9243600164797845,0.1251159416798214,0.11382728528765707,0.18908499456875266,0.28974218073221797,,boot1519
C1,0.9490175598929435,0.3408559277934288,0.331693134035541,0.3949164109649673,0.3720094265702476,0.5616792573585266,boot1520
C1,0.9374651688029801,0.419261953767023,0.419261953767023,0.6613579049466537,0.026899550131070066,,boot1521
C1,0.9446275423805968,0.3672945220978315,0.36637398444846353,0.5698128049587912,0.4381759210991674,0.868067003354023,boot1522
C1,0.9357990870933506,0.19234898012039212,0.19234898012039212,0.21279186689647242,0.364255073464704,0.3856271823669697,boot1523
C1,0.923332986580672,0.1732852636322668,0.16292581852381605,0.4021348237553148,0.2815885534024335,0.5010204361541627,boot1524
C1,0.9448350440016166,0.2705786322555221,0.2705786322555221,0.465689754834334,0.21351783225605828,0.34144446451292076,boot1525
C1,0.95776390367408,0.4530480234363877,0.44396890473024775,0.513878118767526,0.1352788687214865,,boot1526
C1,0.9474066540752579,0.46534353893441255,0.45983651480501114,0.34143549602288253,0.2147739410466519,,boot1527
C1,0.9253014014099392,0.2631340020652322,0.24621824478961013,0.441689217752354,0.45578568214870574,,boot1528
C1,0.9411145700881308,0.3806772107796269,0.36866555121619204,0.5017177802265472,0.1663152862629438,,boot1529
C1,0.8725797227744341,0.39363539159201383,0.39363539159201383,0.5660377276563642,0.10563380128798344,0.7982327814308936,boot1530
C1,0.9611897925605704,0.44148182738864833,0.4324350686306842,0.5446148772294392,0.25511859697458783,,boot1531
C1,0.9449694922165106,0.3257524073443768,0.3257524073443768,0.4380173612879191,-0.027606136215625156,,boot1532
C1,0.952769847866151,0.5923233479217305,0.5923233479217305,0.8068009854588748,0.3103080713303365,,boot1533
C1,0.9689547948227157,0.5411478728302217,0.5411478728302217,0.6964025693470182,0.09064002513408356,,boot1534
C1,0.9314947275274683,0.5162343392901396,0.5162343392901396,0.5638436544868795,0.07748182669273344,0.5087662114161413,boot1535
C1,0.9474219465066612,0.3992528048985382,0.3992528048985382,0.5249944928780779,0.24414079563910615,0.45799344745832316,boot1536
C1,0.9594254937163375,0.4812662718042176,0.4812662718042176,0.5918396901848477,-0.05347403020046863,0.5129881541265295,boot1537
C1,0.9410836171238983,0.23007704649259514,0.23007704649259514,0.35758962647644305,0.07207232781695751,0.7244192949807012,boot1538
C1,0.9598923283983849,0.6214465117413251,0.6214465117413251,0.7093186861420663,0.056165719720061444,0.6114816259845399,boot1539
C1,0.9642601858470334,0.5167286556869823,0.5167286556869823,0.6483907564379413,-0.08747413543043156,0.5374699455313114,boot1540
C1,0.936006168080185,0.323297758040255,0.323297758040255,0.3948320320893919,0.38182580044409425,,boot1541
C1,0.9372547581502805,0.4592505707393583,0.4536838971546389,0.2235947223195664,0.13916683961798737,0.6346007886580225,boot1542
C1,0.9625620207487595,0.5266741371582249,0.5203504339676459,0.5393215435393831,0.0388456053135569,,boot1543
C1,0.945928841103683,0.7868962164410512,0.7804613174748276,0.8236670676766144,0.04412502148267577,,boot1544
C1,0.9499391269059075,0.6554195716520307,0.6490118384096225,0.5510650588470983,0.22976300626349117,,boot1545
C1,0.9340062311713055,0.3575062267620119,0.3565752209631525,0.4571238472399683,0.08472152769620593,,boot1546
C1,0.9255165714412834,0.3823951449374062,0.3823951449374062,0.4387678935768273,-0.14187141740920967,,boot1547
C1,0.9410487928760134,0.39456439521197884,0.39456439521197884,0.5534989993723075,0.15985864255660967,0.46294323653677133,boot1548
C1,0.9558976650009547,0.5867464538861814,0.5803786629137734,0.5385331793808054,0.38388682719374967,,boot1549
C1,0.9486934850194263,0.4812109984302112,0.4802944060522489,0.6416146645736149,0.0659946512132861,,boot1550
C1,0.9019566238765705,0.2651240962728744,0.2651240962728744,0.44733665698405,-0.001928175245620905,,boot1551
C1,0.9562812206251508,0.5519569720416191,0.5465010546903015,0.5765086001225478,0.06365236909870402,,boot1552
C1,0.9558750941261668,0.30839030173197873,0.30839030173197873,0.3775279504978501,0.32112618439937607,0.5412750133643875,boot1553
C1,0.8690555169641672,0.5082979416296558,0.5082979416296558,0.3932304942134936,0.0790463334424071,,boot1554
C1,0.9526146684544741,0.20994847824932278,0.20903565877867356,0.4646251105604578,0.18073825518854741,0.37151752455423637,boot1555
C1,0.9721545385867656,0.5178994088753404,0.5178994088753404,0.6932159617934175,0.20662308022487674,0.5921406022028936,boot1556
C1,0.9516636641850975,0.5126034599358624,0.5126034599358624,0.5299643614310164,0.11056153057440171,0.49524255844070847,boot1557
C1,0.9616624865639556,0.3526501652303505,0.3526501652303505,0.42589289185511553,0.18084623857966692,0.2685566642908054,boot1558
C1,0.9660634775659321,0.5265654524644788,0.5265654524644788,0.6777842490696626,0.3258405022087887,0.797499129715433,boot1559
C1,0.8990825688073394,0.1982697426796806,0.1982697426796806,0.2882165039929015,0.22631765749778168,,boot1560
C1,0.9053245497401184,0.4178179744201132,0.4178179744201132,0.5705376478288443,0.010565511996830451,,boot1561
C1,0.950079885226124,0.5390851032716877,0.5390851032716877,0.5381698484274233,-0.18579673338565805,0.5967461584603402,boot1562
C1,0.8998724489795917,0.16137552768619232,0.16137552768619232,0.5015203525097834,0.2067925923643423,0.40392197947801445,boot1563
C1,0.9362014536377653,0.3018673967595875,0.28886387812994374,0.4198278871856417,0.2870062326114232,,boot1564
C1,0.9485027593638767,0.39238042205916257,0.39238042205916257,0.5381479153007672,-0.04492205766565179,0.7160025925892661,boot1565
C1,0.9531746117751602,0.3785975421075473,0.3667378600656242,0.3895449409154764,0.2089128605846466,0.6833001422615734,boot1566
C1,0.9395918636179018,0.25357911109169573,0.24339892779969338,0.42571675584737245,0.21193290671532236,,boot1567
C1,0.970646737894976,0.4765984138116252,0.4757025521315281,0.6002273256650167,0.09764892313057734,0.012542063521358558,boot1568
C1,0.9339591755656675,0.5064926718818978,0.5064926718818978,0.6321847871467071,-0.345420553801809,,boot1569
C1,0.962576875988917,0.3848365692642722,0.3848365692642722,0.3170836521402806,0.2023553791436549,0.6432010265637602,boot1570
C1,0.9455606575509935,0.3871639049258945,0.3871639049258945,0.5444205028886687,-0.09840032738021547,,boot1571
C1,0.9416520891232657,0.4072398556738788,0.40631640928913076,0.5882353470844915,0.24563673834297453,0.4423308182943037,boot1572
C1,0.9311006196518147,0.46508773501064393,0.4529468905224142,0.5239241352228338,0.15129360054563115,,boot1573
C1,0.896462434789231,0.4287383510691345,0.42582836226097304,0.38314852640793706,0.20272922030192114,0.2405590748080212,boot1574
C1,0.9470624568542673,0.4655126618383435,0.4655126618383435,0.45449461067057195,-0.058762939561447694,,boot1575
C1,0.9388191525200299,0.5335101695283161,0.5335101695283161,0.7613634710977012,0.173205558510061,,boot1576
C1,0.9400921658986173,0.1757459505541347,0.1757459505541347,0.23031969309462919,-0.19424552429667524,,boot1577
C1,0.9684005937570082,0.43460275420173505,0.43460275420173505,0.4570512435716593,0.09967129280246403,0.6860258351448875,boot1578
C1,0.9342610435268678,0.551935861487319,0.5510051096129729,0.5975427033302846,0.17963511174882388,,boot1579
C1,0.9116228761999189,0.3080984171746438,0.3080984171746438,0.39871559869659795,-0.05055484863856384,0.5379798987198114,boot1580
C1,0.9492614373871489,0.4790909972572421,0.4790909972572421,0.613749461113484,0.16488791492601063,0.5642830866356808,boot1581
C1,0.9388152667059697,0.5353648512935691,0.5279549571580179,0.4353312804636288,0.06854152075384795,,boot1582
C1,0.9478384942980687,0.5082502275786334,0.5082502275786334,0.5054979700285686,-0.1495393268868542,,boot1583
C1,0.9319633373750179,0.30977146910849257,0.3041731895462909,0.2808470247037839,-0.03358967737321004,0.3638881715431087,boot1584
C1,0.9656981537462211,0.4907465564056592,0.4808415800378385,0.7059546793064896,0.3124569817848876,0.7086560364977134,boot1585
C1,0.9543191166919247,0.62963169730924,0.62963169730924,0.5312232699439752,-0.2587777164049554,0.44374911228596225,boot1586
C1,0.9229048119915112,0.350500134647191,0.3495579299841609,0.4466050102762596,0.3146963574520478,0.4249343030265676,boot1587
C1,0.9199181552887858,0.2987033217203881,0.29775805804405775,0.5009897484550813,0.2174106455559787,,boot1588
C1,0.9619042501746279,0.5514423940973318,0.5514423940973318,0.6508828258198015,0.25673711462892174,,boot1589
C1,0.899295822793464,0.04254536560213128,0.04254536560213128,0.27267711590456867,0.28234651717778025,,boot1590
C1,0.9441199724553034,0.29380938063033973,0.2827569901364084,0.43012219672215873,0.3573606259704445,0.2993355758773053,boot1591
C1,0.9654618473895582,0.5746292411198727,0.5746292411198727,0.689014685668813,-0.09006727917239382,,boot1592
C1,0.8853974761829672,0.24651173674693627,0.24651173674693627,0.2877607126169416,-0.027499317246670183,0.702214708263185,boot1593
C1,0.951712961790697,0.6313558702477101,0.6277011329380274,0.694400088839739,0.12334738420179575,0.571966388965364,boot1594
C1,0.9406888081469729,0.5463156774349198,0.5463156774349198,0.5370717573429584,-0.0064707440643729935,,boot1595
C1,0.9372742441188875,0.47501293681966866,0.4666631000396354,0.5316062749954494,0.2792556523100005,0.38965904973488447,boot1596
C1,0.9603214465092917,0.4672348553756595,0.45727442241222477,0.543296343460069,0.017204384209568855,0.43644806257958885,boot1597
C1,0.9618447495781821,0.4113472305032148,0.40321069187787656,0.5740780030099811,0.24952051784370835,,boot1598
C1,0.9463389094716786,0.41165507778686866,0.4061418401379373,0.45208548721236463,-0.007350983531908368,,boot1599
C1,0.9471236639224547,0.4021328784459289,0.4021328784459289,0.4709912480428345,0.1322080696260588,0.5527031799644958,boot1600
C1,0.9452190908793117,0.4728602353168077,0.46826042758026293,0.518858312682256,-0.038638384986976505,,boot1601
C1,0.9089800205554488,0.2267233072909633,0.21428700773491888,0.49362542853222385,0.20567726188842658,,boot1602
C1,0.9399952449752189,0.2858478844549864,0.2849228103952615,0.4014821419205958,0.2562455145437904,0.6919553966742067,boot1603
C1,0.9385820657727509,0.5466154713263904,0.5429096037241777,0.5466154713263904,-0.1065436935636185,,boot1604
C1,0.9658088851933667,0.6212409196047857,0.6212409196047857,0.6239419670813281,-0.002701047476542546,0.6095363805397679,boot1605
C1,0.9395142550801219,0.5090512112819737,0.49887018705633435,0.5118278542526028,0.14901317275708686,0.0758949078638579,boot1606
C1,0.9258670343477922,0.5268856853729117,0.5212505443528805,0.5090410721428131,0.10425010887057613,,boot1607
C1,0.9575052070780288,0.1434888325747035,0.1434888325747035,0.3096815943542652,0.2343045493941361,0.6348018605678339,boot1608
C1,0.9420925249236137,0.16706565457632477,0.1569124932484818,0.35074557314366517,0.050765806639214706,,boot1609
C1,0.9555477067460516,0.37401722784188224,0.37401722784188224,0.6670428905306562,0.2775553637269442,,boot1610
C1,0.946009346984052,0.20038408499414123,0.1994648919437094,0.2628892124235064,0.38238430897964565,,boot1611
C1,0.9475633804351378,0.15875959932053657,0.15875959932053657,0.11103995096985507,0.10920457987944422,0.11654606424108754,boot1612
C1,0.9467869369598557,0.27369456069459475,0.27369456069459475,0.44911624221361357,0.0,,boot1613
C1,0.9214095368537017,0.40580548444836584,0.40580548444836584,0.41241162024171135,-0.10381070532400057,,boot1614
C1,0.9562022763290592,0.6229353230571695,0.6220259284249694,0.6629486868739805,0.4255966878697158,,boot1615
C1,0.9230128881687502,0.3344434905847984,0.3335013962451229,0.5322833019166511,0.008478849057079397,0.7517912830610397,boot1616
C1,0.9602729552572947,0.6565162323453932,0.6556106927145722,0.7579366709973714,0.1937854809957437,0.23815692290598406,boot1617
C1,0.9115329432179262,0.3625044877063717,0.3625044877063717,0.36059656935002243,-0.17839036631866192,0.237535835365491,boot1618
C1,0.9524102156270898,0.26294844227789316,0.25929638057958915,0.27938271992026154,0.05751997174828913,,boot1619
C1,0.9232409777774475,0.3324771420762522,0.3324771420762522,0.49636105913366824,0.4841168584339762,0.8401405403173285,boot1620
C1,0.9690318219818923,0.49264770621407594,0.49264770621407594,0.5411048576449687,0.01525502915416993,,boot1621
C1,0.9473416562841667,0.5828667085213097,0.5828667085213097,0.6526271334781908,0.39836874251692667,,boot1622
C1,0.9433037618823633,0.5226773158171244,0.5180681684113296,0.2857671391592743,-0.0036873179246357983,,boot1623
C1,0.9496041986835617,0.6007079406340984,0.6007079406340984,0.7344020859581508,0.10439131895165735,0.6116965005237465,boot1624
C1,0.9661077417053155,0.5364421039111169,0.5310416800462399,0.6057475435103719,0.3096243015862822,0.5058397020101472,boot1625
C1,0.9614950457795057,0.38165201510906427,0.38165201510906427,0.5706692453408048,0.21705327873501287,0.2577507684978278,boot1626
C1,0.9168744090088541,0.4485939882112197,0.4476455865448112,0.4922204648660106,0.12803422496514724,,boot1627
C1,0.951519536903039,0.2695916680443048,0.2695916680443048,0.47247082162340875,0.37377285501735813,0.3810838155066953,boot1628
C1,0.9644933413848918,0.5283242460332929,0.5193084739166837,0.6446277063375502,0.2740794723449164,0.42103655784564464,boot1629
C1,0.9522397772876822,0.42097544628854977,0.4118436578658047,0.47759253450956957,0.1817225896126278,0.47941889219411854,boot1630
C1,0.9532653569841906,0.2152783480494731,0.20706858053911187,0.5226885314930003,0.053819587012368275,0.14595142240642245,boot1631
C1,0.9672904023576282,0.4000417256244668,0.3955468747747537,0.4413943534418274,0.4333036219123438,0.5169078477170077,boot1632
C1,0.9512994767353496,0.447899916842145,0.4442435909903723,0.33272565251130765,0.167276907718597,,boot1633
C1,0.9192535465489206,0.22797324870603775,0.22797324870603775,0.35283826459482187,0.023648677251663665,,boot1634
C1,0.9535979548581147,0.6939393347726321,0.6939393347726321,0.7869509144662042,-0.07386213681548384,,boot1635
C1,0.9345588235294117,0.3237984469606267,0.3228679916532686,0.5471077207265761,0.011165463688297472,0.6420141620771047,boot1636
C1,0.9587038773728291,0.6185887970809172,0.6185887970809172,0.6666609470006951,0.18231136101651668,0.23854670620569093,boot1637
C1,0.946361894512574,0.17182506670550796,0.17182506670550796,0.3271108221773306,-0.10107356865029879,,boot1638
C1,0.9300745772723916,0.36088737625471157,0.36088737625471157,0.40202479738219166,-0.07012060419456831,,boot1639
C1,0.9361897385258628,0.38732393737101034,0.38732393737101034,0.5712331450435765,0.1978417234053362,0.6297497111212111,boot1640
C1,0.9400650298266724,0.4366025430010633,0.42642748373620804,0.5503782056898998,0.22292629843910225,0.6068035343404609,boot1641
C1,0.9360999140950241,0.46631960174084913,0.4551725196275221,0.3297678458525925,-0.03251232283053729,,boot1642
C1,0.9178895485605465,0.22831202046035806,0.22831202046035806,0.3580993515934247,0.10894556992921652,,boot1643
C1,0.9407081683901175,0.4954639198247612,0.48344707102304124,0.3789929237465524,0.008319356862729197,,boot1644
C1,0.9518304989113217,0.290515737252287,0.2877750227499069,0.46044003639985104,0.0940978645817156,,boot1645
C1,0.9454608969040653,0.44606723748785126,0.4387094273849589,0.4892943718423441,0.3154661081615114,,boot1646
C1,0.9012405593132943,0.1669196764993803,0.15341172580000847,0.11095816645912562,0.0858719723031494,,boot1647
C1,0.9449118757486284,0.23098542326213767,0.22914490196124412,0.3184101850545802,0.14172014016880158,,boot1648
C1,0.9670879579136459,0.5062261538727784,0.5053269955177646,0.43519264382668693,0.05215118459080133,0.23378117230359216,boot1649
C1,0.9586627188317474,0.3446830424483101,0.3446830424483101,0.5270022306907057,0.1913897946226143,0.41634083285203777,boot1650
C1,0.9361389700591769,0.36690947803172075,0.36690947803172075,0.5536153136883684,0.07152412609732277,0.40127821394861596,boot1651
C1,0.9420809392043339,0.40428539562541993,0.40428539562541993,0.5067412835578893,0.1578374489770475,0.3655183028942152,boot1652
C1,0.9483615778205174,0.5006345889579126,0.5006345889579126,0.653759087778373,0.16321054365294585,0.6225840401143272,boot1653
C1,0.9470356765241276,0.30025038457958475,0.2910684156321968,0.38013351442185955,0.1799665913688031,0.43430713121144826,boot1654
C1,0.9396267837541163,0.5571129622104835,0.5571129622104835,0.5691436407964242,0.053675335229581476,,boot1655
C1,0.9507831111561661,0.4618618375000578,0.4609472596040181,0.6575815072525577,0.12072428227724284,0.4152183648020323,boot1656
C1,0.9538774758774542,0.5314692238358919,0.5314692238358919,0.6435973791220236,-0.061077938245291195,0.3217986895610118,boot1657
C1,0.9455951856851266,0.37979300256525983,0.3678382591431088,0.3200192854545047,0.1811603426279811,0.6988926923719067,boot1658
C1,0.9675185173309391,0.37208590176973555,0.3657945942518897,0.43499897694819323,0.16537151189766025,0.5077983925118371,boot1659
C1,0.9027756217794116,0.36409451500921014,0.36409451500921014,0.3823955620599376,0.3515727459745019,,boot1660
C1,0.9246234512239923,0.22853016278828725,0.22853016278828725,0.2802550967527144,0.08087898765346792,0.2388751495811727,boot1661
C1,0.963697219361483,0.40333794096806797,0.40243561895247937,0.4213843812798383,0.4006309749213024,0.7380994087514082,boot1662
C1,0.9607539375161374,0.43534650573127837,0.43534650573127837,0.5149940992954208,0.130332425832233,0.7702284332168771,boot1663
C1,0.9559014267185473,0.25925904076455664,0.25834935991976876,0.4530210607043832,0.2683558492124358,0.6158539319214205,boot1664
C1,0.926750141655649,0.39783716840359395,0.39033080673560167,0.33309479901716005,0.3950222827780969,0.6474236938643393,boot1665
C1,0.9484111864665091,0.5299480887870383,0.5253637627594687,0.670228465230666,0.08251786849625163,,boot1666
C1,0.9341552131873466,0.26529433594973656,0.26529433594973656,0.39654521794592196,0.3481406373515842,0.39654521794592196,boot1667
C1,0.9535488343877284,0.49426346174363517,0.4897038357127898,0.6447311207615315,0.4623460795277178,,boot1668
C1,0.8869428953311517,0.42353591859235623,0.42353591859235623,0.5637341509041779,-0.06568728367057378,0.44412447019059587,boot1669
C1,0.9518001692745067,0.5088755410246903,0.5079619404124378,0.5874451936784127,-0.025580817143072407,0.07674245142921722,boot1670
C1,0.9532086430723217,0.4725458438531178,0.4725458438531178,0.6303652086920933,0.17423987678753955,,boot1671
C1,0.9550995684106913,0.6719080938363861,0.6655349818352279,0.6937587635546424,0.1110742377344703,,boot1672
C1,0.9468864468864469,0.6327373643932386,0.6272273147758809,0.6667160037002775,0.07163064502564964,,boot1673
C1,0.9556944919911353,0.6396441048357084,0.6396441048357084,0.6014292365524941,0.023656823222942276,,boot1674
C1,0.9299086471357146,0.2534143269222137,0.2534143269222137,0.40864229101478744,0.24967389405251314,,boot1675
C1,0.9534430207866871,0.4295644400998095,0.42500430803930206,0.40767580620937344,0.09302669403435367,,boot1676
C1,0.9281434468066219,0.6183451980972023,0.6183451980972023,0.7260871644323209,-0.1105526263264695,,boot1677
C1,0.9688704185361375,0.38413177440776275,0.3796442536787,0.5385024874875177,0.42541696511513916,,boot1678
C1,0.934217929999669,0.27830765354727466,0.27830765354727466,0.4076881346277803,-0.14985796729468637,,boot1679
C1,0.9518001692745068,0.4951715318409015,0.4951715318409015,0.6075444071479696,-0.031062420816587916,0.41294747673816873,boot1680
C1,0.9453112205347686,0.15913783666250542,0.15085898966850222,0.4185417091412714,0.16097758043895055,0.45809620033484216,boot1681
C1,0.9574564527617689,0.5939650315515853,0.5939650315515853,0.6484572362810884,0.13441410499944131,,boot1682
C1,0.9125621955887099,0.1362623026551495,0.1362623026551495,0.19534106324689265,0.06765470970989941,,boot1683
C1,0.9582135051190612,0.5363241498192048,0.530879234592614,0.4610028225180306,-0.1696998578954168,0.2795056482983335,boot1684
C1,0.9442969082980885,0.37294828559610893,0.36834398577393473,0.474242881683941,0.22192725142879569,,boot1685
C1,0.9320577971204622,0.3246673077432169,0.3246673077432169,0.5681677885506294,-0.05970893015967207,,boot1686
C1,0.9576926811899136,0.4167625404495075,0.40768274653993214,0.44218596339631844,0.022699484773938315,,boot1687
C1,0.9435926598280876,0.42759792233131044,0.4091669774032367,0.3879713907359519,0.10782102782923127,0.33728629218374917,boot1688
C1,0.9089430527005352,0.25256281645945755,0.25256281645945755,0.22768920574754126,-0.11001789353347582,,boot1689
C1,0.9744968912888855,0.5800094349780655,0.5800094349780655,0.5826864016010411,-0.039262177136976745,0.9583540510252958,boot1690
C1,0.9655024702287459,0.49354792330830355,0.4773364951704396,0.4187952268948196,0.14049904386148787,,boot1691
C1,0.9472231102327878,0.3295674584700102,0.3240593672420992,0.20012731461410094,0.05967098830236955,,boot1692
C1,0.9345823253898811,0.4810332970974585,0.4810332970974585,0.5508156902934148,0.2056254519507511,,boot1693
C1,0.9380180734812339,0.3671014832464692,0.3671014832464692,0.44311744694902083,0.13071037661048523,0.48019840485270465,boot1694
C1,0.9509160479436434,0.10790510463469964,0.09876060424192848,0.2880517623722914,0.0292624012568677,0.8604974869597658,boot1695
C1,0.9285159687354416,0.26690557330321346,0.257540465468013,0.414874277099381,-0.09552409991904484,0.4158107878829011,boot1696
C1,0.9485523546912416,0.31168777606300885,0.31077104730988236,0.2594342371347986,0.04216952264381885,0.4125279389069235,boot1697
C1,0.9467218626086261,0.5088496943625913,0.5024201855890567,0.4133255640129352,-0.05143607018827638,,boot1698
C1,0.953371206512357,0.356629188796036,0.34568404745191217,0.3949371835004695,0.10489093788118706,,boot1699
C1,0.952103386680359,0.4182958228452577,0.4182958228452577,0.5644253679440376,-0.051145340784573,0.26394649083467137,boot1700
C1,0.9678678528944576,0.6244115085335501,0.6190209055821814,0.637888015911972,0.26953014756843885,-0.02156241180547511,boot1701
C1,0.9239606269098956,0.30492547217843485,0.2870440401679711,0.33598269619660875,0.25128117614704354,,boot1702
C1,0.9562511480156888,0.4855919148965436,0.4846825667413067,0.6047165232325872,0.4119347143223488,,boot1703
C1,0.9359710090651745,0.17559072289119637,0.17559072289119637,0.29265120481866064,0.005574308663212583,,boot1704
C1,0.9688447360555642,0.5483895696117155,0.5430044019886872,0.575315407726857,0.17322289187407705,,boot1705
C1,0.925416966397959,0.49237499468655554,0.48767676000443194,0.3767984215063145,-0.01503435098279559,,boot1706
C1,0.9473110663106848,0.5296455919055312,0.5287276619368907,0.43968845497876846,-0.17348876407304226,,boot1707
C1,0.9500798852261241,0.2059323399594732,0.2059323399594732,0.48600032230435675,0.18488147854139372,0.7871191660673198,boot1708
C1,0.9314671494360521,0.39395540890658426,0.3808857981845649,0.5190502543887698,0.2688605634243988,0.4742401604847034,boot1709
C1,0.9634711199018553,0.22563344127011384,0.22563344127011384,0.4747327604323195,0.3844793839242739,0.5875494810673765,boot1710
C1,0.9270441881560191,0.2879652611491291,0.2879652611491291,0.5731165295182993,-0.15007961493114222,0.4990147196460478,boot1711
C1,0.9383293157389565,0.38180717958606936,0.38180717958606936,0.7311792832364289,0.23353254673711038,,boot1712
C1,0.9720597468102992,0.5161607936972815,0.5054260804834733,0.5465758144697384,0.29431005394524373,0.3640856898349975,boot1713
C1,0.9450655056805565,0.3174383132140298,0.3036366474221155,0.4333723058661102,0.3027165363693212,0.782094394875146,boot1714
C1,0.9193825042881646,0.261044776119403,0.261044776119403,0.389675535366645,0.17024659312134977,0.2969857235561324,boot1715
C1,0.9669885470469345,0.6294755548375371,0.6222815484965367,0.5593339930127831,0.2526894727276399,,boot1716
C1,0.9292721045456056,0.08983188073894063,0.08983188073894063,0.37055650804813006,-0.016843477638551367,,boot1717
C1,0.9286783706151781,0.48315505816797116,0.48315505816797116,0.45600099482132156,0.10206182430292413,0.5075000804787604,boot1718
C1,0.940983007491321,0.4075294216969185,0.4075294216969185,0.543372562262558,0.20515086534402702,,boot1719
C1,0.9432883495535047,0.45907858235060994,0.4581567378077373,0.55771594843799,-0.004609222714363554,,boot1720
C1,0.938247632306875,0.4698861473632741,0.4698861473632741,0.6051985290497396,-0.043559465337423824,,boot1721
C1,0.9680479441079384,0.48775880979592307,0.48686054311121596,0.532672144031275,0.16438280330138844,0.7284942812974099,boot1722
C1,0.9278420694349898,0.32333088774761554,0.32333088774761554,0.35894414494880217,0.11433729943538866,,boot1723
C1,0.9557584623921705,0.4348924861964668,0.4339826692797379,0.7505989563014335,0.36210713285814605,0.5240545440359099,boot1724
C1,0.9351577972684483,0.44168318915518856,0.44168318915518856,0.5151420774567883,0.19248088453710324,0.6639195727511676,boot1725
C1,0.9408668956947591,0.38817115680817144,0.38355007160807414,0.3410360877671792,0.23382691112492232,,boot1726
C1,0.8969538722704555,0.18419831433040554,0.18322884951814025,0.18613724395493614,0.1929234976407932,,boot1727
C1,0.9489908789236042,0.5048841305261688,0.5030515202520266,0.5397037257348701,0.16860014522108,,boot1728
C1,0.9598848623408692,0.5625674715643532,0.5562261313051736,0.49915406897255804,-0.2618067621289824,,boot1729
C1,0.9477124183006536,0.3963778110944527,0.3853673163418291,0.5734632683658171,0.14038380809595202,0.4982248875562219,boot1730
C1,0.965764595459785,0.4655018619493641,0.46460147150071934,0.512322165278894,0.1899823846640538,,boot1731
C1,0.9413698630136986,0.41475173356278777,0.4092093941387862,0.5172850129068178,0.24663410436807204,,boot1732
C1,0.9621682018077898,0.4717605951074009,0.46362679174348026,0.4916432255525405,0.3108920396876359,0.515140879714978,boot1733
C1,0.9317271148890993,0.37797967604001353,0.37797967604001353,0.5235718475517225,-0.08119563411229921,0.7876909792043738,boot1734
C1,0.9617815227204332,0.4972656037438102,0.49003264950753667,0.6473494041464876,0.16726206671382707,,boot1735
C1,0.9495394720149049,0.4386565818549738,0.4386565818549738,0.5915911312699647,0.21337574858498728,0.2664907417949841,boot1736
C1,0.9416211675766483,0.3518446263041539,0.3407629057906373,0.31028817437846645,-0.01108172051351666,,boot1737
C1,0.946442334259165,0.3868032348830808,0.37118410188305145,0.24163717523574882,0.1699729179414963,0.3077887973535204,boot1738
C1,0.9430378361818061,0.2766268279050246,0.27109429134692414,0.33748473004413004,0.24250951913007157,,boot1739
C1,0.921072226358898,0.45882253699342723,0.45882253699342723,0.43899687181469893,0.032098696003655405,0.3153224842712031,boot1740
C1,0.9554648866077478,0.5942929927781161,0.5942929927781161,0.6361574302479375,0.04823511273696807,0.46232900510150526,boot1741
C1,0.942883615060808,0.3670516180296753,0.36244041679814676,0.452819960936107,0.15216964064044328,,boot1742
C1,0.9249824725403131,0.26886525913394993,0.26886525913394993,0.3656943559549179,-0.10152953841421886,0.5142283103016455,boot1743
C1,0.9410294450818893,0.42599045897284027,0.4158258276307552,0.3529899247887744,0.24395115221004302,0.6727137833670883,boot1744
C1,0.9550694276679442,0.013657099560519576,0.012746626256484938,0.345069382229128,0.24309637217724844,,boot1745
C1,0.946009346984052,0.5873643592259461,0.5836875870242187,0.472465227921966,0.02297982626079601,,boot1746
C1,0.8999267377019932,0.3150014873360033,0.30340634056289895,0.526612915945159,-0.03961675147477342,,boot1747
C1,0.957272645497886,0.513233455627007,0.512325077829437,0.6067963687767091,0.27796360605639675,,boot1748
C1,0.9073139832138091,0.2875185107291763,0.2875185107291763,0.6306239335326601,0.21755567311841012,0.4475704817017512,boot1749
C1,0.9331428844900768,0.13698447374045325,0.13698447374045325,0.33733591492546994,0.3037886968665834,0.8284299126208363,boot1750
C1,0.9320892799893873,0.29480288486826156,0.29480288486826156,0.566282756693148,0.07276780069533038,0.6306542726928632,boot1751
C1,0.9436388688406272,0.43679200449837663,0.43587050237918173,0.39624591125380154,0.25433458489778893,0.6846760745618011,boot1752
C1,0.9427756334955529,0.3145199436593558,0.29607302614267794,0.36709365858188736,0.3163646354110236,0.6262728496912099,boot1753
C1,0.9222078004187695,0.3224775416264993,0.3130483737426835,0.38471004965968336,0.16501043796677595,,boot1754
C1,0.9628479094120299,0.6863696319608317,0.6854665140240411,0.6665010373514393,0.05509019414422465,0.6800478064032979,boot1755
C1,0.9667859842272643,0.6008253891699418,0.5945293147325323,0.6754788432135124,0.1259214887481914,,boot1756
C1,0.9470203728666988,0.24975359127118504,0.24424432087549716,0.36361184611540176,0.2883184840410004,0.541744922242644,boot1757
C1,0.9642823956598501,0.5338504685065737,0.530243370746394,0.4725298065835212,-0.043285173122154616,0.34988848273741646,boot1758
C1,0.9583033788641266,0.2812942366026288,0.2812942366026288,0.3992563358230861,0.3030718549202517,0.550792263283212,boot1759
C1,0.9034440484028424,0.3821126409705635,0.381150140615474,0.5726877112783006,0.04908751810956862,,boot1760
C1,0.9534165640427446,0.5900974630297596,0.5837131009877066,0.6001300319529858,0.22618882663273626,,boot1761
C1,0.9461205015564541,0.43472723310556527,0.4181837020360088,0.38325846977805644,0.17186890611150257,,boot1762
C1,0.9203487072498323,0.4818589490876324,0.4714659129308402,0.49319680671322363,0.359032158143726,,boot1763
C1,0.9450616654775252,0.30823845519000637,0.30731834039839434,0.588873466631654,0.15181894061597326,,boot1764
C1,0.9261018758013472,0.10610157708642277,0.10610157708642277,0.22722638632667536,0.06384873665377655,,boot1765
C1,0.9215740999162714,0.41988649830142466,0.41988649830142466,0.4934845811497643,-0.12360703657862163,,boot1766
C1,0.9378390265356986,0.33101073193276737,0.33101073193276737,0.48863488999598986,0.24292664360331945,,boot1767
C1,0.950308061764482,0.4593476123099747,0.4593476123099747,0.502354261271267,-0.20954303430076532,,boot1768
C1,0.9488460157346651,0.4069015942727048,0.4069015942727048,0.6195168417305144,0.12738585946825667,-0.016496010578623165,boot1769
C1,0.9351930100454875,0.458403396485033,0.458403396485033,0.5718419651892399,0.11901751470605318,0.31149115176974856,boot1770
C1,0.9553481632079246,0.4951529677646065,0.48878151413528254,0.6271330786577461,0.29490728227156715,,boot1771
C1,0.9552615451169831,0.431477552038382,0.422374650096644,0.5152242499023717,0.13108178796102743,,boot1772
C1,0.9140942916882123,0.24352924821469438,0.2311625285787919,0.29299612675830417,0.2130880921878576,-0.06278488430535088,boot1773
C1,0.9473760678793515,0.526855650787004,0.526855650787004,0.5461308575231141,-0.17531259459985674,,boot1774
C1,0.9535110462722893,0.2462295634786033,0.2462295634786033,0.4350055621455326,0.09119613462170494,0.5590323052310513,boot1775
C1,0.9180996184602518,0.29171789375720886,0.29171789375720886,0.5076649060190388,-0.13922899474775877,,boot1776
C1,0.9471619147266545,0.4994325372525005,0.4994325372525005,0.4902517920824177,0.23686322538813445,0.45720110947011994,boot1777
C1,0.9122724048238353,0.3755552550318931,0.3746020691054162,0.6472132440778057,0.28595577794306576,,boot1778
C1,0.9408707664981855,0.44639499382385156,0.44639499382385156,0.5240289057932169,0.10073924291262902,,boot1779
C1,0.945522290305209,0.24371163426968248,0.24279196772526856,0.3154456247339664,0.1664596445389152,0.4221269438859783,boot1780
C1,0.9670769132066593,0.30481816355040897,0.30481816355040897,0.4055250494431694,0.07642933304361287,0.45497932376550726,boot1781
C1,0.9607315761161914,0.4950937241345732,0.48061200642679774,0.46069964457860657,-0.06969326646866936,0.715034811821413,boot1782
C1,0.9489489489489489,0.3601238304898184,0.3601238304898184,0.3738690148596588,0.15761144744083652,,boot1783
C1,0.9626957025964821,0.43446840828013245,0.4254358010393812,0.5130520912746679,0.01896847520557751,,boot1784
C1,0.9436504204621255,0.33265819277072006,0.33265819277072006,0.5317002139299322,0.4570594559952276,,boot1785
C1,0.954375710342588,0.3963437726526325,0.3963437726526325,0.523902687989112,0.05740151190141574,,boot1786
C1,0.9264002548780623,0.35856414254462904,0.34636169790305793,0.5951038386735467,0.11451524971320612,,boot1787
C1,0.9520654940985883,0.43292600729503683,0.43292600729503683,0.555314372226545,0.1616622432304251,,boot1788
C1,0.9610631715177871,0.5175427787564747,0.5175427787564747,0.5998791299222775,0.27415290553009064,0.49763728726584106,boot1789
C1,0.9650924024640655,0.48564847363552277,0.48564847363552277,0.6451285846438485,0.26489916743755787,0.8967074460312909,boot1790
C1,0.9598773961761676,0.4828515211587527,0.4828515211587527,0.4719805675866981,0.2808329672780737,0.7129533717672389,boot1791
C1,0.9463082611904753,0.4548568371021085,0.4548568371021085,0.5348013721079337,-0.12588967006664417,,boot1792
C1,0.9482661634215825,0.5593733100153586,0.5557052883103398,0.49151490847251184,0.03484620619767808,,boot1793
C1,0.9425518872055347,0.3681033653943258,0.3561100226621799,0.49633987614573266,-0.014761037208795024,,boot1794
C1,0.9538963570469411,0.40292409468552226,0.4020125017111207,0.43391825581517784,0.07383903092653238,,boot1795
C1,0.9447774128476444,0.233779472512653,0.22365516464793178,0.3193758935507504,0.3755197826187497,0.5043746099879285,boot1796
C1,0.9540247309266517,0.38919782243531165,0.38555194119469977,0.29805079142001617,0.18593994327120272,,boot1797
C1,0.9539454448980476,0.4029033611330189,0.4019918150671072,0.44574602623087395,0.1330857256231239,0.6134705023586464,boot1798
C1,0.9350560583845042,0.31618657647525594,0.31618657647525594,0.44638104914153787,0.15902324875667287,,boot1799
C1,0.9522208362709476,0.5013451566732864,0.4922131866063778,0.6483698747505161,0.01643754612043562,0.5972308423758276,boot1800
C1,0.9222919703686073,0.3158482966187626,0.3158482966187626,0.25927845244823794,0.034884737238490206,0.43653063084921523,boot1801
C1,0.9394754465510994,0.3322853345337521,0.3221038897430244,0.43224861066089765,0.09348417489668236,0.3794902149271264,boot1802
C1,0.9583370775208565,0.513570772318122,0.507219190328322,0.5707350102263228,0.1370126972085449,0.4736465426679499,boot1803
C1,0.9488879539222655,0.39863596961228265,0.39405394697306106,0.5425114804838422,0.1860301191523986,,boot1804
C1,0.943342290737655,0.2673196309753998,0.2673196309753998,0.277459341115846,-0.0101397101404462,0.6277402368767148,boot1805
C1,0.9448657780431592,0.598198606023098,0.598198606023098,0.7242804660618126,0.007362444381822745,0.8706090481505396,boot1806
C1,0.9459671787709495,0.2794471436423525,0.27025480339095936,0.463293948670216,0.115823487167554,,boot1807
C1,0.946078342237238,0.3354809957886524,0.32169410555076255,0.25000227631373545,0.08364046744319827,,boot1808
C1,0.9292958402145842,0.7139580660517763,0.7074079920513013,0.5904423848999619,0.28258890687763627,,boot1809
C1,0.9661999464906804,0.3140946777857148,0.30959475403520315,0.446392436050758,0.2087964620237417,0.3212945557865335,boot1810
C1,0.897138573130216,0.3091956055127326,0.3091956055127326,0.24522410092389138,-0.05040179149423853,,boot1811
C1,0.958146089632511,0.4510522118910228,0.4456069135583343,0.531824137159234,0.1016455688768502,,boot1812
C1,0.9303825967564534,0.3822644309480163,0.3822644309480163,0.5925565995624509,0.32244799187546613,0.2803895581525792,boot1813
C1,0.9556568586821385,0.39399260907274025,0.3848934726045476,0.4822542328142086,0.17015385195520194,0.5423085335042799,boot1814
C1,0.9151999281291877,0.3629522936288837,0.3629522936288837,0.2185314856927834,-0.04085588645560733,,boot1815
C1,0.9468979275910562,0.5629365771419018,0.5629365771419018,0.5546716029261153,0.011938296089469369,0.5298766802787559,boot1816
C1,0.9552728439434304,0.6781581734096535,0.6726964968452803,0.7100179533684962,0.11924660498881154,0.3723042858047627,boot1817
C1,0.9501103144959405,0.43747780396801417,0.43747780396801417,0.4081905869659715,0.2205693530466348,0.49239133584684447,boot1818
C1,0.9476207076869443,0.33401733052355453,0.33401733052355453,0.4248627033857301,-0.13489161424989704,0.20096097633147927,boot1819
C1,0.9556154589093425,0.41948836373462334,0.41948836373462334,0.5487016992016874,0.18381051946723193,,boot1820
C1,0.9499733688897908,0.3405129780086423,0.3405129780086423,0.5611141277400477,0.16293362926219981,0.44852515920493213,boot1821
C1,0.9578875827522841,0.5428611972460188,0.5392300186691225,0.640903018822223,0.170665393114133,,boot1822
C1,0.9334098863849662,0.1518508990554286,0.1518508990554286,0.4276046789352253,0.37357184368850843,0.36611903882689234,boot1823
C1,0.9282148008432264,0.49557494621085346,0.49463813156773273,0.6229817376752695,0.19485744576910682,,boot1824
C1,0.9284486169296242,0.33529518182230605,0.33529518182230605,0.5357230279395504,0.3765046455099638,0.2884662458136041,boot1825
C1,0.9467601426126018,0.3627933257960467,0.3471794358250775,0.37105950283950084,0.3122777994193819,,boot1826
C1,0.9636935136082273,0.5278604089273908,0.5269580834420449,0.6677208591560158,0.2066325361442265,,boot1827
C1,0.9293551747833217,0.25450091154394183,0.24233726503632697,0.5146158137837058,-0.1721623813385489,0.7129768183694253,boot1828
C1,0.9568259864797736,0.45349211832619196,0.45349211832619196,0.5180170489898385,-0.2062980177556024,0.3435270956458929,boot1829
C1,0.9316207806762714,0.4778955134310773,0.4778955134310773,0.5983027814635167,0.14934234794721168,0.2380143670408686,boot1830
C1,0.9347585563001055,0.24186668845976694,0.23907591897753883,0.2548902793768313,0.16837642542776082,0.3609395197014983,boot1831
C1,0.9573926902362596,0.3287915313182222,0.3287915313182222,0.5540409781881644,0.22797423856594964,0.3832873652383695,boot1832
C1,0.9533447461373437,0.2471846358495526,0.23806343157466134,0.3192421496211934,0.27363612824673716,0.33748455817097583,boot1833
C1,0.958078665420292,0.4483611136491195,0.43928497774529124,0.5826879250257787,0.23144146554762246,,boot1834
C1,0.9480981920210816,0.31734008961247046,0.31734008961247046,0.5567209086554034,-0.012840350446747362,0.6034964709971259,boot1835
C1,0.9574452011181022,0.3741842030717175,0.3614692058799601,0.38780741434860044,0.25157530157977126,,boot1836
C1,0.9650997939484407,0.38653357984324566,0.38653357984324566,0.6451236437477015,0.21534155147444217,0.922634931840288,boot1837
C1,0.961807558241593,0.39689761965760606,0.3914730508240169,0.4493351183823012,0.36796658587846387,0.08136853250383723,boot1838
C1,0.961387110878556,0.5508345300233589,0.5508345300233589,0.5101324711546379,-0.146527411927396,0.7018843929361684,boot1839
C1,0.9329268292682927,0.4725660699062233,0.4688377379937481,0.5051889741403808,0.5135777209434498,,boot1840
C1,0.926483771309186,0.4045215041015325,0.4045215041015325,0.42235423862108956,0.15298609087830578,0.3923201594302566,boot1841
C1,0.9498439985650042,0.36893930280985293,0.357038034977277,0.5456273560165567,0.23344794594668117,0.4888674632765793,boot1842
C1,0.9041075169602408,0.0644402003880026,0.05097508388901698,0.3433604707241333,0.14330731131063265,0.7934800794045098,boot1843
C1,0.954579396772832,0.44636093965805346,0.44362811757851434,0.34433558202192693,0.06376584852257906,,boot1844
C1,0.9268773166748749,0.04221749100839702,0.04221749100839702,0.17731346223526748,0.340554427467736,,boot1845
C1,0.9057254949345436,0.1862547241050166,0.1862547241050166,0.2803421620549734,0.097927741539751,,boot1846
C1,0.9274928943628611,0.1856336734113232,0.1856336734113232,0.31126454329575404,0.2109473561492309,,boot1847
C1,0.9218910432880463,0.12262130008084801,0.11696185546173193,0.20374000628817818,0.300893805583004,,boot1848
C1,0.9573739350679255,0.3723954936219771,0.3714872119302161,0.5313447896801381,0.14623335237350807,,boot1849
C1,0.9418800797423708,0.4533024223804737,0.4533024223804737,0.5567033822717427,0.3628265824756134,0.7108815992524741,boot1850
C1,0.9385237495238373,0.22977806797372488,0.22977806797372488,0.46789485615617366,0.33632838175186347,0.37709545832784686,boot1851
C1,0.9424824294440916,0.4400958529702301,0.4400958529702301,0.5775681424724612,0.030446882909890127,,boot1852
C1,0.9561346002838391,0.5338524329703865,0.5238483839709415,0.7093780199606499,0.02273647499873878,,boot1853
C1,0.9317625549231812,0.0774595551861693,0.06626058335202435,0.209980721890218,0.12598843313413077,0.4096957195991364,boot1854
C1,0.9533182844243792,0.4360056664223296,0.4268842089657955,0.5035044516006819,0.15688906825238638,0.748871657181449,boot1855
C1,0.944758201063981,0.4316724496249203,0.4316724496249203,0.5255543043407879,0.36264167409854714,0.7041139103690066,boot1856
C1,0.939653942270048,0.5607985004203684,0.5607985004203684,0.6690714782243011,-0.07218198520262169,0.4747353642172426,boot1857
C1,0.911140334397896,0.2529081129538323,0.23954692962796947,0.2700867772299417,0.16415168086060059,,boot1858
C1,0.9391609927520316,0.19628990930166346,0.19628990930166346,0.3481368202708748,-0.039813519339488346,0.29443486395249524,boot1859
C1,0.9081414668882032,0.40790427055160333,0.40790427055160333,0.3705609218391327,0.06702652333007568,,boot1860
C1,0.9471427896719721,0.21483377489474068,0.21483377489474068,0.4057971303567324,0.2836907540276704,0.5664634150002352,boot1861
C1,0.946438504073553,0.2829830842720104,0.2829830842720104,0.3528100790923766,0.11300947845927688,,boot1862
C1,0.9641195015763399,0.4302190838557675,0.4302190838557675,0.4897462526911568,0.14971984888900924,0.4473556930659553,boot1863
C1,0.9534316823459309,0.1979120850165425,0.1979120850165425,0.3611667542237365,0.2426019106654392,-0.0036481490325629955,boot1864
C1,0.9608731820659189,0.40180844228749885,0.40180844228749885,0.39728357244191886,0.10045211057187471,0.5710385745121886,boot1865
C1,0.959500215424386,0.42050877569746786,0.4159774311317623,0.490291482009332,0.21387946350129827,0.3534448761250268,boot1866
C1,0.967319842211603,0.6220684247094674,0.6220684247094674,0.7191542482190375,0.13663930716161712,,boot1867
C1,0.962238813987216,0.6009535898568523,0.5973388314216231,0.593724072986394,0.41750459926897104,,boot1868
C1,0.9618224350959901,0.5297913614797826,0.5297913614797826,0.6581708381523578,0.40774045055867214,0.3453588738656602,boot1869
C1,0.9628701798335868,0.4479361360018745,0.4479361360018745,0.5526953936152162,0.07495705501644272,0.30434370530772525,boot1870
C1,0.9401037952183978,0.37738663592271926,0.37738663592271926,0.5457306744960891,0.007399737959269005,,boot1871
C1,0.9516105692703962,0.5720279320818286,0.5720279320818286,0.6560959348797969,0.12975713475338604,0.5564936272169866,boot1872
C1,0.9268415517471227,0.4944328064504473,0.4944328064504473,0.4306350249729702,-0.122904549611022,0.7468093243539963,boot1873
C1,0.9194872597928457,0.24399231604089933,0.24399231604089933,0.40949098002212947,0.19576127682351224,0.10875626490195124,boot1874
C1,0.9260302401423066,0.3023659356491115,0.3023659356491115,0.44979280489417517,-0.004695123224365086,0.6779757935983184,boot1875
C1,0.9576214489709298,0.4685522161769519,0.4685522161769519,0.569345425470831,0.17616110453164469,0.565713237748529,boot1876
C1,0.9190963376835538,0.23558111402787846,0.2232816984360615,0.33208422097905754,0.17692236274382842,0.7124199954337048,boot1877
C1,0.9413853313558889,0.37317805591903475,0.37317805591903475,0.5930205740099511,0.06281214802597614,0.5616144999969631,boot1878
C1,0.9432999088422972,0.25626964252701634,0.24520764356901562,0.3862481302835246,-0.1779138165745113,,boot1879
C1,0.9324708621273962,0.5539280208198789,0.5539280208198789,0.557658175842235,0.11097211191509358,,boot1880
C1,0.9606421208925998,0.38199087231170475,0.37112857262511606,0.43268160418245233,-0.07060494796282696,0.45712177847727703,boot1881
C1,0.9628998722412886,0.3431662960340423,0.3431662960340423,0.280854521227861,-0.006321484400627097,,boot1882
C1,0.9512235724987513,0.4845018337873416,0.4845018337873416,0.6051702150324908,0.04845018337873415,,boot1883
C1,0.9356114724775864,0.26209318559870726,0.26209318559870726,0.3624692992322546,-0.016729352272257907,0.4070809052916091,boot1884
C1,0.9551297074146851,0.5444286738892453,0.5444286738892453,0.4524766737842057,-0.11289156448539536,0.6199931888270503,boot1885
C1,0.9378000952974379,0.4042763875624917,0.4042763875624917,0.4905096537168764,0.14835830736238229,,boot1886
C1,0.9353064575977899,0.26682721514858276,0.26217865739338103,0.1850125986570313,0.06972836632802686,,boot1887
C1,0.9305523265468797,0.243894421908897,0.243894421908897,0.4765753071783046,0.11961105748788821,0.5560045250413554,boot1888
C1,0.9334059608547475,0.29997665725596573,0.2925238210508486,0.5095876755248858,-0.03540097197430652,0.5496466701273907,boot1889
C1,0.8695760715233027,0.4269946701450108,0.42199473255549064,0.23399707918953747,-0.19599755350918527,,boot1890
C1,0.9346097429166987,0.36192739496764087,0.3451801119100123,0.168403235190599,0.3172679734806313,0.720133171478031,boot1891
C1,0.9428411963623231,0.3726018222172429,0.3726018222172429,0.46667455950971515,0.14018682420054684,,boot1892
C1,0.9371222346106448,0.2830125905768741,0.2830125905768741,0.4834411793132833,0.004639550665194658,,boot1893
C1,0.9176106759891088,0.25017714309377653,0.25017714309377653,0.4027472947532388,0.08434002172479589,,boot1894
C1,0.9442353721224221,0.21549527467096813,0.21549527467096813,0.4650645884993116,0.06722715833752425,0.11879867706220042,boot1895
C1,0.9407894736842104,0.4649194283976893,0.46399513529948316,0.5157555487990271,0.35770142900577684,0.46399513529948316,boot1896
C1,0.9062458720028381,0.44809799312439497,0.44713846851385025,0.5805123893795695,0.2245287588674698,0.5622814217792195,boot1897
C1,0.9427254916983155,0.4362928036295317,0.42522406442539984,0.594022337288411,0.09131709843408803,0.4722662060429603,boot1898
C1,0.9056345846660447,0.19875566044816573,0.19875566044816573,0.39751132089633145,0.182432731812326,,boot1899
C1,0.948014186199311,0.7851652822529224,0.7851652822529224,0.8218552487133393,-0.06787643795177133,0.46871432153182624,boot1900
C1,0.9588984009857773,0.6048607437490165,0.6048607437490165,0.72728383281366,0.27749233521319205,,boot1901
C1,0.9390600174260673,0.5454112660949298,0.5389292985861616,0.5074454564007157,0.03796580969421413,,boot1902
C1,0.9545152818263152,0.09474419564625815,0.09474419564625815,0.28149958129513236,0.3206726621873353,0.5010510346677113,boot1903
C1,0.9431881584561357,0.46097123336167534,0.4489859812942718,0.5208974936986931,0.1982176303455204,0.26828525781649504,boot1904
C1,0.9046584144382499,0.40851354665261896,0.406591129962489,0.3345005040826151,0.14129762672455293,,boot1905
C1,0.965339959727518,0.41976651564152245,0.41976651564152245,0.3918421336997044,0.19096674102146513,0.43237752684105313,boot1906
C1,0.9557245966855606,0.655091392115469,0.6496322971811734,0.6378042581568663,-0.13465767504595752,,boot1907
C1,0.9469400213664342,0.3204830865968112,0.319564796950402,0.42792297522668776,0.15886410882879182,0.32874769341449406,boot1908
C1,0.9512501402313908,0.32908639381090865,0.32908639381090865,0.5777294469124841,0.1426041039847271,,boot1909
C1,0.9458828322215028,0.42012740987645564,0.41001493392756944,0.33095375832718604,-0.0036772639814131786,0.6922449445010309,boot1910
C1,0.9556530952020584,0.2957230998058145,0.28480409304375365,0.401273498505736,0.2675156656704907,,boot1911
C1,0.9395181357768084,0.6210399125367987,0.613635561865719,0.6608382973938512,0.12679950524223757,,boot1912
C1,0.9733197765252294,0.6780916363954022,0.6727312282025533,0.6423555817764087,0.23317775638893273,0.4216854445041236,boot1913
C1,0.9493947600247968,0.3517114877161735,0.35079557238357933,0.44238710564299955,0.12548040056540566,0.6127473575055211,boot1914
C1,0.9501597582976505,0.3733925854019505,0.3733925854019505,0.45209788526608713,-0.12720972885017431,,boot1915
C1,0.9532426721569052,0.3904293459726883,0.3904293459726883,0.4770900652890561,0.3730972021094147,0.23444005120322636,boot1916
C1,0.9367751782130633,0.3183910894545286,0.31189331211872184,0.31003680430849134,0.22742220675323468,0.5151809173389602,boot1917
C1,0.9456182031849752,0.320011495794968,0.320011495794968,0.4947304159129102,-0.053335249299161336,0.3935773568972595,boot1918
C1,0.95328047965615,0.44423259461088993,0.4387595030961767,0.3630484038093104,0.07662328120598512,,boot1919
C1,0.9268733429117355,0.5929237490689582,0.5929237490689582,0.6417086144986827,0.21390287149956086,,boot1920
C1,0.89387624238538,0.4581900692408457,0.4581900692408457,0.5690895764456365,0.06615058324496287,,boot1921
C1,0.9676362146661205,0.45022309759599444,0.44932444869859733,0.5526690718992747,0.14018922799396236,0.5203177115929757,boot1922
C1,0.954549226012893,0.5238074542142539,0.5174306678151239,0.5930411351190944,0.13117960592496097,0.6905148700772251,boot1923
C1,0.9571863462659498,0.3870038306060124,0.3833699918209794,0.3824615321247213,-0.005450758177549472,,boot1924
C1,0.8416803229545546,0.1043461330404225,0.08678292252866822,-0.18802966547878114,0.009298170270928737,,boot1925
C1,0.9377377993797972,0.37370231085967404,0.3662839027036508,0.2652080915778332,0.1326040457889166,,boot1926
C1,0.9429838639082605,0.43893968849347026,0.4380175462907529,0.5791053033065112,0.21209270662499613,,boot1927
C1,0.911598350496879,0.3290923023681218,0.3290923023681218,0.3577090243131759,0.02003170536153785,,boot1928
C1,0.9503460815455773,0.30377949441786334,0.30286449594070114,0.2891395187832675,0.191234681726908,0.7072938228464107,boot1929
C1,0.9720488081725311,0.43207706904101595,0.43207706904101595,0.5626842162045528,0.25226859931587264,0.3748246209693285,boot1930
C1,0.9546585867330375,0.40897844322001314,0.39986979192335365,0.4217305550353366,0.12478852276423565,,boot1931
C1,0.9558562843183881,0.5003480935486662,0.5003480935486662,0.42120212238733173,0.12645160909684475,,boot1932
C1,0.9501939858939108,0.2663071772895033,0.2571557278981115,0.35690652626428276,0.1455080453231307,0.7476734152767155,boot1933
C1,0.9321207610021409,0.21176580611251156,0.2108329170988,0.3171822646619115,0.2621418128529328,0.8218752210798353,boot1934
C1,0.9216302806812557,0.41891739520141336,0.41891739520141336,0.345323798747111,-0.4623187469565147,0.3377757375723108,boot1935
C1,0.9600938714434888,0.3287721995750941,0.3197151141873505,0.5062910731748694,0.15668757720796497,,boot1936
C1,0.9572651417838753,0.6158849744519499,0.6158849744519499,0.6013508157628185,0.06722048393723348,,boot1937
C1,0.9217987878607491,0.27922721068571066,0.2754538700007686,0.3792207388366746,-0.1603669791100365,-0.11320022054826107,boot1938
C1,0.946227800968685,0.4741941123633953,0.4741941123633953,0.4438677447122479,0.06249069697812185,0.6368537206740947,boot1939
C1,0.9341042503420576,0.3556068960416786,0.3556068960416786,0.47569404156360673,0.125672594150855,,boot1940
C1,0.9512501402313909,0.4131862500070297,0.4131862500070297,0.5530479673766658,0.07404443860745444,0.34736897124484795,boot1941
C1,0.9454110095014902,0.24833919463181592,0.23822167188755677,0.3237607278162934,0.23086347352809555,0.6309655093237991,boot1942
C1,0.9484989441449024,0.3254570330093625,0.31537244888794563,0.3245402526346883,0.4354706779702738,0.42171897235015987,boot1943
C1,0.9468481760631454,0.4702099054100688,0.4692915266885647,0.6364364540023001,0.21949251443946569,0.5326596584723436,boot1944
C1,0.9459020030771805,0.40357154249903276,0.39437856886579736,0.25648396436726684,-0.017466649903147204,,boot1945
C1,0.951363986698461,0.27968996119471207,0.2787759417136836,0.2650656494982565,0.27603388327059813,,boot1946
C1,0.9729923204774273,0.4933235236270661,0.4933235236270661,0.6729576327738782,0.24487435774242047,0.7006623958761229,boot1947
C1,0.9386986790497361,0.49559821664529974,0.49559821664529974,0.7253334647350834,-0.11208856862445096,,boot1948
C1,0.9379869392182588,0.5979502930870589,0.5979502930870589,0.6878746007296089,-0.06489383025751028,0.5784821440098059,boot1949
C1,0.9545115101139646,0.3489150992229581,0.3480040937419582,0.48920994329694123,-0.08927853713798929,0.21681930447797396,boot1950
C1,0.9280998368847577,0.47502385809829006,0.47502385809829006,0.49751019457631557,0.2407911864521904,,boot1951
C1,0.9269130792188459,0.347108199946782,0.34241754859614987,0.5122191274890351,0.09193676647239092,,boot1952
C1,0.9415825131023904,0.4386694448051564,0.4331283570813018,0.4377459301845141,-0.27982493005465764,0.388799655290465,boot1953
C1,0.9599520530000969,0.5145184511399873,0.4991191312995299,0.4637912799008336,0.14221724793834156,,boot1954
C1,0.950775513750706,0.49387601026757677,0.4883884990423815,0.47192596536679565,0.0,,boot1955
C1,0.9514664273877836,0.5218489321726433,0.5191071689563247,0.40669487708726143,-0.08956426506640815,,boot1956
C1,0.9415245260966435,0.4479321767466022,0.4479321767466022,0.6492707634079615,-0.02216571596271846,0.1163700088042719,boot1957
C1,0.9108170375576442,0.4592150259801725,0.45826031698645076,0.3494234917021687,-0.07733142849146357,0.5995572480572731,boot1958
C1,0.9482241756008334,0.4750298444176261,0.4695275682274605,0.4603571079105179,0.20816944919459676,,boot1959
C1,0.9644822411205602,0.5418541403572072,0.5364446148295148,0.6446351253833664,0.024342864874616628,-0.06401271874436226,boot1960
C1,0.9352868993996751,0.45835737937639925,0.45835737937639925,0.6117629931636321,-0.042767625661895264,,boot1961
C1,0.9478079331941545,0.3238594139053821,0.31285002873012835,0.506431718061674,0.28440911702738936,,boot1962
C1,0.9455491476704203,0.48832906419765065,0.47821301955325496,0.5701770617750346,0.31359738397626913,,boot1963
C1,0.9371066414330356,0.3813774105808264,0.3813774105808264,0.5632508229259406,0.183729263491493,0.354467568958335,boot1964
C1,0.9545228251693758,0.39263870785818944,0.39263870785818944,0.40630362808527254,-0.13664920227083155,,boot1965
C1,0.9564653775521227,0.6145816678288367,0.6136725233498,0.6500383025112697,0.08182300311330667,,boot1966
C1,0.9530346820809247,0.3722662095790619,0.3722662095790619,0.4616830932524641,0.03102218413158849,0.7363206645350564,boot1967
C1,0.951898734177215,0.26674375578168363,0.26674375578168363,0.49694727104532843,0.41838575393154487,0.5380550416281222,boot1968
C1,0.9496270414857448,0.30584089323561603,0.3049252019385034,0.3974100229468783,0.18680102461097509,,boot1969
C1,0.9289040670599191,0.4961433387584283,0.4961433387584283,0.4867821436875146,0.0982925482445943,0.43623169030458037,boot1970
C1,0.9697135604608914,0.5138227306302707,0.5129260068420852,0.570316329285955,0.3766239910378948,,boot1971
C1,0.9217747186308249,0.24244346948624576,0.2358399508621068,0.06320510683104462,0.25093370771728163,0.5943166761725092,boot1972
C1,0.9471886886359591,0.62243692778926,0.62243692778926,0.755553969868084,0.015606825623034542,,boot1973
C1,0.9382670818831288,0.14179702222297677,0.12511501960850888,0.16403969237560054,0.08711712476444322,,boot1974
C1,0.9589769379984194,0.5204822087008637,0.5204822087008637,0.6800725723443343,0.18044592252869668,0.50053341324543,boot1975
C1,0.9099690067101976,0.3487935325350122,0.3487935325350122,0.5475580661440054,-0.007644789754192048,0.5360908815127173,boot1976
C1,0.9462009781640333,0.5045347821074283,0.5036157752183437,0.6433048223591982,-0.28764915628347004,0.6993642425933569,boot1977
C1,0.9488231389490407,0.5123051247044322,0.5123051247044322,0.5095557233196142,0.1429688720105392,0.545297941322249,boot1978
C1,0.9435156358227672,0.3621976334677043,0.3621976334677043,0.45159501373835903,0.17787313806429242,,boot1979
C1,0.9250024111402096,0.2980015733940187,0.297061505339148,0.2810803484063457,0.08648626104810639,,boot1980
C1,0.9661815068493151,0.2727005836913178,0.26820057405944786,0.324000693494635,0.28980062029242354,,boot1981
C1,0.9482318099994193,0.3053738699100188,0.2962034834262344,0.40074588934137606,0.33013391341623655,0.39432661880272696,boot1982
C1,0.9554987691609029,0.3212526605436578,0.32034259634948314,0.3549250357281205,0.2047644436893003,0.47141325258247807,boot1983
C1,0.9667601978058807,0.5297838225093329,0.5261859697248892,0.5216886537443346,0.10433773074886692,,boot1984
C1,0.9419457537267387,0.30648861787604015,0.30648861787604015,0.5714351038110506,-0.2981801914878342,,boot1985
C1,0.949383333695865,0.31416274014850704,0.31324681379238895,0.46895429433246527,0.21707454639998883,,boot1986
C1,0.9479950920958056,0.3623207163554101,0.3540653076283247,0.50266266471586,0.02568349381759869,,boot1987
C1,0.960470621995839,0.48889076525376385,0.48798541198477546,0.5477387277380132,0.11588521843052181,,boot1988
C1,0.9670879579136459,0.5700663970787594,0.566469763658704,0.5988394644392013,0.1978148381030395,,boot1989
C1,0.9375781327330786,0.4804237288423737,0.4748589752264389,0.455382337570667,-0.06863196126319625,,boot1990
C1,0.9486019453403619,0.4354233936476569,0.4299233086752654,0.5885090920458856,0.25117054707254316,0.8250127458587183,boot1991
C1,0.9067987461004253,0.35001295018627643,0.3433003730594163,0.3931652317160913,-0.15630715309688506,,boot1992
C1,0.9462201374495474,0.33451173421820324,0.33451173421820324,0.5936664294092289,0.0487063788834197,0.678213351244599,boot1993
C1,0.9277270254970085,0.4639670622703914,0.4639670622703914,0.5408262523838705,-0.011247686358070098,,boot1994
C1,0.966222073192048,0.5480781614125337,0.542678376571031,0.46798135293024234,-0.002699892420751398,0.3113875925266612,boot1995
C1,0.9533145040704435,0.45972327882764785,0.44695318774910214,0.5253980329458833,0.23898313304135663,,boot1996
C1,0.952743357075487,0.2665072829871675,0.2665072829871675,0.27745963708253063,-0.11317432565208485,0.5613081473873565,boot1997
C1,0.958804889090086,0.2974717740280001,0.2974717740280001,0.4743223713922076,0.15508436999630495,0.6148959231432441,boot1998
C1,0.9608098368062652,0.4280809084899295,0.42265070669090293,0.30680640164500234,0.2072527019961815,,boot1999
C5,0.9204733824794842,-0.04062182031500457,-0.03589835283651567,-0.1275336219192004,0.4959640852413349,0.5697740552972241,boot0
C5,0.8855003518865349,-0.12962457716827652,-0.12962457716827652,-0.07659634105398158,0.5410844092403058,0.6383028421165132,boot1
C5,0.9629258517034066,0.19505768447722027,0.19505768447722027,0.1146866941139212,0.610458308826856,0.7251450029407774,boot2
C5,0.9069719199653007,0.0690304675083758,0.0690304675083758,-0.0028762694795156584,0.6682532757408046,0.8360356620458848,boot3
C5,0.9596346874596131,0.12685986868300453,0.12685986868300453,0.02446583181743658,0.5146886100853326,0.5880861055376423,boot4
C5,0.9233649859569345,0.17139578820091692,0.16857058290090182,0.14031852990075067,0.6723988614035972,0.39048306791588144,boot5
C5,0.9537339567124573,-0.010029230189387268,-0.010029230189387268,-0.1467914600446682,0.6291062573342923,0.6209005235429754,boot6
C5,0.9339709398565383,0.30724352278370465,0.31655393256502906,0.24579481822696372,0.7522811103310103,0.8461212859573152,boot7
C5,0.8673316240385217,0.03408755840544704,0.032082407911008984,-0.022056655438818677,0.7459159839309587,0.9594645115886123,boot8
C5,0.9542625169147495,0.03280475474117734,0.03280475474117734,-0.2405682014353005,0.49571629386667987,0.6442489333892328,boot9
C5,0.9286427256393762,-0.15263042128197832,-0.1460757406134271,-0.29589701303745486,0.5515295591109524,0.598348706743461,boot10
C5,0.9325573685955282,0.29279000676610906,0.3002496247728889,0.12494860161356246,0.6042290585491678,0.6816225953695086,boot11
C5,0.9395530607689521,0.29986505520422735,0.3072691306413688,0.22767531969209853,0.7672473171737793,0.6978341099505785,boot12
C5,0.9444622512310964,0.06629031024857175,0.06629031024857175,0.08654568282452424,0.606740478525122,0.6444891274166699,boot13
C5,0.9414201334731136,-0.25585767358593503,-0.25585767358593503,-0.4128822386025739,0.5218757602023584,0.7607273395717258,boot14
C5,0.939017291308948,-0.036115462188121804,-0.038893574664131174,-0.056488287012190504,0.4935779832376647,0.5815515449779614,boot15
C5,0.9314356298740805,0.09522467181752933,0.09522467181752933,-0.12509907866224443,0.7281886668399301,0.8430184181493038,boot16
C5,0.9396927377367672,0.26002949291218724,0.26002949291218724,0.1434326384391068,0.6422080714628396,0.708526203698348,boot17
C5,0.9493109611738132,0.015571935119524618,0.015571935119524618,-0.0457998091750724,0.6302053742489963,0.7758487674257264,boot18
C5,0.9407004243777802,0.17008602936033637,0.17008602936033637,-0.03142894020788824,0.6479907966391074,0.6184106176199187,boot19
C5,0.9304773363054597,-0.4205415140789936,-0.4205415140789936,-0.46166112878893956,0.4607265920909863,0.6466993949836968,boot20
C5,0.9448773028471565,0.050616187744598716,0.05705824800300219,-0.11503679032863345,0.5503360049321824,0.7389963410711413,boot21
C5,0.8982496692467952,0.035818452424766146,0.035818452424766146,-0.07357303741303317,0.7502513683565881,0.6452935126190503,boot22
C5,0.9228928021884083,0.22142097717351025,0.22990092949079363,0.1827900832836638,0.6576674130515326,0.6473030268859642,boot23
C5,0.9402510778502234,0.5854125515784591,0.5854125515784591,0.41801970507656155,0.6547742283057645,0.6880678331348712,boot24
C5,0.9167124578067353,0.16125676671854172,0.1688453204464731,0.06734841433539096,0.5425815915470933,0.6421813592261926,boot25
C5,0.9266984681935349,-0.22238836427934963,-0.22614175439376902,-0.33592841524053657,0.5798987726777977,0.697192213753404,boot26
C5,0.9116269637096318,-0.06486253383949128,-0.06486253383949128,-0.08203202809112133,0.7964737611172826,0.8002892042843117,boot27
C5,0.94910521639802,0.17774178169005894,0.17590939218809956,0.03939637429212647,0.4993261392839285,0.5689569403583846,boot28
C5,0.9658347191195678,0.27549947341331626,0.28000109879588675,0.1161419348703196,0.6815460829211778,0.8427042716172024,boot29
C5,0.95270551076386,0.2683433348759227,0.2656051375812704,0.21540485384597874,0.7301859452406059,0.6805777257546195,boot30
C5,0.9350247502011987,0.15716859014428045,0.15530860682896352,0.11531896554964957,0.480805687009426,0.6974937432438483,boot31
C5,0.9204854462961998,-0.16342983282789217,-0.16342983282789217,-0.08313193808586422,0.4798980062229435,0.8010895851910551,boot32
C5,0.9361897385258628,0.10124294765812981,0.09752761012939111,-0.01671901887932419,0.7189178118109402,0.7579288558626965,boot33
C5,0.9416211675766485,0.04894426560136523,0.04894426560136523,-0.08126595043245549,0.5079121902028467,0.3675437303649691,boot34
C5,0.9478041129313348,0.29358478800500465,0.29358478800500465,0.134865511989799,0.6752450124115107,0.8954336034152639,boot35
C5,0.9264042321456356,-0.061950606826247596,-0.06476654350016794,-0.1201466314206014,0.6148128404726088,0.6970958858547689,boot36
C5,0.9095916800866908,0.13957528913086642,0.14531125991706642,-0.04971174681373325,0.7045684115715655,0.763840109695632,boot37
C5,0.9216944801026957,0.15095070848976627,0.15095070848976627,-0.005660651568366234,0.7292806103911832,0.9764623955431755,boot38
C5,0.9558374738328834,0.13555151470652346,0.13555151470652346,-0.039118893505909455,0.5294696748939373,0.7669122610577133,boot39
C5,0.9394909703035514,0.2767456082265415,0.2767456082265415,-0.0009255705960753896,0.6969546588447685,0.410953344657473,boot40
C5,0.9174327691382421,0.056869467495134246,0.056869467495134246,0.04928687182911634,0.6492597539027826,0.69475532789889,boot41
C5,0.9623131322173484,0.015361536905965622,0.02259049544994944,-0.2900619615773508,0.5837384024266936,0.7599442669362994,boot42
C5,0.9465763732129422,0.2783486555609317,0.2783486555609317,0.06706089721434988,0.7349139420750671,0.9434457731388675,boot43
C5,0.9614764379143522,0.09586705342818712,0.09586705342818712,0.03165421575459009,0.6086653486525465,0.5553053849519519,boot44
C5,0.9310178200583551,0.3493138200984849,0.34651183758432585,0.18493084593449197,0.5286407010046589,0.7957630340211472,boot45
C5,0.9332960342758707,0.06894685472105638,0.06615171196209464,0.04472228414338792,0.6056142644417115,0.6885368329575765,boot46
C5,0.9654027539279352,0.16843612159854296,0.1756419449824378,-0.039632028611421864,0.5512454888679588,0.7079721474676725,boot47
C5,0.9508970590364761,-0.05029575651962043,-0.053039161420690636,-0.2624524022023829,0.5413652338111872,0.6447001517514982,boot48
C5,0.9233609861389228,0.05744608994438171,0.05556261158554953,0.14031913773299795,0.6347322069264473,0.7590417786093715,boot49
C5,0.9516977937904915,0.1909630679198475,0.1909630679198475,0.12426304898133614,0.5637522148638558,0.6313659326919357,boot50
C5,0.9608433734939757,0.20543546408613877,0.20543546408613877,0.009050020444323294,0.6552214801690065,0.8268991478166944,boot51
C5,0.9293670409079322,-0.0982435827903779,-0.08888705109605617,-0.2601115811021434,0.593204109419996,0.725131206309932,boot52
C5,0.8804932319673652,-0.1076471746226497,-0.09974646455860202,-0.13826242612083448,0.6666224116540234,0.7986665113035072,boot53
C5,0.9221717235582465,0.1621880324135285,0.1621880324135285,0.19707731845597362,0.6232923803798974,0.6861479787095356,boot54
C5,0.9522397772876822,0.029221722952784367,0.029221722952784367,-0.21824974330360822,0.47667935566729497,0.7095399604472954,boot55
C5,0.946430843618781,0.018375673685071956,0.018375673685071956,-0.04961431894969427,0.5181939979190291,0.5705646679214843,boot56
C5,0.9494328459929454,0.4048183372937703,0.4048183372937703,0.3159781139510199,0.6978994864657307,0.7565157163001228,boot57
C5,0.9456565634516104,0.1057466355808961,0.1057466355808961,-0.01747118326988718,0.5351699296354915,0.5489629690590867,boot58
C5,0.9326320674452779,0.13426236956161164,0.1314652368624114,0.2573362083264223,0.6694470926752579,0.681568001038459,boot59
C5,0.9527130802450173,-0.19714863882021738,-0.19714863882021738,-0.34683556829482687,0.5531114589122765,0.8287544631886917,boot60
C5,0.9528606632605129,0.36138318997098895,0.36138318997098895,0.2162823636947586,0.6579729292148562,0.7391928885770229,boot61
C5,0.9101534735567431,0.3735633713194886,0.3735633713194886,0.2589147663109499,0.6525416435069327,0.8034956401015086,boot62
C5,0.9638157894736842,0.18134441311767327,0.18134441311767327,0.0009022110105356878,0.5422288173319483,0.6234278082801602,boot63
C5,0.9538434880547553,0.3272800170603648,0.32454508655568215,0.17777048280437643,0.5998614240270754,0.5971264935223927,boot64
C5,0.9695743538505847,0.1712988342380741,0.1712988342380741,0.02242131338194687,0.5497706041253373,0.90313050302482,boot65
C5,0.9369038884812911,0.06775322597119608,0.06775322597119608,-0.05847196213952538,0.787051172925675,0.9086357291205611,boot66
C5,0.9077381737593331,0.3774311861682365,0.3774311861682365,0.30079541232697027,0.598716983134893,0.5748932941999733,boot67
C5,0.9371690113984772,0.22083158877639633,0.22639877168672565,0.05659969292168141,0.6791963150601771,0.8044579305425866,boot68
C5,0.9275246469491073,0.1078138465958058,0.11625145198156452,-0.047813097185966054,0.7096963641132609,0.7410507098871718,boot69
C5,0.8959074665305282,0.1815016636504759,0.1815016636504759,0.04658866232739488,0.589152459015181,0.24653167148246455,boot70
C5,0.8880490209996814,-0.09498104732102032,-0.09498104732102032,-0.3162770957184491,0.5924075631878072,1.0036657062272765,boot71
C5,0.9534883720930232,0.30733828207847297,0.30551431601272533,0.0127677624602333,0.6593637327677626,0.744826111547541,boot72
C5,0.9346998191415842,0.3525893668129439,0.3525893668129439,0.20932086420293503,0.6326141673688702,0.5786559001521137,boot73
C5,0.9006403447543322,0.10041164948408296,0.09751515959511904,0.03186138877860325,0.6603996946837765,0.6092283733120804,boot74
C5,0.9255524247367639,0.21984520317953501,0.21984520317953501,0.08079780971555561,0.7600631169754011,0.8906549257017062,boot75
C5,0.9218389008560555,-0.20846800114967817,-0.21129788351822587,-0.2971376486975051,0.7612383571393228,0.7286587060941061,boot76
C5,0.9157437892846453,0.1899145214122796,0.19846067487583224,0.07026837292254347,0.6571042440864875,0.5863964303893178,boot77
C5,0.9607092137539269,-0.010861541098291563,-0.010861541098291563,-0.16020773119980053,0.5756616782094528,0.7901771149007113,boot78
C5,0.9543493007346255,0.10022763556217172,0.10751691814851148,0.04373569551803857,0.550340835268652,0.8018210844973738,boot79
C5,0.9421002485954901,0.22521373214771265,0.22521373214771265,0.07199455371935078,0.5888785291403308,0.8067082044963152,boot80
C5,0.9117046205611968,0.04768897720711595,0.04768897720711595,0.0400587408539774,0.6228180423249343,0.8870149760523567,boot81
C5,0.9531481414586568,0.24632331374674973,0.24632331374674973,0.033755417068999045,0.6668975642550892,0.9141331865712713,boot82
C5,0.9260023792493876,-0.0347449572101081,-0.0347449572101081,-0.16902952156268802,0.6019329073426835,0.9456262678534825,boot83
C5,0.9191890561365297,0.20244687997471014,0.20906897417949033,0.08703323811996885,0.751134685513644,0.774785021959288,boot84
C5,0.951781212360156,0.1132887322803343,0.11146149466290954,-0.27774011784856156,0.6797323936820058,0.6377059284812365,boot85
C5,0.9245835451634091,0.08934692390353301,0.08934692390353301,-0.23230200214918584,0.6056780946723712,0.6987869943192109,boot86
C5,0.9449426053146058,0.3174795996208881,0.3174795996208881,0.2107328356903866,0.6377198914123926,0.7202371314811048,boot87
C5,0.9163600466660683,0.26285472188986303,0.26285472188986303,0.24197817358092086,0.6652027438440214,0.6832324901108353,boot88
C5,0.9579250554658592,0.21604667354533605,0.21604667354533605,0.08442159932653888,0.675372794612311,0.6535865754312687,boot89
C5,0.9359827289950213,0.33909953091614614,0.33909953091614614,0.2406213109788544,0.7051412163434381,0.7276281354754036,boot90
C5,0.9174772513335424,0.08624784393029203,0.08624784393029203,-0.08719562243502053,0.7743350383631713,0.9212407065960864,boot91
C5,0.9478155736365717,0.24312196277231993,0.24312196277231993,-0.02844068243751667,0.6541356960628835,0.5376206422059603,boot92
C5,0.9400689064934494,-0.07770013214598172,-0.08047513686548108,-0.1896253224991221,0.5772009816558642,0.8991015291177885,boot93
C5,0.8955540141923977,0.38645012030216525,0.38645012030216525,0.1359372282469928,0.778726121814916,0.8729112013860467,boot94
C5,0.9394754465510995,-0.051832809843705065,-0.051832809843705065,-0.1138470644781379,0.532211886788043,0.5303607150079107,boot95
C5,0.9403440773717022,-0.047161275488553506,-0.04161289013695897,-0.19789241087353823,0.48178479469679164,0.5400428408885342,boot96
C5,0.9473263615196569,0.4057184954405824,0.4057184954405824,0.22672504156973725,0.6397868581947647,0.6948617670781017,boot97
C5,0.9650480513404734,0.13515884771490785,0.1324556707606097,0.08920483949183919,0.6334444662905349,0.8713240382687727,boot98
C5,0.9191930870127883,0.08419482853089534,0.08419482853089534,0.0018920186186718055,0.6366642651830625,0.6461243582764216,boot99
C5,0.937130031027881,0.11784360649243782,0.11505989925245896,0.02412546274648333,0.7692311006474878,0.4296188173700686,boot100
C5,0.9575127073373406,0.10716170643573913,0.11261060676298011,0.10080465605395801,0.6030116362146677,0.571226384305762,boot101
C5,0.9366581418302836,0.37598980600895676,0.37598980600895676,0.1643214707742848,0.7436242829954921,0.7046327475575264,boot102
C5,0.9034398991982019,0.2156010697208754,0.2156010697208754,0.04042520057266413,0.7074410100216223,0.6650907998978789,boot103
C5,0.9198658218412225,0.2911577760552463,0.29777499823832004,0.13139912620675076,0.6532143612148544,0.5492294411951236,boot104
C5,0.8961135426070461,-0.025229722102401066,-0.025229722102401066,-0.1795191764978537,0.6472394093192889,0.6967284795970755,boot105
C5,0.9122519912019277,0.35459309926347204,0.35459309926347204,0.38700214597034854,0.7768639137089507,0.5538134157851539,boot106
C5,0.9471504397772231,0.05875748094054972,0.05875748094054972,-0.277261863188219,0.564622668413095,0.3176576313348469,boot107
C5,0.9072315779153689,0.31438212496936946,0.312465160792727,0.16677588336789725,0.6373905887336303,0.686273175238014,boot108
C5,0.9105549853951211,0.00095498375313817,0.00095498375313817,0.07257876523850092,0.5930449106988036,0.6249644892323645,boot109
C5,0.9592573306279291,0.3526278702960675,0.3526278702960675,0.09155633650360623,0.7016297470672398,0.7782432756187033,boot110
C5,0.9511552492906363,0.18650089402347622,0.18650089402347622,-0.07953714598060016,0.7112632134816886,0.8208896195580684,boot111
C5,0.9560142656435751,0.05366483500280155,0.059122275850544095,0.09186692093699927,0.5921323319800647,0.6476163139321137,boot112
C5,0.947693313240981,0.41840723532635765,0.41473699641998607,0.23489529000777976,0.7936891635028496,0.56579858450924,boot113
C5,0.9449003516998827,0.16933002481389578,0.17393138418383858,0.06533930305318805,0.6239443305642464,0.6856025461214802,boot114
C5,0.9199704836653919,-0.24102852686242562,-0.2429189466809544,-0.23535726740683913,0.5642903158308553,0.49870665341359716,boot115
C5,0.8617841474574741,0.09585775730024128,0.09585775730024128,0.07063203169491464,0.48837004771912407,0.3289434618934596,boot116
C5,0.9331468119570018,0.11648290577766192,0.11648290577766192,-0.04566129906484347,0.5125247854217123,0.41933846079958287,boot117
C5,0.9477773703148318,0.2559764595050253,0.25230654610710374,0.0651409628131068,0.6037007539580883,0.554156923086148,boot118
C5,0.9508134996777861,0.24509904238827476,0.243269945057019,0.03109465463134829,0.6081748626425475,0.7764518171180793,boot119
C5,0.9353064575977899,0.2119742336372017,0.22127134914760524,0.056712404613461845,0.5029739491128338,0.47787173723474413,boot120
C5,0.9486629735642066,0.045831092897210615,0.045831092897210615,-0.08524583278881175,0.5591393333459695,0.6718838218731077,boot121
C5,0.9531632675177182,-0.0875802328041491,-0.0875802328041491,-0.08210646825388979,0.5701838073186791,0.4889896331564992,boot122
C5,0.8865879568620066,0.11377276719887951,0.11377276719887951,0.03530878982034191,0.8111213661506322,0.8474109556882058,boot123
C5,0.941930301757973,0.08677832137073056,0.08677832137073056,0.023079340790087916,0.6831484873866023,0.8917857281289971,boot124
C5,0.898731146756045,-0.1886717935651247,-0.1886717935651247,-0.20124991313613302,0.4237858747770494,0.650192027055199,boot125
C5,0.9348172869818352,0.024185149298178554,0.02325495124824861,-0.05860247714558649,0.5627698202076163,0.6083495246541837,boot126
C5,0.970427318847788,-0.0430110834929302,-0.0430110834929302,-0.12724112199991852,0.5179251303940345,0.8037696227741331,boot127
C5,0.9545152818263152,0.2131744402040808,0.22137345713500703,-0.07470215425954968,0.5156270647671357,0.5885072152642573,boot128
C5,0.9452766738000611,-0.007359244051971427,-0.007359244051971427,-0.1683427076888464,0.5381447213004106,0.7267253501321785,boot129
C5,0.9317507418397625,0.11572417612849627,0.11572417612849627,0.09799224591525894,0.41996676820825257,0.5431570202160066,boot130
C5,0.9502662368239939,0.25073064824605307,0.25713617575598874,0.12994070091583773,0.45845275463968094,0.43191556924137603,boot131
C5,0.9234569735693455,0.16761214991683532,0.17232035637517337,0.07156473816673867,0.5696929814589066,0.5452103078755485,boot132
C5,0.9413582614603995,0.5413084882271896,0.5376135497409972,0.33531566762196213,0.7759370821004083,0.727612128686337,boot133
C5,0.9308758480500842,0.17374941113101097,0.1709470012740592,0.08220402247058585,0.5614161080093419,0.6716442290494458,boot134
C5,0.9486744155674547,0.41797452595288254,0.41797452595288254,0.4023921423099023,0.7140398151695077,0.8029510630147481,boot135
C5,0.9639602601181899,0.17410062831422612,0.1704923251367292,0.005412454766245372,0.6386696624169539,0.6188239949407209,boot136
C5,0.9217947763970533,0.32450871109488844,0.32450871109488844,0.19904458732855074,0.4301627100560149,,boot137
C5,0.9544737914936449,-0.20407329193485674,-0.20680641638041286,-0.3352632653215504,0.41270179127897366,0.6136647710377872,boot138
C5,0.9490594843936422,0.3784066654284146,0.3784066654284146,0.13926831270004608,0.5314185616185969,0.6569432908285068,boot139
C5,0.9622759744328864,0.44369446300553805,0.44369446300553805,0.24760139076072796,0.769913813606351,0.8376879169167694,boot140
C5,0.956833496515579,0.2408305974318947,0.2408305974318947,0.05180129831553962,0.6434266527614394,0.775370462440289,boot141
C5,0.9545831679953825,0.12297650774038571,0.12024369645726603,-0.08107340139921726,0.6276356580231538,0.8242041444490712,boot142
C5,0.9268415517471227,0.08631464552835134,0.09569667221621561,-0.013134837363009987,0.5516631692464193,0.8049778898187548,boot143
C5,0.9117740936144645,0.40437171307678393,0.40341800620631985,0.25559344128438233,0.8802714414383763,0.7238635146822618,boot144
C5,0.9705077833590291,0.29657267246257984,0.29657267246257984,0.10303884390693861,0.5232581290578447,0.5958333147662103,boot145
C5,0.855811749842072,-0.028449978738255895,-0.028449978738255895,-0.19914985116779127,0.7640851432560154,0.7234423164870785,boot146
C5,0.9724825290119452,0.1859874700280293,0.1859874700280293,-0.057226913854778245,0.598200083888229,0.8879113352780436,boot147
C5,0.9294817332200509,0.2806613146808679,0.2806613146808679,0.12629759160639056,0.7624632382163579,0.7998847468404737,boot148
C5,0.949832582005827,0.4788029146518183,0.4788029146518183,0.23711272446428477,0.6500001327013211,0.6738029544622146,boot149
C5,0.9125989186025131,0.021915432499773867,0.021915432499773867,-0.07908612597744481,0.66889711368875,0.6057394229555922,boot150
C5,0.9615508653742788,0.14107644098499308,0.14921546642643496,-0.07777290977377822,0.5552624023383702,0.7117125580460869,boot151
C5,0.8804024060917234,-0.2558118761898112,-0.2558118761898112,-0.3555686309974209,0.571872881520852,0.41285468821367216,boot152
C5,0.8969160849275648,0.25885801018077254,0.26564454977352686,0.3548390701354411,0.6738064309948949,0.5246166194446016,boot153
C5,0.925851109175485,0.07419729964474506,0.07419729964474506,-0.2009901534680436,0.575733476990237,0.6527483956088332,boot154
C5,0.9521450653553414,0.21279183500946902,0.21096529565316458,-0.14794968786066087,0.6968247644301495,0.8548204187504849,boot155
C5,0.9169270327239023,0.006638430654243767,0.00474173618160269,-0.011380166835846457,0.773851344837559,0.9919712091912829,boot156
C5,0.9508628772712299,0.2048482629321233,0.2048482629321233,0.12894466550638117,0.5322396831539988,0.6648423533555965,boot157
C5,0.8808261341386647,-0.019744310112724525,-0.019744310112724525,-0.39488620225449045,0.7305394741708072,0.5707346484965129,boot158
C5,0.9265036542586095,-0.16987661475957264,-0.16987661475957264,-0.22994348406682483,0.5668810790871927,0.7029700798614359,boot159
C5,0.9462929363812543,0.24902666484461738,0.25637800550423706,0.24167532418499768,0.6349720494746517,0.7688082893047548,boot160
C5,0.9575202074887316,0.19343444645425667,0.19343444645425667,-0.10352829528537683,0.4658773287841957,0.6693013475905502,boot161
C5,0.9043478260869565,0.19903846153846153,0.19903846153846153,0.03365384615384615,0.6009615384615384,0.7326923076923076,boot162
C5,0.925141960633046,-0.0028197787617252417,-0.0028197787617252417,-0.13910908557844529,0.6795666815757834,0.5103799558722688,boot163
C5,0.9412228912141227,0.06559459083612248,0.06559459083612248,-0.11825503700033349,0.6337730889236624,0.8940361603939935,boot164
C5,0.9192696679495211,0.2175640151883945,0.21567215418675628,0.26486054022934985,0.7387717211397221,0.7955275511888685,boot165
C5,0.9171941204163833,0.3991379233390035,0.3991379233390035,0.2654599015081258,0.7489761506836408,0.6257269106977251,boot166
C5,0.9552803763586223,0.19752907820967808,0.19752907820967808,0.010923266997770218,0.7091020826052499,0.7618978730944728,boot167
C5,0.921385450241553,0.22933328041015927,0.22933328041015927,0.22083945520978296,0.6294868231834413,0.6181617229162729,boot168
C5,0.8945386854241606,0.5249244387554374,0.5249244387554374,0.5657518951030825,0.5939422816288376,0.7825262466631985,boot169
C5,0.9502928530808433,0.14457785713362395,0.14457785713362395,0.07686417721028109,0.5490298372162935,0.5902070750075155,boot170
C5,0.9479378056262455,0.23116541347123754,0.23116541347123754,0.13025987584490373,0.5714922721927818,0.7311064862562553,boot171
C5,0.9189511812081037,-0.04636665855977048,-0.04920543357363397,-0.08421699207795046,0.752275378673827,0.6557570282024681,boot172
C5,0.9183499798450306,0.14108479363517615,0.14108479363517615,0.07764398038982848,0.5993736534970907,0.7707585370404925,boot173
C5,0.9604258738449174,0.19647081290979695,0.2055247674217692,0.10864745414366653,0.569493738803052,0.6383037930940407,boot174
C5,0.9336924486439349,-0.1089642853838491,-0.1089642853838491,-0.2561126365859701,0.5122252731719402,,boot175
C5,0.9426792027407156,0.27765450820789356,0.27765450820789356,0.08947670198061686,0.6189573920514837,0.8006781166925302,boot176
C5,0.9481096463209245,0.12381616915654754,0.12381616915654754,0.031183331491278644,0.5273651649260359,0.6236666298255729,boot177
C5,0.9265116072321558,-0.08071416279290487,-0.08071416279290487,-0.08352977312288994,0.49742449163069286,0.6419591552365923,boot178
C5,0.9589619794809897,0.3581771417626618,0.3554568090404137,0.15143185487180888,0.5531343201904396,0.5422529893014474,boot179
C5,0.9480294609830733,-0.14125409493012772,-0.14125409493012772,-0.07062704746506386,0.4953065666381102,0.6081263957056797,boot180
C5,0.935259516715103,0.145042281301229,0.145042281301229,0.10506267812204409,0.6285165523053257,0.9520724105926828,boot181
C5,0.9563488776608962,0.20640093689514158,0.20640093689514158,0.06728488691735893,0.5964714299701006,0.8765220403828918,boot182
C5,0.9601684971958995,0.2526730426593817,0.24995612822218402,0.1213555115281618,0.7344725361890987,0.9002043168581556,boot183
C5,0.955495004541326,0.15926186146470492,0.15926186146470492,0.1701826748222847,0.574252769052736,0.5460406678789882,boot184
C5,0.9627810924084022,0.08399579702494533,0.09393078376983136,0.018063612263429108,0.49584615663112896,0.7550589926113368,boot185
C5,0.9467410029584293,0.14971267748187542,0.1469572294300618,-0.03398385930570179,0.6603890497513402,0.6455724668386266,boot186
C5,0.9709903064304228,0.297320838593356,0.2964252938987977,0.034030698393215444,0.5892684090193622,0.8409164681902447,boot187
C5,0.943669672603209,0.32620110181919065,0.33449435017052603,0.14835699828499915,0.7067690539415799,1.0071689386677272,boot188
C5,0.9411532587488216,0.2956594656380834,0.2956594656380834,0.24946267413213277,0.4656636583799812,0.6356678511218791,boot189
C5,0.9343629343629343,0.01861300754581387,0.02419690980955803,-0.09120373697448797,0.6626230686309738,0.7017103844771829,boot190
C5,0.9139111565834298,0.17887762906923377,0.17887762906923377,-0.0513797445198863,0.5490020849624888,0.6812573532636778,boot191
C5,0.9360960083408898,0.03715709541086484,0.04551744187830943,-0.01857854770543242,0.7301369248234941,0.8100246799568535,boot192
C5,0.928456541110959,0.18918728678766608,0.18918728678766608,0.14797817481411502,0.6031515479765195,0.3521505932285269,boot193
C5,0.9296161687793634,-0.03554529210077902,-0.03554529210077902,-0.11131288842086061,0.7034226226259427,0.5172775403087052,boot194
C5,0.9137605325497016,0.10277642788555512,0.10277642788555512,-0.04567841239358006,0.7137251936496886,0.9154715150546671,boot195
C5,0.9353533943417228,0.07623252158748947,0.08274017586934834,0.0334679363067027,0.7000376677485316,0.8886030115441613,boot196
C5,0.9401929448593142,-0.07214060404023867,-0.07214060404023867,-0.16277879886002572,0.5438291689187223,0.7269553176362513,boot197
C5,0.9450616654775252,0.2530315676932888,0.2530315676932888,0.19230399144689952,0.6413200097535355,0.49594187267884604,boot198
C5,0.955939042403718,0.17465184947286663,0.1828386549169073,0.09824166532848747,0.6349322444378172,0.9114643394365226,boot199
C5,0.9481020101487466,-0.09446791213664082,-0.08713059857262988,-0.32467612520748396,0.43840448544965344,0.7291455354235868,boot200
C5,0.922656554954553,0.012251956337798705,0.012251956337798705,0.017906705416782725,0.502330209849747,0.6003458605521365,boot201
C5,0.9116065258540397,0.1383129156558137,0.1449900908943702,-0.014308232654049692,0.5971302427623404,0.784091149441923,boot202
C5,0.9474028308979764,0.20008935081144819,0.20008935081144819,0.09729115222941975,0.6094464630220257,0.7764935357178219,boot203
C5,0.9363146864183755,-0.09379975368375053,-0.09379975368375053,-0.11423138319902292,0.46528392668870305,0.5507252864798422,boot204
C5,0.9536848490100082,0.20241852270303157,0.20241852270303157,0.12491593518160055,0.4203375629103493,0.4713980911597626,boot205
C5,0.9329896907216494,0.25537352870526064,0.25537352870526064,0.06803747297621907,0.7782368484266153,0.808061494114821,boot206
C5,0.9476742074875629,0.3872180110419922,0.3863004328167743,0.0834996184948372,0.6533156963552097,0.8129743075431402,boot207
C5,0.9165626098204738,-0.06546197647289162,-0.0588209063959316,-0.2106167938693035,0.6138246199704475,0.6963636337840935,boot208
C5,0.9390289442276292,0.2713256180886055,0.2713256180886055,0.19631751206411044,0.6556264082141048,0.749396893572513,boot209
C5,0.9360881967465884,0.3864370170375198,0.3864370170375198,0.23966526537423105,0.6818383906383162,0.6558282067992524,boot210
C5,0.9529401138108572,0.00821256954461158,0.00821256954461158,-0.2564146713373171,0.7154060581083865,0.5079209797839735,boot211
C5,0.9370052746253109,0.16982875026636501,0.16982875026636501,-0.08352233619657295,0.6468340925445705,0.8064545572757987,boot212
C5,0.9424978652907217,0.025833295738496152,0.025833295738496152,-0.12916647869248077,0.5572610937875598,0.6984216026443424,boot213
C5,0.9419457537267386,0.10616322607151993,0.11170217699699055,0.008308426388205907,0.5557414095222174,0.43480764764944246,boot214
C5,0.8444837856912164,0.15136594582676932,0.15136594582676932,0.13592044115056834,0.6394438935947194,0.6476814960886931,boot215
C5,0.9523571963083062,0.2574846835356549,0.2574846835356549,0.027391987610176055,0.750540460518824,0.759418708260777,boot216
C5,0.9101329803237259,0.15860080802215662,0.15860080802215662,0.16337794079390833,0.7108373564366537,0.6880388443375355,boot217
C5,0.9363576304778682,0.039004049245367906,0.036218045727841625,-0.05479140251135015,0.5720593889320627,0.6101347703382553,boot218
C5,0.9363654381161409,0.0009286600957215689,0.00835794086149412,-0.20430522105874516,0.7243548746628237,0.6952425734396964,boot219
C5,0.9368024829954434,0.04455488877582919,0.04455488877582919,-0.05012424987280784,0.5987063179252048,0.698026590821324,boot220
C5,0.9293353973244468,-0.1637448799234231,-0.1637448799234231,-0.32561838979057856,0.553925536655237,0.5997741030337955,boot221
C5,0.9553029729525128,0.1146915905146573,0.1146915905146573,0.06735855315940191,0.5388684252752153,0.7245595718227557,boot222
C5,0.9437851707146399,-0.21559806954318872,-0.21099127318542832,-0.4109262351122316,0.5758495447200555,0.4302747798148254,boot223
C5,0.907952203125412,0.20495237070980005,0.20495237070980005,0.2557116027080215,0.6790244431460197,0.598575849035631,boot224
C5,0.9463504021174793,0.12220861707700366,0.12220861707700366,-0.2683076404998877,0.7093612961161415,0.7589798323729701,boot225
C5,0.9292167172252747,0.2564104424172285,0.2564104424172285,0.13756326655230872,0.7327349504112769,0.8983723529946692,boot226
C5,0.9121131582503715,0.20783081098723652,0.20783081098723652,0.016206989847628535,0.581544929826671,0.6846558373834152,boot227
C5,0.9350286638247832,0.1701877610165205,0.1701877610165205,0.002789963295352795,0.7142306036103155,0.6677312153544355,boot228
C5,0.9560405912167639,0.251944914714169,0.25649265685702405,-0.011824129571423094,0.7349151302853738,0.7731161642853561,boot229
C5,0.9265155836747394,0.26748183335848025,0.26748183335848025,-0.05631196491757479,0.7761665831139059,0.9000529059325703,boot230
C5,0.9427486346572689,0.05995419887400097,0.06641080490658569,0.0728674109391704,0.6724093996791801,0.6668751659369647,boot231
C5,0.9582322300947944,0.0018149362755316243,0.007259745102126497,-0.0825796005366889,0.579872140032354,0.36389472324409067,boot232
C5,0.9459365088602438,0.1553555871484418,0.1553555871484418,-0.05975214890324686,0.6719818592042069,0.7776971995714899,boot233
C5,0.9431264929523531,0.23418869777052234,0.23234469227626625,-0.113406337896749,0.5338395905871356,0.45454735433412413,boot234
C5,0.8810551595789864,0.1539655859661103,0.1539655859661103,0.2664788987874986,0.5566448108005526,0.7813642203760472,boot235
C5,0.9495699326173397,-0.16758158542782706,-0.16758158542782706,-0.32966869264490567,0.5430375964956362,0.7410040219157925,boot236
C5,0.8674157303370785,-0.35487722460013515,-0.35487722460013515,-0.5874521288578509,0.5814372606442894,0.6345685965307502,boot237
C5,0.9463044300299601,0.2756719264318905,0.2756719264318905,0.014702502743034163,0.7498276398947423,0.692546558522524,boot238
C5,0.9270719950241019,0.1763382582442425,0.17258638040925867,0.129439785306944,0.6950353689307645,0.7050283984742259,boot239
C5,0.9309428950863213,0.07939589406438007,0.07939589406438007,-0.07472554735471067,0.45115549215406564,,boot240
C5,0.9475710244295711,0.1853709847436338,0.1853709847436338,-0.08075567652197908,0.7011061007135456,0.5446569592269279,boot241
C5,0.9328914664457331,0.03448837748088656,0.03448837748088656,-0.0149138929647077,0.6440937524133138,0.8556846088501042,boot242
C5,0.963063150098219,0.35936060525879643,0.35936060525879643,0.1553015681017914,0.6798958184921451,0.9362355451229525,boot243
C5,0.9542964775162918,0.12027982016070324,0.12027982016070324,0.18679820555260734,0.5831748856276522,0.918500444863552,boot244
C5,0.9136913129041325,-0.04282675585284281,-0.03711652173913044,-0.25696053511705685,0.7033105016722409,0.8534707657604954,boot245
C5,0.9171172450386557,-0.12231142054116563,-0.12231142054116563,-0.13558552819679598,0.6144015543463204,0.6482018275195857,boot246
C5,0.8687729817083167,0.15013678527641874,0.15013678527641874,0.2101914993869863,0.7336684240507665,0.7106474503083821,boot247
C5,0.9448849859099547,0.17209363898990998,0.17209363898990998,0.02668831834602882,0.5181214906487662,0.7104614401080773,boot248
C5,0.9662884476135103,0.143984371464055,0.15028368771560735,0.021597655719608245,0.6767265458810583,0.7541181455429878,boot249
C5,0.9384109866037578,0.3928935801447453,0.3928935801447453,0.123242561696347,0.7561348146181891,0.9181681987709754,boot250
C5,0.9351969224325128,0.10785917147270169,0.10785917147270169,-0.09577150570420925,0.5365063960323179,0.7875579158394682,boot251
C5,0.9575427072954024,-0.024519283255657606,-0.01816243204122786,-0.06720099855254309,0.7274054032511756,0.5937744276574165,boot252
C5,0.9076846533086071,0.26249300205388637,0.26249300205388637,0.1341205119983361,0.62078636982087,0.6763505819344664,boot253
C5,0.9699076542472647,0.3873071547255529,0.385514066046268,0.35951428019663595,0.7817866641682457,0.8570963886982143,boot254
C5,0.9545303684035844,0.0009109874826147427,0.0072878998609179416,-0.1967732962447844,0.45822670375521557,0.4964881780250348,boot255
C5,0.9399409615152479,0.08881223852080311,0.0962132583975367,-0.03145433447611777,0.5652528930855282,0.15264603495763032,boot256
C5,0.9604967233048888,0.2616399845294588,0.2616399845294588,-0.0027159859985756967,0.4716762350859793,0.6943870869691865,boot257
C5,0.916015515416294,0.25440996832347346,0.25440996832347346,0.10062483821749321,0.714816067714834,0.5154649731330078,boot258
C5,0.9322309299317998,0.3712459492703789,0.3712459492703789,0.2602452759960696,0.7844669430562529,0.5777145472882647,boot259
C5,0.9348055413635813,0.519057033612115,0.519057033612115,0.2958066965746462,0.8250960373009785,0.7730042919922357,boot260
C5,0.9474143003465033,0.2716776644111123,0.2716776644111123,0.1679628803622755,0.5589584379269168,0.5286700496648671,boot261
C5,0.9516029838435436,0.07493077369102737,0.08041351322939524,-0.12793058922858333,0.7282905686798636,0.8405041304978591,boot262
C5,0.9558939032562562,0.37661083387356964,0.3829786499052484,0.26926764933955705,0.8214482680865541,0.7322988436430521,boot263
C5,0.9228167338822086,0.00848065132455724,0.0056537675497048264,-0.09234486997851217,0.6426449114831153,0.7026333810444867,boot264
C5,0.9005944680705774,0.27421501074529925,0.28290492305765025,0.21338562455884197,0.7647122834868907,0.8738189602975205,boot265
C5,0.9381231381429246,0.2057762679673498,0.2057762679673498,0.2076301082193079,0.5088791491625001,0.7702706246885931,boot266
C5,0.954579396772832,0.012753169704515814,0.012753169704515814,-0.26963844518119146,0.6686304687939004,0.6631648246348222,boot267
C5,0.9324158052561389,0.15854094935243318,0.15854094935243318,0.10165272634950129,0.5427696030771536,0.959639040492081,boot268
C5,0.9412190229840962,-0.03972646475979468,-0.03972646475979468,-0.10532132517713011,0.6513292478059362,0.5894298724825352,boot269
C5,0.9521374876610392,0.330606254637581,0.330606254637581,0.2876822381514862,0.6192017697355798,0.7361012188891995,boot270
C5,0.9602916062741271,0.0,0.0,-0.15212770325937514,0.45185549956207255,0.38937447858054347,boot271
C5,0.9395841032752872,0.318364725137295,0.318364725137295,-0.005552873112859798,0.6543135484653129,0.6904072236989014,boot272
C5,0.9472001627516656,0.09914804406857214,0.09639393173333405,-0.004590187225396859,0.7169872446069894,0.5352158304812736,boot273
C5,0.9212971234589958,0.17083663927756862,0.17083663927756862,0.20009595318698642,0.6484241501861306,0.49080139460958944,boot274
C5,0.9163438383415349,0.09204822748589142,0.09204822748589142,-0.11197619426118749,0.722151557904777,0.5323613981400525,boot275
C5,0.8794976685199934,0.059322400628162894,0.059322400628162894,0.053390160565346595,0.5220371255278334,0.8710505825568583,boot276
C5,0.949181427561325,0.1786436317311413,0.1786436317311413,0.03389648396949861,0.620214044522988,0.7631289499079011,boot277
C5,0.9266984681935349,-0.2589839178949388,-0.2589839178949388,-0.46729706924521563,0.464482026659401,0.6935406417668567,boot278
C5,0.9339238811350876,0.027001548856100246,0.027001548856100246,-0.07355594343558342,0.5418931529051841,0.5940340748342054,boot279
C5,0.9668007187473261,0.1942759074485237,0.20057188593065178,0.04766955136468405,0.5855259988379118,0.8463593930975036,boot280
C5,0.9316325966341632,-0.10640507335268302,-0.10920520686196414,-0.07187009340488239,0.6430973292982334,0.8437735641300477,boot281
C5,0.9005527586717098,0.04345157394256944,0.04345157394256944,0.2076019643922762,0.626668255305057,0.6759133724399691,boot282
C5,0.9221075809535144,-0.15182610238951902,-0.14805402531151857,-0.25461520276503186,0.5865579856290736,0.6657716042670835,boot283
C5,0.9416984680555809,0.13666333390097135,0.13666333390097135,0.06556146423627679,0.42753461889290356,0.40721979898870514,boot284
C5,0.9349660423955548,-0.29575591689077313,-0.29575591689077313,-0.33946826938720814,0.4166624237958062,0.7068380403678853,boot285
C5,0.9187414419019403,-0.0028394230772626297,0.0018929487181750864,-0.0283942307726263,0.7448753206018967,0.7780019231699605,boot286
C5,0.9490023137906274,0.4260767547255583,0.42332787243700637,0.27122305247046297,0.7192908655044372,0.7501498115020915,boot287
C5,0.9385043093501726,-0.27518346691880313,-0.27796309789778084,-0.4113853848887158,0.5688978070307916,0.7057164301251238,boot288
C5,0.8968195055101924,0.1473807296020906,0.1473807296020906,0.107626717012053,0.7756880505373187,0.7001277252815945,boot289
C5,0.9146067415730336,0.3032902467685077,0.3099455186411708,0.14546522807392376,0.7092618310009614,0.7710607841042625,boot290
C5,0.9551033358812755,0.4197132919104593,0.4197132919104593,0.2521921515383888,0.6755472073699801,0.853685667295367,boot291
C5,0.934703735153674,0.4995770362064065,0.4995770362064065,0.29304798213224964,0.6726148923225921,0.6800573807576967,boot292
C5,0.9354237916986565,0.23611711309620362,0.23611711309620362,0.22775075869515704,0.6135326560767494,0.6683787571502772,boot293
C5,0.9357873631175775,0.33824109151884885,0.33824109151884885,0.10407418200579965,0.5120078061178178,0.584488040014714,boot294
C5,0.9407236560751217,0.07302426353401634,0.08041912566404331,0.1201665096129383,0.6368825009485729,0.7311669931064169,boot295
C5,0.949627041485745,0.3818432708959637,0.3818432708959637,0.12361832511020407,0.7041666074796069,0.752698246226576,boot296
C5,0.9132880349187777,0.48653634899144826,0.48653634899144826,0.5465202824287501,0.7112380678994362,0.5103394971808538,boot297
C5,0.9447889395820663,0.21076711045188076,0.21628939282179901,0.2687510753360226,0.8172977907479045,0.843068441807523,boot298
C5,0.937671601960432,0.051932523147872736,0.051932523147872736,-0.08809981605442695,0.6083524140179376,0.4905768704504406,boot299
C5,0.9094275435401079,-0.029641197839904203,-0.029641197839904203,-0.037290539217943994,0.6951338977293663,0.5474041192500404,boot300
C5,0.9435926598280877,0.15758457913503032,0.15574148464222293,0.1068994805828276,0.6386322417577543,0.8929792817651717,boot301
C5,0.9443815088277826,0.12522573606085233,0.12522573606085233,-0.1123348514663528,0.6601974467325817,0.7467505290099355,boot302
C5,0.883241297721396,-0.04922580158075864,-0.04922580158075864,0.062024509991755884,0.6064618754749465,0.9539960346351025,boot303
C5,0.958194779470182,0.17061067788321474,0.16879567067169118,-0.04809769110537437,0.4809769110537437,0.6352525240332464,boot304
C5,0.9385781782221733,0.13248531552533263,0.14082355216678713,-0.0926470737939389,0.5670000916189062,0.5493971475980577,boot305
C5,0.9025096854088321,0.41526713203734494,0.41526713203734494,0.2476186843006906,0.7129876512938171,0.9548253546380716,boot306
C5,0.9313410600300167,0.2931723833286911,0.2931723833286911,0.16899427191876779,0.5770080665513728,0.8094918991910036,boot307
C5,0.9660192096362156,0.1314223573120661,0.1341228167088894,0.07201225058195404,0.6922177587190331,0.8398428724120389,boot308
C5,0.9201757229568851,-0.06425993786556272,-0.06425993786556272,-0.2570397514622509,0.559439459064899,0.766115737365835,boot309
C5,0.9589245813066251,0.13783556665465688,0.14327644428576175,-0.262975752170069,0.6918982720888367,0.620260049945956,boot310
C5,0.9403208290216066,0.07490505414198073,0.07120603912262365,-0.10542192805167658,0.5511532378842039,0.7083613762068794,boot311
C5,0.9300469258232325,0.24496192679187784,0.24963677272302054,0.1374404703755956,0.7919189007355745,0.6961972262633308,boot312
C5,0.9391765257116083,0.3610933892599707,0.3610933892599707,0.25924653587895335,0.6360798933887177,0.6934844834762002,boot313
C5,0.931009933713763,0.1204862687082412,0.1260902812062989,0.018680041660192433,0.7117095872533316,0.7621456997358512,boot314
C5,0.9345666575981059,0.22237695435299135,0.21958561182973207,0.2893691749112147,0.5582685046518612,0.7555233762955188,boot315
C5,0.9493680982039923,0.15296215617426898,0.15296215617426898,0.13281145296568267,0.7171818460146863,0.7932049535743529,boot316
C5,0.9454071718134773,0.4249376801999161,0.4249376801999161,0.21614795421424302,0.6732778829141528,0.741341494028425,boot317
C5,0.9400727831318691,0.2737993365687308,0.2737993365687308,0.27657432984476515,0.6613733974548732,0.8278729940169393,boot318
C5,0.9289080257978675,0.4362298312110009,0.44278263983434213,0.30423754322655644,0.7470201830608983,0.6947487628340437,boot319
C5,0.8804716080955268,-0.1501171779171533,-0.1501171779171533,0.048393037618029676,0.4612152768902012,0.44047540362533133,boot320
C5,0.9511894120073974,0.0182837446761769,0.02742561701426535,-0.08959034891326681,0.6335317530295295,0.8099698891546365,boot321
C5,0.9294896421289044,0.32182223579972324,0.3274354143311138,0.1852348915358872,0.7998779407231494,0.9897904810351954,boot322
C5,0.9329229001815282,0.08015947371546026,0.08575199513746912,-0.0307588678210487,0.7186390027281379,0.8202364752279654,boot323
C5,0.9487201810900224,0.29513444067174455,0.29513444067174455,0.03941236319529508,0.5902688813434891,0.7644165326715371,boot324
C5,0.9309350076361784,0.3026410309245669,0.3091795717161471,0.08500103029054193,0.6529200019020749,0.5894027484981534,boot325
C5,0.9359045912522397,0.4199610536528917,0.4199610536528917,0.29731756010824195,0.6550277496134704,0.5937060028411456,boot326
C5,0.9039956129569049,0.1741062700879824,0.17314435699357364,0.16352522604948622,0.7445207350723667,0.9696083991640123,boot327
C5,0.9563827028895738,0.4227887276351582,0.428244066056257,0.2509455673705455,0.7364706868483402,0.7810226172873138,boot328
C5,0.9410023569823318,0.13584034727228828,0.14508118722278407,-0.0415837797772311,0.4287749737030052,0.7642174639060026,boot329
C5,0.9494480796070399,0.11723057870858392,0.11723057870858392,-0.04670905870420141,0.6026384436738143,0.4799126815882654,boot330
C5,0.9471121881392078,0.2194313298457681,0.21667696168870826,0.047742381389037414,0.6922645301410426,0.6243234489335662,boot331
C5,0.9606644861421931,0.21724093602334213,0.21724093602334213,0.04616369890496021,0.4399128954472678,0.5331454638239522,boot332
C5,0.9600005741887787,0.064311555737301,0.07336952133410396,-0.05253620046145716,0.3596012341930774,0.2717389679040887,boot333
C5,0.9314356298740805,0.4023709171897563,0.4023709171897563,0.40517164283144835,0.7645981001819269,0.5377393232048715,boot334
C5,0.9474066540752578,-0.03671349419600888,-0.03671349419600888,-0.11931885613702888,0.4662613762893128,0.5764018588773394,boot335
C5,0.9081496942593087,-0.05553575905768543,-0.05553575905768543,-0.29970159629406096,0.5840829831928984,0.7190923284883061,boot336
C5,0.9505437400187583,0.2378501346158752,0.2378501346158752,0.021040588831404344,0.3704973250747286,0.6403657470427409,boot337
C5,0.9535715059470935,-0.018238070495356223,-0.018238070495356223,-0.12675458994272573,0.6720728977538768,0.5749994376950935,boot338
C5,0.9550242132933323,0.29682834940070346,0.29682834940070346,0.027315492276138355,0.7174869304532342,0.6737821428114127,boot339
C5,0.9572613898863711,-0.02543487739523962,-0.029068431308845278,-0.23890616981957213,0.586818957047314,0.6128412695289708,boot340
C5,0.9287971700728551,0.1806918586362159,0.1872454493639543,-0.01123472696183726,0.7077877985957473,0.8557117035932712,boot341
C5,0.9055725917309929,0.08258046828990921,0.0873816583067644,0.128671892451719,0.4964430477428263,0.6452799382653371,boot342
C5,0.9647152967065944,0.3380136685247505,0.3380136685247505,0.23615888307595898,0.5750739213834423,0.6462821342193229,boot343
C5,0.8564303105158688,0.12793243775469362,0.12793243775469362,0.2507881914715026,0.7432265431463155,0.5580489039319189,boot344
C5,0.9424322598303075,0.03229386758701965,0.029525821793846538,0.028603139862788833,0.5794442527042383,0.4991709247022179,boot345
C5,0.9445891071981354,0.23750837732230773,0.2421112528518098,0.09942211143724508,0.7686802134268484,0.9343837324889238,boot346
C5,0.9090785892556663,-0.0066957429134075165,-0.0028696041057460786,-0.08321851906663628,0.7690539003399491,0.8484462805989238,boot347
C5,0.962015795411809,0.24947615324472242,0.24947615324472242,0.013558486589387088,0.6074201992045415,0.7945273141380833,boot348
C5,0.9344608879492602,0.42805429864253386,0.42805429864253386,0.26241589612433597,0.7928310053118234,0.6290537084398975,boot349
C5,0.8968614986391581,-0.022299987267093924,-0.023269551930880615,-0.10471298368896274,0.7465647911157531,0.4120649821093442,boot350
C5,0.9410139663375453,0.012937016323848515,0.01016479854016669,0.1386108891840912,0.46573258765854647,0.4394920708553345,boot351
C5,0.9496841441447972,0.11262325732040745,0.11994834722742583,-0.1758021577684409,0.6381984581489756,0.7856158925277203,boot352
C5,0.9432382563795882,0.11615858098445479,0.11615858098445479,-0.05346982299284428,0.4766189394362153,0.5466828454268389,boot353
C5,0.9217346008594869,0.2094349914616018,0.2179255992235586,0.0896230819317665,0.6509465950833568,0.5207572760666855,boot354
C5,0.9630000715665926,0.22303488342035876,0.2293557100759965,-0.09300644936152613,0.6709106007341156,0.855862100756862,boot355
C5,0.9579063194459427,0.27596417386603783,0.27596417386603783,0.2242208912661557,0.5991327458933715,0.8596647126682164,boot356
C5,0.931668042939719,0.31640304819892295,0.31640304819892295,0.25293577009412427,0.6309394117477047,0.8670750199905588,boot357
C5,0.9250821581442275,-0.21525702666461188,-0.20679714352058784,-0.18423745513652373,0.5517723783935684,0.7162701061940361,boot358
C5,0.895065541143367,0.06994872752245253,0.06994872752245253,-0.15252708640312568,0.5906781435229326,0.773322043164892,boot359
C5,0.9377806286080821,-0.051926485457681554,-0.04265389876880985,-0.2466508059239874,0.41541188366145243,0.6991530363409266,boot360
C5,0.9652106535455282,-0.09549616211227457,-0.09819888368148989,-0.2720739713010087,0.4792826249408498,0.6846894642012139,boot361
C5,0.9152648954566892,-0.07790569503980402,-0.07125520887786953,-0.08170597284662373,0.5481900736337431,,boot362
C5,0.9493338167316232,0.2060941793758458,0.2060941793758458,0.029311172177898068,0.5733998057301308,0.6182825381275373,boot363
C5,0.9187172359755984,0.21201584238137194,0.2091763444923357,0.2697522994584419,0.4514801643567608,0.6625495074417873,boot364
C5,0.8919731137161341,-0.013648295959010875,-0.013648295959010875,-0.0653168449466949,0.5020623156350429,0.5787160823555121,boot365
C5,0.9386947923533288,-0.05187591597459698,-0.05372862725940402,-0.13524792379091352,0.6428908158280412,0.6345536150464094,boot366
C5,0.9364005710699487,-0.04085951114008806,-0.04457401215282334,-0.21172655772591087,0.6630384307732471,0.6026777893162988,boot367
C5,0.8983753126591805,0.17325962959992172,0.17325962959992172,0.14518963374295113,0.7017498964242639,0.6819395089027174,boot368
C5,0.9454186847937235,0.20694764876128072,0.20418834677779701,0.012876742589590802,0.5555394660080603,0.7594687404421064,boot369
C5,0.9293156191348809,0.20117656250432128,0.20117656250432128,0.26199738372655795,0.6709004433283645,0.6078012601079367,boot370
C5,0.9469515009029762,0.2901760105281317,0.2874211749851431,0.16804496812230413,0.6492229096309783,0.6345339599219639,boot371
C5,0.92460748915516,0.062070992308602364,0.06865427937163594,-0.057368644406435514,0.639519314694691,0.8558273181943659,boot372
C5,0.9489832555406861,0.4462441864986197,0.44441156150273214,0.19975612455174352,0.721137935881753,0.7898613732275364,boot373
C5,0.9142041431092427,0.39949216382046765,0.39758982018322736,0.253962875571583,0.7685468294450901,0.4755859093100805,boot374
C5,0.9417912137267718,-0.0360090888340986,-0.029545919043362956,-0.10156409671156015,0.569682251554842,0.7321848062933383,boot375
C5,0.8478923745423175,0.18665207320757515,0.18665207320757515,0.1097350100725854,0.6943046898985076,0.4897455651560919,boot376
C5,0.9502890508410727,-0.020131174578594705,-0.020131174578594705,-0.1445784356099074,0.40536865174170245,0.32262646376541476,boot377
C5,0.9351499718906049,0.20457076787301232,0.2017811664929258,-0.03719468506782043,0.7383144985962353,0.8182830714920493,boot378
C5,0.9520579152533792,0.028313951606564042,0.02740059832893295,-0.13517628508940255,0.6201668755115157,0.670401305781226,boot379
C5,0.9164896958095294,0.14706396516176817,0.1537055635884287,0.1669887604417497,0.6053342566013427,0.7476542228869247,boot380
C5,0.9667454621300445,0.34270070127468627,0.34270070127468627,0.17539799671539058,0.8149260770468918,0.8434050746215527,boot381
C5,0.959163883202241,0.3073328905082395,0.3073328905082395,0.23299278129975676,0.5294466314360231,0.7687855196194309,boot382
C5,0.9394211098383514,0.3915454774268533,0.3980249534126405,0.32397379928935854,0.7729089211617552,0.7321807863939503,boot383
C5,0.9493261983228374,0.344409036974604,0.344409036974604,0.19510405552018792,0.5935559998924028,0.8106436109641612,boot384
C5,0.9504487211989076,0.19670342814844466,0.2031077258090917,0.17932033449811702,0.4977054181988553,0.5654079934685525,boot385
C5,0.9253053868233094,0.4595427600007528,0.4595427600007528,0.37308481742392396,0.7386515528846456,0.7057599442956346,boot386
C5,0.8941590380938934,-0.012642435343699913,-0.012642435343699913,-0.059322196612745744,0.6972789339563722,0.9053928696142015,boot387
C5,0.9362990695369706,0.010215985151020868,0.0176457925335815,-0.2553996287755217,0.5962420424504906,0.6510368718968752,boot388
C5,0.9364239917497623,0.1717913750979374,0.1717913750979374,-0.041787091240038834,0.7159521632459988,0.7549534484033683,boot389
C5,0.9446621316513961,0.4620929796003744,0.4602519717135203,0.3092893249914856,0.7143110600993835,0.5762354685853274,boot390
C5,0.8609699442276173,-0.2949151072933773,-0.28784522458428946,-0.41914304632449173,0.6847686395373624,0.9493842495060776,boot391
C5,0.9261337108046215,-0.17370015078884063,-0.1643109534489033,-0.17463907052283437,0.3605451778535936,0.7135789978352371,boot392
C5,0.938076445304341,0.09640449140512829,0.09640449140512829,0.10660112030374763,0.7258145843289947,0.5598876231605527,boot393
C5,0.9488917663188361,0.2025245869600117,0.20985579372779495,0.19794258273014717,0.5223484822045551,0.48294324582772025,boot394
C5,0.9403983195550988,0.17383938004792113,0.17383938004792113,-0.00924677553446389,0.6149105730418487,0.6648431609279538,boot395
C5,0.9498287764309398,0.3149309035536026,0.3149309035536026,0.13366253464774994,0.7140875138715407,0.7479608959398061,boot396
C5,0.9440199390023939,0.2404149662124402,0.2404149662124402,-0.013816952081174727,0.6862419533650114,0.5397822613045593,boot397
C5,0.9396423030764277,0.04349481189127251,0.04349481189127251,-0.05830155636489719,0.5515512316425195,0.6089273664778152,boot398
C5,0.9510071851302192,0.10423731422074901,0.10149422700441352,-0.1956735547652657,0.6994872401655527,0.8677299227674633,boot399
C5,0.9586327833036279,0.32473784878634543,0.32927329360179713,0.051704070896149965,0.6104708721598057,0.7800965082577012,boot400
C5,0.8845136779870438,0.04129019147962768,0.04129019147962768,0.02064509573981384,0.6567106644855069,0.8877391168119951,boot401
C5,0.9431573266037715,0.27290389109807384,0.2821236171486844,-0.0507084932783583,0.7182166593425658,0.8032127694634408,boot402
C5,0.9548433166593936,0.32966938470800405,0.3269373179839045,0.07012304591855334,0.6438570579794444,0.550966789360062,boot403
C5,0.8882964235981908,0.28877943478749046,0.28877943478749046,0.3925442486433345,0.6734923767247235,0.6447546125307121,boot404
C5,0.9450501447006787,0.23095162811106293,0.23095162811106293,0.09477297886629275,0.7011360184088843,0.5502353530295443,boot405
C5,0.9503955031437428,0.3595757022254094,0.35774580043291365,0.23148257675070885,0.7301308152057929,0.6514450381284771,boot406
C5,0.9297387129535593,-0.14122714908682696,-0.1430977073528777,-0.18050887267389143,0.6079314364664737,0.7846991926082638,boot407
C5,0.9319554649752891,-0.1959414398165644,-0.18754394953871165,-0.14928871605071573,0.5047824711464824,0.6092845723819835,boot408
C5,0.9433499961715579,0.2461164085288818,0.2525688986401259,0.1862004289244724,0.6894946576015117,0.9706388695914329,boot409
C5,0.9566644945511101,0.2136044843838815,0.2217850816581578,0.16906567700171046,0.7471612177172366,0.8507821165247365,boot410
C5,0.9222879625738649,0.23193736897669726,0.23853721280936752,0.11879718898806443,0.791038425087191,0.9098356140752554,boot411
C5,0.9535715059470935,0.19423545077554372,0.19423545077554372,-0.09939748419969141,0.6729848012786446,0.7962648970062903,boot412
C5,0.9321365008125047,0.2677346259627948,0.27426473879115565,0.14366248222393868,0.8377201885525775,0.9142157959705189,boot413
C5,0.9480714643513107,0.48336110387919806,0.48336110387919806,0.3650431107095272,0.7465957088380781,0.7553903481804236,boot414
C5,0.9609104403760516,0.3927434737831907,0.3927434737831907,0.32125330228809373,0.7601486589352079,0.8806121117071701,boot415
C5,0.9278936328424136,-0.11339380676860097,-0.11339380676860097,-0.14338225153385084,0.5163635333016457,0.65131153474527,boot416
C5,0.9656981537462211,0.225113099268651,0.225113099268651,0.01980995273564129,0.5420723430389116,0.6771402026001021,boot417
C5,0.9085691258384395,0.17705814631213526,0.17705814631213526,0.23065412573634922,0.6785633823529942,0.6766492402307008,boot418
C5,0.9260262601032466,-0.18123253539031395,-0.18404962143265047,-0.26762317402196617,0.5962832122945563,0.629697017023263,boot419
C5,0.9330839690159926,-0.018638520138939404,-0.018638520138939404,-0.19104483142412887,0.6970806531963337,0.8452568883009018,boot420
C5,0.949158565372998,0.47731063574486476,0.47731063574486476,0.22262281091363176,0.7164240252446915,0.8080383507235525,boot421
C5,0.9469055812550645,0.22958076143102613,0.23692734579681896,0.21213262356226814,0.554667119617359,0.5666053192117725,boot422
C5,0.9460438457398059,0.1378739296239443,0.14338888680890208,0.14063140821642323,0.46877136072141073,0.544142442249167,boot423
C5,0.923560940639846,0.0819135701653119,0.07814742900828606,0.03295373512397605,0.6835546200001889,0.7920033716293929,boot424
C5,0.9439968516676323,-0.06724414467847716,-0.06908645001213407,-0.17778246469789166,0.4900532187527377,0.8603565908177764,boot425
C5,0.9629666739428379,-0.17789229104335094,-0.17789229104335094,-0.44608523743865663,0.5147137355061423,0.7079571379593257,boot426
C5,0.9677869751670489,0.29021837700275993,0.29021837700275993,-0.05570755224201584,0.5750457005627442,0.8652640775655042,boot427
C5,0.9008113059408531,-0.005791880352676654,-0.0009653133921127757,0.10232321956395421,0.7239850440845819,0.481691382664275,boot428
C5,0.9179339932268195,0.5986979689676967,0.5986979689676967,0.4329192592060718,0.6460633146138753,0.47175884263593826,boot429
C5,0.9514588398749565,0.19832245417858743,0.19832245417858743,-0.03564320605052954,0.6050205744987323,0.5282505922360532,boot430
C5,0.9424013838557462,0.00922712160962201,0.0073816972876976075,-0.014763394575395215,0.47519676289553353,0.5074916885292104,boot431
C5,0.9472728263436074,0.1404489546843712,0.14595675682885637,0.00734373619264686,0.5746473570746168,0.9041975187196446,boot432
C5,0.9612828765797604,0.1845360077347715,0.18182224291514254,-0.08684047422812777,0.6702999104483612,0.6594448511698453,boot433
C5,0.9319869538779045,0.206198072026504,0.206198072026504,0.1567478556581569,0.7706769569859381,0.8014667143473618,boot434
C5,0.9397121344055728,0.32942558264092636,0.3257241716000171,0.24151707041933082,0.642194815597761,0.3415294221223507,boot435
C5,0.9402317008952079,-0.07213763042869492,-0.06381405768692243,-0.19514153872377726,0.611320175812402,0.9322401470785189,boot436
C5,0.9364747330177253,-0.2813511689957983,-0.28413682413437064,-0.5004893732301495,0.6676286815444853,0.7869223968662907,boot437
C5,0.9479416249183183,0.22290860773657287,0.2192393302429667,0.15044037723785164,0.6980800431585679,0.9043463131043668,boot438
C5,0.9555477067460517,-0.1628931478922066,-0.15470298961829676,-0.34671670026218276,0.47047909195682014,0.5642109033137882,boot439
C5,0.9237648177307703,0.1816762056047845,0.1816762056047845,0.1261378836841509,0.5535005642259756,0.77565385190851,boot440
C5,0.9208150862454195,0.08121349206014288,0.08121349206014288,-0.04060674603007144,0.5996577611417527,0.8687954964573426,boot441
C5,0.924703254460923,0.07617014676752405,0.07617014676752405,0.0009403721823151118,0.6864716930900316,0.8040182158794205,boot442
C5,0.9300508761177608,0.21317206903003236,0.21317206903003236,0.2458958515565724,0.5179707291343768,0.667565163541417,boot443
C5,0.9545718542461048,0.20769611913793382,0.2058742233560221,-0.0036437915638234003,0.753353905820488,0.9164135783015851,boot444
C5,0.9335276388566885,0.07824458025723532,0.07824458025723532,-0.03725932393201682,0.49275455900092247,0.6734622800712041,boot445
C5,0.9024182400060597,-0.16188386941376334,-0.15513870818818987,-0.26017050441497674,0.4605981522605885,0.7728027575585606,boot446
C5,0.9154759855396799,0.07883758196118186,0.07883758196118186,0.038943865788053686,0.7883758196118186,0.7133376391909346,boot447
C5,0.9647707706706485,0.062190938846843104,0.062190938846843104,-0.06759884657265554,0.585856670296348,0.7237583173045654,boot448
C5,0.9102272428147572,0.28277697287094766,0.28277697287094766,0.28468762809304865,0.7642620888403989,0.8871100193851887,boot449
C5,0.8947958537682961,0.11564454666813923,0.11272913792860632,0.08746226218598765,0.6170948498678018,0.6178433848864087,boot450
C5,0.9109029959562858,0.149875167538681,0.149875167538681,0.062050228598816974,0.8400646333378297,0.8581230328294933,boot451
C5,0.9302878404216836,0.23555121894668707,0.23555121894668707,0.21872613187906653,0.6842202074165673,0.7907790921781638,boot452
C5,0.9204452325252194,-0.031175838778791005,-0.031175838778791005,-0.01606028058301355,0.5498284293714051,0.6291851098992367,boot453
C5,0.8826815642458099,0.20195376995046785,0.20195376995046785,0.17831040176114477,0.6925536598789214,0.5580227888131142,boot454
C5,0.9141878702270912,0.03614517249355027,0.03614517249355027,-0.13221523622640757,0.7866330961096335,0.8127587306314804,boot455
C5,0.9542323278615169,-0.08292575347970448,-0.08565956952848593,-0.16585150695940895,0.5431181216912513,0.5449406657237722,boot456
C5,0.9550016046386678,-0.006373765753034705,-0.006373765753034705,-0.006373765753034705,0.6382871132681897,0.5772810696320004,boot457
C5,0.9542889309065716,0.2086689139246699,0.2086689139246699,0.11299102762733218,0.5640439201719243,0.749021167013444,boot458
C5,0.9383915422994922,0.3790018962037227,0.3790018962037227,0.1186118403767152,0.8034098875516567,0.8903660401526352,boot459
C5,0.9744279374606297,0.09280807654629619,0.09280807654629619,-0.07942229627519579,0.4943814846793086,0.6398402969585997,boot460
C5,0.9337905255257465,0.2793662583699009,0.2793662583699009,0.06891034373124225,0.6537170445855681,0.7021405293696844,boot461
C5,0.9736433888892823,0.4403004807160069,0.4403004807160069,0.3108003393289461,0.6760800484827936,0.9031249248664168,boot462
C5,0.9315459402063908,-0.105481506949026,-0.105481506949026,-0.15962245741843759,0.5843488792043388,0.7617071652248251,boot463
C5,0.9215901521607268,0.11228229883636867,0.11228229883636867,0.22173395148358518,0.6236857103431909,0.8557986978536672,boot464
C5,0.8857531739501548,-0.0598851687138911,-0.05104965201839898,-0.2689923971738715,0.6695358207028481,0.4880229698908386,boot465
C5,0.8798787888157944,-0.058308426658558406,-0.058308426658558406,-0.20655018934980865,0.5227992830911423,0.7767868365021511,boot466
C5,0.9297031385033572,0.15339164701729024,0.15339164701729024,0.13094408891719903,0.736092842698826,0.6735731878762755,boot467
C5,0.9340846479500071,0.13126079731773518,0.13870821844214568,0.04002988854370647,0.7345019083949862,0.508286491741017,boot468
C5,0.9528190414933713,0.28930170568485764,0.2856512109759004,0.1852626064795776,0.6388365740675089,0.7647786415265322,boot469
C5,0.9265394417116103,0.15766944173673866,0.15766944173673866,0.1726855790449995,0.6353703098557861,0.6481810999639253,boot470
C5,0.9352125716931149,0.2594155628307621,0.2594155628307621,0.025104731886847947,0.6480740046345563,0.5504444917412588,boot471
C5,0.9335080152503202,0.24312219930781417,0.24964271806319618,0.1611499635258692,0.6799969559184076,0.9727427535844698,boot472
C5,0.9618298733633059,0.14555588662520016,0.14555588662520016,0.04701183915844974,0.5035691232933943,0.5017609756334539,boot473
C5,0.9418878065166275,0.02861967375798548,0.02861967375798548,-0.09693760466414439,0.6083988711778203,0.6924114618867456,boot474
C5,0.949379524864322,0.513836747244194,0.5110889571519791,0.29950912005142866,0.805102497018978,0.8646379490169682,boot475
C5,0.9329739760526664,0.3914550680711927,0.3914550680711927,0.20691196455191613,0.697162835517267,0.8770457596547435,boot476
C5,0.9218589562344678,-0.02263856642738229,-0.013205830415973004,-0.1943143618350313,0.5952056423199261,0.5065379238126787,boot477
C5,0.9648706088261033,0.19196085942517205,0.1991706569622677,0.07299920006309361,0.600215644963214,0.7651397636242774,boot478
C5,0.9080303852414541,0.47211597666956784,0.47211597666956784,0.26143541912939555,0.6875847286992893,0.4242340317740741,boot479
C5,0.9068977093132464,0.24642058147748042,0.24642058147748042,0.08821281515925371,0.7881623267489841,0.7967918412754328,boot480
C5,0.8915493065489621,-0.12289305435659292,-0.11704100414913612,-0.38038326348469237,0.735407642737072,0.779298019292998,boot481
C5,0.9386792452830188,0.40389774961765346,0.40204500764693024,0.36499016823246666,0.7401704173039109,0.6642079965042604,boot482
C5,0.9527471415562075,0.17432427690148128,0.18162581729526062,0.17523696945070372,0.4855524361863249,0.7858282848804994,boot483
C5,0.9229728624839263,0.23459166345121607,0.23459166345121607,-0.025437650253746318,0.6915272328240666,0.5803552798632494,boot484
C5,0.9281315535434904,-0.02810696007709509,-0.029980757415568094,-0.20518080856279416,0.45814344925665,0.786057983489426,boot485
C5,0.9684666887353572,0.2729550010978148,0.2729550010978148,0.10146024711859562,0.4947309394897893,0.5683569595227526,boot486
C5,0.9175621617381755,0.1250951853531261,0.1250951853531261,-0.07486757305224973,0.8102756324009306,0.9429523441390948,boot487
C5,0.9552088140286109,-0.22849545184230252,-0.22849545184230252,-0.29677098526131723,0.4533495419022576,0.4721141657093156,boot488
C5,0.9327971541257443,0.2899181042872694,0.2964435921651179,0.05966160345461492,0.6534810003388289,0.8445845739043926,boot489
C5,0.9324079395252199,0.14082285473989725,0.14082285473989725,0.09512537207595709,0.6033932915014141,0.9338730649967244,boot490
C5,0.9567809239940387,0.19812813219558445,0.1963104429093864,0.1381443857510497,0.4971380197751591,0.6098347555194366,boot491
C5,0.9571300564617992,0.28436460772072847,0.28436460772072847,0.17625154599942916,0.6050697403897929,0.47252955931366925,boot492
C5,0.9699076542472647,0.4124103962355425,0.4124103962355425,0.22054990755205098,0.5908227198243966,0.5146164509547856,boot493
C5,0.9144725752621111,0.21014726766234218,0.21014726766234218,-0.08653122786096444,0.5391561120567784,0.639950729125594,boot494
C5,0.9550844982566713,0.33686980683076456,0.3332279710812428,0.1420315942313494,0.6600827296008225,0.5590217875515932,boot495
C5,0.9241403889132258,0.2521732423521982,0.2521732423521982,0.1260866211760991,0.697240196205145,1.0218661984868926,boot496
C5,0.9558713322188276,0.32931483358221375,0.32931483358221375,0.09370007695847518,0.569478137631121,0.601317969607302,boot497
C5,0.9659343521746421,0.06571695139183564,0.06301625475929445,-0.008102089897623573,0.6040558134783798,0.677572052948959,boot498
C5,0.9335982778605728,-0.015834014528741305,-0.010245538812714963,0.02514814072211854,0.5588475716026342,0.36138809630303687,boot499
C5,0.9219913030216235,-0.19428646907573655,-0.1961727454745301,-0.3781984179581085,0.5404181882543545,0.6589252924809046,boot500
C5,0.9188342212472579,0.27161071237914464,0.27823536390058723,0.2006323032208316,0.8318669553354292,0.6558405006228126,boot501
C5,0.9464078615860596,0.2976931425343652,0.2976931425343652,0.027564179864293072,0.7304507664037664,0.7267755424218607,boot502
C5,0.9595413077897972,0.21749522451995484,0.22383883523512016,0.07793578878631714,0.6561105939685304,0.8373566144018262,boot503
C5,0.9466567802154664,0.3867156124296864,0.3940641276302505,0.19473565281494895,0.6485064664497828,0.789965384060642,boot504
C5,0.9294540511187537,-0.09729882020508945,-0.08981429557392874,-0.024324705051272363,0.5604037817581595,0.5220455930234608,boot505
C5,0.9382126212738516,0.07043921071111793,0.07043921071111793,0.01297564407836383,0.602440617924035,0.6107821034029831,boot506
C5,0.9583333333333331,0.023591682419659737,0.023591682419659737,-0.1179584120982987,0.5671077504725899,0.6784083656786422,boot507
C5,0.939281361292188,0.12035102890294067,0.12035102890294067,0.09535504597694529,0.5313960814637533,0.7415474934711958,boot508
C5,0.9597205819534135,0.18936671136600108,0.19570913710553214,-0.016309094758794346,0.612497114274721,0.8752547520552967,boot509
C5,0.9594180209552672,-0.16858045909304809,-0.1604233401046748,-0.2882182042558564,0.5102731100504628,0.5809681412830314,boot510
C5,0.9352438688343896,0.0585757474827701,0.0585757474827701,-0.17293792113960696,0.6889623632497246,0.7698526812021214,boot511
C5,0.9296161687793635,0.035545292100779016,0.035545292100779016,0.000935402423704711,0.4330913221752812,0.5200837475798193,boot512
C5,0.8920324208594587,0.060438434991316264,0.060438434991316264,-0.013647388546426255,0.5839132670935233,0.5946362152371439,boot513
C5,0.9435464467726765,-0.21288784023770024,-0.2082798783277933,-0.3409891813331129,0.5446610977509994,0.8183740351994712,boot514
C5,0.9126152391458514,-0.034301802647286266,-0.034301802647286266,-0.1171978257115614,0.6307720375695419,0.6403003160826769,boot515
C5,0.9386053904782135,-0.012970214284914483,-0.012970214284914483,-0.21956719896605234,0.6448049387357486,0.5336316734364815,boot516
C5,0.9502472243855612,0.35688653024153116,0.3541412492396733,0.24158472816349802,0.7210938098213502,0.7311598401614959,boot517
C5,0.9515726410384423,0.1407281354076372,0.1407281354076372,0.0566567817874903,0.5976376659519139,0.5428085222866007,boot518
C5,0.9366893540516245,-0.14574921615145264,-0.14017918241318056,-0.35091212551114076,0.7333877755391567,0.9673291925465838,boot519
C5,0.9118762437577443,0.13731840494971154,0.13445760484659255,0.04386560158115786,0.6560768236486217,0.6942208250235417,boot520
C5,0.9632004121439355,0.10020940389299905,0.10472334100529632,-0.025278047828864628,0.514588830801887,0.7475079857964254,boot521
C5,0.9117577478116866,0.018120755398118277,0.025750547144694387,0.1125394282619977,0.6628381579838001,0.8282042237860406,boot522
C5,0.9480141861993111,-0.03485546813739608,-0.026600225683802273,-0.14217362003411557,0.46596257404729496,0.5431295881004232,boot523
C5,0.9196242171189979,0.1352159107733307,0.1352159107733307,0.0595706460050338,0.7082287913931796,0.7258804510321003,boot524
C5,0.9369350862777323,0.24037672897819887,0.23666434706347766,0.09559383430407135,0.6960716090102285,0.7421939543597297,boot525
C5,0.9144766413952233,0.11791015983963321,0.12551726692606116,0.019017767716069875,0.7293313919112797,0.9100001852139434,boot526
C5,0.9456373836672025,0.311729013453845,0.311729013453845,0.14437007407744445,0.5186288011444501,0.7457587902981365,boot527
C5,0.9285635060892199,0.2697012977210768,0.2697012977210768,0.11050261503849675,0.7529161228046729,0.6798720213385478,boot528
C5,0.9007571044925577,0.24713509839878608,0.24713509839878608,0.22107006848953908,0.6052879167814018,0.5502617425285471,boot529
C5,0.937075453705198,0.10300316665940577,0.1104268183105341,0.11970638287444454,0.6551372582120762,0.736797426374488,boot530
C5,0.9322506005629816,0.19774492606991054,0.20240872149608768,0.14457765821149118,0.626814105278207,0.7751227998306399,boot531
C5,0.8958022960301463,0.020384932753736613,0.01844351058671408,0.029121332505338018,0.6202843823636998,0.7704267470503858,boot532
C5,0.953495930261951,-0.024623346701768408,-0.026447298309306817,-0.1459161286030721,0.4103891116961402,0.48517112760521464,boot533
C5,0.9154191616766465,-0.1234882150094209,-0.1234882150094209,-0.32866863379430483,0.7399793807102991,0.8748665078744357,boot534
C5,0.9089307295255091,-0.021047186723013967,-0.021047186723013967,-0.1722042550064779,0.710820897054517,0.5233095971585745,boot535
C5,0.95419836309309,0.07837218296334102,0.08475131413477575,0.0747269651510926,0.7108174733884418,0.6767766617099786,boot536
C5,0.9337277583999294,-0.33898717938174844,-0.33898717938174844,-0.4283903915263854,0.47495456451838386,0.7711027047474938,boot537
C5,0.9582809118816366,0.3629688149308393,0.37022819122945616,0.1515394802336254,0.6669551974354172,0.607972765009156,boot538
C5,0.9545643116105409,0.0938283741618099,0.09929410469550758,-0.05830112569277509,0.7460722178497313,0.7737691648951849,boot539
C5,0.9221717235582465,-0.09335241400546117,-0.08486583091405561,-0.11126853386509514,0.5355976884353733,0.6742118789283308,boot540
C5,0.9355020000661178,-0.014872275502647291,-0.00650662053240819,0.03253310266204095,0.5642169518816815,0.3021587899824081,boot541
C5,0.8963615729703791,0.0038804216673846174,0.012611370419000007,0.0019402108336923087,0.7304893788851543,0.6952316849246214,boot542
C5,0.9428951832059677,0.0156778918367038,0.0156778918367038,-0.13003427935148446,0.47125898403268474,0.36428042797047067,boot543
C5,0.9448427276798554,0.05982131996637038,0.05982131996637038,-0.11228001593687975,0.6451499276373173,0.68472403161507,boot544
C5,0.9462163056481787,0.24261388862248273,0.24261388862248273,0.16817553643149374,0.5780459694831123,0.7921711060325005,boot545
C5,0.9552615451169834,0.132902368349375,0.137453819320244,-0.05097625087373288,0.5825857242712329,0.8083376924263357,boot546
C5,0.96225739454272,0.18615646478636239,0.18615646478636239,0.026206492615555875,0.6199191011817701,0.8593922233584012,boot547
C5,0.948292881198467,0.2191581220074835,0.2191581220074835,0.2329128158573256,0.5034217949042195,0.6391347742226612,boot548
C5,0.9378935254751626,-0.059337411338721585,-0.059337411338721585,-0.15205211655547404,0.4867522023879505,0.47748073186627527,boot549
C5,0.8923754304562359,-0.1481146931352682,-0.1481146931352682,-0.3244881106187126,0.6684649966499605,0.4692390253286769,boot550
C5,0.937757267638984,0.17525625421249927,0.18174722659074002,-0.04172767957440459,0.6147878123962276,0.654660928433992,boot551
C5,0.9128681449359087,0.33911273945596876,0.33911273945596876,0.4096024661968162,0.7325216197798874,0.6153562631701005,boot552
C5,0.9509881995221892,0.05029093629190277,0.059434742890430554,-0.12984205369909443,0.46450537520521107,0.6034912355028332,boot553
C5,0.8732854343566296,-0.12546323696790346,-0.11849305713635327,-0.0906123378101525,0.7049839029625052,0.6996180914007807,boot554
C5,0.9538888046609344,0.2032868427963031,0.2032868427963031,-0.032817606908820234,0.7146945504587519,0.7657441612058055,boot555
C5,0.9229488456449669,-0.18277898387318164,-0.1752417061876896,-0.32221862105478416,0.5342045559592473,0.7697444836308731,boot556
C5,0.9297426655242709,-0.1945372326388841,-0.19640778295271955,-0.2974174998998324,0.4994369337940582,0.4386440485944069,boot557
C5,0.9208311610933194,0.14542627262881014,0.14542627262881014,0.07837909498825482,0.4608313054731126,0.8092877639148721,boot558
C5,0.9515233302339716,0.20836154329128923,0.20836154329128923,0.18825648209651571,0.5108513276308363,0.6415342253968641,boot559
C5,0.9470088948316957,0.21394592675730034,0.2111912581724424,0.022037348678863554,0.6133728715617022,0.7951809981623265,boot560
C5,0.9550656599528373,0.2858897452918084,0.2858897452918084,0.12200390404172715,0.6036461819377992,0.5408232761252681,boot561
C5,0.925428919978197,0.18228915104348314,0.1813495162442899,-0.0009396347991932121,0.47357593879337884,1.023262296321408,boot562
C5,0.9268137329328943,0.09663777543290815,0.09663777543290815,0.10414362206847384,0.6924143521309342,0.760684203710109,boot563
C5,0.9573364227068957,0.31427777955702774,0.31427777955702774,0.17712186998156185,0.7393702675127761,0.8001522470870568,boot564
C5,0.9268693691191664,0.16699506300736536,0.16699506300736536,0.03471245691726134,0.6398350166911414,0.7026927089467228,boot565
C5,0.9555665276731622,0.3676398635284194,0.3676398635284194,0.3230498800806655,0.7507497213142228,0.9081796628746597,boot566
C5,0.9239446451579364,0.1731705474332286,0.1797585573899275,-0.0009411442795284162,0.47527786116185017,0.438573234260242,boot567
C5,0.8808045231254055,-0.15104767830753676,-0.15104767830753676,-0.15400939749003745,0.37317661699509075,0.5706245624951388,boot568
C5,0.9371962959567249,0.0816496388862896,0.08814449652497171,-0.09649502777470588,0.6782487048395192,0.7469086284484445,boot569
C5,0.9447774128476444,0.1270140441210477,0.12517326087291655,-0.024850573849770196,0.6461149200940252,0.8025814961851709,boot570
C5,0.9406152327685475,0.4548364432683972,0.45206305032163874,0.34020286813571177,0.5694700184010827,0.7349491308910077,boot571
C5,0.8786218424962852,0.04750522740954859,0.04750522740954859,-0.08610322467980681,0.5255265782181312,0.8956714751175306,boot572
C5,0.951272911502343,0.20475996566330523,0.2102446076007152,0.18190729092409705,0.5502924077201328,0.4981883093147382,boot573
C5,0.9154191616766466,-0.1310874897792314,-0.12253830566319458,-0.22132887767073128,0.5328991432329624,0.5613964236197518,boot574
C5,0.9317231769623779,-0.17452468680913785,-0.17452468680913785,-0.35464909618969176,0.686899302093719,0.6161034329460572,boot575
C5,0.9146148717987131,0.037079042254764896,0.037079042254764896,-0.0684536164703352,0.6284422289846052,0.627491484311406,boot576
C5,0.9228367528991972,0.3439300649337004,0.3439300649337004,-0.016960934709059194,0.76795343266018,0.6237854876331771,boot577
C5,0.9769622344443896,0.15754246996639854,0.15754246996639854,-0.034712747619714934,0.549173468752926,0.7147265727854126,boot578
C5,0.920324573233885,-0.20314194271939598,-0.20408678896460247,-0.1719620166275817,0.527224204825223,0.6500542167020671,boot579
C5,0.9503498833722093,0.09607445575949752,0.09424446612598328,-0.03568479785352765,0.5929166412586133,0.6981410451856819,boot580
C5,0.9272070364557111,0.1509910888242997,0.1509910888242997,-0.07127529658786819,0.6377263378914522,0.5326890587093307,boot581
C5,0.915723505752502,0.18896913443176266,0.18612035351068085,0.17282604254563216,0.5032846293911267,0.8068552198647326,boot582
C5,0.9586627188317473,0.41452671157599413,0.41452671157599413,0.24762755417997023,0.727462631693539,0.7493950166778836,boot583
C5,0.8931284589735656,0.05160171088345443,0.05160171088345443,-0.08957278115618506,0.6834792649091511,0.7652631085734941,boot584
C5,0.9288090485695276,-0.04119347203189236,-0.04306590257879656,-0.13855986047091068,0.6094761430173166,0.4381487479755823,boot585
C5,0.9567621468092689,0.4144412908190458,0.4144412908190458,0.07452672334903891,0.7334520212521272,0.9101014951475523,boot586
C5,0.9119456949017635,0.5015554181623689,0.5015554181623689,0.3137105182042193,0.7647289835859693,0.7923812785036664,boot587
C5,0.8950234111672029,0.041776900895881555,0.04857779173939716,-0.10201336265273404,0.6509424093079219,0.8617022200800172,boot588
C5,0.9153704507687471,0.19094193891540426,0.19094193891540426,0.0208991176922333,0.62127377139639,0.5866355951699437,boot589
C5,0.9413543942194589,-0.03879701348897133,-0.029559629324930534,-0.2143073126057464,0.5884213712493984,0.7740927929466184,boot590
C5,0.8807569759582891,0.3771459348159728,0.3771459348159728,0.20535694880032027,0.7819360742781426,0.6703719626702763,boot591
C5,0.9215098861593769,0.09813761519760274,0.10379940068977213,-0.1792898739186973,0.631289082376887,0.6662034262452649,boot592
C5,0.9655320121080587,0.3674477948390863,0.3674477948390863,0.20443786624625637,0.45480670684739843,0.70967858415,boot593
C5,0.9233089858001621,0.08758667624934653,0.08758667624934653,0.011301506612818908,0.672439643462725,0.8589145025742371,boot594
C5,0.9601983444979852,0.4555218271871784,0.4555218271871784,0.4039020575059276,0.7706741052411308,0.6366438260687602,boot595
C5,0.9266229364900049,-0.06944337718500951,-0.06944337718500951,-0.1163645779856916,0.60809876237684,0.5958992501686625,boot596
C5,0.8666405944466171,0.12542183330717313,0.12542183330717313,-0.03812823732538063,0.7174128865170303,0.654200282530215,boot597
C5,0.9180592267371533,0.16196738493919152,0.16102020724948865,0.07103832672771557,0.6393449405494402,0.670601804309635,boot598
C5,0.9177359843448903,0.3050986392343252,0.3050986392343252,0.17434207956247152,0.6045122106568307,0.6054597219588006,boot599
C5,0.906864723566533,0.012465307705022447,0.020136266292728567,-0.04986123082008979,0.6117589473695633,0.7408880187487564,boot600
C5,0.9135854304983336,-0.1180251822729986,-0.12088063023121633,-0.04092808740112048,0.6510421344736375,1.007973129250851,boot601
C5,0.9230969324241466,0.1563734219199325,0.16390949044619435,0.0904328223151417,0.7083904414686099,0.7309986470473954,boot602
C5,0.9291296684292792,-0.03275622729833451,-0.02526908963014376,-0.04585871821766832,0.6130093965831173,0.6373425940047373,boot603
C5,0.9317271148890993,0.02053222931575382,0.027065211370766406,-0.11479382753807818,0.6486317897476775,0.7494263700250146,boot604
C5,0.9338454406992913,0.27003816911569745,0.27003816911569745,0.1890267183809882,0.7728678633311341,0.6331929482712906,boot605
C5,0.9302286091864495,0.5412414280720654,0.5412414280720654,0.3832624965622571,0.7768076454713063,0.9160908454414926,boot606
C5,0.9368297863754259,0.01670759634319634,0.01392299695266362,-0.08168158212229323,0.588478671199249,0.8149594216292438,boot607
C5,0.9503917016475736,0.24246295733561232,0.23971809366766197,-0.022873863899586067,0.5471428244780987,0.22782368443987724,boot608
C5,0.9409443063879549,0.11551762568304166,0.11274520266664864,0.036965640218573334,0.6441262808086402,0.5600294493113859,boot609
C5,0.9617182881607939,0.15371038356692457,0.15371038356692457,-0.018987753264149507,0.5108609806783081,0.6880800111437037,boot610
C5,0.956747124574761,0.2426700923158468,0.2426700923158468,0.01726865825468573,0.5998586551627674,0.833439979976148,boot611
C5,0.9458483229239796,0.20225689805601377,0.20225689805601377,0.10848324532095284,0.7134152404157577,0.5612915093036768,boot612
C5,0.9199423074772938,0.14178582890309677,0.14934773977792862,0.02552144920255742,0.8251935242160235,0.9518555313694564,boot613
C5,0.950547540413697,0.3768994756530485,0.3768994756530485,0.41898048507062186,0.7318436420447543,0.5552863634014574,boot614
C5,0.9264440032006638,0.13703636841570896,0.13703636841570896,-0.07978144736531001,0.5875668947139302,0.5650403683990192,boot615
C5,0.9639121077130988,0.05773573489504079,0.05593149317957076,-0.026161504874315362,0.6089315789711334,0.9517375049104381,boot616
C5,0.9219752627173812,0.47157730394435626,0.47157730394435626,0.28483269158239116,0.652662988658989,0.8988263413179429,boot617
C5,0.8937833525464358,0.01264774936105072,0.01167484556404682,-0.24225304545397153,0.7004907338428092,0.5915255085783723,boot618
C5,0.9469017544369668,0.12489243895797401,0.12489243895797401,0.03856972379584492,0.5840558174799374,0.525282905029126,boot619
C5,0.9519745407203818,-0.08586272735080568,-0.08586272735080568,-0.4338808031024755,0.5023882983291821,0.5078688979473187,boot620
C5,0.9351343207898672,0.1924857167556013,0.1924857167556013,0.08833885551585566,0.7132200229543295,0.5260636406834984,boot621
C5,0.9088814340415436,0.24970971266286923,0.2554501658275329,0.20569957173378117,0.7759179194237049,0.6544116607716574,boot622
C5,0.9096039883359983,-0.03441535902162673,-0.03441535902162673,-0.10229009486983501,0.5143184209343106,0.8613399577357134,boot623
C5,0.946894100717333,0.20846185882696863,0.20846185882696863,-0.02112168613665321,0.682322295631884,0.9174158456746327,boot624
C5,0.9125907581471265,-0.12863521058022856,-0.12863521058022856,-0.2162977244571251,0.4973894809102171,0.4660704291309919,boot625
C5,0.9051343080584835,0.1786907522947767,0.1786907522947767,-0.011528435631921078,0.5389543657923104,0.939567504001568,boot626
C5,0.9486248317545775,0.18608171873799673,0.18608171873799673,0.10358243456844153,0.6196612899846591,0.5866615763168371,boot627
C5,0.9384926449041786,0.13620361081207297,0.13620361081207297,-0.11026006589548762,0.6763852781824031,0.8900401133206386,boot628
C5,0.9701016749174624,0.2554640336824561,0.26173858889570945,0.0044818251523237925,0.7090247390976239,0.7601175458341151,boot629
C5,0.9105549853951211,0.16043727052721254,0.1652121892929034,0.2186912794686409,0.5271510317322698,0.7467972949540489,boot630
C5,0.9421195572817801,0.016613787275792685,0.024920680913689024,-0.09229881819884825,0.6747043610335808,0.579636578288767,boot631
C5,0.9191245580271223,0.01608335732795854,0.025544155756169442,-0.12582861909520504,0.5685939855354754,0.6925304449450383,boot632
C5,0.9571000327480667,0.16717165868294995,0.16717165868294995,-0.09903103693718229,0.75954079705949,0.9803164115157769,boot633
C5,0.9249744968932578,-0.13067340302176964,-0.13067340302176964,-0.14853523508949354,0.49449071934856714,0.50953226214244,boot634
C5,0.9305404866815756,0.1345641517983691,0.1345641517983691,-0.004672366381887817,0.5728321184194463,0.8036470176847044,boot635
C5,0.9399138177002933,0.2377646297576028,0.2377646297576028,0.15080013482680643,0.7003417304533281,0.8360585925850625,boot636
C5,0.8930946369709446,0.12073310318179603,0.12073310318179603,-0.041867124490461524,0.5715349319976957,0.493642607364279,boot637
C5,0.9280879426538144,0.07682930091969112,0.08338789977868914,-0.02717133813013467,0.5593547884031171,0.7083286767717865,boot638
C5,0.9452881896297589,0.11314699888615141,0.11314699888615141,0.11590668178581365,0.46730630434280424,0.8269849755987816,boot639
C5,0.9212087822092513,0.2831818044458624,0.2831818044458624,0.21144241398624397,0.7664787507001343,0.754207539174147,boot640
C5,0.9353025460156508,0.23707743700621997,0.23707743700621997,0.0725178042607261,0.5959475965528902,0.7586477984199038,boot641
C5,0.9461664896943954,0.3685351954142226,0.3758875185147556,0.27387403549485867,0.7104182195890125,0.7389084716035785,boot642
C5,0.9405145341079006,0.04900185467676334,0.05639836104306723,-0.15717576028395788,0.5343975849654569,0.5639836104306724,boot643
C5,0.938076445304341,0.30775279948560186,0.30775279948560186,0.27901684531676557,0.7183988542209079,0.7146909891668646,boot644
C5,0.932301740812379,0.07368392567201876,0.07181850983222082,-0.16602200974201695,0.7415027963196824,0.7144542666426124,boot645
C5,0.95328047965615,0.18790947533848731,0.18790947533848731,0.11219837605162106,0.5172071481403995,0.7589353567069002,boot646
C5,0.9364239917497623,0.1912920176766222,0.1912920176766222,0.04643010137782092,0.7725968869269402,0.7846687132851737,boot647
C5,0.9312464734452734,0.29040086627999273,0.29040086627999273,0.2278386217759428,0.6517678606541314,0.7059262215680852,boot648
C5,0.9535034883217055,0.1459149719813789,0.1459149719813789,-0.056542051642784315,0.7341347027813125,0.6677061661101669,boot649
C5,0.9055023245801215,0.08642812662187996,0.0835471890678173,0.1987846912303239,0.7279168886598335,0.6307929530325677,boot650
C5,0.9174004161545672,-0.2635044917987626,-0.2559216287254169,-0.3412288383005559,0.5563925780067398,0.9137350003381552,boot651
C5,0.959059202160904,0.10426884990487033,0.11242902076699061,-0.0616546242915755,0.4805433952137502,0.4515294543706559,boot652
C5,0.921562060419318,-0.06982473438378936,-0.06227611445040672,-0.21513566810140505,0.6425762718291966,0.701078076312912,boot653
C5,0.953688626689244,0.24527192307021245,0.2516544638192515,0.13038618958751072,0.6473719902596685,0.6063413711587038,boot654
C5,0.9464844644629361,-0.055123897963907216,-0.05879882449483437,-0.1479157928698177,0.5319456153517046,0.6146314622975656,boot655
C5,0.8614845487188755,-0.024225118428910532,-0.024225118428910532,-0.2008666069730498,0.6540781975805844,0.790344488743206,boot656
C5,0.9526525213318444,0.1277896480708272,0.1277896480708272,-0.06754595683743723,0.599698562732382,0.748482224414845,boot657
C5,0.9501369386601747,0.3514367559997454,0.3514367559997454,0.04392959449996817,0.6351487204787065,0.7431423069577948,boot658
C5,0.942987719253453,0.18811624024994056,0.18811624024994056,-0.06454969028184235,0.6639396714703785,0.6460589376683201,boot659
C5,0.9408746372733185,0.17005453613212973,0.17744821161613536,0.12014722661509165,0.8262432353376303,0.6654307935605076,boot660
C5,0.9469897642172733,0.038566139266163584,0.038566139266163584,0.056012726077047104,0.6501149190581861,0.6501149190581861,boot661
C5,0.9427062051252115,0.2259913821534386,0.2259913821534386,-0.10792241515082576,0.644767249490831,0.9630000121150607,boot662
C5,0.9122519912019277,0.20303314554602025,0.2097055963386125,0.246880679325912,0.6624790429787987,0.7012363961184946,boot663
C5,0.9496118130613486,0.3067615038264773,0.31317144569747835,0.309508621771192,0.5109639377169383,0.6602240127131048,boot664
C5,0.9609551468215555,0.35381464069845525,0.35381464069845525,0.22441440126142428,0.5927073904283585,0.6976754168248313,boot665
C5,0.9591152839086694,0.03989183595249717,0.03989183595249717,-0.1196755078574915,0.5176872347471791,0.8431683508141447,boot666
C5,0.9304023355465909,0.2990758502360651,0.2990758502360651,0.07009590239907773,0.6560976464553676,0.8692863969199955,boot667
C5,0.9410294450818893,0.41767394242022515,0.41767394242022515,0.42229422939390027,0.6782581277354984,0.5189710592048761,boot668
C5,0.9138785927644376,0.13225998089283045,0.13225998089283045,-0.09990861866005178,0.6622514151180575,0.8373293754366243,boot669
C5,0.8794716736006928,0.048448059137285615,0.048448059137285615,-0.019774718015218618,0.7395744537691763,0.4627284015561155,boot670
C5,0.928721933475776,0.02996169892572859,0.02996169892572859,0.10299334005719202,0.511221487920244,0.6160874341602941,boot671
C5,0.8650826907487399,0.1688705115522529,0.1688705115522529,0.19198968872904942,0.8081660195714963,0.9629639884943946,boot672
C5,0.9447774128476444,0.24206299712924306,0.24206299712924306,0.05246232257173709,0.7280297746358603,0.7445968238690404,boot673
C5,0.9277825670320887,0.164956190921376,0.16401893983659543,0.0684193291889798,0.7123108244332145,0.8154084437590744,boot674
C5,0.966727041944179,0.24376288620118122,0.24376288620118122,0.15021550551880908,0.635942289831126,0.8608158010868282,boot675
C5,0.9538774758774542,0.27348330557593065,0.27348330557593065,-0.022790275464660892,0.7119682055160063,0.7019404843115555,boot676
C5,0.9485370950888192,0.2126844922347419,0.21085100523271824,-0.13751152515177276,0.6178851196819657,0.620635350185001,boot677
C5,0.9462009781640333,0.49810173388383633,0.49810173388383633,0.18563939159508291,0.6800650979225809,0.7535856490493466,boot678
C5,0.9460246800432063,0.052393154678629136,0.052393154678629136,0.014706850436106424,0.6562932007112492,0.4926794896095652,boot679
C5,0.9589096212845143,0.32917823213642317,0.32917823213642317,0.15688108583912178,0.5740215452957461,0.9331250712627533,boot680
C5,0.9032282481171705,0.03947194298601977,0.03947194298601977,-0.14922319909348936,0.6517684244276923,0.8606809031585776,boot681
C5,0.9162790001944565,0.030368574365031143,0.030368574365031143,-0.048399915394268384,0.6064224693517156,0.5263448879107405,boot682
C5,0.9552088140286109,0.2166610260496733,0.2166610260496733,0.057351448071972344,0.6308659287916958,0.8065616347899603,boot683
C5,0.9615285382564572,0.25593307606654025,0.25593307606654025,-0.018087143184914507,0.7044942270524199,0.7912257296570532,boot684
C5,0.9399448390896255,0.2507085140669341,0.24885826673064673,0.06383353310191311,0.649436815036855,0.5485983352091952,boot685
C5,0.9472231102327879,0.07986732280471,0.07986732280471,-0.10924380935356884,0.5232686666515481,0.7588329909914279,boot686
C5,0.9296438424973499,-0.2712586277837871,-0.2712586277837871,-0.30399673803355454,0.5818029878672951,0.763265656108863,boot687
C5,0.9537717287315656,0.0,0.00729369673012012,-0.045585604563250746,0.4677083028189527,0.5679966328581043,boot688
C5,0.9550468209697367,-0.07648156787402588,-0.08012354729659854,-0.07466057816273954,0.48802524262473657,0.4816517786352344,boot689
C5,0.9489946905735921,0.04214986700908007,0.04214986700908007,0.026572742244854827,0.5864329323002445,0.687226092539349,boot690
C5,0.9553481632079245,0.3067399818688831,0.30309915122355513,0.18750277823439146,0.5998268488177861,0.7845990040681817,boot691
C5,0.9416443589060006,-0.05448378396881406,-0.05448378396881406,-0.17360934552774648,0.5937808998635159,0.6833559345241085,boot692
C5,0.9485218350434669,0.23744038669813755,0.2447744526965356,0.06050604448678408,0.6573156651064271,0.8362653403953296,boot693
C5,0.944385353984235,0.24400503633026732,0.24400503633026732,0.1371952845781503,0.523920247818574,0.8296171235229088,boot694
C5,0.9678568248597632,-0.14195416183352663,-0.13656349746010157,-0.45191736330546767,0.5453555457781688,0.5956684132634693,boot695
C5,0.8915620254810691,0.22042407988877222,0.22042407988877222,0.20676949086911375,0.657370928517843,0.7500270682940966,boot696
C5,0.9552012805814533,0.11925553890476291,0.11925553890476291,0.036413905009087914,0.4988704986245044,0.552581008512909,boot697
C5,0.9581273615600047,0.07623566677183873,0.07623566677183873,-0.07895836915654726,0.4456156236306288,0.620776143713544,boot698
C5,0.9225924700441297,0.01790794924832251,0.022620567471565278,0.045241134943130555,0.6588240276093388,0.7565621294044936,boot699
C5,0.9352282204937337,0.13110029505679938,0.13667903101666318,0.07717251411144928,0.6517823179774209,0.7168675708424986,boot700
C5,0.8971133902917054,0.25686249375206344,0.25686249375206344,0.16381042054376874,0.8045127162800477,0.8209906875773498,boot701
C5,0.909053948750381,-0.13009224560080632,-0.13009224560080632,-0.23244423294849953,0.5835019839447931,0.602633196533147,boot702
C5,0.8751135366771986,0.36268585851495244,0.367654157946664,0.13613140442889993,0.8465982231636696,0.7074858390757428,boot703
C5,0.8608535343807612,0.07171850723618564,0.07070838741595767,-0.07777922615755344,0.6515272840470384,0.7461165651819195,boot704
C5,0.9632412127716662,0.15527285939203098,0.15256461184449555,0.09839966089378709,0.630118929393242,0.6319244277582656,boot705
C5,0.9166395639642468,0.15273178848459637,0.15273178848459637,-0.05976461288527683,0.515114044392148,0.7968615051370246,boot706
C5,0.9349112426035503,-0.02139240506329114,-0.02139240506329114,-0.24368739680792512,0.7347826086956523,0.7040891579526691,boot707
C5,0.9557735131122849,0.08006262789314707,0.08643124602101102,-0.1783213075801912,0.7651439779333713,0.6577872723493788,boot708
C5,0.9119987986184112,0.07246386357290645,0.08104511057496115,-0.08867288568789866,0.6636164348255643,0.8981705195483929,boot709
C5,0.8923669636407415,0.10134259367887562,0.10134259367887562,0.07405804922687065,0.5476397850723856,0.5642054013468172,boot710
C5,0.9248548479845667,0.09402180453357097,0.09402180453357097,-0.016923924816042775,0.3901904888143195,0.4804514211665476,boot711
C5,0.933351000397509,-0.15931375453670096,-0.1611770733032121,-0.3288757622892131,0.5664489050193813,0.43974322889662487,boot712
C5,0.9517584631578186,0.07309125170318469,0.07948673622721335,-0.12882333112686298,0.5500116690664647,0.7610626583594104,boot713
C5,0.904099228558463,0.4943666664241913,0.4943666664241913,0.4780160179237804,0.7530916338718712,0.7800221137549012,boot714
C5,0.9239606269098957,0.15246273608921743,0.15246273608921743,0.013175792007710147,0.6550250883833044,0.8065466964719712,boot715
C5,0.9187374076561449,0.1855097889651666,0.1855097889651666,0.09180841596745488,0.786523646071701,0.5409097931609754,boot716
C5,0.9394055840405792,0.14717910124669323,0.14717910124669323,0.10922725752899244,0.5803855124633751,0.6988693172405872,boot717
C5,0.9523874937190243,0.4948661662761526,0.5021704639333651,0.2903458318742002,0.7724294772502308,0.7952554074290202,boot718
C5,0.9606793957738599,0.32042540759246463,0.32042540759246463,0.12400644305132107,0.4752071722769603,0.7150736497119975,boot719
C5,0.935204747120313,0.10971789436284096,0.10971789436284096,-0.0715955751350742,0.5420807831655616,0.7029383740534557,boot720
C5,0.9525313824923103,0.18897015185896315,0.1862314540059347,-0.04655786350148367,0.5577814627334613,0.6207715133531156,boot721
C5,0.9294461416839982,0.3405487687075135,0.3405487687075135,0.32932188622265046,0.6839042580362428,0.7051079637002603,boot722
C5,0.9134428638916591,0.10566806414055357,0.10947592230778072,-0.14945843306366585,0.6625673210975251,0.8129777187029978,boot723
C5,0.960556378518165,-0.07966397479810987,-0.08147451967988509,-0.3494351621826182,0.4209516850127396,0.7052072314514498,boot724
C5,0.9220033329365551,0.2782221386482629,0.27727901275454,0.1773076680199099,0.5856811800019366,0.479107954011246,boot725
C5,0.9395763428190875,0.11476032552395085,0.1240151904855598,-0.02036070291553967,0.4479354641418727,0.6941148721206706,boot726
C5,0.9359241267638213,0.18024500848932923,0.18581959638075177,-0.06968234864278192,0.7627894431429861,0.925381589976144,boot727
C5,0.9320302480873832,-0.20059061615519816,-0.20059061615519816,-0.4189078449008557,0.48421641760254813,0.7062655647883024,boot728
C5,0.9520200193829286,0.04749626098583137,0.04749626098583137,-0.1552762378382949,0.4987107403512295,0.708790356250099,boot729
C5,0.9036556162113696,0.009622750102932008,0.009622750102932008,0.012509575133811608,0.6456865319067377,0.824669683821273,boot730
C5,0.9222759390107846,-0.17819810659186533,-0.17819810659186533,-0.24514025245441795,0.6005936185133239,0.520641828772765,boot731
C5,0.9328796783173523,0.2870960673509399,0.2870960673509399,0.15473359474109097,0.6170701187867604,0.7568896321070233,boot732
C5,0.9222959781335416,0.09616831719618599,0.09616831719618599,0.11408202334057356,0.5590961970327283,0.7184338990538599,boot733
C5,0.8823411443469139,0.01971040845057575,0.01971040845057575,-0.12614661408368477,0.5410507119683041,0.7884163380230297,boot734
C5,0.9116024381908113,-0.2737654123508024,-0.2756731852591704,-0.24228715936273104,0.6190723087654033,0.7012159605643195,boot735
C5,0.9457562870831498,0.05976353517538441,0.06711904719697018,0.12596314336965636,0.5029331344759271,0.5406301335865543,boot736
C5,0.9612865995935469,0.2505699812306093,0.257806659388894,0.12664186776998304,0.7263815701378313,0.8937297525481659,boot737
C5,0.949379524864322,0.4368986246621757,0.43415083456996084,0.36270829217237227,0.6686289224389692,0.6631333422545393,boot738
C5,0.9220233821981348,0.21785734407137428,0.21785734407137428,0.18579176096130187,0.5611477044262672,0.635653029887906,boot739
C5,0.9584082119700389,0.18327490490923984,0.18327490490923984,0.19869903056991844,0.5879313781246902,0.7122316849195707,boot740
C5,0.9635712088808142,0.22019536396268807,0.22019536396268807,0.04151224074706416,0.5468786498417582,0.689464172407761,boot741
C5,0.9391299254682032,0.3361112933928445,0.3361112933928445,0.084259304955231,0.6537040582240998,0.7629633767374763,boot742
C5,0.9402278254191732,0.01294783318931332,0.01294783318931332,-0.13780193894340603,0.6890096947170302,0.5818541520762577,boot743
C5,0.9437120248435433,0.5454869654553752,0.5454869654553752,0.40174377861240473,0.7463588547615776,0.8458733687297879,boot744
C5,0.9515498827819744,0.08681488710886821,0.08681488710886821,-0.10691938728144823,0.6214118235161095,0.5912550732572395,boot745
C5,0.8899826487970981,-0.06937116191897597,-0.06253175158893608,-0.12506350317787215,0.697619853664068,0.7132527915613022,boot746
C5,0.9488117001828152,-0.04307447432353187,-0.04307447432353187,-0.05407221244868895,0.5636340789143002,0.8074172740219485,boot747
C5,0.96565016275484,0.22152229837356666,0.22512428696500678,0.04052237165370121,0.698785786739381,0.6465569521634993,boot748
C5,0.9442661411069541,0.18417799379567318,0.1814153238887381,0.1676019743540626,0.6188380591534619,0.5442459716662142,boot749
C5,0.9547415347770257,0.13479632705407454,0.14299340099655206,0.011840217916911951,0.5273450902993861,0.5501147401396014,boot750
C5,0.8773446761034793,0.4033911108346638,0.4033911108346638,0.2705792954738654,0.861294533944282,0.6893464793591009,boot751
C5,0.9132472831182077,-0.13616008323877088,-0.13616008323877088,-0.4075280813020555,0.486558059685398,0.657948374251683,boot752
C5,0.9411919445824687,0.4850463731210075,0.48319857741387995,0.31227747450457244,0.702162368708506,0.6624347610052617,boot753
C5,0.9441084311010711,0.17315623447924075,0.17315623447924075,-0.053420540424446626,0.7082826825241284,0.7967028873645919,boot754
C5,0.9287179733621177,0.46159939235585323,0.4587904711041949,0.31928071560516424,0.7368736750183702,0.6451155807975312,boot755
C5,0.9348994990572869,0.02139267377955294,0.02139267377955294,-0.3599549892472603,0.6631728871661412,0.7586747501473502,boot756
C5,0.9471198386891677,0.04131518862150113,0.04131518862150113,0.022952882567500627,0.47741995740401316,0.7161299361060196,boot757
C5,0.9554535919348618,0.31853752883029135,0.3167173143798326,0.11012297425275788,0.6252436637326005,0.7917932859495813,boot758
C5,0.9492804855498874,0.22442626968936413,0.22259421850822644,0.06228974015868065,0.7722095728495263,0.576180096467796,boot759
C5,0.9345744915515948,0.11258320471561802,0.11258320471561802,0.015817475042690134,0.5815248177459609,0.6829427459608564,boot760
C5,0.9568485162627963,0.17085072306750199,0.16812438174195674,0.048165363417965984,0.5452682651090489,0.6785521272091708,boot761
C5,0.9224482511164075,-0.10086579723931638,-0.10275113924378958,-0.06598697015656212,0.6117934804515545,0.792786312880982,boot762
C5,0.9287140132191811,0.10018528517552458,0.09644004086989748,0.08988586333505008,0.5468056686215547,0.8258263693907727,boot763
C5,0.8997596783562455,0.14593268734376322,0.14593268734376322,0.08118109759520603,0.7306298783568543,0.6330192729149995,boot764
C5,0.9582434647571391,0.2767745370134776,0.2767745370134776,0.21688234211875781,0.6324978763881767,0.5245104340780002,boot765
C5,0.9249346168827555,-0.2378546504632415,-0.23127369175477236,-0.4343432747589627,0.48511067051001033,0.630831899054684,boot766
C5,0.931329237622521,0.1633943259764343,0.1708637808782142,-0.10457236862491798,0.6386383941021776,0.6703835774347419,boot767
C5,0.9559239964548971,0.408437055724772,0.408437055724772,0.33020635017392486,0.750468977668011,0.7601856767426685,boot768
C5,0.8925235787768079,-0.08183927012995523,-0.07404505392710235,-0.14711583082884808,0.6420485597100059,0.577676214543619,boot769
C5,0.939102740102136,0.3685293863417958,0.3685293863417958,0.2972309874766744,0.7537259308598536,0.6870572981548051,boot770
C5,0.8934665653553469,-0.11192360618466825,-0.11192360618466825,-0.01265223374261467,0.5995212296500491,0.6637556471125543,boot771
C5,0.9162465782112458,0.020879133671589074,0.02562439132422295,-0.08541463774740984,0.7374130392193049,0.9319686029772941,boot772
C5,0.9376482361954757,0.18826008764936714,0.195679204404022,0.025966908641292023,0.7298556107391723,0.7586046881634596,boot773
C5,0.917266939653884,0.12418745138819036,0.12418745138819036,-0.016115928806101038,0.6522211187410303,0.7565006580746251,boot774
C5,0.9664985770632584,0.3796762152036905,0.3796762152036905,0.18983810760184525,0.7206650435501329,0.8880104843745085,boot775
C5,0.9359944486666887,0.12634783222665302,0.12634783222665302,-0.002787084534411464,0.5620620477729785,0.6518157958660928,boot776
C5,0.9163114202378281,-0.16037835881275814,-0.16322531192777753,-0.15563343695439252,0.6937075756930545,0.50106374824341,boot777
C5,0.9531746117751602,0.17607066416085934,0.17607066416085934,0.00638598263795863,0.7535459512791183,0.8617153493456953,boot778
C5,0.9280443282152195,0.11806032757294697,0.11431238066586928,-0.014991787628310728,0.6774414034542912,0.5504901039665554,boot779
C5,0.8750786047558787,-0.10036365473821936,-0.094401457427038,-0.16396042605748706,0.43921520192369257,0.952957870237152,boot780
C5,0.9234369775994649,0.15254919245663195,0.16196580927494256,0.122416018638038,0.7184878632370998,0.6940046595094923,boot781
C5,0.9548395473135266,0.0646591677193176,0.07012332273785148,0.05828432019769473,0.5400406543317652,0.7012332273785148,boot782
C5,0.94383136288759,-0.08844616120211238,-0.08844616120211238,-0.1658365522539607,0.5463393082588817,0.7517923702179552,boot783
C5,0.9303273242680603,0.15889685608538331,0.15796216869664575,0.01682437299727588,0.6654974207811349,0.9101160457605537,boot784
C5,0.9228527675770506,0.15076124780759512,0.15076124780759512,0.07632288170259502,0.6284859517979121,0.6454465921762664,boot785
C5,0.9569874284233522,0.3243875242124554,0.3243875242124554,0.23079672591026243,0.5152037149256645,0.53973722516022,boot786
C5,0.9624171598586481,0.3008728745379325,0.3008728745379325,0.181607951297671,0.5348851102896578,0.4111025763205984,boot787
C5,0.8880191546182891,0.03623110253439079,0.03623110253439079,-0.0832336139303572,0.5111523114311348,0.49058871269539955,boot788
C5,0.9361467809079095,0.10682085548915345,0.10682085548915345,-0.04644385021267541,0.5591839565606119,0.7319550793517645,boot789
C5,0.9252296589143261,0.12405850546375614,0.12405850546375614,0.025375603390313757,0.6202925273187807,0.8045006111892066,boot790
C5,0.9700540917071229,0.016135361983266757,0.024203042974900137,-0.05916299393864478,0.5154351744654659,0.6543785693213742,boot791
C5,0.9221075809535144,0.04337888639700544,0.04337888639700544,0.21217933563752658,0.4903700201400615,0.7148086062810897,boot792
C5,0.9363107822410147,0.10494471646479892,0.10494471646479892,-0.0055722858299893235,0.6900347286136778,0.8265557314484164,boot793
C5,0.905828783725619,0.20543281452856324,0.20543281452856324,0.15263466126187641,0.6143785107396285,0.8310316178215199,boot794
C5,0.9331939393046987,-0.12113610418976323,-0.11368157470116239,-0.08293164056068404,0.5907714619716145,0.7016575881145516,boot795
C5,0.9123091474125117,-0.3583834741397074,-0.3602897692149186,-0.3240701627859056,0.5852325880898414,0.8521138986194108,boot796
C5,0.9201314622567688,0.017955846319951486,0.022681069035728193,-0.06804320710718458,0.7380797882043215,0.6983879173917972,boot797
C5,0.9649630343940855,0.16851287547432148,0.17572198244648493,-0.06127740926338962,0.6073672624047737,0.6875685774700923,boot798
C5,0.9524442966411706,0.1917263784308963,0.1917263784308963,0.13603443041049307,0.6336100315763906,0.744080944862764,boot799
C5,0.9495052017254503,0.169424627611368,0.169424627611368,0.06868565984244648,0.5833702042618455,0.7663681788623766,boot800
C5,0.9426290517958522,0.12269107735721536,0.11992360944690224,0.11531116292971369,0.5479586462419994,0.4649346089326055,boot801
C5,0.943192012311193,0.25261120371596885,0.25261120371596885,0.2009826365331431,0.5633045455126167,0.6518106606831752,boot802
C5,0.9216543563601184,0.15284424605090163,0.15284424605090163,-0.023587075007855184,0.5066503711687294,0.6302466442098905,boot803
C5,0.8945091666475932,-0.16039887149204682,-0.16039887149204682,-0.15553829962865148,0.5725753655079733,0.7115877208010806,boot804
C5,0.9701895092942351,0.26081860897975095,0.25992232510009544,0.11293176883659319,0.58975479281332,0.5960287799709085,boot805
C5,0.8938129100965336,-0.04864358119963771,-0.04280635145568119,-0.06129091231154351,0.7744058126982323,0.8678014886015367,boot806
C5,0.9653473476761373,0.23600426054410695,0.23600426054410695,0.04143586253827833,0.52785685755285,0.7494486441705992,boot807
C5,0.9279213956998476,0.06372353849865907,0.06372353849865907,0.021553549786311157,0.5969396179947914,0.840588441666135,boot808
C5,0.9288882318154938,0.37445418624445526,0.3735180507788441,0.3576037478634548,0.7049100056051872,0.7489083724889105,boot809
C5,0.9158735859220687,-0.06361234832049713,-0.06361234832049713,-0.11773031629465139,0.6513144917591199,0.7472077332571827,boot810
C5,0.9304457583206005,0.2271001247912385,0.2271001247912385,0.0551395364719468,0.5878435328958396,0.885970857210264,boot811
C5,0.9630074929686326,0.07946120844246356,0.08578198638675041,-0.0009029682777552677,0.6519430965393033,0.8722673563115886,boot812
C5,0.9552992069214132,0.0764613617719442,0.08556390484003279,0.06917932731747332,0.6508318293683346,0.46190076117157985,boot813
C5,0.9296596554080254,0.4199760421326821,0.4199760421326821,0.3591777286836301,0.7987963028536983,0.3629191633574179,boot814
C5,0.9532426721569052,0.17332143863273544,0.17697031102500357,0.10672951747384235,0.6595336849024619,0.45169168720922853,boot815
C5,0.9056304520222045,0.04032741947765172,0.04800883271149014,-0.16419020787329627,0.6039511155105459,,boot816
C5,0.9292444116016995,-0.14410960325006483,-0.14691693318350768,-0.31629250583455787,0.6325850116691157,0.7773315067235194,boot817
C5,0.929805902685456,0.13654088597679995,0.13654088597679995,-0.007481692382290409,0.6499720257114793,0.726659372629956,boot818
C5,0.9446659747637514,0.08744751886806683,0.08744751886806683,-0.07179901549167593,0.4906266058597856,0.6949776499514786,boot819
C5,0.9532199863463475,-0.009122398080681372,-0.009122398080681372,-0.19065811988624068,0.5053808536697479,0.4488219855695234,boot820
C5,0.956424041858271,0.1636530788439017,0.1636530788439017,-0.056369393824010586,0.6991623201720022,0.8719072367294539,boot821
C5,0.9606160268848248,-0.009052162290183846,-0.009052162290183846,-0.17289629974251144,0.6064948734423177,0.5829592514878397,boot822
C5,0.9412190229840963,0.2651510554897924,0.26237944166934163,0.1339613346551216,0.594049228849953,0.7475743940895009,boot823
C5,0.9468826199292835,-0.14418021437612902,-0.13499676123115265,-0.26632014120431474,0.4968248151432215,0.7236561078241379,boot824
C5,0.8708665651044001,-0.19570711454316062,-0.1887175747380477,-0.06989539805112878,0.6560182359941659,0.5222184740105765,boot825
C5,0.9423203258441729,-0.006459540726011785,-0.006459540726011785,-0.08951077863187758,0.5259911734038167,0.6068673745121599,boot826
C5,0.9604072276449888,0.07424386840666754,0.07424386840666754,0.046176064496829816,0.5495857088152097,0.8266420957961886,boot827
C5,0.9477009553480975,0.06514621525532321,0.07156908154810154,-0.04863027335960746,0.4945607045439325,0.6257706873821187,boot828
C5,0.8636363636363636,-0.040274599542334096,-0.040274599542334096,-0.011075514874141875,0.5054462242562928,0.4877469668233957,boot829
C5,0.9047494869556344,0.25661679436228646,0.25661679436228646,0.11245005595650755,0.683350340043392,0.8427224281399529,boot830
C5,0.9045093540082937,-0.062488838705715054,-0.06345020545503374,-0.11824811016619924,0.7287159959835694,0.9479076148282314,boot831
C5,0.9494138033540453,0.14745941074946922,0.15387068947770702,-0.2793485731589324,0.7079883509896877,0.599912509570822,boot832
C5,0.9398052285381895,0.5153704314247436,0.5153704314247436,0.5107441259361912,0.736507833777551,0.8743717373364143,boot833
C5,0.9560330697599019,-0.05548289064330263,-0.05821155739625195,-0.18191111686328734,0.5730200181193551,0.6422858850739126,boot834
C5,0.8926589939933054,0.2893163809506794,0.2893163809506794,0.12761092897151177,0.649744195603041,0.4880387436238733,boot835
C5,0.9698014610476172,0.16408557954811678,0.17036207712646004,0.07980118349607866,0.5783344197187722,0.9262317140612276,boot836
C5,0.9273896854712748,0.11439307357384348,0.11439307357384348,-0.009376481440478977,0.7463679226621265,0.6947972747394922,boot837
C5,0.9361624022612971,0.09567273496025888,0.09567273496025888,0.1049613500049442,0.6149063159581688,0.8387619385350852,boot838
C5,0.9463695559700271,0.11118002543572968,0.1084234958794719,0.026646452377158354,0.6073553455621267,0.8207053981934586,boot839
C5,0.9386326013389783,0.11024362537797151,0.11024362537797151,-0.008337753179846585,0.5715993013294826,0.6429334118681701,boot840
C5,0.960239381740684,0.0416562794242927,0.0398451368406278,-0.14126912152586218,0.5044032095506745,0.865726154991822,boot841
C5,0.9320538616313263,0.20245144614673732,0.20245144614673732,0.14367521984607165,0.5588406278428372,0.6726612565520627,boot842
C5,0.9542096849277004,0.2633638620479188,0.2697429175300483,0.05741149933916568,0.7153655076388106,0.624827637291173,boot843
C5,0.9190036033213222,0.11732934078477296,0.11354452334010287,0.11354452334010287,0.7210077232096532,0.8317136334662536,boot844
C5,0.8190131546774905,-0.1454560700304254,-0.1454560700304254,-0.09024646680719824,0.5064419372592184,0.6688855775121751,boot845
C5,0.9182086610499125,-0.0937553305403417,-0.09564937762196477,-0.22444457917233318,0.5388563947217619,0.7776754052570448,boot846
C5,0.949642269468587,0.3735960583285598,0.3735960583285598,0.27928136713286944,0.6693596045053363,0.680347723867941,boot847
C5,0.9419418907768585,0.07385298187973255,0.07939195552071247,-0.07939195552071247,0.6471367537211563,0.8308460461469911,boot848
C5,0.9354472554155171,0.31326563476922314,0.31326563476922314,0.34487106973110315,0.6795168516804216,0.5577429699155306,boot849
C5,0.941017836066053,-0.0369627517806269,-0.029570201424501518,-0.08131805391737917,0.44724929654558543,0.6255945738871102,boot850
C5,0.925237630775735,-0.04793128231260389,-0.04793128231260389,-0.18890564205555654,0.16728957356163712,,boot851
C5,0.9473034185395197,-0.12575742096051434,-0.12575742096051434,-0.17073635254493186,0.5645314882534038,0.63796647859531,boot852
C5,0.9348251172500991,-0.10139073816765498,-0.09394921610030416,-0.3246364001881797,0.5264876862650708,0.4669555097262642,boot853
C5,0.9571075388385675,0.3089017293415241,0.3089017293415241,0.2489384524693459,0.43791362806651357,,boot854
C5,0.9367166632422436,0.034347539983024505,0.034347539983024505,0.0037132475657323787,0.7398645774721764,0.8251514722732077,boot855
C5,0.9422392554065151,0.3340792764570649,0.3340792764570649,0.1411992522042291,0.6736957784907663,0.8259694818482682,boot856
C5,0.9307022754862204,-0.022423459968966507,-0.01681759497672488,-0.13827800314196015,0.6343970549553442,0.8997413312547812,boot857
C5,0.9248149590962212,0.013163620380205854,0.013163620380205854,-0.048893447126478876,0.5002175744478224,0.6149291234753306,boot858
C5,0.9360999140950239,-0.07152711022718206,-0.0733849572460699,-0.09846589200105581,0.6390993744974188,0.5629276467230172,boot859
C5,0.9420616291082725,0.19107030202512615,0.18922421215048724,-0.0258452582449446,0.7052063321120596,0.7135137365479347,boot860
C5,0.8875752364574376,-0.045066602082828776,-0.040168058378173464,-0.028411553487000748,0.7622134004443648,1.0002826244906124,boot861
C5,0.950228211258422,0.02379291141254624,0.021962687457734994,-0.010981343728867497,0.5380858427145073,0.8159997383904407,boot862
C5,0.9534543589817668,0.3766624289873076,0.3766624289873076,0.26448451430101505,0.6940438461485258,0.8983353330568958,boot863
C5,0.921602191030469,0.24909361069836547,0.24909361069836547,0.16040118870728082,0.7001040118870727,0.5944279346210994,boot864
C5,0.9065636366380415,0.18800090332405886,0.18800090332405886,0.031653213314765005,0.6743093624327212,0.987004742451309,boot865
C5,0.8833531771260793,-0.12698648281135677,-0.1200957434339963,-0.07087617645285028,0.7609345055285176,0.5680774552232363,boot866
C5,0.9413853313558889,0.27526500164324835,0.27526500164324835,0.016626745065699566,0.6770780073976547,0.9403348042712311,boot867
C5,0.9355684681441867,0.31787230381731196,0.31787230381731196,0.10688688578652303,0.6766404595877283,0.7590619204854345,boot868
C5,0.9750663129973475,0.22473387897998767,0.22473387897998767,0.006242607749444103,0.5707527085206037,0.8953683114916969,boot869
C5,0.9620455367599918,0.12021486457131812,0.12654196270665066,-0.10936841062503379,0.6173440037760171,0.719481445103528,boot870
C5,0.9479759972991516,0.28527598101553503,0.28527598101553503,0.08439032235829332,0.5916495426206433,0.5549580981170376,boot871
C5,0.9528379608886062,0.32762539472330454,0.33492623917396314,0.09308576674589712,0.7474239506361741,0.9217316118956478,boot872
C5,0.9585017951288934,-0.15150455851240202,-0.1542261972880739,-0.378307789818393,0.5343484129569149,0.7765742639917134,boot873
C5,0.9589881566043903,0.01813505644262142,0.01813505644262142,-0.04533764110655354,0.4189198038245548,0.5033572536693338,boot874
C5,0.9438929461669654,-0.09212540690366454,-0.09212540690366454,-0.10041669352499435,0.5960513826667097,0.6421140861185419,boot875
C5,0.9637824443721371,0.0054134533522725995,0.0054134533522725995,-0.33563410784090114,0.3834529457859758,0.5810439931439256,boot876
C5,0.946744830944913,0.23604909534760207,0.24339692710939514,0.2112501631515505,0.4959786439210316,0.8734735006831502,boot877
C5,0.9547830038627585,-0.10200360076981975,-0.10382509364070938,-0.2732239306334457,0.46083769633507854,0.4817848643503093,boot878
C5,0.9485714285714286,0.29334730225248823,0.29151388161341013,0.1292561550550026,0.6233630172865373,0.5940282870612886,boot879
C5,0.9500646699297508,0.4265155879697223,0.42376977946347943,0.09793383672266155,0.6434344599629072,0.6342817649420976,boot880
C5,0.917384238937557,0.21327178472090666,0.21327178472090666,0.14218118981393774,0.6739388397180649,0.5554545148731169,boot881
C5,0.9309705002453087,0.4324612815831301,0.4324612815831301,0.18680832897759395,0.6977291087313136,0.6323461935891556,boot882
C5,0.9098870013993168,0.3602931863543027,0.35838181666542046,0.23127573235475132,0.7788831482195137,0.7224977423974875,boot883
C5,0.938593728253624,0.1102481912617294,0.10746882509546733,0.06392542182402798,0.745796587946993,0.589738666637092,boot884
C5,0.9444199591317871,0.18138577670845543,0.18783095659149698,-0.04419551919799929,0.7172564469841969,0.8498430045781946,boot885
C5,0.9341983317886929,0.01116977225672878,0.01116977225672878,-0.11169772256728781,0.5854822291235335,0.792123015873016,boot886
C5,0.9558186626696165,-0.09825403828793242,-0.09825403828793242,-0.1446517785905672,0.5877047105000403,0.6874728550774726,boot887
C5,0.9601610351026383,0.11773387393166351,0.11773387393166351,0.042565323652216804,0.4881427542243587,0.5298024326924857,boot888
C5,0.9294659150517535,0.23014619472770012,0.23388840927611804,0.1375263846543574,0.5884632377387129,0.9271336543705319,boot889
C5,0.9224682838318188,0.13951227855696813,0.13668432696459715,0.11688866581800031,0.8012529511717764,0.6890775380077276,boot890
C5,0.9542172326812526,-0.1038866532561588,-0.1038866532561588,-0.13669296481073523,0.5713765929088733,0.4100788944322058,boot891
C5,0.9627291176754825,0.018064587461338592,0.023483963699740165,-0.21045244392459458,0.4163887409838545,0.8156161238794374,boot892
C5,0.9554611217439257,0.1055716061301189,0.1055716061301189,0.048235302800830174,0.5651721328172745,0.7505406723258778,boot893
C5,0.9390444810543657,-0.005556064073226545,0.0,-0.12130739893211288,0.6380213577421815,0.5534117005965903,boot894
C5,0.9414278669661936,0.3057335533141356,0.3057335533141356,0.2706342329940838,0.6853604125652224,0.728048001128915,boot895
C5,0.9215821260982336,-0.2500425909780861,-0.24438124929556343,-0.3217529189567071,0.6416187240192398,0.5732377514055076,boot896
C5,0.9433191737616451,0.21847001762927437,0.21847001762927437,0.05069979312071767,0.6185374760727557,0.9577651827713757,boot897
C5,0.934237527489905,-0.09586985617238776,-0.08656210314594233,-0.09680063147503229,0.44956447117731346,0.4431453904868317,boot898
C5,0.9343590158448828,0.2931560982804648,0.2931560982804648,-0.05676991109558207,0.7184651043572026,0.8338662351088778,boot899
C5,0.9355684681441867,0.40524071480803514,0.40524071480803514,0.31694285263655964,0.5855542438739957,0.8560245374729365,boot900
C5,0.9578763404126781,0.009985858286450005,0.009985858286450005,-0.22604351939327738,0.6754071422835275,0.7899232015782153,boot901
C5,0.8592841594797896,0.03946662242533577,0.03946662242533577,0.04655037516834476,0.5545566433098462,,boot902
C5,0.8797055844627766,0.00790778399273057,0.00790778399273057,0.0988472999091321,0.6168071514329844,0.34102318468650583,boot903
C5,0.9385898407884761,0.1426747207979209,0.13989534312003932,0.0620727681393552,0.4447004284610522,0.32889302521598646,boot904
C5,0.843469272918105,0.023711592872621288,0.0298972257959138,-0.15360988426176397,0.5391810031469971,0.518562226736022,boot905
C5,0.9137076006732163,0.15227019527920957,0.15227019527920957,0.06756989915514926,0.573868298458521,0.8622299807685242,boot906
C5,0.9318806713892922,0.07465034904908287,0.07465034904908287,0.06251966732860689,0.4730965870985626,0.5496131948738726,boot907
C5,0.9259745169108982,-0.13428860494108164,-0.13428860494108164,-0.3699979744530501,0.5155555532353413,0.8508075250113284,boot908
C5,0.9521374876610391,0.1954412665537081,0.1954412665537081,0.14155792670946146,0.6502531859170102,0.8639599914009713,boot909
C5,0.932981833445018,0.26096784754160357,0.26096784754160357,0.10159105493583852,0.658943815042549,0.5508285639181704,boot910
C5,0.9196161617667893,0.252468282633724,0.2496315603569406,-0.05578887144340718,0.7262009028565545,0.7110717173803762,boot911
C5,0.9376988607205172,-0.03709358105535674,-0.030602204370669305,-0.2921119508109343,0.4914899489834767,0.7057053795781619,boot912
C5,0.9605153662945851,0.23990744000031172,0.23990744000031172,0.0905311094340799,0.5875469002271785,0.6400549436989449,boot913
C5,0.879181315047513,0.193856238402297,0.193856238402297,0.193856238402297,0.5469515297779093,0.517279656553068,boot914
C5,0.9563939774785643,0.08546596105747081,0.08546596105747081,0.04455140523208586,0.5491642604118337,0.39823501003374706,boot915
C5,0.9378935254751624,0.03245014682586338,0.03245014682586338,-0.08251608764290973,0.5284738197354892,0.5544339371961798,boot916
C5,0.9484264497236807,0.1008535495197453,0.09810299816920681,-0.008251654051615525,0.5684472791112917,0.7316466592432431,boot917
C5,0.9615769124650185,0.07144062142445848,0.07686649140606291,-0.06420612811565256,0.5127447132616196,0.5633861664232611,boot918
C5,0.9585841343994249,0.22406234464773234,0.22315520964915855,0.04082107493582169,0.6885154639175258,0.712100973880445,boot919
C5,0.9480600092199019,0.107312964839111,0.1155678082882734,-0.1907786041584196,0.3962324855597945,0.6548842469668826,boot920
C5,0.9039168519947351,0.33381292733829915,0.33381292733829915,0.25492918082031485,0.5060103740056061,0.7859514744535745,boot921
C5,0.9558901414844517,0.28473346594076715,0.28473346594076715,-0.019103523273981182,0.6922752957856991,0.7368501834249885,boot922
C5,0.9508362899138368,-0.010974320941874477,-0.004572633725781033,-0.1444952257346806,0.5487160470937238,0.6209636599610642,boot923
C5,0.9503080617644821,0.3742493494716725,0.37241927930310686,0.11986959604104915,0.6908514886335275,0.7558189796176076,boot924
C5,0.9478193938161695,0.1486249027361779,0.14587258972254497,0.05688113561508043,0.5385359130008421,0.6394540568340493,boot925
C5,0.9286308434536683,0.12734971102768214,0.12734971102768214,0.02528266321873101,0.4850525758260246,0.6086567071175985,boot926
C5,0.9495470873311319,0.09890298725702995,0.09890298725702995,0.0009157684005280552,0.6163121335553811,0.9047791797217185,boot927
C5,0.9536092896964093,0.09756981110208232,0.09756981110208232,0.06656631972385055,0.560798446988604,0.8753926977383087,boot928
C5,0.9472384079977914,0.22582809319399938,0.22582809319399938,0.15697806478119472,0.6471902670803641,0.8197743383017945,boot929
C5,0.9683785602152949,0.12661236079505406,0.12661236079505406,-0.06285720039470769,0.5648168435467305,0.7641639647985177,boot930
C5,0.9532313293745394,0.014595663245132617,0.01915680800923656,-0.06659271355591756,0.5427762269283692,0.8016935684985466,boot931
C5,0.9190963376835541,0.04919766236726777,0.04919766236726777,-0.14002411596837752,0.6660606597414713,0.6982283620585311,boot932
C5,0.9447543586233013,0.26692008429677616,0.26599967021299414,0.19236654351043525,0.5780200446150876,0.6083937093798933,boot933
C5,0.9497869132867538,0.3121981730663315,0.3121981730663315,-0.0018310743288347889,0.6784130388332893,0.775459978261533,boot934
C5,0.9280205370254605,0.19208720330326778,0.1986462785380135,0.05247260187796584,0.6793327921700933,0.9157014611900481,boot935
C5,0.9390444810543657,-0.06574675819984745,-0.06574675819984745,-0.05463463005339435,0.5741266209000762,0.7398825324180015,boot936
C5,0.9524783754378228,0.43182539198018427,0.43182539198018427,0.17072166659681706,0.7540967733100046,0.7723557750850653,boot937
C5,0.8938382438823298,0.27628771025335686,0.27628771025335686,0.19359596598738735,0.7666011115480463,0.664057334668639,boot938
C5,0.9276833816825527,0.307451224131066,0.307451224131066,0.2962030086140758,0.5867819094696565,0.5342902370570355,boot939
C5,0.9764961415529145,0.16117964797846293,0.1665226197346551,-0.1371362750755983,0.5761504543760526,0.8655614245031269,boot940
C5,0.9436465699496973,0.1271662546353523,0.1234802762401247,0.004607472994034504,0.7021788842908583,0.8311881281238244,boot941
C5,0.9577863929627204,0.43487957460118865,0.44123480846801183,0.21970951368160263,0.7017993970077637,0.797127905010112,boot942
C5,0.9541643961183548,0.13487786035347896,0.13487786035347896,0.09295636321658685,0.6743893017673946,0.7719023494553828,boot943
C5,0.9490632955460301,0.51309172320163,0.5112592527616241,0.32251479744102457,0.7146634716022702,0.6322023018020084,boot944
C5,0.9432613768961494,0.41576377730417297,0.4222168736259672,0.20188972778184897,0.7762153004215381,0.9131737951407952,boot945
C5,0.9255006358752276,-0.2696542905724699,-0.26307735665606824,-0.2884455303336177,0.46320406011229165,0.6667294665772959,boot946
C5,0.9611786213571352,0.17189041415743234,0.17189041415743234,0.037996828392695574,0.6423273371146155,0.6767054199461022,boot947
C5,0.9604594353192694,0.15300648453755897,0.15934403123438096,0.03078236967027814,0.6147420295917311,0.7079945024163972,boot948
C5,0.9243919548378235,0.07619579794055306,0.07619579794055306,0.03386479908469024,0.7121014696419588,0.8952600965048816,boot949
C5,0.9263923002545095,0.0009386576476859825,-0.001877315295371965,-0.17365166482190675,0.45431030148001555,0.479654057967537,boot950
C5,0.9364552177184065,0.22285705522831326,0.22007134203795936,0.08171425358371487,0.5367140746748544,0.3379998670962751,boot951
C5,0.96026922497363,0.11047626411713066,0.11500397985963604,0.021733035564025706,0.5913196759711994,0.6918349654548183,boot952
C5,0.9210521417003296,0.32288215930839703,0.32288215930839703,0.31344116049820997,0.7496153055288515,0.4767704399144458,boot953
C5,0.9370715551105291,0.34798511889871275,0.34798511889871275,0.20879107133922764,0.6356528171883152,0.7423682536505871,boot954
C5,0.942358926446866,0.37002424701239767,0.37002424701239767,0.11349870918335389,0.7548125537559631,0.6680737028353514,boot955
C5,0.9628441975821173,0.046059192336955705,0.04967167801044242,-0.07495907772484947,0.5391634867678933,0.816421762207999,boot956
C5,0.9634414601955081,0.05325113143426059,0.059569062282393205,-0.004512807748666152,0.5767368302795343,0.7725926865716453,boot957
C5,0.9467677982795026,0.03765672425470296,0.03765672425470296,-0.08174264533337962,0.7329284379329991,0.8357955871165781,boot958
C5,0.9598101958701091,0.33611717925096146,0.33430522680216923,0.1286486238642494,0.7447124564536127,0.8938789247663319,boot959
C5,0.9457256048981194,0.2850353379406957,0.2850353379406957,0.057007067588139136,0.7089104695234723,0.7098299383555389,boot960
C5,0.938368208194127,-0.048187258380553925,-0.05004061447211369,-0.1454884531874417,0.5671269640172886,0.7357823683492272,boot961
C5,0.9441969083695528,0.13722266641927333,0.13722266641927333,0.04328500215909964,0.5212619408946894,0.7505803565886425,boot962
C5,0.9284803129517816,-0.07960647355384406,-0.07960647355384406,-0.24818488813845502,0.5806589835692155,0.7361257436861346,boot963
C5,0.9519783307596891,-0.18633964515375667,-0.1781187784557968,-0.2667214528671419,0.38729416443721976,0.4685894017837116,boot964
C5,0.9472575295788667,0.07986442076282788,0.07802845706713067,0.052324965327369986,0.5847544370795557,0.6260636202327426,boot965
C5,0.9517850037978802,0.1653643456450691,0.1653643456450691,0.10049766862407514,0.602072396575141,0.6724207646119937,boot966
C5,0.9140210450580087,0.18836974703635095,0.18836974703635095,0.04947084265601136,0.6821268112376951,0.8191229909004958,boot967
C5,0.9591713596138374,0.02810396856509887,0.02810396856509887,-0.08884480385095773,0.6182873084321753,0.6590833918331251,boot968
C5,0.9640047045196992,0.09651765994983091,0.10192986518066255,0.00811830784624746,0.545730694108857,0.6909582011361728,boot969
C5,0.9596944416524272,-0.0009060854993533816,-0.0009060854993533816,-0.068862497950857,0.43129669769220963,0.5219052476275478,boot970
C5,0.9486248317545776,0.25024782864765077,0.25024782864765077,0.14208210051423392,0.5793283066128765,0.6819940824683229,boot971
C5,0.9622165164423149,0.23406103247641524,0.23406103247641524,0.18345324167070384,0.5340929351102758,0.7281679805271651,boot972
C5,0.9470012426693409,0.22312995834142413,0.22312995834142413,0.10651471262388973,0.6960185531802449,0.6087866764624041,boot973
C5,0.8853674671918029,-0.04616113278593899,-0.04616113278593899,-0.08151859619644546,0.6619702871855933,0.4733971489962254,boot974
C5,0.8932848588537211,0.002920340165086238,0.002920340165086238,-0.03601752870273028,0.6921206191254383,0.6668110043613577,boot975
C5,0.9520465467800202,0.3516452108648917,0.3516452108648917,0.13335117087343942,0.6923300515210076,0.7060305142819773,boot976
C5,0.9659638693931728,0.26736079655594075,0.2655603871515236,0.03420777868392508,0.75977276866402,0.7840782956236512,boot977
C5,0.9257674942729839,0.16907240759555198,0.16907240759555198,0.09486840648417084,0.5109743873998904,0.49312785548702665,boot978
C5,0.9490023137906274,0.1795936428520633,0.1777610546596953,-0.04214952842446384,0.6615643374448453,0.6936346308112853,boot979
C5,0.9510831206905912,0.128914805640906,0.12708622683748888,-0.18468645914512774,0.5760023230763884,0.6729169996574952,boot980
C5,0.8923203938416375,0.03800545601368325,0.03800545601368325,-0.08770489849311519,0.6899452014791727,0.4765299484792592,boot981
C5,0.9385742906431184,0.2927659658218093,0.29739833869873666,0.05373552537235742,0.6179585417821103,0.6846647112098643,boot982
C5,0.9327499917138974,0.0745807751372697,0.08203885265099665,-0.005593558135295227,0.7197044800746524,0.748301092432083,boot983
C5,0.9493871424997915,0.305002252957484,0.305002252957484,0.2271488250253935,0.6805305523946263,0.8122140763092612,boot984
C5,0.960172228202368,-0.02354650029245467,-0.016301423279391693,-0.1775043868200429,0.5488145837395203,0.5623991031390135,boot985
C5,0.9229688597518145,-0.026379899852204795,-0.017900646328281825,-0.16204795623497228,0.6971830675225552,0.9070062541289319,boot986
C5,0.961286599593547,0.3735935099214499,0.3735935099214499,0.22614619244639828,0.5852663460512787,0.8274226660173641,boot987
C5,0.9363927639474582,0.01857265991090244,0.016715393919812194,-0.03807395281734999,0.7085469756009278,0.41324168301757924,boot988
C5,0.9220995625911267,-0.015088439516406243,-0.007544219758203121,-0.07827127999135738,0.7025554649826657,0.6770937232987301,boot989
C5,0.9393939393939394,0.2286395511921458,0.2286395511921458,0.2314165497896213,0.6109396914446001,0.8941935483870966,boot990
C5,0.9470165468828348,0.10100369864485334,0.10100369864485334,-0.1000854832026274,0.6675426264982579,0.7660815645161699,boot991
C5,0.9240764804158158,0.3302945132496026,0.3302945132496026,0.25689573252746867,0.6380047862770102,0.7732418944524351,boot992
C5,0.917687481326561,0.03221708696359943,0.03221708696359943,-0.053063437351810835,0.6035965998768481,0.46999044511603877,boot993
C5,0.9490823508933524,0.35549212776978345,0.35549212776978345,0.12918657220499863,0.5424003598961645,0.7723707827575449,boot994
C5,0.9540171803941383,0.3609450994841562,0.3609450994841562,0.18958732498157702,0.6216276713338247,0.8185068165070007,boot995
C5,0.9572351258478311,0.575025683602209,0.575025683602209,0.31976151757974336,0.7957701403404978,0.732181202185435,boot996
C5,0.8902589395807644,-0.07716367577983861,-0.07716367577983861,-0.03907021558472842,0.5489365289654342,0.9406154402023366,boot997
C5,0.93037075313267,0.02523538147616,0.023366093959407412,-0.12991548241430523,0.715002475157867,0.8841729954239765,boot998
C5,0.9408862494289629,-0.0619212679540983,-0.0619212679540983,-0.21441394276642997,0.5369590549452404,0.6617257888826028,boot999
C5,0.9384848684644294,-0.3567266984745649,-0.34931419564911936,-0.4864454979198612,0.4188064096376709,0.6439611829605781,boot1000
C5,0.933225355223441,-0.1956748116948153,-0.1956748116948153,-0.2534454703856655,0.4798691810610946,0.6774075623910985,boot1001
C5,0.8853546057009227,0.5853709533197916,0.5834066212616715,0.5293874896633686,0.704213042836058,0.6236754284531336,boot1002
C5,0.9204412109833371,-0.01322617120812363,-0.006613085604061815,0.043457419683834785,0.6017907899696251,0.7841230073387581,boot1003
C5,0.945341926843559,0.36517727766185964,0.36517727766185964,0.15269377353115543,0.7128775571484666,0.8324570183475644,boot1004
C5,0.9247670885230572,0.00846276543969656,0.005641843626464374,-0.05641843626464374,0.5632440553753599,0.6647972406517187,boot1005
C5,0.9356857445058173,0.006505342800700632,0.013940020287215641,0.014869354973030017,0.5399434524581525,0.5278621015425656,boot1006
C5,0.8953519398046853,-0.12625591483671683,-0.1291695128714103,-0.14373750304487762,0.5429004337978823,0.5293036429693129,boot1007
C5,0.9374885426214482,0.24208991515192732,0.24116236758429546,0.10481287514240531,0.7012259611297206,0.7726471238373773,boot1008
C5,0.9052335728370996,0.169065181466055,0.169065181466055,0.15465621713656166,0.6436004067173684,0.715645228364835,boot1009
C5,0.9486896711843745,0.27131243457777987,0.2676460503267287,0.14207238972822928,0.525209543963067,0.644367032122227,boot1010
C5,0.869875834529232,0.08097107634541227,0.08097107634541227,-0.1399500084982434,0.7997143342756765,1.0466261349832917,boot1011
C5,0.9159425277467089,0.30854413578482226,0.30854413578482226,0.03417719657924185,0.7424046590268646,0.7927210873240816,boot1012
C5,0.8838176671095961,0.4889853746156077,0.4889853746156077,0.6877279212400599,0.8067766744160931,0.795954060490999,boot1013
C5,0.9484951288982421,0.042172066868138174,0.042172066868138174,-0.07609307717511887,0.6435824117702824,0.646332763957335,boot1014
C5,0.9282980352130644,0.3231720725673447,0.3231720725673447,0.18266247579893394,0.6997377919066856,0.6491543370700575,boot1015
C5,0.9527887690389722,0.2664945806764384,0.2664945806764384,0.16519013391244985,0.5813597530509974,0.8642820818513259,boot1016
C5,0.9511780246824219,0.17004086116138337,0.17552605023110543,0.04388151255777636,0.6618794810797934,0.6707101861877203,boot1017
C5,0.9352282204937336,0.19060681196201332,0.19060681196201332,0.22036007041462027,0.5755395931926156,0.5541544386798045,boot1018
C5,0.9052583862194016,0.013447998084082646,0.013447998084082646,0.12967712438222548,0.6195684831595217,0.5974753434499576,boot1019
C5,0.9194348845793887,0.22698252554272447,0.22698252554272447,0.0964675733556579,0.7764693894607366,0.5598902296720537,boot1020
C5,0.9589844170959329,0.30013635448648673,0.30013635448648673,0.2801877146112519,0.6211281052061733,0.6737199739681559,boot1021
C5,0.9585017951288934,-0.019958684354927213,-0.013608193878359464,0.008164916327015678,0.5279979224803472,0.7185126367773796,boot1022
C5,0.8907346873157923,0.12788661438742785,0.13374401657311158,0.11519557631844646,0.7272941047223951,0.6042886588230368,boot1023
C5,0.926265010244573,0.14738950259428163,0.14738950259428163,-0.012204226329462808,0.8120504442296408,0.8314763457435325,boot1024
C5,0.9581011411273216,0.5037137259687704,0.5037137259687704,0.33490155834680413,0.5863046251816678,0.8585823148945168,boot1025
C5,0.9362483115052562,0.2795616581822942,0.2869918683665412,0.17646749187586677,0.6612887063979851,0.5442628959960945,boot1026
C5,0.8779923108789833,0.09210737294092068,0.09210737294092068,0.07229933574932484,0.6279147789735884,0.5751896520199938,boot1027
C5,0.9311676385000939,0.10739204829012097,0.10365667269742113,-0.06069985338137273,0.48559882705098184,0.3006977352123387,boot1028
C5,0.946572544001861,0.16627495203105813,0.16627495203105813,0.06338658392344204,0.6200861470771504,0.6788795002815025,boot1029
C5,0.8543280938676112,0.3939022274299492,0.3939022274299492,0.42036594296787855,0.6463253602532757,0.600522775668398,boot1030
C5,0.9460591777952343,-0.14062912911106032,-0.14062912911106032,-0.22978615867820312,0.5202358632474519,0.6057163142757432,boot1031
C5,0.9568973274543325,0.09087340850921163,0.0881472062539353,-0.0663375882117245,0.6888204364998244,0.7460706838606276,boot1032
C5,0.9101985559566786,-0.15381259295984134,-0.15381259295984134,-0.16050009700157358,0.5158931689336292,0.42226811234937806,boot1033
C5,0.926571250777847,0.29280462522264716,0.29280462522264716,0.05724705813647909,0.7742429993868075,0.8735429506058092,boot1034
C5,0.9527547104355932,0.16610872434612423,0.16610872434612423,0.01642833537489141,0.7411004624673235,0.8004250068766536,boot1035
C5,0.9261217728995824,0.0037557273474687633,0.0037557273474687633,0.0018778636737343817,0.6628858768282367,0.5747512436692893,boot1036
C5,0.8812624979733016,-0.030588527029261032,-0.024668166959081476,-0.1085399346199585,0.6226245340472165,0.5584872999536047,boot1037
C5,0.9209316180440489,0.3814662684426193,0.3786335981324019,0.2747690200910946,0.7251635994156724,0.8375261883876319,boot1038
C5,0.8984046253321321,-0.19648356002750572,-0.1887403655436631,-0.2487501227934432,0.6252629545702891,0.8798204732266144,boot1039
C5,0.959724316174887,0.3334290843806104,0.3334290843806104,0.10057235969089064,0.6867914292404964,0.7728668722191867,boot1040
C5,0.9229368368238159,-0.01413257954440007,-0.01413257954440007,-0.1281353878692273,0.70191811737187,0.7685387406185858,boot1041
C5,0.9409326955053593,0.2975770757435702,0.2975770757435702,0.2892597040612965,0.5332359400746584,0.5804939209912842,boot1042
C5,0.9550166771838097,0.00455261797079561,0.001821047188318244,-0.09014183582175306,0.5636141047844964,0.7463681218008147,boot1043
C5,0.9280284675393853,0.2089516111422856,0.21738463580722092,-0.031858093178644444,0.61935881150247,0.9004596336669798,boot1044
C5,0.9164329781267525,0.23816348251822683,0.23816348251822683,0.24670320898302384,0.6566100792932787,0.6072694374966741,boot1045
C5,0.900106269925611,-0.005796417021713464,-0.005796417021713464,0.04250705815923207,0.5255418099686874,0.5815738411785842,boot1046
C5,0.9320459905660377,-0.26869358931162285,-0.26869358931162285,-0.3591910829339403,0.587767226619175,0.6325494915044455,boot1047
C5,0.9550694276679442,0.2849781441628418,0.2822467242507379,0.09104733040346383,0.42701197959224535,0.42792245289628,boot1048
C5,0.9493528622702389,0.03480631867675724,0.0421339647139693,-0.13739336319772594,0.5514053643002069,0.6045307980699942,boot1049
C5,0.9097967813047827,0.11087043534351647,0.11087043534351647,0.03440806614109131,0.5371481436470367,0.7913855212451003,boot1050
C5,0.9339003502163101,0.3314756411854892,0.3314756411854892,0.2849200736032576,0.6862290661620942,0.8600683249462013,boot1051
C5,0.9369818795392855,0.1670488432576696,0.1670488432576696,0.07702807772436988,0.7377990577213741,0.8157551845749533,boot1052
C5,0.8883945010433288,0.1742273376454669,0.1742273376454669,0.09788052676711623,0.40718299135120356,0.53051245507777,boot1053
C5,0.9348525222824589,0.06046059435389441,0.06046059435389441,-0.13766412252886728,0.7004127315151153,0.6473934410817002,boot1054
C5,0.9300350747646298,0.10004297771717556,0.10004297771717556,-0.17203652242953554,0.5862331498006456,0.7275734812689142,boot1055
C5,0.9405106607001842,-0.106325216904562,-0.106325216904562,-0.28199296657296874,0.5676842015600093,0.9070003285510897,boot1056
C5,0.937083250808741,0.13084077166714655,0.13084077166714655,0.026910513321611703,0.42685641820487524,0.7692695015040034,boot1057
C5,0.9289119845065528,0.224666766770992,0.224666766770992,0.13011950242153286,0.6206419432048653,0.8687114981811692,boot1058
C5,0.9384848684644294,0.36784545271273306,0.3761845183913593,0.21774227049746164,0.5577908376147741,0.7929010186506394,boot1059
C5,0.9385781782221734,0.12044119593212058,0.12044119593212058,-0.002779412213818167,0.4826912544664216,0.6392648091781784,boot1060
C5,0.9356935620110909,0.22117980730178127,0.22117980730178127,0.046466346071802785,0.6012745181691281,0.7090764410557104,boot1061
C5,0.9590180717049043,0.11062039355853005,0.10790021994643506,0.09248590281123006,0.6156659608708355,0.5916991432556334,boot1062
C5,0.8612698138266519,0.13831952875871498,0.13831952875871498,0.04240452706471554,0.6259715900029437,0.7552044343906484,boot1063
C5,0.9517812123601559,0.03197665830493308,0.03197665830493308,-0.09958445014964872,0.5225899585834777,0.4705136864868724,boot1064
C5,0.8294408944396423,0.013628876875818862,0.013628876875818862,-0.20652990342587046,0.6070092085460863,0.5671709530629233,boot1065
C5,0.9215460073385481,0.5152022849806905,0.522751036408979,0.40197101355636283,0.8001676513985815,0.961939314108891,boot1066
C5,0.9251858115625973,0.19455551279584377,0.20207456643046573,0.06861136441592557,0.7556648902795092,0.7171297404020713,boot1067
C5,0.9374028335924437,0.2087172845032251,0.2087172845032251,-0.045453986402924584,0.5612175872197831,0.6242965887585354,boot1068
C5,0.8120273012359343,-0.22595085237935322,-0.2184548525373842,-0.23558856646188492,0.6682148430555281,0.613601129921182,boot1069
C5,0.9367478720281773,0.17451682117581344,0.17451682117581344,0.11696340142634304,0.665577450973714,0.5184317841674151,boot1070
C5,0.960127454357561,0.5216698709574265,0.5216698709574265,0.34777991397161767,0.6928427973653322,0.7127676882699562,boot1071
C5,0.9113080457265648,-0.03148842184426744,-0.03148842184426744,-0.09637365473548523,0.49522699809620624,0.7986608813227836,boot1072
C5,0.9304812834224598,0.1897101449275362,0.1897101449275362,0.12429285357321339,0.6868815592203897,0.9018240879560219,boot1073
C5,0.9516219472048678,0.09320471478661514,0.09320471478661514,-0.17270285386931628,0.6624844923558428,0.8450602181049561,boot1074
C5,0.9364161849710984,0.1615780998389694,0.1615780998389694,0.009286097691894793,0.53487922705314,0.5070209339774556,boot1075
C5,0.9258749967568689,0.07137783907463406,0.07137783907463406,0.2197686097824259,0.4911922346846529,0.5879279902726436,boot1076
C5,0.9309705002453087,0.19521470378158573,0.19521470378158573,-0.11955733054566015,0.7014652753108653,0.8179312905810455,boot1077
C5,0.9560706759604474,0.13824701077741902,0.14461364943164226,-0.12551373346897254,0.715792088696242,0.7794584752384743,boot1078
C5,0.9132024526073015,-0.07808164292868965,-0.07808164292868965,-0.10283923702803026,0.6056088402761783,0.7205014548388544,boot1079
C5,0.9507223288316012,0.29085436488093075,0.29085436488093075,0.1856711826126696,0.5176841840333547,0.6850626392950224,boot1080
C5,0.915370450768747,0.277388289369642,0.277388289369642,0.32583624401981925,0.6117741724453748,0.6469226885641308,boot1081
C5,0.96961465436936,0.22151336897372628,0.22151336897372628,0.23496559785877041,0.633151572856076,0.8313830855427937,boot1082
C5,0.9469744592252377,0.27639513176408487,0.27639513176408487,0.25803000672992643,0.6032943573721056,0.5996213323652738,boot1083
C5,0.9508134996777861,0.12254952119413738,0.12254952119413738,0.016461875981302034,0.6923133398803134,0.753588100477382,boot1084
C5,0.9408514121981171,0.32348128741807036,0.32348128741807036,0.2486184751870312,0.7209011548174139,0.6996438130727979,boot1085
C5,0.9408862494289629,-0.045285703429116676,-0.045285703429116676,-0.29944016144966945,0.5157025002744307,0.5803963623160259,boot1086
C5,0.943427044330126,0.10415311937022839,0.10876166447510577,0.03225981573414154,0.5567122486691854,0.7329712596750387,boot1087
C5,0.9552766101646034,0.31768626766363817,0.31768626766363817,0.061898757023287676,0.6726938447089645,0.7855680486926069,boot1088
C5,0.9497184027601603,0.02014327060211747,0.02014327060211747,-0.2289008022967894,0.6519094849412562,0.8267896978960033,boot1089
C5,0.9320538616313263,-0.16793207514475908,-0.16793207514475908,-0.16420025125265333,0.5896281749527096,0.6437396213882431,boot1090
C5,0.9454877573966864,0.2630342383900069,0.2602751379873145,0.2473993361080834,0.5453821795988604,0.48468197073962804,boot1091
C5,0.9417448429232381,-0.2382257017628746,-0.2289921474309802,-0.283470117989157,0.33517802224776544,0.3240977570494922,boot1092
C5,0.9329975478825633,0.12488965206273125,0.12209361507625219,0.09972531918441974,0.6225842356560035,0.7313338850460329,boot1093
C5,0.9353533943417228,0.028819611819660657,0.03532726610151952,-0.12643442604754354,0.7818481787204714,0.709949701974295,boot1094
C5,0.9435965107335406,0.2543460019934017,0.2543460019934017,-0.022117043651600145,0.7188039186770047,0.7584302885527883,boot1095
C5,0.9639491484219707,0.0387897062921186,0.03518136152075873,-0.12178163603339559,0.6098102663598179,0.6440895416877368,boot1096
C5,0.9508704734115535,0.08321894200658352,0.08321894200658352,-0.1518059821218996,0.7773197879735824,0.6995878091762242,boot1097
C5,0.9468443488278282,0.13316545288339304,0.13041030558235733,0.06979706495957153,0.5776625507838222,0.6015404940594651,boot1098
C5,0.940305329554804,-0.01479630396740187,-0.017570610961289722,-0.098950282782,0.5530118607816449,0.4629475351904021,boot1099
C5,0.9427756334955529,0.08946754995588713,0.08946754995588713,0.08393347470088379,0.5663203677620072,0.6397859639171039,boot1100
C5,0.9366308296334347,0.1457583231419627,0.1457583231419627,0.09005450538070306,0.3834279455900037,0.7009397068291835,boot1101
C5,0.9640380353185101,0.11635838933099454,0.1226724104574826,-0.04870816297576515,0.6746982575161544,0.837058800768705,boot1102
C5,0.9208512539797798,0.04815959786696485,0.05288112706960847,-0.03210639857797657,0.6005785145762677,0.8328015499745846,boot1103
C5,0.9583745179157425,0.11160200917250779,0.11160200917250779,-0.17874468135759378,0.5498440451913797,0.7249593929173473,boot1104
C5,0.9257714762301917,-0.014089306698002351,-0.014089306698002351,-0.3343862122992558,0.6387152369761065,0.5399876503897311,boot1105
C5,0.9363927639474582,0.09100603356342195,0.09100603356342195,-0.03250215484407926,0.5423216693983511,0.7500593367382858,boot1106
C5,0.9226966041523391,0.3515216427884522,0.3515216427884522,0.2770706782300401,0.7332006383094258,0.6295347382913836,boot1107
C5,0.9460361795448099,0.15993505438543357,0.15717755344775367,0.04963501687823799,0.7334952494228503,0.72308203799891,boot1108
C5,0.9655283194654157,0.2665807922551003,0.2665807922551003,0.1504020010358167,0.5331615845102006,0.6556446512220033,boot1109
C5,0.9387841791689706,0.30659452230150575,0.30659452230150575,0.1120783601162604,0.5566867308253926,0.4853641380241359,boot1110
C5,0.944719775397915,-0.009204477772523015,-0.011965821104279918,-0.14727164436036824,0.6765291162804414,0.4298491119768248,boot1111
C5,0.9445929508423591,0.2807742647961061,0.2807742647961061,0.2826154075160806,0.7999765118289056,0.576277671352008,boot1112
C5,0.9114879711533044,0.277615817508479,0.2747537987712782,0.26330572382247497,0.649678253344585,0.22343183460030827,boot1113
C5,0.9154556919864225,-0.24791644612167257,-0.24791644612167257,-0.18902441677476187,0.5072313495362957,0.5130421212042444,boot1114
C5,0.9315420009438414,-0.030804464151738202,-0.030804464151738202,-0.22309899794743726,0.5479460744566765,0.7057022696580025,boot1115
C5,0.9267342426587954,0.1585746106861369,0.15482136546279637,-0.02345778264587824,0.7140549037405337,0.7684769594789713,boot1116
C5,0.9040204824881533,0.2548999575479368,0.2548999575479368,0.1279309220900966,0.8301081636372433,0.611487408805948,boot1117
C5,0.9639491484219707,0.06585229207731762,0.07306898162003737,-0.10734825694795612,0.45284726880566367,0.40684087297082533,boot1118
C5,0.9638194943524945,0.32208809266433175,0.32208809266433175,0.21292098002460025,0.6640247512631602,0.7533432979683948,boot1119
C5,0.9396694607974067,0.4062483100289728,0.4062483100289728,0.31278343687879906,0.6440747694309,0.6978994006390761,boot1120
C5,0.9012780509628033,0.06464250350153249,0.06464250350153249,-0.04052216637409499,0.7129971654870523,0.7293989947337097,boot1121
C5,0.9419418907768585,-0.048927600495322805,-0.048927600495322805,-0.23171373064766085,0.5880543682173703,0.6896022183020026,boot1122
C5,0.95666449455111,-0.2754134415673025,-0.2754134415673025,-0.2881388151050657,0.4481149395798026,0.602637332538355,boot1123
C5,0.8925489716526164,0.020459235453945034,0.020459235453945034,0.05650645982518153,0.6215710580769969,,boot1124
C5,0.9394017025201102,0.21752975914218328,0.21660410059264204,-0.025918439387153755,0.6359274235348082,0.7680007416788154,boot1125
C5,0.9600789450076254,0.4818444337913271,0.4818444337913271,0.3061342455290762,0.6340058339359567,0.7375046461301225,boot1126
C5,0.9222759390107845,-0.22251192145862553,-0.22251192145862553,-0.28756837307152877,0.508194600280505,0.7938772791023844,boot1127
C5,0.9485256500963307,0.20260275831651084,0.20260275831651084,-0.008250791062663338,0.5564700194485163,0.8516649885793601,boot1128
C5,0.9191326207117761,0.26490003225107567,0.263007889163568,0.2109739542571067,0.5657507831647972,0.591294714846151,boot1129
C5,0.897360971600767,0.21124745045814328,0.21124745045814328,0.16861035036567398,0.6308352763681251,0.640525526389141,boot1130
C5,0.9395763428190875,-0.03979591933491844,-0.04164689232724023,-0.12864262296636428,0.6691267367243264,0.637660195854856,boot1131
C5,0.9541153288148805,0.05559440945860871,0.05559440945860871,0.10207498130105208,0.4948813825577793,0.8484982820649953,boot1132
C5,0.9289080257978675,0.26679292252174946,0.26679292252174946,0.10765328452631996,0.7048949847679908,0.7350461751859073,boot1133
C5,0.941636628575811,0.29458423337606326,0.29458423337606326,0.10435115476957724,0.6759738521356686,0.631647697897264,boot1134
C5,0.9191366520089961,0.33490785758972086,0.33490785758972086,0.06149438063088096,0.648056165110053,0.5600718974381774,boot1135
C5,0.9529174148838924,-0.026463354442336877,-0.019163118734106012,-0.11406618294110722,0.5028037344044006,0.5466051486537857,boot1136
C5,0.9439891556650354,0.28003269370263567,0.28003269370263567,0.0801409353688464,0.7507455439725264,0.8807415219419056,boot1137
C5,0.939355122058339,0.09442185398378501,0.09442185398378501,0.027771133524642652,0.6470674111241738,0.792403009903137,boot1138
C5,0.9326045480327954,0.15757645837039455,0.15757645837039455,0.11748303996845985,0.7086278601272181,0.5711287582367127,boot1139
C5,0.9128436753236522,0.17432386188816873,0.17432386188816873,0.16860832543281892,0.720157593374074,0.6273495900423536,boot1140
C5,0.9450117402937803,0.2898514714675483,0.2880111446645797,0.02852506544601269,0.7867397082690597,0.9355907874192684,boot1141
C5,0.9321010855866811,0.3003966032544238,0.29853078584290565,0.2817384291392422,0.6856878987329238,0.5957917426525436,boot1142
C5,0.8694746451016419,-0.10001041689831584,-0.0920095835464506,-0.08100843768763585,0.7220752100058404,0.5715496966195504,boot1143
C5,0.9436311676192698,-0.03686038559261116,-0.03686038559261116,-0.29396157510107396,0.48655708982246715,0.737207711852223,boot1144
C5,0.9693031593098812,0.24580634786628874,0.24580634786628874,0.10137269090835996,0.5858085589660094,0.5283939375665843,boot1145
C5,0.9560293089908283,0.2983354052245735,0.2983354052245735,0.19191698323897868,0.6721642209175606,0.6885362858384213,boot1146
C5,0.9520958083832334,0.32331419196062344,0.3205742411812961,0.15891714520098443,0.7680995351380914,0.9233634126333059,boot1147
C5,0.9517053778454616,0.17177402237618844,0.17177402237618844,0.013705374125759716,0.581107862932212,0.8122718398533592,boot1148
C5,0.9396461828360256,0.07866050522886993,0.07866050522886993,-0.13418556774336635,0.3970041969786494,0.5672810553564384,boot1149
C5,0.9324315363702672,0.1632011650269304,0.16133600885519406,0.06994335644011303,0.5940522406980266,0.7386018440075935,boot1150
C5,0.9507033329109111,0.42531440891124683,0.42531440891124683,0.41708251712586786,0.6960521831859331,0.703369420328492,boot1151
C5,0.9621421843719669,0.45189018396429026,0.45189018396429026,0.28920971773714577,0.695910883305007,0.9525845077967238,boot1152
C5,0.9547453048298846,0.06375476779981334,0.06102242060839277,-0.08470276293403771,0.5637743038297779,0.7951130327033865,boot1153
C5,0.9203366403767272,0.07275220696605396,0.07086253925264994,0.003779335426807998,0.5999694990057696,0.8323986277544614,boot1154
C5,0.8964120061843577,0.09409493124259805,0.09409493124259805,-0.05044264355273297,0.6431437052973454,0.5509888757298526,boot1155
C5,0.9485561695226415,0.05775367917666001,0.05775367917666001,0.03575227758555143,0.5628691907058612,0.61290553754689,boot1156
C5,0.958430673461906,0.013609203693111971,0.013609203693111971,-0.07711882092763449,0.4781366897513339,0.771188209276345,boot1157
C5,0.8802509968779945,0.04247800284287395,0.04247800284287395,-0.11162824002894783,0.587777016081628,0.923649596699701,boot1158
C5,0.9418491715168289,-0.10063459369296542,-0.10340435315240483,-0.18834364324188022,0.45793356396064994,0.6268888909864543,boot1159
C5,0.9039914679252988,0.13370653319858472,0.13370653319858472,-0.09619175050257892,0.7608767464753994,0.583883925550654,boot1160
C5,0.9137686754574692,-0.08279138467421086,-0.0732751335622326,-0.12561451467811302,0.688976580507226,0.6946301824892654,boot1161
C5,0.9551221728266865,0.2594705619942627,0.26584352316605164,0.13838429973027347,0.5890436968782036,0.8528979240767781,boot1162
C5,0.9281791250124823,0.19861233798430594,0.20329659123865276,0.017800162366517987,0.7691543843637508,0.8450392870841696,boot1163
C5,0.9197369794384719,0.011345398567171249,0.011345398567171249,-0.07847234008960113,0.5511972803884031,0.7005783615228247,boot1164
C5,0.9548923156816641,0.16118366537318685,0.16118366537318685,-0.05919174152122682,0.683892275114482,0.7212286043817174,boot1165
C5,0.9136872408855434,0.2883681079033157,0.29217494761161034,0.13799793942567914,0.7556576820964773,0.8013397585960127,boot1166
C5,0.9522246245290796,0.20912128257666948,0.20912128257666948,0.10501723797518338,0.8109157158431551,0.7944782351166045,boot1167
C5,0.9476398153830511,0.04129251868421289,0.04129251868421289,0.02385789968421189,0.6267286724737201,0.6236007238385529,boot1168
C5,0.9519101058578027,0.19548795141117767,0.19548795141117767,0.10961941200626785,0.4987683246285187,0.7390175359422557,boot1169
C5,0.9376287639394982,0.4238258462530148,0.42289843739906946,0.25689225254285575,0.732652994616809,0.9246266273834918,boot1170
C5,0.916084439191514,0.02942580463752968,0.02942580463752968,-0.10821102350575432,0.6663520921143817,0.8486022369661786,boot1171
C5,0.8907007188626811,-0.2782372144854291,-0.2714033179892958,-0.2479728157168386,0.571118492891144,0.6296947485722869,boot1172
C5,0.9000686982628069,0.016423867116125247,0.021254416267926794,0.04250883253585359,0.6395647076985245,0.8540410900385128,boot1173
C5,0.9259824777265517,0.28547821632216674,0.29205172788221667,0.12771393888096932,0.6132147212446543,0.5559312633642195,boot1174
C5,0.9349503858875412,0.34412428219852337,0.34412428219852337,0.2920406070549631,0.7580034864643149,0.8367759595876274,boot1175
C5,0.9471619147266546,0.17076186016353873,0.17076186016353873,-0.04131335326537228,0.5985845850893938,0.743640358776701,boot1176
C5,0.9418491715168289,0.20588545315166318,0.21234822522368849,0.15141351711602133,0.6176563594549896,0.7733629188206596,boot1177
C5,0.9341865725161361,0.04281799929136648,0.04933378179222659,-0.06236534679394683,0.7046353361644441,0.8200577690368231,boot1178
C5,0.9263644581437738,0.1605152819354336,0.16614739709106285,-0.03660874851159012,0.6552027297715359,0.5434991125182226,boot1179
C5,0.9251419606330461,-0.16542702068788084,-0.15884753691052192,-0.18798525078168274,0.7416018143337384,0.7331424780485627,boot1180
C5,0.9151308918163134,0.33732404286038997,0.3430252942890163,0.32117049714594875,0.7003037171495984,0.8399843771509429,boot1181
C5,0.892713996966235,0.20455453400836585,0.2016323263796749,0.09643285174680102,0.6808743774849891,0.5472840773711101,boot1182
C5,0.9624543075331259,-0.1436544763559684,-0.1436544763559684,-0.33790423998196345,0.5222156436084889,0.6740015054185686,boot1183
C5,0.9616736473631599,0.03255194515511705,0.03255194515511705,-0.03797726934763656,0.5551915090344964,0.7785340216265495,boot1184
C5,0.9307417287448942,-0.15695756621843684,-0.15882610867341823,-0.24197624792009015,0.5960650431390638,0.7838535598646935,boot1185
C5,0.9562661845370366,0.06638137152188159,0.06638137152188159,0.05183202981845549,0.498314953342344,0.6056163484051115,boot1186
C5,0.9538246049767336,0.012763261693983261,0.010939938594842795,-0.04649473902808188,0.5278520372011648,0.5725234531301063,boot1187
C5,0.9494442712449339,0.2546111844119176,0.2610222574007069,0.24453664114382012,0.7620018180960987,0.7965818995196723,boot1188
C5,0.9350521449622601,0.048358149380185476,0.048358149380185476,-0.11531558698351922,0.5347295364155126,0.6128465469527351,boot1189
C5,0.9524594430467598,0.3158870095874733,0.3158870095874733,0.10225244240981796,0.6116887179873038,0.8171065710427416,boot1190
C5,0.9291771513451796,0.07861092812616381,0.08516183880334413,0.09639197139279611,0.5493406525006924,0.4950616783183412,boot1191
C5,0.9307141117695243,0.01868597900031922,0.01868597900031922,-0.057926534900989576,0.5194702162088742,0.8315260655142053,boot1192
C5,0.923736839173305,0.3426535845573776,0.34830172056656505,0.17038543627715755,0.7606156492372558,0.7747359892602246,boot1193
C5,0.9481554610258569,-0.11555617395565093,-0.11555617395565093,-0.19167651076770675,0.5842006572202353,0.5557701699771783,boot1194
C5,0.944888827399395,0.3478670110626429,0.3478670110626429,0.2788457787089439,0.5705755207905783,0.8052477107931549,boot1195
C5,0.9361272535710219,0.3232559403626162,0.3232559403626162,0.07616950318889229,0.5852047196219775,0.8583002554455671,boot1196
C5,0.9558525222755064,-0.0827851922116923,-0.0827851922116923,-0.2410777575395435,0.4384886005058866,0.6013298027684463,boot1197
C5,0.9125907581471268,0.09814390140565586,0.09719104799395047,-0.11720096963976379,0.5364564707901383,0.7432256611302094,boot1198
C5,0.9416404937550215,0.17822734692225714,0.1763804314101094,0.13944212116715454,0.5291412942303282,0.4968202727677427,boot1199
C5,0.9601983444979852,0.01720658989375028,0.01720658989375028,-0.2445146984901355,0.6031362562756676,0.7368739378530654,boot1200
C5,0.9258351835309554,0.0807731333026747,0.0807731333026747,0.07044168601977445,0.6001631648884784,0.6696656284279893,boot1201
C5,0.9531330149624673,0.29285569841854686,0.2901187292744483,0.26366136088149555,0.6851546090726751,0.4871805076495453,boot1202
C5,0.956371428056971,0.09819724923094049,0.09637878165258974,0.08001257344743301,0.4964416488897548,0.6082774049583259,boot1203
C5,0.9193139993213082,0.19296051673180958,0.19296051673180958,0.033105971007908505,0.49753545000456784,0.8162986565664297,boot1204
C5,0.9572914043104379,0.3333681189924469,0.33064303900068304,0.23072343930267444,0.6503857580343106,0.47688899855867745,boot1205
C5,0.9351930100454876,0.013947365004615606,0.013947365004615606,-0.1524911907171306,0.6527366822160102,0.7661752509202172,boot1206
C5,0.9540851312626768,0.3864389456378651,0.3864389456378651,0.16223144415929244,0.6580399027135345,0.7261161157597134,boot1207
C5,0.921602191030469,0.11605497771173846,0.12265973254086181,-0.33778603268945023,0.6802897473997027,0.7453937592867756,boot1208
C5,0.923856737035593,0.10730065691861652,0.10730065691861652,-0.03200195030906107,0.6918068669752906,0.5186198417733132,boot1209
C5,0.9338728961648118,-0.31751830505861905,-0.31751830505861905,-0.39666509664214566,0.5111951597571315,0.7231927871714035,boot1210
C5,0.9021978771279858,0.5098659747065049,0.5098659747065049,0.47902342047095076,0.7893766224662145,0.9291319463460692,boot1211
C5,0.9531141062274899,0.059302174588678404,0.0656885626213053,0.018246822950362587,0.5802489698215302,0.7371716471946484,boot1212
C5,0.975826972010178,0.17198344765035994,0.17554787143585965,0.028515390283997508,0.606843149481322,0.7725888555070574,boot1213
C5,0.8861172075288946,0.15603000188968677,0.15603000188968677,-0.01864509456543427,0.5711286861622497,0.8873068867806725,boot1214
C5,0.9456066945606694,0.04230088495575222,0.04230088495575222,0.08276260100038477,0.5554290111581377,0.739345902270104,boot1215
C5,0.9466070058994368,0.04776786039248003,0.04593063499276926,-0.08726820648626159,0.6476219533980466,0.7477507376822835,boot1216
C5,0.9410604012131399,0.270739910389606,0.270739910389606,0.07299813283542277,0.6680715194938059,0.7928151642125663,boot1217
C5,0.9511894120073974,0.3501337105487876,0.3501337105487876,0.17643813612510706,0.6874687998242512,0.9077879231721828,boot1218
C5,0.9446659747637515,0.09205001986112298,0.09205001986112298,-0.06811701469723101,0.5605846209542389,0.97296870993207,boot1219
C5,0.9142244835260354,0.04755753280843636,0.04755753280843636,-0.12364958530193455,0.7009980335963519,0.6344174876645411,boot1220
C5,0.938916288623557,0.25468770504894717,0.25283543083040944,0.21301153513184676,0.5714265964189107,0.658483484690187,boot1221
C5,0.9506615394642507,0.17104793756967673,0.17104793756967673,-0.07409028311841612,0.5524756914015225,0.7921257429697327,boot1222
C5,0.9265990821644327,-0.035661030640871845,-0.03190723794183271,-0.3134416903697683,0.6146835544676594,0.8173883602157732,boot1223
C5,0.9098829008098764,0.150998885928657,0.15577733168589297,0.1586443991402346,0.7043429046165837,0.7903549282468313,boot1224
C5,0.9303628572377671,0.1831917313581433,0.1831917313581433,-0.028974202408685923,0.6271512843944599,0.6626680486373652,boot1225
C5,0.9320774741310692,-0.07836631641480711,-0.08023218109135014,-0.08303097810616468,0.5746863203752521,0.6485289749862222,boot1226
C5,0.9432729367750499,0.07006133001937215,0.07559248765248046,0.06453017238626382,0.7070663174323479,0.727347228753745,boot1227
C5,0.9229688597518144,0.16675865263715176,0.16675865263715176,0.15168442415017758,0.725447245935632,0.9600399267641674,boot1228
C5,0.9617815227204334,0.19167328726125044,0.19167328726125044,0.10759019426456982,0.6166093486423246,0.7251036621864286,boot1229
C5,0.9664543463840168,0.23123519668125841,0.22853595314023206,0.15745587322653784,0.5911343354847736,0.6316229886001689,boot1230
C5,0.9542247803258574,0.11390990300712443,0.11390990300712443,0.007290233792455963,0.5084938070238034,0.4091643716015909,boot1231
C5,0.9500646699297506,0.3441413327824369,0.3441413327824369,0.3313275597533037,0.61689164440256,0.5098051126590887,boot1232
C5,0.9600490908503698,-0.011774760201141437,-0.011774760201141437,-0.15669488575365145,0.6421773063545599,0.7744169209212254,boot1233
C5,0.9029999053657614,0.0702970847420557,0.07703790108718435,-0.08666763872308238,0.8368242005595398,0.5697228474214744,boot1234
C5,0.9502510269283432,0.2653761015745729,0.2626308315582842,0.1006599005972518,0.5691859833771875,0.5042145929916886,boot1235
C5,0.9509312385744539,0.17282829653733028,0.17282829653733028,0.0694970927874979,0.5660355320455419,0.6035273847335343,boot1236
C5,0.9623540027069025,0.06867218958496582,0.06867218958496582,-0.13373005340230187,0.5105235146777064,0.7047935246878071,boot1237
C5,0.9352790759192312,0.3226193530933223,0.3226193530933223,0.0,0.7233367628432411,0.6043302003189033,boot1238
C5,0.9319121647022399,-0.09890836983862016,-0.08957739155195789,-0.21461250059323242,0.5673234798290666,0.589717827717056,boot1239
C5,0.9506197426881949,0.2899710173634148,0.2899710173634148,0.17379966340393943,0.6393998143123878,0.7016017991095872,boot1240
C5,0.9475022244820134,0.07066634780275545,0.06791311347277797,-0.06791311347277797,0.5084306062691756,0.5897051568530889,boot1241
C5,0.9129415471640078,0.08667634311136581,0.08477136853748964,-0.07429400838117069,0.6076868890664988,0.7572273931157781,boot1242
C5,0.9128518319834639,-0.06763324372218711,-0.06096517743971795,-0.19432650308910096,0.610604355294675,0.8592279695410249,boot1243
C5,0.9594890078523033,0.19847521029444642,0.2030066077897534,0.14862983784606942,0.6670217113091899,0.935732610707948,boot1244
C5,0.9497907191650511,0.16662709623478159,0.16662709623478159,0.029297071865456104,0.5365026285361649,0.6720015859138994,boot1245
C5,0.8808434223483751,-0.32577472279249037,-0.31886434988477086,-0.402776020907079,0.4146223744631696,0.5597402055252788,boot1246
C5,0.8910785007748674,-0.012686141362693498,-0.005855142167396999,-0.2849502521466539,0.6118623564929864,0.3926360964820638,boot1247
C5,0.9605228233032274,0.15752290747840117,0.15752290747840117,0.017200777253388633,0.6427658868371541,0.6011218998026343,boot1248
C5,0.9516295323573142,0.12975454908770326,0.12975454908770326,0.04842951480033994,0.5336384272339344,0.7237014287145138,boot1249
C5,0.9506273423496822,-0.07592240389918171,-0.07592240389918171,-0.26710050528386814,0.5524955657241657,0.8596772353190556,boot1250
C5,0.9143017701601573,0.22540365035675156,0.23206114213944037,0.1312476951444376,0.7190091125303972,0.5440121856711472,boot1251
C5,0.8926928426233016,0.30294270290549835,0.3078131643670015,0.1733884280295135,0.7081650965025635,0.9127244778856975,boot1252
C5,0.9286823310216333,0.047753493961891096,0.047753493961891096,0.029962976603539512,0.6704216015041966,0.641765161073997,boot1253
C5,0.942046180523866,0.14492043166558552,0.15322797233431334,0.18738119508352777,0.7513709004827173,0.8898299116281811,boot1254
C5,0.9413814643127199,-0.0036948474145968154,-0.006465982975544427,-0.04156703341421417,0.6798519242858141,0.44707653716621465,boot1255
C5,0.9106942163050057,-0.017187079518907716,-0.017187079518907716,-0.09834828835819415,0.5566704088623998,0.6760251277437035,boot1256
C5,0.9270163798465686,0.1491460912353038,0.1491460912353038,-0.015946437427673994,0.6406715743000786,0.8625156848496021,boot1257
C5,0.9189794091316025,0.17315995679705204,0.1703212689807069,0.07285965395285796,0.7371126029776149,0.7229191638958893,boot1258
C5,0.9089019743678559,-0.18943067338282074,-0.19038739395546128,-0.14637824761399787,0.5548979321314952,0.6199549310710498,boot1259
C5,0.9160641684027842,0.16137088651143933,0.16137088651143933,-0.014238607633362294,0.6768084828391544,0.5353716470144222,boot1260
C5,0.9548885466892181,-0.0546387462959685,-0.0546387462959685,-0.25680210759105193,0.6438265605208289,0.7406007992069904,boot1261
C5,0.9180996184602519,0.020836992411229202,0.02746694454207486,-0.260462405140365,0.5635459311218808,0.7785458073650183,boot1262
C5,0.9533296253223441,0.21526383514511968,0.2234730491972641,0.09942270352041545,0.5928876815437619,0.929465457681682,boot1263
C5,0.9400650298266724,-0.2469764385196693,-0.24975145468281162,-0.323751885699941,0.4329025214502068,0.6336286905841703,boot1264
C5,0.9058618320207199,0.26206127243298644,0.26206127243298644,0.23038353620482324,0.6105163709427815,0.8276408090116419,boot1265
C5,0.9287298536152595,0.18819531644781018,0.18819531644781018,0.06834954278950318,0.6048466389317679,0.6966035593889092,boot1266
C5,0.9523306846363524,0.21366345131183437,0.22188127636228955,0.11413645903409958,0.48211240296003655,0.6948627625995982,boot1267
C5,0.9485256500963307,0.10451002012706896,0.10084300187699635,-0.13292941156513158,0.6096417840745689,0.6298103844499682,boot1268
C5,0.9559728942030916,-0.10642470205140421,-0.10642470205140421,-0.23013204802568607,0.5412196386374831,0.6785711771824576,boot1269
C5,0.9189390830753159,-0.214803470636201,-0.21669601222770934,-0.3293022369224579,0.5128787712987706,0.555460957107709,boot1270
C5,0.9295845399208084,0.29746809166382193,0.29746809166382193,0.13563796632469868,0.6632228836152508,0.8985692684736992,boot1271
C5,0.9493757160051625,0.03572141451117174,0.040301083038245034,-0.1749433377342,0.5092591402105509,0.6493969971389939,boot1272
C5,0.8993668890973516,0.39351353465265454,0.39061294348813874,0.2958602987806199,0.6352294650289781,0.5917205975612398,boot1273
C5,0.9366113200623797,0.18011276242388108,0.18011276242388108,-0.01949674232423455,0.5626202784993398,0.6806771381243487,boot1274
C5,0.9159830776654361,0.14429733066723197,0.14429733066723197,0.16803044426381616,0.7442704423888807,0.8805898988176599,boot1275
C5,0.9647226935786373,0.06940494111396439,0.06940494111396439,-0.06579948962752467,0.5363109086079066,0.8499851879281612,boot1276
C5,0.9399448390896255,0.39132731162477163,0.39132731162477163,0.2830878424519625,0.7437994291875093,0.6929176274396075,boot1277
C5,0.9231809635635353,0.1959199467450278,0.19968763802858602,0.12810150364097972,0.7431771056818602,0.6272728365269393,boot1278
C5,0.9556455681605236,0.08007334693941794,0.08007334693941794,-0.06278478339567997,0.5796218409137411,0.4677011400779638,boot1279
C5,0.9227606766757985,0.4146348076193532,0.4146348076193532,0.32511138324699285,0.6351451371260093,0.817961393212724,boot1280
C5,0.9548697013192156,0.08104907323052023,0.08013840948635709,-0.08287040071884652,0.5427555915212365,0.8350786533976073,boot1281
C5,0.9491852378293314,0.062295990736047094,0.062295990736047094,0.019238467727308663,0.4708844005636501,0.5881474419491505,boot1282
C5,0.9186768903565232,0.31803773025148196,0.31803773025148196,0.038808175417591545,0.7638584771218632,0.8651383495531385,boot1283
C5,0.9064604865458415,0.09497044581588115,0.09497044581588115,0.04892416905666606,0.7309846435525399,0.662059169967754,boot1284
C5,0.9701089950211272,0.1756862202942298,0.18196072816188086,0.06184872040970335,0.6866104323743879,0.6462743103680595,boot1285
C5,0.9479569018093109,0.15410717116243505,0.15410717116243505,0.10457272328879522,0.5540519725125641,0.8173183899150575,boot1286
C5,0.9348486073641731,0.3367204124988632,0.3367204124988632,0.02976534033139122,0.6492564859784709,0.6157704781056559,boot1287
C5,0.9482737972106391,0.08894881028566522,0.09445079855075791,-0.1164587516111287,0.5483648304209051,0.49609594190252454,boot1288
C5,0.9328443123695054,0.1435534758614866,0.1435534758614866,0.16126461898725442,0.6329403253892819,0.7701360823464108,boot1289
C5,0.9200509789599994,0.12475679209145485,0.12192141045301272,0.14082395470929374,0.5226553486861708,0.7967422404022458,boot1290
C5,0.943403931062393,0.12443376636731682,0.12443376636731682,0.11429471873738731,0.6055776629876086,0.7290896977522046,boot1291
C5,0.9007946291414591,0.056954544539175096,0.0646771946461819,0.15348767087676002,0.5415508387538513,0.5714761079185028,boot1292
C5,0.9230409043780727,0.5077734366384458,0.5077734366384458,0.48422179300957535,0.7385795442013757,0.6566198243729067,boot1293
C5,0.9494099947434247,0.0952536660761986,0.09250596417015441,-0.07968335527528153,0.6136534256832026,0.8798054630200489,boot1294
C5,0.9418568987424966,0.06001096260578308,0.05724122587013154,0.0036929823142020355,0.6536578696137603,0.6314999757285481,boot1295
C5,0.9299758155334428,0.07854341698011914,0.0757382949451149,0.057972522056754607,0.6002961154909106,0.5703748137841985,boot1296
C5,0.919757113090024,0.09737920600624686,0.1058880686669869,0.09359748926814018,0.7733610729428148,0.7816951270809064,boot1297
C5,0.9394948511706541,0.3082137353179665,0.3082137353179665,0.16845315263624594,0.48684812245420533,0.5183173927269107,boot1298
C5,0.9477582676136114,0.44865595567424094,0.44865595567424094,0.19450933047635802,0.7229875113932553,0.623897852471337,boot1299
C5,0.9383020893247703,0.3021183306471847,0.3002648439560977,0.08896736117217709,0.7515888532357877,0.8007062505495937,boot1300
C5,0.936615222033861,0.0752014071005022,0.0752014071005022,0.02970919786686507,0.6006828443706781,0.6489602909043339,boot1301
C5,0.9418491715168288,0.07016723963913185,0.07016723963913185,-0.08401603693632893,0.5678006891850802,0.589035511707449,boot1302
C5,0.8721233892341881,0.027917868489155367,0.027917868489155367,-0.04187680273373305,0.7418176484261282,0.7767149840375724,boot1303
C5,0.9569423798846086,-0.1308515475293789,-0.12358201711108006,-0.12449070841336742,0.5106845118854927,0.601553642114228,boot1304
C5,0.885037261608424,-0.28591279626012644,-0.28591279626012644,-0.40381498028492085,0.6789200763427744,0.6415843847349229,boot1305
C5,0.9503308739636419,0.3623451952589416,0.3623451952589416,0.2141130699257382,0.6679595771187561,0.6946459839938578,boot1306
C5,0.9466338080387324,-0.019290320512692093,-0.013778800366208639,-0.0799170421240101,0.5768724419986017,0.6769983913263844,boot1307
C5,0.8666937805030659,0.11237106638898,0.1183909449455325,0.10735450092518625,0.7193754875080237,0.7752321158416644,boot1308
C5,0.9613647767185146,0.27858945266406465,0.27858945266406465,0.05246165017699919,0.7416991921575748,0.8719488063901244,boot1309
C5,0.9492576276717246,0.15939229079169592,0.15939229079169592,0.08519243128521678,0.5532927795297949,0.8711613134649587,boot1310
C5,0.9378468124408998,-0.08808335706464816,-0.08808335706464816,-0.30041060725206326,0.591549282181532,0.826129169943174,boot1311
C5,0.9247032544609232,0.1410558273472667,0.1466980604411574,-0.04419749256881024,0.7081002532832791,0.7128021141948546,boot1312
C5,0.8815819941647756,0.21798756589345586,0.21700119681701488,0.15979179038343824,0.8246045479046568,0.7969862137643093,boot1313
C5,0.9399332062813894,0.5624821515409218,0.5680329622469178,0.33027323700675837,0.7058780947791501,0.8030172821340791,boot1314
C5,0.9401270530923933,0.2432603672255322,0.2432603672255322,-0.021273720327708145,0.720531658055854,0.897196031212039,boot1315
C5,0.9142936352431225,0.03994530610586956,0.03994530610586956,-0.08749924194619048,0.5278486878275621,0.5373594749956263,boot1316
C5,0.9351773602098781,-0.05765007342153939,-0.048351674482581423,-0.173880060158514,0.6006765714566846,0.6601863246660156,boot1317
C5,0.9554611217439257,0.24208661405699677,0.24208661405699677,0.07007770406913064,0.6880356399514644,0.7453719432807533,boot1318
C5,0.9471580897713029,0.07987280553271751,0.07987280553271751,-0.10649707404362337,0.649999382955908,0.8290246367361369,boot1319
C5,0.917727900810397,0.1004370826713281,0.10801723985406986,-0.13454778999366598,0.6727389499683297,0.6499984784201047,boot1320
C5,0.9376988607205172,0.32735085281352316,0.32735085281352316,0.1261181755882129,0.6658297799436533,0.7075600586309296,boot1321
C5,0.956209795347966,0.3064635812000134,0.3064635812000134,0.09821384798101317,0.6756748986101184,0.8102642458433589,boot1322
C5,0.9312858865569924,0.07843292732687566,0.08590272992943526,-0.13539017217139251,0.775925745340877,0.8780108430581968,boot1323
C5,0.9442469107017953,0.40427892970394946,0.40427892970394946,0.2753517083860612,0.6473988327605387,0.5774097697593994,boot1324
C5,0.975026437810136,0.34246563019174536,0.34246563019174536,0.16320627688825365,0.5948556649424327,0.6180434419866654,boot1325
C5,0.9038132019018728,0.1548992642565978,0.1539371570251904,0.021166359090963677,0.6051654485552797,0.4657651730707567,boot1326
C5,0.95001902139454,0.36612539235892894,0.36612539235892894,0.20411490624010292,0.7899155340143893,0.7066220072527329,boot1327
C5,0.9215700867804885,-0.0217020932937072,-0.0217020932937072,-0.05850129496564548,0.5595365792681899,0.659554922273971,boot1328
C5,0.9047494869556343,0.15858341224635683,0.15858341224635683,-0.021144454966180913,0.7237170267970104,0.6756614473284174,boot1329
C5,0.9131372379884412,0.31520572700613614,0.3209194259850993,0.10284658162133745,0.6970712754335094,0.8465797320497129,boot1330
C5,0.9547566148252878,-0.048270895227233,-0.05100321005141601,-0.275963797242483,0.6748817615732011,0.7277065148407391,boot1331
C5,0.9594516475348914,0.4631268571257493,0.4595015979701662,0.28730178807996587,0.7014876466053425,0.8209290459353134,boot1332
C5,0.9260382001319291,-0.2779489056835415,-0.27325382281726546,-0.2525954582056509,0.5211541981566402,0.8272736010378379,boot1333
C5,0.9605079091789519,0.17744235209305498,0.17744235209305498,0.17563171584720746,0.6319120498007772,0.6980002727742111,boot1334
C5,0.9532615762479231,0.2225768019294384,0.21984020190571582,0.01185860010279795,0.5026222043570515,0.7917896068637399,boot1335
C5,0.947169564553982,0.13771006532512137,0.13771006532512137,0.07803570368423544,0.5719558046503374,0.5076911074986141,boot1336
C5,0.9555815839264798,0.1010083709795112,0.09827841500709195,-0.1465076371864982,0.7889572760291548,0.7716675548704998,boot1337
C5,0.9192333941217931,0.14189517422102463,0.14189517422102463,0.08040726539191397,0.7227194206990855,0.7652879729653929,boot1338
C5,0.8914941878033759,-0.031212864129921775,-0.02536045210556144,-0.059499522247663375,0.6408391166674565,0.7949526333089451,boot1339
C5,0.9272785152172464,0.0290705772826139,0.0290705772826139,0.009377605575036745,0.6151709257224103,0.7145735448177998,boot1340
C5,0.9462737797428588,0.23249085487688667,0.23892340817387564,0.042271064523070306,0.6726612876279883,0.8674757589082253,boot1341
C5,0.9518191255032026,0.42390224156953826,0.42390224156953826,0.2759018899870701,0.5645939338146004,0.6760509887100392,boot1342
C5,0.9290821813021739,-0.0411813619238635,-0.0411813619238635,-0.15817386738938477,0.5840265872838823,0.6121047885956075,boot1343
C5,0.9354198809786203,0.3337259763143875,0.3327963774945703,0.2351885014137606,0.6572263656107855,0.6759653069630932,boot1344
C5,0.9436003616109183,0.08570319438976311,0.08570319438976311,-0.09768321080983752,0.5427868978018331,0.7373920997552563,boot1345
C5,0.9312425319742139,0.05695989652493484,0.06349627809337,-0.24744873080504484,0.6153536362283945,0.8002398577355602,boot1346
C5,0.9403673247017268,0.2635417888803497,0.2616923728180314,0.0850731388666392,0.5779425194744511,0.8100442352953906,boot1347
C5,0.9480180049368375,0.04769676426911371,0.04769676426911371,-0.12291089253963919,0.5686921893625096,0.6594994905671686,boot1348
C5,0.9308995126702057,0.023352821801813785,0.023352821801813785,-0.17561321994963966,0.6146462698237388,0.6015686896147231,boot1349
C5,0.918995538711747,0.13814704902387095,0.13814704902387095,0.13152356037204155,0.6509943132083782,0.8638921627314671,boot1350
C5,0.9432652302172176,0.2627321340991776,0.2627321340991776,0.12260832924628291,0.66558807305125,0.8204617520991865,boot1351
C5,0.9454608969040653,-0.263041711178403,-0.263041711178403,-0.21521594550960244,0.5113678021510213,0.5407990425625908,boot1352
C5,0.933217501417223,0.17144984931917515,0.17144984931917515,0.17051805665983177,0.5516212543312592,0.8060006503319918,boot1353
C5,0.9539265655005125,0.05287071817968839,0.05013602586004933,0.07292512852370812,0.5578772332063672,0.6235098488777044,boot1354
C5,0.9290346899633034,0.14507812264897882,0.1506940499773264,0.027143648753679916,0.5999682362451318,0.689823073498693,boot1355
C5,0.9511021028629338,0.18651131546640104,0.18559704431215399,-0.01645688077644715,0.5650195733246854,,boot1356
C5,0.9174610764127544,0.07961479798845242,0.08909275012993485,-0.006634566499037702,0.4890623305004935,0.8899797060852002,boot1357
C5,0.9475060469373079,0.20282077741314244,0.20282077741314244,0.11655311643198685,0.5937784750511456,0.9214120385646835,boot1358
C5,0.9546435038560597,0.16942359088128198,0.16942359088128198,0.07833563879457123,0.6285068693983041,0.8252568459055993,boot1359
C5,0.9247710779002982,0.3902258340915561,0.3902258340915561,0.14104548220176724,0.6666749792070199,0.5717043545244966,boot1360
C5,0.9492576276717245,-0.034809810632669226,-0.034809810632669226,-0.11817014662142976,0.4241300611296277,,boot1361
C5,0.9088115911469903,0.03731581309989675,0.042099891702447614,-0.1282133065483632,0.6707278200776312,0.791286600861913,boot1362
C5,0.9485103897187682,0.10451170156607426,0.10451170156607426,-0.12926447298961816,0.5308094316382193,0.6289037480204118,boot1363
C5,0.9471083628225343,-0.2304497332435806,-0.22494097467998903,-0.3250167552519025,0.5701565113317274,0.5618933734863399,boot1364
C5,0.9718372820742065,0.28632454701811927,0.28632454701811927,0.0035790568377264908,0.6164925402983881,0.8589736410543578,boot1365
C5,0.9603885807761571,0.31961700491175915,0.3159952824764984,0.2118707624627525,0.5414475040714787,0.6482883159116702,boot1366
C5,0.9155693261037954,0.17380489958066653,0.17190539248142428,0.10732215110718751,0.7332097403075112,0.7286193852985968,boot1367
C5,0.959515158478264,0.4757837696430477,0.4821275532382883,0.348908097738235,0.7666915602247968,0.6597534939050261,boot1368
C5,0.9054444507393347,0.023048973573531095,0.023048973573531095,-0.08739402479963873,0.6943503289026244,0.5176415315055526,boot1369
C5,0.9423859451923814,0.36263181998646954,0.36263181998646954,0.1937727282370448,0.7317227309141738,0.7591082270639551,boot1370
C5,0.9381581550772748,-0.050978704067847026,-0.050978704067847026,-0.023172138212657737,0.47363850506672417,,boot1371
C5,0.9325652321247033,0.16317776794742164,0.1603804347826087,0.1808942113245703,0.6023590748230536,0.8158888397371082,boot1372
C5,0.9589021411122287,0.4135163768333127,0.4135163768333127,0.27839808703470836,0.635690745965246,0.777833546211564,boot1373
C5,0.9330132618572491,0.29264694235680133,0.3010349120421873,0.16682739707601096,0.7353453424188414,0.6449416691430143,boot1374
C5,0.9448312021205324,0.09755595797070173,0.09755595797070173,0.025769498331883477,0.4785763975921217,0.2899068562336891,boot1375
C5,0.9266467897553659,0.09853198525642251,0.09853198525642251,-0.022521596630039428,0.47576872880958293,0.6437423036752937,boot1376
C5,0.9519593802890248,0.18817025021406145,0.18817025021406145,0.12605579868708972,0.5425880030444297,0.601962111121682,boot1377
C5,0.9342492856381082,0.1451991197621208,0.1451991197621208,0.17312202740868246,0.5910348785188891,0.3620670358170832,boot1378
C5,0.8623114157509804,0.3751292803979064,0.3751292803979064,0.2117665292568827,0.8500913531597718,0.5223574388336439,boot1379
C5,0.9492271489537595,0.0998523997128841,0.0998523997128841,-0.0861112437890927,0.5972822441541323,0.6009465524004767,boot1380
C5,0.9361663075279631,0.006502003407719641,0.014861722074787751,0.08824147481905226,0.5006542623944124,0.8229678598913717,boot1381
C5,0.9420848011389564,0.3092124482572136,0.3092124482572136,0.13568426833973254,0.7578012537885742,0.7891840097310974,boot1382
C5,0.9413273227417357,0.024017889533178752,0.024017889533178752,-0.08036755343794429,0.7122228011569546,0.7702487428764816,boot1383
C5,0.9666644083993281,0.1988010641269947,0.1988010641269947,-0.01709149420096335,0.6530749889420732,0.7214409657459265,boot1384
C5,0.9101616706341594,0.2866189311571747,0.28279734540841245,0.18630230525216354,0.7413876352598919,0.5456499980968609,boot1385
C5,0.9613796662652674,0.389838293700962,0.389838293700962,0.14019706618016034,0.5978726499682968,0.6671948591665552,boot1386
C5,0.9358498880035252,0.20534694239633688,0.20534694239633688,-0.06875870469379608,0.7842209021832957,0.6829411885127041,boot1387
C5,0.8900761780014476,0.13384296504834098,0.14263556859166265,0.005861735695547781,0.7454173892838261,0.35951978932693057,boot1388
C5,0.9394521600702639,0.34802892114770007,0.34802892114770007,0.0897840567854439,0.7071651482894757,0.41930080127635144,boot1389
C5,0.9401619379895991,-0.045320592049585065,-0.03977113179861546,-0.07769244351357439,0.4948268723781226,0.37828820710776095,boot1390
C5,0.9128926134466706,0.3143376532051366,0.3143376532051366,0.16478913334693526,0.7267867557439976,0.6105770778924018,boot1391
C5,0.9438082673061645,0.5187125757953261,0.5187125757953261,0.2524462624652209,0.7619454710172908,0.7250920020442659,boot1392
C5,0.9556944919911352,-0.12192362737977944,-0.12192362737977944,-0.3621313708742703,0.5459266897602063,0.6723997062213208,boot1393
C5,0.9721326651131611,0.19947179066932022,0.19947179066932022,0.0983941568324001,0.6404565117454408,0.9392169515820011,boot1394
C5,0.9366113200623797,0.11605203764425327,0.11419520504194522,-0.0018568326023080523,0.5459087850785673,0.7297352127070647,boot1395
C5,0.9430378361818061,0.2793930961840748,0.2793930961840748,0.2083922103551185,0.7782434758394692,0.5200584364614462,boot1396
C5,0.9254528263408665,0.20483509477281872,0.21329158951114613,0.1559753473958161,0.45101305271079356,0.7067407719153741,boot1397
C5,0.8731145666857202,0.24997964516125284,0.24997964516125284,0.07170730857215221,0.6393901681016905,0.8132385659801253,boot1398
C5,0.9357091966771212,0.35964350924997485,0.3680073117906719,0.24998476482750187,0.735085312187933,0.7843388160387047,boot1399
C5,0.9573289199107721,0.21890618055373995,0.21890618055373995,0.13897363329760257,0.43690403670684197,,boot1400
C5,0.9234529744347941,0.06026530365242017,0.06874011197854175,0.11017250823958061,0.7288335160464565,0.5617445876245533,boot1401
C5,0.94892988876356,0.30698195016878616,0.30514922210807693,0.11729459588538693,0.740422136526505,0.5288570269328333,boot1402
C5,0.9292997960571038,0.1974371044177984,0.20305142966190645,0.03742883496072009,0.7017906555135016,0.7342439160391778,boot1403
C5,0.9271037725371145,0.04220717889597649,0.04877274005757284,0.04502099082237493,0.7184599785403999,0.8779093210363109,boot1404
C5,0.9503650904033379,0.07411339423126632,0.0796032752854342,-0.0558137907173734,0.5819273917417949,0.6038869159584663,boot1405
C5,0.9255205552589428,0.3213232841323786,0.3213232841323786,0.3025324488029997,0.3917889166175493,0.6811677806899837,boot1406
C5,0.9298454221165278,0.23192260647170024,0.23846880907372406,0.03834204381185366,0.690156788613366,0.9959579673079063,boot1407
C5,0.9398246210915634,0.28034832771623625,0.28682502175588526,-0.13508533282696533,0.7041091663104152,0.8641760332903125,boot1408
C5,0.9479301669589083,-0.003669321845430831,0.002751991384073123,-0.24951388548929648,0.6962538201705002,0.7889041967676286,boot1409
C5,0.9492957235828362,0.3599922784282534,0.3599922784282534,0.20885048214158208,0.5147981182612682,0.5670107387966635,boot1410
C5,0.9546472746161088,0.014574014767764047,0.014574014767764047,-0.16851204575227177,0.5692974518657831,0.8580451194521082,boot1411
C5,0.9416675492190324,0.23547496206987373,0.24193898063649769,0.11358204052782143,0.5799148085485517,0.6279332321863299,boot1412
C5,0.9399874905356025,0.11748537477426448,0.12303586492108012,0.08510751558450656,0.6910360232785479,0.5602587726096697,boot1413
C5,0.9250063987714359,0.12220832030028152,0.13066889632107023,0.07520512018478863,0.5743791054113231,0.5640384013859145,boot1414
C5,0.9496003914532704,0.08790883156841364,0.08790883156841364,-0.07600451062685763,0.7756122951921495,0.8085781070303046,boot1415
C5,0.9238567370355929,0.25601560247248856,0.25601560247248856,0.0564740299571666,0.7445159616019796,0.5807412747261965,boot1416
C5,0.9395103743550334,0.27859099545810173,0.27673989249824726,0.30635753985591924,0.5932784986333662,0.7219301543432537,boot1417
C5,0.9186042606544346,0.14009912394944404,0.14009912394944404,-0.0028398471070833252,0.7090151610684702,0.7809579544479145,boot1418
C5,0.9351499718906049,0.20829023637979438,0.20550063499970783,0.19527209660605724,0.4537751578274091,0.7178574218089341,boot1419
C5,0.9268494997148633,0.29271672252027026,0.2983458902610447,0.16699864297630804,0.7411737525352997,0.7737454846796386,boot1420
C5,0.9079069346779116,-0.04022630264784926,-0.04022630264784926,-0.030648611541218482,0.47313794066756026,0.8169770513956053,boot1421
C5,0.9329975478825633,-0.06990092466197644,-0.06244482603136563,-0.13980184932395287,0.5275189781157156,0.4138134739989006,boot1422
C5,0.9532010807530594,0.29192252839808197,0.29192252839808197,0.18610061185377721,0.5610386092650638,0.8292424322308015,boot1423
C5,0.9359631956351726,0.062246966373159386,0.062246966373159386,-0.08733156476234301,0.5936688285440126,0.6695050553619226,boot1424
C5,0.9132595089792963,0.2608906529005205,0.25898634156548017,0.08378969874177301,0.7845762700366018,0.9407297995099059,boot1425
C5,0.9041903940830818,0.22984770499278886,0.22984770499278886,0.12309835246475724,0.6789643503134266,0.7482071735748526,boot1426
C5,0.8960967229537983,0.454143521915449,0.4531731297746041,0.3677786213802462,0.7976623397745709,0.7151790078027478,boot1427
C5,0.9135365547336888,0.1970364503393879,0.1951327165196837,0.20560325252805692,0.5549384084437832,0.7110445816595303,boot1428
C5,0.9291573673086303,-0.13289273186008166,-0.12634168169796495,-0.1357003247867031,0.5502882136178029,0.5147253698805979,boot1429
C5,0.8957223530487664,0.0184451566651204,0.024269942980421576,-0.08057621069499965,0.6164565517027081,0.7067407395898764,boot1430
C5,0.9414201334731136,0.2604760431452479,0.2586286953215228,0.17272702151830274,0.6428770426563567,0.641953368744494,boot1431
C5,0.9372235791141329,-0.08164726201485818,-0.08257507181048157,-0.21525187258462614,0.5594693067609032,0.6364775197976446,boot1432
C5,0.9599371224927056,0.27447449910613003,0.27447449910613003,-0.01268199005770898,0.5272084438276162,0.597865245577709,boot1433
C5,0.954854624533868,0.31145191813152057,0.31145191813152057,0.06830085923936853,0.7467560610170961,0.7583044042627686,boot1434
C5,0.9412925145216088,0.30854891346533514,0.30762511432322337,-0.02494257683701811,0.686382762589054,0.7880006682213502,boot1435
C5,0.9549149290654818,0.243135703481663,0.25042066837998994,0.12384440327155867,0.6838760798304454,0.8323072396338576,boot1436
C5,0.9251937840744724,0.169177248944677,0.169177248944677,0.014098104078723086,0.7594178730405502,0.809935772575323,boot1437
C5,0.9624245896063442,0.2846072787794191,0.2846072787794191,0.1599221852189117,0.543012617607717,0.4752489798030935,boot1438
C5,0.9113898373846309,0.03434792285584339,0.03434792285584339,-0.09922733269465868,0.6459317714834992,0.8653768341736099,boot1439
C5,0.943700474569352,0.13637341046441878,0.13637341046441878,-0.01566451336415621,0.75834673521768,0.7141175210130036,boot1440
C5,0.9226325240065578,0.04712413635795065,0.050894067266586705,-0.13854496089237492,0.7087470108235778,0.6229810826521078,boot1441
C5,0.9203929501436123,0.08786417280225028,0.09353282911207289,-0.0217298491876533,0.49128354685129205,0.7133059189860104,boot1442
C5,0.916242525326941,0.2932582201181231,0.2932582201181231,0.2818695513756717,0.7488049698161783,0.6833201245470829,boot1443
C5,0.9657461402845089,0.13326033292351477,0.13235992526862614,0.01170529951355197,0.6302853584220292,0.8274746348426354,boot1444
C5,0.9046791140675787,-0.12399303940943968,-0.12399303940943968,-0.12207066670541734,0.6516843466635666,0.6795587508718903,boot1445
C5,0.9375274967003959,0.16602411605084366,0.16602411605084366,-0.03524534307224614,0.6409087384979495,0.47673964050353984,boot1446
C5,0.9392697139176012,0.047215219898857505,0.047215219898857505,-0.20089613172651133,0.6230557449398254,0.7748850795165438,boot1447
C5,0.9528001214144786,0.21173289748881535,0.21173289748881535,0.0638849259664529,0.49465185534024964,0.564012632103827,boot1448
C5,0.9350873647270656,0.13948940765205087,0.13948940765205087,0.022318305224328143,0.631422051971617,0.4426463869491748,boot1449
C5,0.8646291631243462,-0.15990771010500077,-0.15487916576207622,-0.21119886240283123,0.7502588159643432,0.8719495890631173,boot1450
C5,0.9201354861067119,0.20034856699959608,0.20790889028259973,0.01701072738675816,0.6558580448005646,0.8174599549747672,boot1451
C5,0.9696842569318775,0.2887537855733906,0.29772129444212947,0.010761010642486607,0.47707147181690623,0.8241140650370992,boot1452
C5,0.9549978364344439,0.22399322314375208,0.2221721400287622,-0.01912137270739347,0.6410212564764287,0.8165555928424688,boot1453
C5,0.8957686372382785,0.2407453944557773,0.2407453944557773,0.18444203607499066,0.4999349925190537,0.7270899211587791,boot1454
C5,0.9597989949748743,0.2274026860915092,0.23193262007739585,0.1449578875483724,0.6242249032551787,0.6776781242886412,boot1455
C5,0.9359749157371439,-0.024155236718462723,-0.018580951321894405,-0.17744808512409152,0.4022775961190138,0.6809918659474299,boot1456
C5,0.9455299639777316,0.09472488530613474,0.10208215795127143,-0.1287522712898919,0.6354844247236806,0.6153857189980974,boot1457
C5,0.9405067872641457,0.18306504043880162,0.18306504043880162,0.1359119239621406,0.6508979215601837,0.940955480033223,boot1458
C5,0.946289105109298,-0.16081122800827544,-0.1562166214937533,-0.34919009510368376,0.5421635687136144,0.826289899079068,boot1459
C5,0.9389279437609843,0.1592936054200321,0.1574413541942178,0.09539093812943783,0.7112644707127015,0.894924237587913,boot1460
C5,0.9562624254473161,0.29189731537557617,0.29189731537557617,0.13821928952363735,0.6492669257886649,0.5906738457112858,boot1461
C5,0.954145524623413,0.21143434122840543,0.21143434122840543,-0.016404388543583177,0.5440788866955087,0.9088184450374583,boot1462
C5,0.9575952030675045,0.23155831370549523,0.23155831370549523,0.12803812640186205,0.7418946756760375,0.9271413266404338,boot1463
C5,0.908873217694477,0.2401444616432597,0.24971197007526205,0.2765009936848688,0.6802498495153689,0.7644439237169901,boot1464
C5,0.9265871546040448,-0.07883066142016934,-0.07883066142016934,-0.13701519723029432,0.6109376260063124,0.6512914169713991,boot1465
C5,0.9437620731129497,0.3842162193021045,0.3842162193021045,0.2524586189179296,0.4616122922550464,0.7601400022163939,boot1466
C5,0.9466720944433136,0.05419442289175773,0.05327587335121947,-0.15247922372935227,0.5740934628364167,0.74740254770718,boot1467
C5,0.9495356643153858,0.1749138687081202,0.1749138687081202,0.0769254710548801,0.5164995913684807,0.7216341808481609,boot1468
C5,0.919753086419753,0.20421359789903704,0.20421359789903704,0.028362999708199593,0.7128567259994164,0.7513101216497362,boot1469
C5,0.9513374247336729,0.30620507535235214,0.30620507535235214,0.14990338017249474,0.6681668957688639,0.7796803858971834,boot1470
C5,0.9430571106580545,0.27385496238399165,0.2793873858664965,0.3328674795307104,0.6223976417817992,0.770557500650786,boot1471
C5,0.9240804749193431,-0.15338396847650532,-0.15338396847650532,-0.2286644438023975,0.4949691252677411,0.7273975928364332,boot1472
C5,0.9308521823823033,0.12611164970080413,0.12611164970080413,0.15600478148173547,0.6286899277677124,0.5698378245740039,boot1473
C5,0.859360486169057,-0.019225621140770668,-0.019225621140770668,-0.17808996425134935,0.625338624473488,0.625338624473488,boot1474
C5,0.9542172326812526,0.015491869345216663,0.013669296481073527,-0.04283046230736371,0.580489457229589,0.8156013567040538,boot1475
C5,0.9444660957993538,0.2688429416445703,0.2688429416445703,0.22096680135170166,0.8332289800970417,0.7798286697703802,boot1476
C5,0.9100591983030321,0.16339118647576184,0.16339118647576184,0.03535364853569116,0.7013399466269543,0.9268388940437952,boot1477
C5,0.9188221204964913,0.05299791013694799,0.05299791013694799,-0.13344116659481547,0.40694823855156487,0.7788800007626463,boot1478
C5,0.9615508653742788,0.01808672320320424,0.01808672320320424,-0.08591193521522013,0.5082369220100392,0.5208976282522821,boot1479
C5,0.9402820795044411,-0.10265189695129023,-0.10542627254456835,-0.08785522712047361,0.5789197071306998,0.728894461712631,boot1480
C5,0.9414433336133747,0.12561655634791918,0.1330057655448556,-0.10344892875710994,0.5477251317229124,0.8377515927026671,boot1481
C5,0.9650960982194511,0.14686530252923355,0.14416226015139494,-0.21984744673087722,0.5207861647969142,0.7793772189434788,boot1482
C5,0.9143180396285153,-0.07132899984216153,-0.07323110650461918,-0.07037794651093272,0.6067720253239877,0.47457561228318146,boot1483
C5,0.9453918207821131,0.018395869274010046,0.01563648888290854,-0.1674024103934914,0.5785500886676158,0.5794698821313163,boot1484
C5,0.9377300118763103,0.1752613481551175,0.1826798179182971,-0.07696662379298812,0.6537526478802002,0.5044559438962113,boot1485
C5,0.9398517694744619,0.17023961139049343,0.17023961139049343,-0.03885904173043871,0.6763323691654928,0.9067109737102367,boot1486
C5,0.9084910208509098,-0.004785766713339958,-0.004785766713339958,0.07465796072810334,0.5896064590834827,0.45474670649473786,boot1487
C5,0.9331664488578842,0.050319556384181174,0.050319556384181174,0.01584134182464963,0.6690637311822608,0.7911352475957374,boot1488
C5,0.9370013755158183,0.16797339732952082,0.1753976358855217,0.10672342924251321,0.492783834154561,0.5911549950215731,boot1489
C5,0.9239766081871345,0.1778701155751238,0.1750467804072647,0.15810676940011006,0.5750192625206384,0.5834892680242156,boot1490
C5,0.8718072495532777,0.16956280993564712,0.16956280993564712,0.1326579630673004,0.702189518792327,0.46280672829494285,boot1491
C5,0.9298414703047625,0.186099979176185,0.1842296276266756,0.08042511662890407,0.6134753082390821,0.5190225549888576,boot1492
C5,0.9530498114189102,0.10583871273970001,0.11405033700398708,-0.010036429656350862,0.5538284364913612,0.8074763859882285,boot1493
C5,0.950486730791517,0.19303610973798005,0.19303610973798005,0.12350651570913415,0.5781934661346133,0.7145080649543243,boot1494
C5,0.9162101011612033,0.07782532383753019,0.07782532383753019,-0.050301733699867075,0.6842933961812105,0.8665185446788423,boot1495
C5,0.9500608660367513,0.10983278000098155,0.10800223366763186,0.03386510716696931,0.5134682465045888,0.7245962494725018,boot1496
C5,0.9515422964769216,0.19190812255879877,0.19008042615347687,0.11423102533261832,0.6588845541185423,0.6287275634307311,boot1497
C5,0.9539945281425283,0.1795653358302007,0.1795653358302007,0.0182299833330153,0.5642179841568234,0.6407839141554877,boot1498
C5,0.9015945451168714,0.2584792460458606,0.2584792460458606,0.36167804950446913,0.7175692502168666,0.6220862451476867,boot1499
C5,0.9101903594341112,-0.38310189572948905,-0.384057262053004,-0.3477533417594364,0.37545896514136956,0.544558804403513,boot1500
C5,0.9510755276292786,0.1426302853687973,0.14994465897745354,0.011885857114066442,0.5942928557033221,0.8210384375716664,boot1501
C5,0.9081003281727446,0.011490781673531871,0.011490781673531871,0.04213286613628353,0.42420135678121823,0.19055546275273685,boot1502
C5,0.947949263419274,0.21556831570275117,0.22474143551988954,-0.0018346239634276697,0.6476222590899674,0.6622992507973887,boot1503
C5,0.936857088353119,0.27937999689460447,0.27937999689460447,0.19305993140889613,0.7221183972890441,0.6385828500448102,boot1504
C5,0.8899103654332337,0.24037594322673372,0.24037594322673372,0.23158170140136547,0.851087181099533,0.7424371243429815,boot1505
C5,0.9476398153830511,0.1440650096315872,0.1440650096315872,-0.005505669157895052,0.5111096201579239,0.5010158933684498,boot1506
C5,0.9571338093044679,0.1235573003644657,0.12174028124145886,-0.022712739037585604,0.5369291508485238,0.24893161985193826,boot1507
C5,0.9096696276397621,-0.08220853639983987,-0.08220853639983987,-0.2753030056180684,0.6108285437150893,0.8125262318588825,boot1508
C5,0.9435580004155775,0.11796238045468793,0.11796238045468793,0.07833439327069121,0.5575565638678609,0.7004016339497096,boot1509
C5,0.931455329818222,0.15030243052806586,0.15030243052806586,-0.015870442975013166,0.5507977267798687,0.7048343791844082,boot1510
C5,0.9325809588354893,0.17436416014243186,0.17436416014243186,0.08858072306701081,0.6937269259142742,0.6732134953092823,boot1511
C5,0.9574902062356332,0.14258290919462158,0.14258290919462158,0.07901091146453552,0.4132179852455593,0.40958529966098295,boot1512
C5,0.9288090485695276,0.1020474648062788,0.1020474648062788,-0.2087760059798181,0.6263280179394544,0.889404509779494,boot1513
C5,0.9295766324141038,0.25631116495092565,0.25631116495092565,0.10944673831846094,0.8353498916101336,0.6903563493933692,boot1514
C5,0.9102518303482456,-0.1576247979799975,-0.16049070339781565,-0.36779119528666093,0.5101311643716283,0.6553370388744141,boot1515
C5,0.9424554156281588,0.0996472001974402,0.0996472001974402,-0.07934869645351719,0.524993119558736,0.42626857862238315,boot1516
C5,0.9173518830530827,0.19526905442918602,0.19526905442918602,0.12701967618209187,0.7223059197817463,0.7023998511263438,boot1517
C5,0.9176591858914745,0.028427717961975765,0.026532536764510714,-0.018004221375917985,0.5865585806154332,0.43399649421949665,boot1518
C5,0.9206502914393191,0.3296346763711068,0.3343572362045038,0.1341206992684733,0.7848894443105725,0.7707217648103818,boot1519
C5,0.9387880652107045,0.23897601002906146,0.23897601002906146,0.226934583167132,0.5974400250726536,0.4279337854008775,boot1520
C5,0.8773577231048147,-0.3617581472066309,-0.3568025561490058,-0.29931769988055484,0.5946709269150096,0.800528811631665,boot1521
C5,0.921533967214335,-0.03396982524769598,-0.03396982524769598,-0.18400322009168651,0.5425735977062551,0.7841367994676487,boot1522
C5,0.9556380410104869,-0.0464065097702299,-0.0464065097702299,-0.13466987149007892,0.5732568853969575,0.828005883028386,boot1523
C5,0.9023392521665353,0.014455182160758164,0.021200933835778642,-0.042401867671557285,0.6842119556092197,0.5685704983231544,boot1524
C5,0.944039177676886,0.03316000920970402,0.03316000920970402,-0.05526668201617337,0.6733324092303788,0.6877246505562642,boot1525
C5,0.9599669830788277,-0.0688429473999028,-0.0688429473999028,-0.31703988934165767,0.5489319226886986,0.7165101499121463,boot1526
C5,0.9174651201882669,0.08719677537559546,0.08719677537559546,0.029381522137428902,0.6217509200694632,0.6378633676932145,boot1527
C5,0.8764829030006979,0.09127388535031847,0.09127388535031847,-0.022818471337579617,0.708364718914428,0.5109353364718914,boot1528
C5,0.9325180492117283,-0.12308888690431208,-0.11562895436465681,-0.21074309424526158,0.3953764246017297,0.6953236372852949,boot1529
C5,0.9170605930382466,0.4589332138054684,0.4655706776414979,0.2920484087852981,0.6846069842304714,0.7377066949187074,boot1530
C5,0.9269289729177312,0.05910119361487943,0.05628685106178994,0.027205311346531806,0.6088361056516944,0.5994549638080628,boot1531
C5,0.9340375992672887,0.029791185042604362,0.02792923597744159,-0.06982308994360396,0.6330626821553427,0.8322912321277595,boot1532
C5,0.8908790300358224,0.2967269597493243,0.2967269597493243,0.24499495689829076,0.5924778439731573,0.4968224424750199,boot1533
C5,0.9527471415562075,0.24003814044549518,0.24003814044549518,0.07575348158546046,0.5777343836577887,0.7064240330981493,boot1534
C5,0.9362053586177278,0.3761716484548324,0.3836021995354217,0.31486960203997083,0.5545048743889752,0.4690535369621984,boot1535
C5,0.9293591301874176,0.0065496279360935696,0.0065496279360935696,-0.044911734418927325,0.401398626369163,0.5595253579691363,boot1536
C5,0.9193462380346867,0.30078084587756987,0.2979432907277815,0.2449755945983981,0.5429188853261795,0.5637276230912944,boot1537
C5,0.9191971178589807,-0.029326159988314917,-0.029326159988314917,-0.0851404644822046,0.6319314474901407,0.9706012950971324,boot1538
C5,0.9397625624233997,0.09160500743905307,0.09160500743905307,0.018506062108899615,0.4506226123517056,0.4598756434061555,boot1539
C5,0.9571750887912515,0.26163946966583923,0.25982252890427093,0.07449457122430145,0.6114005662677423,0.9157381438304373,boot1540
C5,0.9256679357476765,0.364484164697041,0.364484164697041,0.16063606227627322,0.7477561729351665,0.8670589794210536,boot1541
C5,0.942250837658498,-0.006460017097851855,-0.0027685787562222236,-0.23902063262051865,0.5463328745611855,0.545410014975778,boot1542
C5,0.9322466664947257,-0.013058682300525166,-0.014924208343457332,-0.027982890643982496,0.5549939977723195,0.5745820212231072,boot1543
C5,0.896781708960508,0.0,0.0,-0.13090287544323195,0.4285857107104335,,boot1544
C5,0.9529855087124756,-0.03102378485403018,-0.03284871337485548,-0.1633311026138648,0.45440720168550086,0.5702901627579078,boot1545
C5,0.9628998722412886,0.21493046962132126,0.21493046962132126,0.05057187520501678,0.5183617208514218,0.6583374468653076,boot1546
C5,0.934785964757515,0.26604555646963,0.26325486881435417,0.23255730460631996,0.6195326594712363,0.6120908257238341,boot1547
C5,0.8906242822362074,0.05760492819404203,0.05760492819404203,-0.08299015078802666,0.6297487912738493,0.7928000287044429,boot1548
C5,0.9310257062865869,0.2764599329640811,0.27459196044405354,0.08312477714122708,0.5220983193477072,0.6640642308698027,boot1549
C5,0.8585787769699167,0.14888102336706205,0.14888102336706205,0.2633269801050077,0.6593302463398463,0.9965913400897215,boot1550
C5,0.9296912798277459,0.17864742858781235,0.18519471654652797,0.028995132388597817,0.7286196171199258,0.9250382558813949,boot1551
C5,0.9679266650996815,0.09432981972522063,0.09432981972522063,-0.031443273241740205,0.6037108462414119,0.7321790769148075,boot1552
C5,0.9312307073866045,-0.0662984263137613,-0.0662984263137613,-0.15407380763057202,0.5182482620301059,0.7022030505344857,boot1553
C5,0.9399719813160002,0.27475379553722584,0.27475379553722584,0.011101163456049527,0.5717099179865507,0.4218442113298821,boot1554
C5,0.9107064996767452,-0.033418870535675826,-0.033418870535675826,0.03437369540812371,0.5795786975758637,0.42107776874951547,boot1555
C5,0.9412615719598716,-0.08314465595601075,-0.08314465595601075,-0.03233403287178196,0.5395164342034475,0.8369895366238416,boot1556
C5,0.9057337587554515,-0.10176711660845275,-0.10464731802189954,-0.369625848059003,0.37442618374808084,0.6038822296860074,boot1557
C5,0.948537095088819,0.05500461006070912,0.05225437955767367,-0.0540878665596973,0.6279692981930958,0.622468837187025,boot1558
C5,0.9471389645776567,0.05600390253664881,0.05600390253664881,-0.14046880472307,0.6215515084805122,0.39845399509681284,boot1559
C5,0.9281989452116604,0.3194592502610719,0.3260170647825602,0.23514449212765115,0.7044966457370265,0.7410330409281756,boot1560
C5,0.901977425747076,0.22366317013720077,0.22366317013720077,0.03759855015237426,0.6507441372526315,0.5977205408838985,boot1561
C5,0.953828381646872,0.2443243278822325,0.2443243278822325,0.08660750428661225,0.5433481321560095,0.7322205213868125,boot1562
C5,0.9256042086062883,0.23110638595772648,0.23110638595772648,0.14279744172997735,0.728079061452187,0.8426927975775637,boot1563
C5,0.9254846998364867,-0.0667100498211268,-0.061072580822158336,-0.14375545947369578,0.6097862300550885,0.8296475210148585,boot1564
C5,0.9471351394555475,0.37366689159237054,0.37366689159237054,0.12394356355029489,0.6968382572938802,0.7289717737698825,boot1565
C5,0.945414847161572,0.3301978110252033,0.32835826890250025,0.27225223416005623,0.6714328747866252,0.7207973386783352,boot1566
C5,0.8896381553740286,0.021503613201668187,0.021503613201668187,-0.1221796204640238,0.5737554976990556,0.945181543909688,boot1567
C5,0.9512880918002886,0.13619976798627367,0.13619976798627367,-0.004570462012962205,0.4625307557117751,0.8226831623331968,boot1568
C5,0.9330957526313659,0.1668126486205712,0.1668126486205712,0.10344248042951623,0.5162804879094773,0.5675357710051835,boot1569
C5,0.946124334054585,0.15900107120595058,0.15900107120595058,0.09006997097215699,0.5560442085526017,0.5257145244497325,boot1570
C5,0.9327224783819218,-0.06526010322275845,-0.055937231333792956,-0.17899914026813746,0.6134449702939294,0.45815157578779514,boot1571
C5,0.9335197895008003,0.061478401415053105,0.061478401415053105,-0.003725963722124431,0.6604270697465554,0.5384017578469803,boot1572
C5,0.9507983056370153,0.34021754030455637,0.34021754030455637,0.3795437613612659,0.5725166135232589,0.7926414145414875,boot1573
C5,0.9409984871406959,0.25320005592059275,0.2605927582832378,0.06838249685446667,0.6403928421641268,0.7688410457150845,boot1574
C5,0.9146961673569968,0.5789520458159089,0.5770507254684019,0.5295177167807246,0.7177484311839264,0.3660041668951149,boot1575
C5,0.8078489448352462,-0.18083449567608495,-0.17329972502291474,-0.3013908261268083,0.7491714820866378,0.8392624092650406,boot1576
C5,0.934789880136294,0.17860326185258643,0.17581258588613977,-0.002790675966446663,0.7339477791754724,0.8334818886454035,boot1577
C5,0.935200834790788,0.3263656104120431,0.3263656104120431,0.3431023083818915,0.6666784691322932,0.642503238731401,boot1578
C5,0.8804024060917236,0.22124270373172855,0.22124270373172855,0.20247658154019801,0.641011226437017,0.5531067593293213,boot1579
C5,0.916404617058588,0.501012790896115,0.501012790896115,0.3349574151256223,0.6879436996206124,0.9669167309150399,boot1580
C5,0.9349386432044453,0.24368025496909793,0.24368025496909793,0.11160927708508303,0.578508086224347,0.43713633524990847,boot1581
C5,0.9596907072164726,0.19843349651789452,0.20568220871946144,0.08970281349439066,0.6224831603095595,0.9060890251958653,boot1582
C5,0.8630166545697079,-0.19345689431958113,-0.19345689431958113,-0.05844010349237347,0.4110959004291099,0.5793630949674955,boot1583
C5,0.9258272205316005,0.03569076122205214,0.042265375131377535,-0.04132614457290248,0.5250298821875565,0.5071845015765304,boot1584
C5,0.9099772065627044,0.1060705020239248,0.1060705020239248,-0.011467081299883762,0.5246189694696821,0.7778503481754484,boot1585
C5,0.9548960846469259,0.1830383551737761,0.18030643942491373,0.016391494493173977,0.5618640056826858,0.6374470080678768,boot1586
C5,0.9287575731812351,-0.1666555548672208,-0.16010168473199302,-0.3492276514914233,0.5795493733865711,0.6675584866310587,boot1587
C5,0.9566494695041383,-0.08817004428035345,-0.08817004428035345,-0.255420437554426,0.4808448806629585,0.8135277281537767,boot1588
C5,0.9011655683377947,-0.07333497732679348,-0.07333497732679348,-0.049211629521927196,0.5287837838826687,0.6426459855216374,boot1589
C5,0.9352164839363922,0.007438407960742889,0.013947014926392918,-0.023245024877321527,0.6090196517858241,0.439426508068813,boot1590
C5,0.937671601960432,0.04729569072395552,0.04729569072395552,-0.14374180514143342,0.6268997437136065,0.6100833755403832,boot1591
C5,0.8935595084013881,0.006812032622907149,0.0048657375877908205,0.08271753899244394,0.563452412666177,0.6841227048433893,boot1592
C5,0.9562398703403566,0.3128194546794399,0.3128194546794399,0.11366985998526159,0.6547383935151068,0.8848061901252761,boot1593
C5,0.9239925889896743,0.045172581395291955,0.042349295058086205,-0.1477519849804341,0.6747654345921735,0.7152325387587891,boot1594
C5,0.9604594353192696,0.3114451519581081,0.3114451519581081,0.18741030946316392,0.5984454809427603,0.7670099097281754,boot1595
C5,0.8968027073634041,0.30058474977604027,0.30058474977604027,0.09211468138298008,0.6826182704591368,0.7107374889865729,boot1596
C5,0.9154597507578307,0.006649070608183768,0.006649070608183768,-0.07124004223054035,0.6573081229804525,0.8007380746712737,boot1597
C5,0.8608759227376712,-0.10504972925843253,-0.10504972925843253,-0.15050393903371584,0.3737346137078849,0.5838340722247501,boot1598
C5,0.940584250604101,0.1553151208176334,0.1525416365173185,0.059167665073384154,0.6619382530084853,0.9041558819026516,boot1599
C5,0.9475939557466526,0.4349689131551157,0.4331336012852628,0.4854399895760679,0.7258658445267858,0.656123993472379,boot1600
C5,0.9464653147880208,0.03491250840847801,0.03491250840847801,0.11943752876584583,0.6376126535653617,0.618318898918571,boot1601
C5,0.9324865916190251,0.26297149311132756,0.2676341082374149,0.16505657546349284,0.6909995616861481,0.6417153598554246,boot1602
C5,0.963889882016446,0.25981679783253775,0.25981679783253775,0.13081054057540964,0.6477377112630628,0.6748019610372857,boot1603
C5,0.9556267500819857,0.09918371235162736,0.09918371235162736,0.018198846303050895,0.5769034278067133,0.5332261966793912,boot1604
C5,0.9598960613869488,0.20654410153402575,0.20654410153402575,0.11142510740651389,0.4783126561840596,0.8171174543144352,boot1605
C5,0.9502966552930693,-0.10431525169583712,-0.09790992922328572,-0.1271914033835207,0.5499426865719131,0.8528229349168438,boot1606
C5,0.9520958083832334,0.16713699753896638,0.1653103636860815,0.04383921246923708,0.5717363959529669,0.5352037188952694,boot1607
C5,0.9248787798969399,0.10530169624897058,0.11000266483151389,-0.023504842912716643,0.7154874182630948,0.6615316779671699,boot1608
C5,0.9311597543659063,0.03642022039639664,0.03642022039639664,-0.21105050793809335,0.7610892211041861,0.7735118962159399,boot1609
C5,0.9447389885807504,0.31478673786353095,0.31478673786353095,0.12057620660854548,0.7648765472648953,0.956237234767565,boot1610
C5,0.9267342426587954,-0.2974446839497361,-0.2918148161147253,-0.5095030390684755,0.5901978113702965,0.9495710415051513,boot1611
C5,0.9511704329950633,0.01645569854790126,0.01645569854790126,-0.12707456100879308,0.6719410240393014,0.6993671882858037,boot1612
C5,0.9629221404313643,-0.17519137331118145,-0.17519137331118145,-0.20679806437247705,0.5996240818485798,0.6836075752400225,boot1613
C5,0.950228211258422,0.38800747841998484,0.38800747841998484,0.3019869525438561,0.470367556386491,0.46396177254465176,boot1614
C5,0.9474945794881292,0.11104801397511957,0.11104801397511957,0.02845031762998931,0.6204004747700894,0.5543223176939853,boot1615
C5,0.9060187841633195,0.09501674581861763,0.09501674581861763,-0.13148781997121833,0.5499454076168475,0.6392035627797914,boot1616
C5,0.9646894068220466,0.1388146718842984,0.1388146718842984,-0.07030872991542386,0.4407816529313112,0.5868074766018069,boot1617
C5,0.9452190908793117,-0.038638384986976505,-0.03219865415581376,-0.22907042527993215,0.624653890622787,0.49493931245222283,boot1618
C5,0.9217666953153776,0.2745200922824534,0.27263335625302076,0.14999551433989722,0.7886556603028559,0.6534244144202482,boot1619
C5,0.9457409462138713,0.2638832741570515,0.2638832741570515,0.11217337786466998,0.6095979469202967,0.7245296865357373,boot1620
C5,0.9127457858581919,0.16386295035115223,0.16386295035115223,0.06478302688301367,0.7068971462822963,0.6659314086945083,boot1621
C5,0.9385315253939299,0.37894536761966036,0.37894536761966036,0.317795259397417,0.6374435523773261,0.579999511320067,boot1622
C5,0.9570625006747783,0.2507673217065632,0.24804158994888317,0.11357215657000146,0.7041473707340089,0.8186281045565703,boot1623
C5,0.9519138963631628,0.28957679362197264,0.28957679362197264,0.15438005716755007,0.6586273444840449,0.8410517484733262,boot1624
C5,0.9353064575977897,0.14131615575813447,0.13759730955397306,0.04648557755201791,0.646149527973049,0.814427318711354,boot1625
C5,0.936876588907272,-0.11880363875449915,-0.11880363875449915,-0.10395318391018676,0.357339069691267,0.5568920566617147,boot1626
C5,0.9483348635339286,0.06601960769307302,0.06601960769307302,-0.08252450961634128,0.5987611642163428,0.5639174823783322,boot1627
C5,0.9415902442231207,0.3629382659085873,0.3629382659085873,0.026781704100124763,0.6593840250858303,0.8939548127214058,boot1628
C5,0.9516484947582425,0.2531077036785331,0.2531077036785331,0.11970075516927015,0.5665226580530343,0.6990158603396311,boot1629
C5,0.9389162886235569,0.265801350360174,0.265801350360174,0.16948309099620854,0.5742050077467173,0.4084264651875845,boot1630
C5,0.9313410600300167,0.02334175026502317,0.029877440339229663,-0.09896902112369825,0.665706717558461,0.6610383675054563,boot1631
C5,0.9453150589211496,0.2676816325656104,0.2649220281061711,0.14257956373769626,0.7156574231479206,0.6306583220879569,boot1632
C5,0.9409326955053593,-0.004620762045707612,-0.004620762045707612,-0.08964278368672766,0.5609605123489041,0.8455994543644929,boot1633
C5,0.897847417661824,-0.08329099936646382,-0.07554299942539743,-0.046487999646398416,0.5084624961324827,0.6924774947328098,boot1634
C5,0.9594292300566245,0.10966665180519672,0.10966665180519672,0.013595039479983065,0.5220495160313496,0.5927437213272616,boot1635
C5,0.9348055413635813,0.06697510111124064,0.06697510111124064,-0.1199970561576395,0.5953342320999169,0.7804459698934848,boot1636
C5,0.9232889843323314,0.18271164828843253,0.18271164828843253,0.052741506722434134,0.5321241303245586,0.5504556249013559,boot1637
C5,0.9147937059532815,-0.07414358725374266,-0.07414358725374266,-0.005703352865672513,0.5817419922985964,0.619764344736413,boot1638
C5,0.9610221992772328,0.2289229116304056,0.2370664144156769,0.11129453806537505,0.6225255462518539,0.6822445666771771,boot1639
C5,0.8871566044836298,0.10095761778545947,0.10879898615714566,-0.09899727569253794,0.6841593904296185,0.707683495544677,boot1640
C5,0.9146677152968935,-0.11408276944932519,-0.11408276944932519,-0.04943586676137425,0.5418931548842946,0.6065400575722457,boot1641
C5,0.9232489791672085,0.02166262888050031,0.0282556028876091,-0.12903391985341486,0.719576020204445,0.9382900141347866,boot1642
C5,0.9558939032562562,0.18648604092773377,0.18648604092773377,-0.03729720818554674,0.5430837387017418,0.6677109953217394,boot1643
C5,0.9616624865639556,-0.08590196332534178,-0.08138080736085011,-0.2965878312706537,0.5895587377697141,0.8617323268321129,boot1644
C5,0.9517015858316935,0.2795907461782837,0.27867705092933504,0.02192868597476735,0.7866916093447787,0.9009035154633587,boot1645
C5,0.9405648858310607,-0.032357983024003924,-0.024037358817831485,-0.009245138006858264,0.5611798770162966,0.6125610296125729,boot1646
C5,0.9639565562459332,0.11817238312262522,0.1226827794250155,-0.08028505418254692,0.6170222141669898,0.58905775709217,boot1647
C5,0.9448580947006243,0.2659704660790487,0.2659704660790487,0.030370330036707974,0.6350159916766214,0.3552408301263418,boot1648
C5,0.958831074114126,0.18410097867710953,0.18410097867710953,0.09975915100730073,0.5051440646460591,0.4425678699232978,boot1649
C5,0.9495737400684335,0.2884589494424315,0.2884589494424315,0.1849800247218132,0.5045742258500944,0.49816402697359596,boot1650
C5,0.9548207001763606,0.25864177608792543,0.25864177608792543,0.09562460031419778,0.6047117581774031,0.7000346386789544,boot1651
C5,0.9560368305018805,0.1364328009625138,0.14279966500743116,0.15553339309726577,0.4611428672532968,0.5029822595484676,boot1652
C5,0.9489070156285703,0.2455914799054342,0.2455914799054342,-0.020160494619102808,0.6579652334779915,0.9438777026216314,boot1653
C5,0.9033112582781456,-0.051982659696544684,-0.051982659696544684,-0.15691062093586636,0.5313782991202346,0.6257172000510008,boot1654
C5,0.9368336867438054,-0.02598948610780996,-0.01949211458085747,-0.22369521971365,0.4288265207788644,0.4659543580757357,boot1655
C5,0.9158573630418843,0.24021207764198418,0.24021207764198418,0.049371652321672635,0.5829652793366731,0.422507409291237,boot1656
C5,0.9495356643153856,0.29762831062900047,0.29762831062900047,0.24909200151104038,0.48536309117960075,0.6346351362027609,boot1657
C5,0.9399564716425552,0.47273234398872477,0.47273234398872477,0.3940978053604633,0.7123364087501334,0.8205745383913872,boot1658
C5,0.9583932371039162,0.08075109605498472,0.07802914899695151,0.005443894116066385,0.6686916605901543,0.7730329644814266,boot1659
C5,0.8707301676369502,0.12183677615034917,0.12683008664831433,-0.0689076848719188,0.7070527665118624,0.9617116019080841,boot1660
C5,0.9187051326060027,-0.0018930235317717059,-0.0037860470635434117,-0.19592793553837157,0.7609954597722258,0.7934839362915673,boot1661
C5,0.9418028057926984,0.08586677032600773,0.08586677032600773,0.004616493028279986,0.5041210386881745,0.8136029610210542,boot1662
C5,0.9451231053712088,-0.02484148439090782,-0.027601649323230917,-0.13708819163871355,0.5906752955171415,0.5860750206299364,boot1663
C5,0.939032828476974,-0.11760481557158213,-0.11760481557158213,-0.13797730330839164,0.5695036344608112,0.45004677454951897,boot1664
C5,0.9594740640472796,0.1758209611860861,0.1758209611860861,0.08972306782176558,0.5573705728321802,0.8899803293027656,boot1665
C5,0.9343159102442468,0.2382584875323166,0.2382584875323166,0.05863392466615603,0.7957461204692605,0.5872699438784835,boot1666
C5,0.9098911019579077,0.08601124837556418,0.08601124837556418,-0.03536017988773194,0.526579976165954,0.561940156053686,boot1667
C5,0.9213412886584508,0.07267287655872307,0.08022330529209688,-0.02925791134182357,0.7503238553790238,0.6173817769746759,boot1668
C5,0.9588048890900859,0.08343720491029274,0.08343720491029274,0.055322494560085395,0.5087855647247198,0.8053504126123908,boot1669
C5,0.9275405225371919,0.01124994795931112,0.01124994795931112,-0.14249934081794086,0.5334350324040023,0.9224957326635118,boot1670
C5,0.9391998242981076,0.08425303405667187,0.09351160922773472,-0.26201767734107845,0.6416192593546549,0.7925340346429793,boot1671
C5,0.9400456460674157,0.14615386489218737,0.14430381596950145,-0.11377800874518385,0.6345667804812694,0.8241967950565757,boot1672
C5,0.9325730955380228,0.14266278846926603,0.14079791541738018,0.06620299334194699,0.6955976483534145,0.6042188688110091,boot1673
C5,0.9194308555065027,-0.05296282138267725,-0.05296282138267725,-0.1522681114751971,0.52206209648639,0.564166534935242,boot1674
C5,0.9330054049277625,0.39330589062079635,0.39796591302151674,0.3150175142886947,0.7446715796351098,0.7129834273102116,boot1675
C5,0.9401231768509443,0.1387422263597443,0.14429191541413408,-0.07584575040999354,0.5632934390205618,0.7316340070037184,boot1676
C5,0.9234369775994649,0.16573245600226683,0.16573245600226683,0.07627459622831598,0.5442804520983535,0.7683959323741462,boot1677
C5,0.9411996814099799,-0.015706134402326655,-0.010162792848564306,-0.06374842786826701,0.6568859741208382,0.634712607905789,boot1678
C5,0.9440314822912111,0.3380506273033006,0.3380506273033006,0.18698713172362405,0.6650478281007712,0.913749924481946,boot1679
C5,0.916842022642412,0.3964459000493802,0.3964459000493802,0.21150104237084155,0.7663356154064573,0.9617132599284006,boot1680
C5,0.9532615762479231,0.370353203210459,0.370353203210459,0.1806156015656918,0.7197258062390447,0.6139106053217707,boot1681
C5,0.9052377084789301,0.30642924145739175,0.30354746175716546,0.15081313764517398,0.7867258581617675,0.8030559431297164,boot1682
C5,0.9481440077237733,0.4613131557914703,0.4613131557914703,0.29806516030263985,0.7300303618489271,0.8180742245844762,boot1683
C5,0.9598363303542586,0.10871418677020027,0.10599633210094524,-0.08425349474690519,0.49917930758650286,0.6586267815161299,boot1684
C5,0.9716110716820439,0.026849175850350942,0.033113983548766164,-0.2309029123130181,0.5405634071203989,0.826954616190809,boot1685
C5,0.895991588507341,0.22418688723632538,0.22418688723632538,0.26980066948787207,0.7104103959177064,0.7967854303940395,boot1686
C5,0.9483463126800837,0.3988636477071644,0.3988636477071644,0.2118103508513908,0.7399608360912224,0.7442488225695003,boot1687
C5,0.960008038585209,-0.02264473791992427,-0.017210000819142448,-0.1802521138425972,0.5208289721582583,0.653980031127413,boot1688
C5,0.9620938628158845,0.20787992495309565,0.2051684476710988,0.09309405334856023,0.6399086385512683,0.7420409495064849,boot1689
C5,0.9494099947434246,0.3645284528685293,0.3617807509624852,0.1905073321523972,0.5586993875623187,0.7205247152614767,boot1690
C5,0.9476283508486516,0.0669864518222962,0.06331596131148547,0.0018352452554053756,0.5514911992493153,0.7772263656641765,boot1691
C5,0.9363381108806959,0.09379740708611631,0.09194003268837142,0.0018573743977448771,0.5219222057663105,0.40397893150951075,boot1692
C5,0.9013571915990597,0.22092288899291943,0.22092288899291943,-0.06849574287553398,0.7216171221253439,0.7476647989935046,boot1693
C5,0.9330054049277625,0.18919690946924564,0.18733290050895754,0.0,0.6691792167434402,0.4613422176713132,boot1694
C5,0.9321010855866809,-0.002798726117277241,-0.002798726117277241,-0.1315401275120303,0.5298921448711577,0.5830679410994253,boot1695
C5,0.954470019481925,0.2614699386019116,0.2614699386019116,0.17765379103614204,0.6322652870722184,0.5885351231248602,boot1696
C5,0.939731530364728,0.013880004915666858,0.013880004915666858,-0.06754935725624538,0.5302161877784739,0.5894375420853192,boot1697
C5,0.9560142656435748,0.2182976339097013,0.2182976339097013,0.1455317559398009,0.6448875935082425,0.8713713886895577,boot1698
C5,0.9520010704198866,0.22743854587782802,0.22743854587782802,0.0009134078147703937,0.6558268110051426,0.8829032831124272,boot1699
C5,0.9469629801892415,0.06244218202784657,0.06244218202784657,-0.02387495195182369,0.4517875523191252,0.8898010938968136,boot1700
C5,0.9440930422362783,0.34908129034683005,0.3463181139060899,0.21460670356414616,0.6825045808627996,0.6130374190211992,boot1701
C5,0.8970084494176752,0.25398432657398384,0.25398432657398384,0.11438988754095457,0.7163909058708934,0.8375666341981758,boot1702
C5,0.9270481606539895,-0.04971365941681704,-0.04971365941681704,-0.12850511962460254,0.5975019065757067,0.5707966538389203,boot1703
C5,0.9132513584358019,0.15710708727037845,0.16186790809675355,0.037134402445725814,0.7569705113936417,0.8797996887141194,boot1704
C5,0.961063171517787,-0.05609729420087664,-0.05881167940414487,-0.2117220458549215,0.4786365908429636,0.665024374800715,boot1705
C5,0.9251180404360356,0.10151466015514825,0.10151466015514825,0.060156835647495265,0.5705499880942129,0.8139971823551703,boot1706
C5,0.9692848302058584,0.21889738334026784,0.21889738334026784,0.05651858668211834,0.4709882223509862,0.7607581191497833,boot1707
C5,0.9303470650982361,0.2579682454038356,0.2579682454038356,0.05140671556960492,0.6337046028398571,0.6178152543910702,boot1708
C5,0.9008738394320043,0.02606165241113908,0.02606165241113908,-0.06756724699184206,0.5897655416002214,0.7142823253423303,boot1709
C5,0.9266149851659525,-0.028152962060145264,-0.028152962060145264,0.0028152962060145263,0.6906860025422306,0.5744453190209432,boot1710
C5,0.9347546406910493,0.3618712920378191,0.36838311477371816,0.14698114175315016,0.7330451879840655,0.7572319581459761,boot1711
C5,0.846222753060615,0.09453775582215951,0.09453775582215951,0.24662023257954652,0.6535436163357983,0.572110025731809,boot1712
C5,0.9475060469373079,0.4001351083806793,0.3973818851578764,0.199149813116072,0.758971868419316,0.9214120385646835,boot1713
C5,0.9306983300002212,-0.2270384946602802,-0.2270384946602802,-0.47463191476305494,0.504529988133956,0.773612648472066,boot1714
C5,0.8429197709795653,-0.02166382874611691,-0.016505774282755743,-0.16608935372022965,0.7633920605774529,1.0295476708868894,boot1715
C5,0.9497145963577058,0.043949130185908764,0.042117916428162566,0.09156068788730991,0.5466173066872403,0.5649294442647023,boot1716
C5,0.897071416338414,0.16769543635971246,0.17351146305426898,0.021325431213373842,0.7095552567358933,0.868526653053771,boot1717
C5,0.9138216013822726,0.19316870914785,0.19316870914785,0.08088344964318843,0.5252666376828238,0.5804576974393523,boot1718
C5,0.9262132900558013,0.24973119076293065,0.2572419032670789,0.07980132035657558,0.6825359988144758,0.8759984946059278,boot1719
C5,0.950167364623031,0.21140440378846753,0.21140440378846753,0.021964093900100522,0.6397042348404277,0.8300597153079656,boot1720
C5,0.9481096463209245,0.13482205085935178,0.14124214851932093,0.12289901234798055,0.631003884294109,0.720885251533677,boot1721
C5,0.9532691376931467,0.3557551811687554,0.3557551811687554,0.2408188918680806,0.5135645307641263,0.5798245692739711,boot1722
C5,0.901094734127872,0.07913080070887234,0.08588586906206877,0.1331713475344437,0.7160372454388204,0.7343724309689251,boot1723
C5,0.9379013105814055,-0.023178483908191265,-0.023178483908191265,-0.23549339650722328,0.4895295801409995,0.7546914360507075,boot1724
C5,0.9467677982795026,0.6401643123299504,0.6401643123299504,0.3930994629515335,0.7017009105022699,0.8679415712364466,boot1725
C5,0.9433114678782,0.3761033558657654,0.37518153391511394,0.07835486580536778,0.6839918873833282,0.7144120117548238,boot1726
C5,0.966889117043121,0.1573850717327824,0.1573850717327824,-0.17357325053958286,0.6376343763345299,0.8228990893456908,boot1727
C5,0.9415825131023903,0.3647882751537618,0.3647882751537618,0.14868585392343198,0.7665171351332208,0.7572819889267965,boot1728
C5,0.9391066238111624,-0.2101905144133218,-0.21204241321872547,-0.3111189993078243,0.4666784989617364,0.48020916994829327,boot1729
C5,0.939036712697878,-0.05556110036803693,-0.05556110036803693,-0.282435593537521,0.6130241407273408,0.5824655355249204,boot1730
C5,0.9358850550233349,-0.14215792585506382,-0.14215792585506382,-0.18396908051831787,0.563056882798488,0.561198609257899,boot1731
C5,0.9405145341079008,0.1830635325660215,0.18861091234074945,-0.04252991160624743,0.6351749842063474,0.5454923445149126,boot1732
C5,0.9003191275409723,0.1410128007453144,0.1410128007453144,-0.09948163340251631,0.6799521351006941,0.663143893080606,boot1733
C5,0.9524442966411706,0.28393763662861304,0.28393763662861304,0.08308143065338838,0.692953910614525,0.3168050157881953,boot1734
C5,0.9085485729781031,0.10432310557152404,0.10240892014819333,-0.05838265541158684,0.45653322346437586,0.5978343765595134,boot1735
C5,0.9611674499134305,0.22346013560383984,0.22346013560383984,0.04252075454809908,0.6133845017789613,0.7599454004341114,boot1736
C5,0.9069595522230436,0.07286648711042709,0.07286648711042709,-0.07286648711042709,0.6279940665438123,0.7676619397513755,boot1737
C5,0.9342492856381082,0.13775301105637103,0.13775301105637103,0.0725995598810604,0.5761426611073894,0.8981868626310676,boot1738
C5,0.8639303775138185,0.07448265249351911,0.07347613016252559,-0.002013044661987003,0.6894677967305484,0.8042113424638077,boot1739
C5,0.9605601067416536,0.06065301812589941,0.06065301812589941,-0.11496915376103321,0.47798199358917737,0.7033939564749826,boot1740
C5,0.9473225377590828,0.5553409061355302,0.5535050684292971,0.37910048633714705,0.7269917316683304,0.6789326655928676,boot1741
C5,0.9639713715760648,0.12358295930286178,0.12989741707746055,-0.06404664314235904,0.6016776193796264,0.724358513286117,boot1742
C5,0.9294461416839981,-0.065490147828368,-0.057069985964720675,-0.08607276571728366,0.5763133008896384,0.7157137584100218,boot1743
C5,0.9346880709325707,0.22420872150664536,0.22234806821613376,0.14606128330515902,0.6586712648410992,0.5521640522301983,boot1744
C5,0.962472880372908,0.11745107895099456,0.11745107895099456,0.028007564980621777,0.6215872486021865,0.7137411720868132,boot1745
C5,0.9465955188507786,0.18739926485516148,0.18556201716050305,-0.06889678854969171,0.696316876275551,0.6788630231762958,boot1746
C5,0.8673493316657546,-0.12932956647127053,-0.1243167925770352,-0.189482853202094,0.6346171750101878,0.5213284850004702,boot1747
C5,0.9509350361634195,0.2542120347254083,0.2542120347254083,0.053037043216092386,0.5312848639405116,0.5724342940219626,boot1748
C5,0.916931080490184,0.1868235808240997,0.19535866827291642,0.10336939243566937,0.7103089443515263,0.7539327246454783,boot1749
C5,0.9426406255130819,0.027674339314136737,0.027674339314136737,0.05719363458254925,0.6660290994935574,0.8366875252640674,boot1750
C5,0.9588722193481635,-0.009975487033931106,-0.009975487033931106,-0.23578423898382614,0.4951469018660348,0.4570586786455706,boot1751
C5,0.9387880652107045,0.03705054419055217,0.03705054419055217,-0.15653854920508287,0.5585369536725739,0.4529429027295002,boot1752
C5,0.926889237787718,0.16230071132096707,0.16042440251956863,0.04690772003496158,0.6811000949076422,0.8602875854411954,boot1753
C5,0.9416714141724001,0.2059243177182816,0.2059243177182816,0.060946210625141634,0.5106553708439898,0.7258139628994141,boot1754
C5,0.9372859353570616,0.038965418932187135,0.038965418932187135,-0.05473713611902479,0.542732620841178,0.6958110523604847,boot1755
C5,0.8694966958719855,-0.0670052799991261,-0.0670052799991261,-0.17601386984845066,0.2980234841752176,0.8470667486456687,boot1756
C5,0.9367517729976041,0.11139325176086258,0.1095366975648482,0.0946842639967332,0.72962579903365,0.5384007168441691,boot1757
C5,0.9465955188507785,0.44369531826001474,0.4409394467180271,0.18188752177118617,0.7321432063213907,0.7982841233290947,boot1758
C5,0.9523571963083065,0.017348258819778164,0.017348258819778164,0.06847996902544011,0.4957949757441865,0.5424792977849092,boot1759
C5,0.9364278950961178,0.24514991340336037,0.24514991340336037,-0.005571588940985464,0.5441585199029136,0.7521645070330376,boot1760
C5,0.9564541045058278,0.27001909275997443,0.26820078237101835,0.09364298503123691,0.5645853757708557,0.608224825105801,boot1761
C5,0.9646376231681089,-0.07031250422699051,-0.06490385005568354,-0.1577524133297864,0.4768630094368972,0.5922476317581125,boot1762
C5,0.9238487446758735,0.15812865186388578,0.16283486174078715,0.06118072839971772,0.5374491679421356,0.5685101531296846,boot1763
C5,0.9488231389490407,0.17962755714144674,0.17962755714144674,-0.0504056920549978,0.6167823773275185,0.7542524465684216,boot1764
C5,0.9451192655875189,0.06072387521605504,0.06716428622381845,0.0,0.6320803374762093,0.9347796548410897,boot1765
C5,0.9122397426609963,0.142029788149071,0.142029788149071,-0.06577218377373087,0.49376798833032737,0.6186398154949467,boot1766
C5,0.9363966675230301,0.20058389085617098,0.20801292385084402,0.15322380551513062,0.6871855520072524,0.6184669968065273,boot1767
C5,0.9451499830743526,-0.023000720334428067,-0.024840777961182312,-0.17664553216840756,0.5216563371848285,0.4379337151675104,boot1768
C5,0.9511590452579577,0.16821582131577947,0.16821582131577947,-0.07862261213672299,0.6180103000514505,0.8628567209412952,boot1769
C5,0.9030704941860463,0.019257969848191288,0.025035360802648673,-0.03755304120397301,0.733728651216088,0.9023879142281507,boot1770
C5,0.9417680288329869,-0.0951032681607286,-0.09787326626249739,-0.17358654771084442,0.5669262781620132,0.611246247790314,boot1771
C5,0.9255245390470611,0.03288382028209854,0.03288382028209854,-0.13811204518481388,0.596606453689502,0.8062986671481013,boot1772
C5,0.9246473934387907,-0.06112788456606013,-0.05454488161279212,-0.0996854732923442,0.5774234019009372,0.7147260349262414,boot1773
C5,0.9330329036747406,0.15191225290827845,0.15191225290827845,0.10531340232291696,0.616036804738479,0.6803432185462778,boot1774
C5,0.9553331002238571,0.07918931511460912,0.07918931511460912,-0.01729421824342038,0.5670683139816262,0.5779909781353654,boot1775
C5,0.943484823075633,0.14746441212383501,0.14746441212383501,0.14654275954806104,0.5124388321303266,0.5705029444040866,boot1776
C5,0.9238647292765979,0.0207069651826498,0.0207069651826498,0.0809454093503583,0.6155616013387714,0.5101443240452814,boot1777
C5,0.9473760678793512,0.32859638150130227,0.32859638150130227,0.15328378690144545,0.6727965017889793,0.49564817321425475,boot1778
C5,0.9338415183744946,0.2691081333195848,0.2691081333195848,0.1936833623891821,0.7346931390628109,0.6704424082702457,boot1779
C5,0.9280601884217183,0.09838192497122557,0.09838192497122557,-0.05902915498273533,0.5612454576929915,0.7936141947678861,boot1780
C5,0.8976881119200311,0.027122812214678747,0.027122812214678747,-0.027122812214678747,0.5695790565082537,0.48627327613459753,boot1781
C5,0.9686796038420066,0.17145705955095983,0.1687640167307877,0.026032747261664064,0.5700273969364371,0.6101068451114893,boot1782
C5,0.8797055844627766,0.041515865961835485,0.041515865961835485,0.12948996288096307,0.6405305034111761,0.8471213602212623,boot1783
C5,0.9103419751461713,0.2645923969162418,0.2645923969162418,0.021969765808929825,0.7593897312217047,0.7533586603169821,boot1784
C5,0.9417216559974584,0.398899368534918,0.398899368534918,0.16713144839078742,0.7857948208870722,0.8966002010356606,boot1785
C5,0.9545228251693758,0.06194763836277698,0.06832460113541577,-0.027329840454166317,0.4737172345388828,0.5912355484917979,boot1786
C5,0.9260063594654491,0.0441352964800197,0.0441352964800197,-0.07042866459577612,0.7127380857092545,0.6554561051713564,boot1787
C5,0.9350834515349056,0.333846046073274,0.333846046073274,0.24643231813208252,0.6314246943837134,0.6748133062101137,boot1788
C5,0.9168055856650543,0.060702263144124684,0.060702263144124684,-0.07492935606852891,0.6658279488621176,0.567186771252915,boot1789
C5,0.9406539579259043,-0.10076246200530868,-0.09244262569294373,-0.27732787707883116,0.5001146049988255,0.627685428455088,boot1790
C5,0.9091237606245623,0.09373574313557047,0.09373574313557047,-0.05165030744204902,0.6418028943262019,0.6836539759630916,boot1791
C5,0.9354824490515582,0.2314546246698225,0.2314546246698225,0.15337354646795467,0.5623696703825005,0.7055183137525914,boot1792
C5,0.9565780946208685,-0.001818074702486155,-0.004545186756215388,-0.26998409331919404,0.5654212324731942,0.527241663720985,boot1793
C5,0.9554799457916437,0.2939565256753583,0.2939565256753583,0.2593734050076691,0.5569702591743632,0.5414988630861864,boot1794
C5,0.9377845220030349,-0.07510764035458,-0.06768960180104122,-0.15392429998592935,0.6694779794568735,0.920764035457999,boot1795
C5,0.9340297574163646,0.19643727559289703,0.19643727559289703,-0.16199092868798148,0.7624745436520508,0.8641394965051337,boot1796
C5,0.9631707369430352,0.24556574453364372,0.24556574453364372,-0.08757307801383618,0.6400960032145346,0.7783959694269011,boot1797
C5,0.9014862913221966,0.07234429622739402,0.07234429622739402,0.11285710211473467,0.6752134314556776,0.585506504133709,boot1798
C5,0.926913079218846,0.13040010754757486,0.1360288891683335,0.11820441403593115,0.7317416106986214,0.7842769058257022,boot1799
C5,0.9375041245957896,0.040811414650270245,0.040811414650270245,-0.0333911574411302,0.6780260024851715,0.7244026100422968,boot1800
C5,0.9582996344343437,0.18692528760938548,0.18692528760938548,0.16242537127223303,0.6805532315875686,0.7324345193945616,boot1801
C5,0.9514284887255042,0.3043478525424379,0.3107455551484351,0.218435846119047,0.7275101820533951,0.7384776722351046,boot1802
C5,0.9631707369430351,0.030695718066705468,0.02798727235493734,0.04875202281182633,0.5543285556752106,0.7276690812283708,boot1803
C5,0.9344804765056255,-0.03256866609188323,-0.03256866609188323,0.11352506466313582,0.5806527897524324,0.5406398571252616,boot1804
C5,0.9563902193093017,0.3809614723476427,0.3809614723476427,0.2500343792257798,0.6664552726272605,0.6910041025876096,boot1805
C5,0.9398711603252816,0.09529520765410714,0.09529520765410714,0.04625980954082871,0.3571257296551976,0.3336057576648196,boot1806
C5,0.9353221036389352,0.22591612772112707,0.22591612772112707,-0.0018593919977047495,0.6461387192024005,0.582919391280439,boot1807
C5,0.9402200743820692,0.2802304141854535,0.2802304141854535,0.13965278066667816,0.77132727864907,0.7334083117130846,boot1808
C5,0.8623471450723301,0.11596258023398733,0.11596258023398733,-0.03630132946455255,0.4678838019875663,0.5435115717053841,boot1809
C5,0.9240045742800707,0.008469749148827926,0.008469749148827926,0.033878996595311704,0.5910002739404375,0.9344956560873477,boot1810
C5,0.9484455281720804,0.023837632189322656,0.03117228824757578,-0.1595287692670055,0.7105448056432714,0.8505466082926595,boot1811
C5,0.967908287005545,0.3351018174360339,0.33330502484924557,0.2371766214560669,0.6216902350287815,0.8373053454433879,boot1812
C5,0.9430108507340201,0.3024539866983932,0.3024539866983932,0.20932028957480264,0.7063407128383208,0.8603340536268319,boot1813
C5,0.9513412193824564,0.28243877874684253,0.28243877874684253,0.13436407920966298,0.6882731404413349,0.7007653043630012,boot1814
C5,0.9324865916190251,0.3394383811791604,0.336640812103508,0.23686084840523833,0.5072925257183056,0.7488159892496314,boot1815
C5,0.964186146257774,0.09018644592294599,0.09018644592294599,0.0090186445922946,0.5564503713445768,0.6186790190314095,boot1816
C5,0.9353025460156508,0.023242885981001955,0.020453739663281723,-0.0381183330088432,0.439755402760557,0.71123231101866,boot1817
C5,0.9717460801810975,0.2756132413794855,0.2756132413794855,0.03400423107928718,0.6246040340353275,0.7749385293332287,boot1818
C5,0.9116433134414679,-0.18599951855204525,-0.18599951855204525,-0.185045674867163,0.5637216177654295,0.6982135773338315,boot1819
C5,0.922127626337577,0.06883891020777938,0.06883891020777938,-0.023574969249239516,0.44132342434576366,0.7232800565666685,boot1820
C5,0.9185033698808039,0.005680318086394062,0.003786878724262708,-0.13822107343558884,0.6324087469518722,0.8425805161484525,boot1821
C5,0.9193704158074704,0.20524442480366764,0.20240694427642802,0.21754017375503945,0.6564038286347713,0.5920876033506726,boot1822
C5,0.9246872947610972,0.1767930215931014,0.1767930215931014,0.15046214603668207,0.7513703417706811,0.749556995402378,boot1823
C5,0.930966556738452,0.04857037127387521,0.04857037127387521,-0.15598561543725306,0.416584338233622,0.5071867615714277,boot1824
C5,0.8494932291604635,0.40330950723499814,0.4094512763807087,0.20267838180845082,0.7257523873848063,0.6940199134653013,boot1825
C5,0.8965170605773294,0.2356947314421584,0.2356947314421584,0.13288139180072306,0.7245430633221909,0.9670273549293497,boot1826
C5,0.9586365253387665,0.16781080312013208,0.16781080312013208,-0.025398391823587566,0.5968622078543078,0.8644524074242481,boot1827
C5,0.9259983990038246,0.2798389663107165,0.2798389663107165,0.20095818386071587,0.5587388756875045,0.5362015092732185,boot1828
C5,0.9364435081950367,0.12164433036417156,0.12628724373684988,0.0,0.5023632269237924,0.6184360612407501,boot1829
C5,0.9218068106985933,0.08301277257047235,0.08301277257047235,0.06886286815505091,0.4782667692412441,0.4839267310074126,boot1830
C5,0.9524973071445612,0.19901916359174954,0.20632261913640088,0.1871510483316911,0.775992151619207,0.7735674581475664,boot1831
C5,0.9388813216749418,-0.025006633242719706,-0.018523432031644232,-0.09539567496296777,0.6520248075138769,0.6047900558331841,boot1832
C5,0.9163559946303906,0.22679623222233375,0.2334387996932808,0.07211930397028188,0.7572526916879595,0.7743335794703948,boot1833
C5,0.9404835460531366,0.33100456582416227,0.33100456582416227,0.205259814561352,0.7341274448725831,0.8006981955411298,boot1834
C5,0.9168541677567893,-0.041730594581718385,-0.03414321374867867,-0.03129794593628878,0.6733800489322738,0.6136294248720862,boot1835
C5,0.9593657086223983,0.26013564498742364,0.26013564498742364,-0.06435411426518146,0.6888609414301113,0.7584913299763296,boot1836
C5,0.9370325675908638,-0.3043836480920289,-0.3043836480920289,-0.37583956547948694,0.4482234817940548,0.49148228749620615,boot1837
C5,0.9030289724508104,-0.06933187922227414,-0.07222070752320221,-0.1068866471343393,0.7039111626594777,0.8881193738236395,boot1838
C5,0.941319587779511,0.5108462327356001,0.507151142444565,0.13117570533174544,0.6577260718042447,0.7223901518973587,boot1839
C5,0.953405225028711,0.3739456526679917,0.3739456526679917,0.15413857390461116,0.7706928695230559,0.6220266710233422,boot1840
C5,0.950022825590748,0.13363523309051617,0.13088930364345078,-0.08146257359627357,0.5400327912561955,0.4521630489501027,boot1841
C5,0.915390747512098,0.2289352584793683,0.2289352584793683,0.032297920283396356,0.6953552249248863,0.861548808340007,boot1842
C5,0.8878740665126524,-0.03525764408126325,-0.03525764408126325,-0.0705152881625265,0.564122305300212,0.5220090082031477,boot1843
C5,0.9458023070123426,0.24915584595837556,0.24639766316178838,-0.034017587824575264,0.7805657314341728,0.8338905988348585,boot1844
C5,0.9348799259046904,0.2585777314673324,0.2650886815402508,0.32089682502240885,0.7171346437457311,0.7636414299808628,boot1845
C5,0.9438005685545592,0.1971676673248177,0.20269573276383127,-0.17413406132892775,0.6845587701978482,0.3878859249707862,boot1846
C5,0.9477353434565695,-0.017432861657534986,-0.011010228415285254,-0.13671033615645856,0.5844596250447255,0.7685892942779627,boot1847
C5,0.9491623758068024,0.12642726161369194,0.12459498245987032,-0.07237502657595407,0.6669496119910705,0.6794505101261739,boot1848
C5,0.9310375354107648,0.04669871967125688,0.04669871967125688,-0.01307564150795193,0.536101301826029,0.7976141319850677,boot1849
C5,0.8907686536886343,0.4168358936841028,0.4168358936841028,0.20304886624424676,0.8356241803128618,0.9049341298481575,boot1850
C5,0.8255652321919946,0.13798188082098045,0.13798188082098045,0.17168737842610546,0.6846429201041015,0.3778597019229454,boot1851
C5,0.9026676006739999,0.2668419305595325,0.26491527402119647,0.2726219001745404,0.7908925089869177,0.8806431936042496,boot1852
C5,0.9475824902130255,0.2248284243970943,0.2248284243970943,0.18812174286287484,0.5707888978571128,0.6139192486598208,boot1853
C5,0.9456834139775167,0.2611407983782211,0.2611407983782211,0.1572361849389993,0.6528519959455525,0.8560636735567739,boot1854
C5,0.9418221253382114,0.18557921288256757,0.18557921288256757,0.00830951699474183,0.5715101133050213,0.7838644365039793,boot1855
C5,0.9423357664233577,0.38756609301855655,0.39494830431414807,0.3054389923551005,0.710537837200687,0.7963560435119387,boot1856
C5,0.9228447602976487,0.3505229425209419,0.35994560226612854,0.17149240736239632,0.5125926901381517,0.4080011669665803,boot1857
C5,0.9416327633683687,0.33891177877140644,0.33891177877140644,0.19669811683463095,0.6565838547860215,0.817266823467833,boot1858
C5,0.9076846533086074,-0.003832014628523888,-0.003832014628523888,-0.14849056685530063,0.6715605636488112,0.5642641540501425,boot1859
C5,0.878808395396073,-0.1771173042138407,-0.17216989348161052,-0.04353721444362565,0.5254150197628459,0.40074026931064516,boot1860
C5,0.925711743772242,-0.0789052086162589,-0.0817232517811253,-0.19726302154064726,0.7439633955247267,0.5513971125921902,boot1861
C5,0.915118708025426,-0.041809733786094046,-0.041809733786094046,-0.022805309337869478,0.5273727784382317,0.438147243287738,boot1862
C5,0.9451384642264347,0.5492638956425292,0.5455837355377215,0.33029436940647894,0.5943458569264217,0.6697891390749768,boot1863
C5,0.9355371900826446,0.07435858042710095,0.07435858042710095,-0.06413427561837456,0.6329774158856967,0.8132969734214165,boot1864
C5,0.9403440773717022,0.20991391246865973,0.20991391246865973,0.10911824524802574,0.4901073727241834,0.46051598418234596,boot1865
C5,0.9568485162627964,0.3317048612746714,0.3289785199491262,0.18993511234631874,0.6007038720618023,0.5379980215742616,boot1866
C5,0.935177360209878,0.06787831225439316,0.06787831225439316,-0.12459854578203677,0.6053257709261638,0.8033816683259684,boot1867
C5,0.8999935472361293,0.24348000655733132,0.24348000655733132,0.12463857478530059,0.6347871599530425,0.611357540333186,boot1868
C5,0.9565029526141438,0.2781872819048991,0.2781872819048991,0.07909246250237327,0.5245557570559698,0.641830787662937,boot1869
C5,0.9143831126261963,0.08653969401877781,0.08273575142454584,0.009509856485579981,0.7493766910637024,0.7874161170060224,boot1870
C5,0.9442353721224221,0.2127325147392891,0.2191789545798736,-0.07735727808701422,0.6768761832613743,0.7698891009612369,boot1871
C5,0.9205457613355731,0.2474902351687334,0.24560099673233088,0.08407111041991326,0.6366733530676577,0.5748285530977814,boot1872
C5,0.9470854103387638,-0.17628454616296074,-0.1781208435188249,-0.2350460615506143,0.43979321672946975,0.6344407364510722,boot1873
C5,0.9297189496620748,0.36009012058680284,0.35821952255778045,0.32828995409342276,0.6519034131142897,0.6837035796076697,boot1874
C5,0.9308758480500842,-0.031760645045453624,-0.031760645045453624,-0.22419278855614322,0.653895633288751,0.867812919036071,boot1875
C5,0.9313725851712273,0.34731348766304476,0.34731348766304476,0.33517618836299207,0.6628832694644133,0.7245034043723729,boot1876
C5,0.9379285575545236,-0.04357428387077922,-0.04357428387077922,-0.20860029512607073,0.5210371816037856,0.606331524499779,boot1877
C5,0.9290663513238853,0.2283732617601942,0.23586090968675796,0.13477766267814742,0.6598489735284301,0.6834178751570782,boot1878
C5,0.9516864175022788,-0.06395968682325505,-0.0667008162585374,-0.2731992337164751,0.6423379976678328,0.6752315508912211,boot1879
C5,0.8858302832713069,0.1344844910276364,0.14135596137211418,0.11779663447676182,0.7175778316876074,0.9364832440902564,boot1880
C5,0.9672609608250508,0.31464913649296355,0.31464913649296355,0.09978872614491131,0.649076218708342,0.8540476561951869,boot1881
C5,0.9713007827059263,0.1324982481897961,0.1324982481897961,0.08952584337148384,0.5801274650472154,0.7287403650438784,boot1882
C5,0.9234489752705308,-0.13183092265505875,-0.13183092265505875,-0.19397978619244358,0.3973760668602484,0.6422049232196433,boot1883
C5,0.8320732513339674,-0.24454368716137895,-0.23827333620852315,-0.309337313674223,0.539250181945605,0.5820975801234534,boot1884
C5,0.9391998242981076,0.11017704453564782,0.10832532950143524,0.09258575171062841,0.5805126632256402,0.6129176763243602,boot1885
C5,0.9326595854387953,0.31979606945753136,0.31979606945753136,0.23122281406841913,0.6302686383477876,0.657306789992885,boot1886
C5,0.9101739660190888,0.057323011854180005,0.063055313039598,0.156682899068092,0.5732301185418,0.6216121346167157,boot1887
C5,0.9452190908793118,0.2612690794357459,0.2612690794357459,0.25758923324651,0.5648563900477042,0.5657763515950132,boot1888
C5,0.9324511996109968,0.0037302336798068253,0.0037302336798068253,-0.06341397255671603,0.5511420261914585,0.6001571669263163,boot1889
C5,0.9397509256142712,0.0508923009841784,0.05644418836427058,-0.19801731655662141,0.5487115360657779,0.8512893982808023,boot1890
C5,0.9627625306017265,0.09754538683549017,0.09754538683549017,-0.19870356577599851,0.6114650637743226,0.8453933525742481,boot1891
C5,0.9196886556125491,0.05389347480674527,0.060511971712836794,-0.062402970828862946,0.6533401945870347,0.5824277277360542,boot1892
C5,0.9410565317957095,0.3344991486271169,0.3344991486271169,0.2984619475319302,0.6810106976192959,0.9009300273796655,boot1893
C5,0.9520617046896865,0.19271677451764305,0.19271677451764305,-0.09316166351089855,0.76538700021699,0.9581037747346332,boot1894
C5,0.9466529515889256,0.38855431268569735,0.38855431268569735,0.034905588373656024,0.6283005907258085,0.5327695067558025,boot1895
C5,0.9413079851242446,0.08683569217145622,0.0942259638456227,0.04064649420791568,0.4471114362870725,0.5487276718068617,boot1896
C5,0.9198054307918817,0.38382408544481655,0.38382408544481655,0.31008448282241335,0.6144966885200266,0.7373960262240318,boot1897
C5,0.9459978468969129,0.14523426749701454,0.14523426749701454,-0.0487178239072264,0.5368152672041551,0.5248656122835147,boot1898
C5,0.9109521089498842,0.04772837171394831,0.04772837171394831,0.06109231579385384,0.7035161990635981,0.7836998635430312,boot1899
C5,0.9325298453310151,0.12122237033683692,0.12122237033683692,0.03823167064469471,0.5622853024085589,0.3925739839369872,boot1900
C5,0.9461971462233276,0.2830552681600539,0.2830552681600539,0.16174586752003078,0.6975290536801327,0.6635256610764899,boot1901
C5,0.9543342089310972,0.2523954008598072,0.2523954008598072,0.1175415404726178,0.5275701700282612,0.8501260252787007,boot1902
C5,0.9328128740034247,0.2283882268332495,0.2283882268332495,0.11466021183873341,0.637622641444664,0.8883835925391297,boot1903
C5,0.915224291788944,0.19952343626635788,0.19952343626635788,-0.026603124835514386,0.5957199739952684,0.8760028963694378,boot1904
C5,0.9345744915515948,0.07164385754630237,0.0772264957966636,-0.09862660908971495,0.7071341783790883,0.7610996814659134,boot1905
C5,0.9530989787476924,0.08667378466895026,0.08667378466895026,0.12043094290843616,0.5519751549969991,0.7435698368967838,boot1906
C5,0.9654212213598748,0.1828442706923196,0.1828442706923196,-0.034227006336493324,0.6133839819776831,0.5809583970273209,boot1907
C5,0.951875990075734,0.00274058352072349,0.00274058352072349,-0.14890503795930962,0.4933050337302281,0.6668753233760493,boot1908
C5,0.9295884936303496,0.28530623294247803,0.2909188145741334,0.14686255269498052,0.6332862941051071,0.7838905678878577,boot1909
C5,0.9511362690418712,0.10696588254096301,0.10696588254096301,0.04662615392811209,0.5357436510171311,0.6692224446152558,boot1910
C5,0.9248907454536011,0.36479044255368426,0.36479044255368426,0.3365849959644819,0.6722298103759903,0.6017161939029844,boot1911
C5,0.9195436581910372,0.36880297282432406,0.3669116755277891,0.18818408100523204,0.5569870538295562,0.5976499457050585,boot1912
C5,0.9390211756436166,-0.04352358208469451,-0.04630168306882396,-0.03518927913230621,0.535247456275605,0.4713511336406279,boot1913
C5,0.9604034983247358,0.37303161659671574,0.37303161659671574,0.2172999708330383,0.6518999124991148,0.8411319704328857,boot1914
C5,0.9603773923337698,0.1367216147258633,0.1367216147258633,0.12313999736898947,0.6292816042018212,0.9262663037387957,boot1915
C5,0.8227312796805367,-0.15748181768610278,-0.16065259253884312,-0.32553288488134,0.7007412424556118,0.39106223183797334,boot1916
C5,0.9482050891194754,0.1531497699924812,0.1531497699924812,0.08436993316951062,0.6841301102658142,0.7474075601429471,boot1917
C5,0.9286150001293944,0.05056618914468046,0.05056618914468046,0.04682054550433376,0.7069902371154397,0.5088125423608344,boot1918
C5,0.9577601553649457,-0.00817123881452312,-0.009987069662194925,-0.12256858221784678,0.43307565716972535,0.5293146920963309,boot1919
C5,0.9535072673106436,0.26355787359113475,0.26355787359113475,0.05107003778928563,0.6593506664580985,0.6219601030766572,boot1920
C5,0.9083018782632282,0.21827640601637166,0.22593522728010398,0.11009555566615237,0.7381188992922042,0.6092448258348632,boot1921
C5,0.9592199536712817,0.21666155521587732,0.21666155521587732,0.1541107296514609,0.6028449130483617,0.8421698108600422,boot1922
C5,0.9515081567455507,0.17637903129547342,0.1827761982336512,0.05300509748775886,0.6086447401180586,0.6369750508442745,boot1923
C5,0.9410139663375452,0.15247197810250035,0.15062383291337914,0.025874032647697033,0.6921303733258957,0.6810415021911683,boot1924
C5,0.9427640627337099,0.05349671736791827,0.05718614615191263,-0.11437229230382526,0.649339465983008,0.8125966896747584,boot1925
C5,0.9669001657665366,0.09083263201935145,0.08993329902906083,0.009892662893196692,0.5503917900578524,0.7689297066984702,boot1926
C5,0.9138256723936312,0.1827006252755107,0.1827006252755107,0.05804551115524037,0.5928254663887664,0.7593494738013412,boot1927
C5,0.9011155686670055,0.280811348798678,0.28563628606326014,-0.01350982434082987,0.7951496612031295,0.7700599874273023,boot1928
C5,0.9679670946030163,0.22907713668275315,0.2344671869576414,0.17966834249627694,0.5560735200259771,0.6575861335363736,boot1929
C5,0.9215219268212808,-0.23307379069809905,-0.22741207918316547,-0.34064630948183705,0.5784381931090474,0.9473930601655525,boot1930
C5,0.9480485538390057,0.25498602308488294,0.25498602308488294,0.15042340930187337,0.5429918189433479,0.5329024439291977,boot1931
C5,0.9207065684949106,0.03872262361647368,0.03872262361647368,0.044389349023762514,0.5883949881234903,0.6640957112158695,boot1932
C5,0.9649630343940855,0.16941401384584187,0.16941401384584187,0.04325464183298091,0.5578046519711495,0.6325991368073457,boot1933
C5,0.9447120899288827,-0.024852292163777264,-0.024852292163777264,-0.06259095804210571,0.5688413539709019,0.9922507760204405,boot1934
C5,0.9384926449041785,0.043548093252839655,0.043548093252839655,0.03520909667250866,0.6059670848373859,0.8061030027653298,boot1935
C5,0.9415902442231208,0.03694028151741346,0.03694028151741346,-0.10989733751430503,0.6870892362238903,0.7911557870787836,boot1936
C5,0.9427062051252115,0.27580172760766586,0.27395689999825007,-0.05718965589189058,0.5718965589189058,0.5977241454507274,boot1937
C5,0.9448465694770108,0.18130387870372108,0.18130387870372108,0.14449090840854928,0.6920838415492296,0.4988157474995778,boot1938
C5,0.9388696655132642,0.03612114090374959,0.03612114090374959,0.0009261831000961434,0.5529313107573977,0.4501249866467257,boot1939
C5,0.8918968523446821,-0.11114562689845528,-0.10432089542223434,-0.0428983121362459,0.4026591570970353,0.35098619020564825,boot1940
C5,0.9479225281806465,0.14952607013868882,0.14952607013868882,0.14127002945618455,0.39628995276020595,,boot1941
C5,0.9274968635389642,0.1471937474909849,0.15094390666272972,0.08906628032893989,0.5418980003171292,0.7753454087582453,boot1942
C5,0.910460779595765,0.07163119243126942,0.07163119243126942,-0.043933798024511916,0.6026570989884135,0.6399053190526736,boot1943
C5,0.9438544574589823,0.023032290903523475,0.029481332356510053,0.014740666178255027,0.6255570209396977,0.8687780128809056,boot1944
C5,0.9400844128769867,0.13134805681085446,0.13134805681085446,-0.17204745469590793,0.6752400103656603,0.5966161735422614,boot1945
C5,0.945088546311632,0.15549497696554795,0.15549497696554795,-0.0009200886210979169,0.6799454909913606,0.7489521375737043,boot1946
C5,0.9377494804209414,-0.024109526183928368,-0.024109526183928368,-0.14465715710357022,0.4590082869632516,0.713085601363112,boot1947
C5,0.9379090955735218,-0.025959686500393812,-0.025959686500393812,-0.0973488243764768,0.5432991531868133,0.47005575198927363,boot1948
C5,0.9461051712851842,0.460469075886411,0.460469075886411,0.32536138296165573,0.6093632680892026,0.5422689716027596,boot1949
C5,0.9444199591317871,0.24399609557228777,0.24399609557228777,0.16389171702591404,0.5745417495739907,0.7338297666834465,boot1950
C5,0.9414742655518907,0.5504779987389391,0.5504779987389391,0.43779626074204225,0.7795359579457459,0.6354511126382384,boot1951
C5,0.9488460157346653,0.109056958825342,0.11638851908250786,0.027493350964371936,0.6057701662483284,0.9421054930458116,boot1952
C5,0.9078657782869547,-0.18485781816029184,-0.17911094298432428,-0.1724062552790287,0.517218765837086,0.8649047139831272,boot1953
C5,0.9632634663060626,0.21033570018921283,0.20853024353522817,0.11645195418201054,0.5651079326971984,0.6860735285141705,boot1954
C5,0.9567997005028815,0.2281155287261297,0.2281155287261297,0.16995061303500503,0.6343611117563287,0.9079179808661497,boot1955
C5,0.9453572793274742,0.05518962426628238,0.05243014305296826,-0.037712909915292955,0.5905289796492214,0.70028773374244,boot1956
C5,0.9524140025159414,0.009130117943396675,0.01734722409245368,0.0,0.5888926073490854,0.711390854789883,boot1957
C5,0.9552201139956521,0.20300351786681858,0.20300351786681858,-0.07009538509302704,0.5898936303932666,0.6463340703383013,boot1958
C5,0.9473798912510487,0.0036714531326731566,0.013767949247524338,0.021110855512870653,0.6057897668910708,0.6865617358098803,boot1959
C5,0.8936186458472521,-0.10314681041160112,-0.10314681041160112,-0.02724632727853615,0.5896883689568895,0.6431479865567209,boot1960
C5,0.916197941598851,-0.11863773889758907,-0.11199402551932405,-0.21829343957156386,0.49827850336987406,0.43146062461700535,boot1961
C5,0.9061178886338929,0.3416390088689451,0.3416390088689451,0.18137576594446803,0.74949456720968,0.8320253390150993,boot1962
C5,0.8590910522503228,0.053646183836995966,0.053646183836995966,-0.011134113626546333,0.6397054374524802,0.3218771030219758,boot1963
C5,0.9468099024581704,0.013776237687211788,0.013776237687211788,-0.051431287365590675,0.4380843584533349,0.6327885177659281,boot1964
C5,0.9380530973451328,0.059327317473338796,0.05654634946677603,-0.009269893355209188,0.5608285479901558,0.5385808039376537,boot1965
C5,0.9545982526135043,0.22773067492282853,0.22773067492282853,0.08653765647067482,0.5574846922110842,0.545642697115097,boot1966
C5,0.9310296493570686,0.27178885058667157,0.27178885058667157,0.021481593001695696,0.6892789406631052,0.7210343390134379,boot1967
C5,0.9293709962243518,-0.24514008709340449,-0.24514008709340449,-0.5211565973703294,0.6119145685461319,0.6034937258597172,boot1968
C5,0.8739421350803162,0.32834727863619806,0.32834727863619806,0.29451755901913523,0.73032394702718,0.7581837161235846,boot1969
C5,0.9462086419618411,0.2343448586297365,0.2325068597385229,0.08822394677825374,0.47696071226993425,0.714062569236491,boot1970
C5,0.936092102558078,0.1597761769195407,0.1597761769195407,-0.026010075312483377,0.5489983753456312,0.915926223503879,boot1971
C5,0.9546623573842752,0.274169321132483,0.274169321132483,0.21405246002037706,0.5838622420130285,0.7796974713933735,boot1972
C5,0.9206221507106461,0.31358755809977334,0.3201993439633228,0.13034663559568893,0.7348527716916374,0.739575475879887,boot1973
C5,0.960127454357561,0.2825711801019394,0.2807598263833372,0.23638166027758387,0.7499004395013007,0.630351094073557,boot1974
C5,0.943299908842297,0.4304961261155275,0.4304961261155275,0.35029663367002234,0.7798709265390499,0.9161774364886998,boot1975
C5,0.9225764476252438,0.27710676396639483,0.27710676396639483,0.15457656221254676,0.665433249524744,0.5344201876494756,boot1976
C5,0.9605601067416535,0.25166476177611996,0.25166476177611996,0.09867431307049308,0.6454567451308401,0.7124466457475052,boot1977
C5,0.934308072487644,0.19451735009726792,0.20289369531676746,0.10796178282910564,0.5761064100966928,0.4095102107310903,boot1978
C5,0.9355371900826446,0.17567214625902594,0.17567214625902594,-0.06227531110769703,0.6924642802273774,0.8783607312951299,boot1979
C5,0.9048777907099778,0.003843901248627323,0.003843901248627323,-0.0374780371741164,0.6390485825842925,0.8543070525074226,boot1980
C5,0.9470548054703736,-0.0807996946833808,-0.0807996946833808,-0.27728986129978406,0.7079155068282568,0.7005700800388583,boot1981
C5,0.9147042962430343,0.20248881749554618,0.20248881749554618,0.20439012094620862,0.6540483870278675,0.7129887939984022,boot1982
C5,0.9042774015721237,-0.29810013710688116,-0.29810013710688116,-0.2605972166321445,0.5923538208317382,0.747173569458215,boot1983
C5,0.9358577030976897,0.19326609656437393,0.19326609656437393,0.15331204775539278,0.6569188955337134,0.5324109294778185,boot1984
C5,0.9434501565866658,0.13087947466806366,0.13087947466806366,-0.07281322886462696,0.601861246184828,0.6166082292460183,boot1985
C5,0.9600752133317064,0.028983236490355897,0.028983236490355897,-0.2354887964841417,0.5715131945442053,0.7046549371717777,boot1986
C5,0.9604594353192694,0.09687392807999297,0.09687392807999297,0.04345746306392208,0.605688391453414,0.8545014445218274,boot1987
C5,0.9279134636015893,0.09933460032546118,0.09933460032546118,-0.10683155129342052,0.6381779511475384,0.6363037134055486,boot1988
C5,0.9496422694685871,0.33696899378654416,0.33696899378654416,0.2298348300011483,0.7389510271351661,0.8321582959027256,boot1989
C5,0.9367634757341395,-0.03248929254510481,-0.03248929254510481,-0.13367023218557406,0.5625288937809575,0.5996595138325058,boot1990
C5,0.9562135548167969,0.15459526400966367,0.16277971916311648,-0.017278294212844762,0.6038309135436275,0.8275393544046702,boot1991
C5,0.9472537053182215,0.22582444626743228,0.22490646071349965,0.06425898877528562,0.6343280177674622,0.8234330418775885,boot1992
C5,0.9476665649919387,0.1137806175080567,0.1137806175080567,0.012846198750909628,0.5698206731653486,0.4606279837826166,boot1993
C5,0.9082895406001016,0.4030509437330607,0.4030509437330607,0.45953551779541363,0.6902606423551941,0.5782488598925621,boot1994
C5,0.9597840600726499,0.18482418257123234,0.1821061798863613,0.05345405280246425,0.5064545002809749,0.687338519341161,boot1995
C5,0.9310217631870158,0.1466364638599876,0.1466364638599876,-0.01214187280369324,0.7406542410252877,0.8359212430234961,boot1996
C5,0.9434963780664306,-0.01843282576608003,-0.013824619324560021,-0.013824619324560021,0.6073616089923368,0.7465294435262412,boot1997
C5,0.9372586554011684,0.06865535539857369,0.06865535539857369,-0.04082210320996273,0.5557372686992653,0.7895365870835973,boot1998
C5,0.9543228897925605,0.2241516427681607,0.2241516427681607,0.21595097291078902,0.6004712706675525,0.6405634344147032,boot1999
C2,0.9096983423502057,0.4387503155732428,0.4387503155732428,0.4674268067871803,0.39000028050954916,,boot0
C2,0.9369740809484334,0.5494096572816334,0.5559060552562473,0.5419852024535031,0.3118271027814675,0.5591766779993467,boot1
C2,0.9457025920873123,0.2629744850598359,0.2730888883313681,0.27676685315737976,0.3071100629719762,0.4340942280394785,boot2
C2,0.9266229364900053,0.510502664711421,0.5095642406954074,0.48234994423101174,0.03659853662453202,0.5198869048715574,boot3
C2,0.9037053850082277,0.4464710154027596,0.46282878967398133,0.5234487766790974,0.23285772786092201,0.5109398904716924,boot4
C2,0.9415941097411323,0.42942900970156,0.43312302268824004,0.38233034412138894,0.37309531165468873,0.8533169999231,boot5
C2,0.9147164893437741,0.3137108875614515,0.3137108875614515,0.37550242602052536,0.16921375147254053,0.39546584613807223,boot6
C2,0.9300153224168805,0.4871354991050268,0.5002255125166782,0.42916543971057064,0.27302027972872905,0.4871354991050268,boot7
C2,0.9212489391164514,0.30771081391034505,0.3067669157081661,0.36623250244544137,0.24069404155563803,0.5417975680507302,boot8
C2,0.9206382313067054,0.3995337956305038,0.3985892712909517,0.5109876676976418,0.3173601780894782,,boot9
C2,0.9328482420350267,0.49870640297232804,0.49870640297232804,0.48938478796349943,0.22092227570923692,0.517349632989985,boot10
C2,0.9339827038877629,0.2802398045973193,0.2802398045973193,0.387308168480016,0.13313718291500548,0.59678974998964,boot11
C2,0.9258192574141823,0.44895606845980063,0.44895606845980063,0.4621054093770333,0.24420204560574935,,boot12
C2,0.9347389779669614,0.3628076316237615,0.3674590115163739,0.46885909317532254,0.07721290621736464,0.5168806836515233,boot13
C2,0.9401309293054896,0.5244412909860325,0.5244412909860325,0.6012113565095613,0.15908977433791463,0.4981887990418016,boot14
C2,0.9274770173646578,0.4697174870714422,0.4819057651790844,0.3684610227925685,0.18282417161463319,,boot15
C2,0.917088919779382,0.23799313769674912,0.23799313769674912,0.39065009056199457,0.4048727880339119,0.6804368808798511,boot16
C2,0.9533485262728301,0.579194174875618,0.579194174875618,0.6266242490386608,0.1869839462196877,0.7369903831488178,boot17
C2,0.9273896854712749,0.4500711091429908,0.4500711091429908,0.3619321836024884,0.04406946277025118,0.22316025828339958,boot18
C2,0.9293630855622875,0.48654171880509106,0.5005765760783148,0.39110468934716935,0.21520114485609795,,boot19
C2,0.9307141117695243,0.33728192095576187,0.34942780730596945,0.3036471587551873,0.3176616430054267,0.5876740395600394,boot20
C2,0.93191216470224,0.2071477179639026,0.21647869625056487,0.3144539682605188,0.1782216852752495,0.49454184919310074,boot21
C2,0.928464465175095,0.50293418784861,0.50293418784861,0.4982513741814907,0.10395846341004789,0.6939929854670763,boot22
C2,0.9536357366974895,0.5744605260428721,0.5744605260428721,0.5398105260593339,-0.023707894725578847,0.6698936708891791,boot23
C2,0.9420616291082724,0.18922421215048726,0.18922421215048726,0.2926052451302657,0.1513793697203898,0.6267475124399066,boot24
C2,0.9348407774412655,0.4641571633898082,0.4641571633898082,0.39346388800378534,0.003720698704527521,0.7078629285363609,boot25
C2,0.9444814737923272,0.5247876085095424,0.5247876085095424,0.6730170909131149,0.16296036264243685,0.7936261728688169,boot26
C2,0.945522290305209,0.6345699156455884,0.63732891527883,0.7228579039093225,0.32740128981134703,0.733893902442289,boot27
C2,0.9264241180414834,0.36981841143823996,0.38202054176488237,0.3904681704525579,0.2177610950600804,0.5659911220742607,boot28
C2,0.9382593021381361,0.46524637500067906,0.4698803030385345,0.4606124469628238,0.07043570617540161,0.4463443119668205,boot29
C2,0.9473569506042346,0.4332419605375944,0.4332419605375944,0.36256477629735134,0.33319243998971776,0.6535344828448458,boot30
C2,0.9217506483262577,0.2905624069186697,0.2905624069186697,0.33490147550690824,0.09150829049062,0.14905474121152534,boot31
C2,0.946185650233999,0.5973641548723183,0.5973641548723183,0.5789837193377854,0.34830925337939794,0.8114962288496262,boot32
C2,0.917804689513012,0.1430634963259527,0.1421160559529331,0.5239345262798135,0.25201913922320146,0.5381461318751068,boot33
C2,0.9327303394786656,0.2871420341126876,0.28620975478115296,0.33841739734709614,0.42605165451135796,0.6936158226618169,boot34
C2,0.9140454616993053,0.4785224834820253,0.4785224834820253,0.4918412007161175,0.21405081269076678,,boot35
C2,0.9155409198069079,0.5926646028739083,0.5926646028739083,0.6648481121982946,0.25929076375733495,0.6154593952921357,boot36
C2,0.9164896958095294,0.2855887323464015,0.29033273122258757,0.5389182723347377,0.22201914740550807,0.7487658155362538,boot37
C2,0.9268773166748749,0.03471215927357089,0.03471215927357089,0.10507464428756592,0.1285288059588976,0.47057642325646803,boot38
C2,0.9330996804453148,0.24975196449499512,0.26186679859363293,0.32616861034794137,0.3308281619243405,-0.04193596418759246,boot39
C2,0.9229648569899506,0.37779948990810786,0.39193164040342354,0.25626299564839233,0.012247863762606986,0.3891052103043604,boot40
C2,0.885993034573425,0.6457995613012467,0.6497253945006465,0.5859306050104017,0.22377249236578153,0.6031329216716751,boot41
C2,0.939681099394835,0.52654311022569,0.52654311022569,0.38681022860164926,0.06200068257490549,0.42660171144823034,boot42
C2,0.930129875883252,0.5571919395375581,0.5571919395375581,0.5207313931584225,0.048614061838847346,1.0218301844203874,boot43
C2,0.9297861418753485,0.24316017021476474,0.2478363273342794,0.2581238729972118,0.2880512785621059,0.5199886716900354,boot44
C2,0.9178774266542696,0.2652622820860311,0.2652622820860311,0.2396834191705924,0.1970519809781945,,boot45
C2,0.9232329762687682,0.4455043942303351,0.44927187325131046,0.36073611625838975,0.18272273251730445,0.6853592542803375,boot46
C2,0.9134632328405549,0.43408615133571304,0.43408615133571304,0.5292804827689834,0.008567489828994336,0.5683101586566243,boot47
C2,0.9139925575887488,0.2235771225818918,0.222625730570905,0.27685507519715113,0.33203581183438396,,boot48
C2,0.9254607948920455,0.5740970884542584,0.5740970884542584,0.5844327152513072,0.2893975503173676,0.8334273608165746,boot49
C2,0.9388463524216493,0.5297898884784084,0.5297898884784084,0.6094436129699173,0.3056480125836971,0.6591389459061264,boot50
C2,0.9243121053862341,0.3998273042598283,0.4139388561748811,0.42052424706857244,0.18439094502335615,,boot51
C2,0.8869728195536367,0.08431217625505821,0.08333180211255754,0.24901503219517196,0.24411316148266857,0.6362628184829393,boot52
C2,0.9341630531925457,0.614360674527735,0.614360674527735,0.6962754311314332,0.3499994145794369,0.5761958447464666,boot53
C2,0.939638423288438,0.46826522744795684,0.46826522744795684,0.5200890470864659,0.34240737975443475,,boot54
C2,0.9461971462233276,0.4604243160655421,0.4732904646182719,0.4006886263564399,0.2233195784509516,0.31613965015278744,boot55
C2,0.9378429195025674,0.5266479420031585,0.5405558982180304,0.49234165000647373,0.4014763360693091,,boot56
C2,0.9403905710117477,0.3606272172824371,0.3606272172824371,0.3079201624488501,0.3180916993465599,,boot57
C2,0.9180511480306142,0.41297310677723353,0.4224449670244178,0.3409869688986332,0.26994801704475124,0.534212917941192,boot58
C2,0.9236928699295089,0.5977895153457415,0.5968481145341735,0.5422468674632238,0.3831501303082154,0.5761372966796754,boot59
C2,0.9218549452184749,0.3216576975243764,0.3216576975243764,0.414098912648684,0.25185514732847064,-0.05282355149960433,boot60
C2,0.9365605918271489,0.533868288248754,0.533868288248754,0.46516176071760995,0.14019845482706408,0.6211441475450721,boot61
C2,0.9482776140636114,0.5135168378091279,0.5135168378091279,0.5034298999235914,0.3988925436553047,0.19348580853165354,boot62
C2,0.9430069955575656,0.4343183235339026,0.445383758528397,0.32827457150333195,0.2646483202849895,0.14938337242567354,boot63
C2,0.939234770259042,0.5453097875648494,0.5453097875648494,0.4638373575042266,0.19534866753172017,0.5110543340166329,boot64
C2,0.9293472638874523,0.388304328468001,0.388304328468001,0.510877502032599,0.1300585582097642,0.46315817491966377,boot65
C2,0.8995048151411125,0.3895863331801288,0.39441991051486985,0.5413606614909978,0.0029001464008446315,0.9164462626669037,boot66
C2,0.8867761452031114,0.3618382913806255,0.36085769980506827,0.5148105771675566,0.6913170607678616,0.1833706246292059,boot67
C2,0.9402975796513733,0.42354769190502156,0.43372023472370114,0.39303006344898295,0.08138034254943646,0.7194762102666087,boot68
C2,0.9135772848429409,0.34646410805282896,0.34646410805282896,0.3426568101621385,0.07709778228648118,0.27507727260238346,boot69
C2,0.9242202638592949,0.2408610851298801,0.2408610851298801,0.43844244402548493,0.2079308586472793,,boot70
C2,0.9477850112011152,0.4633228312253055,0.4633228312253055,0.473415011707441,0.18899901630180782,0.6807634470676767,boot71
C2,0.9337081421575301,0.28032221056783224,0.28032221056783224,0.29615436199525136,0.379040331232916,0.11455027209250288,boot72
C2,0.9532729183747918,0.35301720277983056,0.35301720277983056,0.36852441840581796,0.20706693806465518,0.48174061116565764,boot73
C2,0.9351577972684483,0.4091381120595431,0.4082082527139532,0.3738034569271281,0.34962711394179136,0.6406730891114208,boot74
C2,0.9378507053506961,0.4394877678205207,0.438560578436933,0.3671669959006881,0.05192260548090539,0.46359469179379814,boot75
C2,0.9311952320538164,0.6742153152693954,0.6732814990432605,0.7199723103500054,0.3212327817904045,0.6882225586614189,boot76
C2,0.9350873647270656,0.5449386192273455,0.5579576306082035,0.6118935349003299,0.0316175990677982,0.618403040590759,boot77
C2,0.9320420549898841,0.6614741639926603,0.6614741639926603,0.6773346164438242,0.3200079523970134,,boot78
C2,0.9318531132169355,0.2622171054871738,0.26781604724134833,0.32473862174212276,0.08958306806679248,0.8155791821914232,boot79
C2,0.914879037844436,0.5626783294855474,0.5617278593343894,0.5379661055554389,-0.05702820906948115,0.8953428823908539,boot80
C2,0.9476359938993391,0.5450634446725136,0.5450634446725136,0.5010179137898861,0.12846613174099644,,boot81
C2,0.9327067558410183,0.4596253318518742,0.4586930289475093,0.3291029252407943,0.08577186720156679,0.5183604148268601,boot82
C2,0.9437235748651407,0.5556159028472787,0.5546944834395717,0.5288947400237776,0.22206207725737004,0.36856776308277184,boot83
C2,0.9211445249387608,0.2983056417926602,0.31057770933476336,0.3445618963744335,0.053808296146144415,0.5012667588351347,boot84
C2,0.9101862611265922,0.4671762357498461,0.48055142450342037,0.5608025570248664,0.27419136944827366,0.3831036207273789,boot85
C2,0.9447966239317795,0.42981414860671774,0.42981414860671774,0.609286865905026,0.2871563476772932,0.746422429379118,boot86
C2,0.9260819779657814,0.20375696392278275,0.20375696392278275,0.32394540347170536,0.16244218782784065,0.5981252811926848,boot87
C2,0.9411919445824685,0.5238500829706882,0.5238500829706882,0.5450997336026562,0.11641112954904183,0.5894468305737198,boot88
C2,0.9195839391566939,0.3489290662379829,0.3536571023658689,0.3129959916660497,0.35082028068913723,0.2524771292291096,boot89
C2,0.9379791553672729,0.29573290915959793,0.30871178291581847,0.3902932750977765,0.33837778007289415,0.6331836268213333,boot90
C2,0.9128069688398022,0.35628276558592265,0.3600932764478041,0.3829563416190933,0.20957809740348388,0.45630867571031264,boot91
C2,0.9388813216749419,0.6483201211075479,0.6483201211075479,0.4834615760259143,0.2046839239496687,0.7066689320072271,boot92
C2,0.9361975486291337,0.6771146158270702,0.6771146158270702,0.7142676811673758,0.33344876142924307,0.3297334548952125,boot93
C2,0.9406229780265173,0.7506588431457961,0.7608278668829929,0.7321697090781656,0.24220765628595883,0.6988892677564308,boot94
C2,0.9139722084813598,0.49092920770474835,0.49092920770474835,0.5090060583760472,0.17981709351976244,,boot95
C2,0.9012447251784815,0.2518256311505004,0.2518256311505004,0.33576750820066725,-0.1891104356532494,0.6310113516184954,boot96
C2,0.9262809231464636,0.20371320131795098,0.20371320131795098,0.25346803850620625,0.17836639746733032,,boot97
C2,0.9227166276346603,0.5984219819024498,0.6106731405870669,0.42407856985212977,0.14041712646214963,0.4646016331935555,boot98
C2,0.9069719199653007,0.185040003182174,0.18408124668900214,0.35953368493945737,0.43623420439320815,0.614562912123179,boot99
C2,0.8995591401524213,0.5123282557490345,0.5123282557490345,0.6118939356398846,0.19236476017746765,0.6118939356398846,boot100
C2,0.9428759028233749,0.6280507448225747,0.6326619837713456,0.5459706915344557,0.29143030156231076,0.6406403747722421,boot101
C2,0.9244638092092323,0.1429735936948545,0.15237975117477912,0.34990905825319646,0.14579544093883184,0.49100142045206596,boot102
C2,0.949158565372998,0.5222016552295066,0.5222016552295066,0.5212855119747181,0.3004949875706634,0.6083191211796358,boot103
C2,0.9227566723663666,0.5324310975353446,0.5456240804831229,0.4806015216690721,0.13664160910199108,0.8592542909244439,boot104
C2,0.9304931245986581,0.47006398304821695,0.4812782331408186,0.49529604575657055,0.07849975064821119,0.7606999646148083,boot105
C2,0.9353455718384576,0.5066716064595961,0.5159683331836253,0.4797110989599112,0.11249039336075436,0.6219510178375594,boot106
C2,0.900406750849927,0.15451953758818263,0.16514275579737017,0.09271172255290958,-0.17383447978670544,,boot107
C2,0.9310217631870158,0.5258364914214841,0.5351763935781713,0.555724178322883,0.15317439536966854,0.2895369668573003,boot108
C2,0.9463618945125742,0.35651404214832655,0.35651404214832655,0.3657025483892628,0.17917587169825688,0.8058319973301092,boot109
C2,0.9243480391065184,0.24459072444214458,0.2521165928865182,0.2991532706638537,0.44778917244023386,0.11288802666560518,boot110
C2,0.9309231762427371,0.2540722426581439,0.2615449556775011,0.28489718386299223,0.3400084423807514,0.4931990592775734,boot111
C2,0.9318767345945885,0.59907158193845,0.6028041151592504,0.5318859839640444,0.023328332630001947,0.3256635235148272,boot112
C2,0.9135935760315801,0.38548203739920417,0.38453022989945307,0.34931335240866157,0.3036265924206078,0.5101688198666011,boot113
C2,0.936615222033861,0.5226961999701573,0.5226961999701573,0.4809176404698783,0.10862425470072538,0.5886134827372642,boot114
C2,0.9302957374241463,0.40660281924172487,0.41034169574049945,0.5355940584494445,0.35799742475765667,0.5505495644445425,boot115
C2,0.9296557022241592,0.4891946637960757,0.4891946637960757,0.5125787299431156,0.3573085307267703,0.4433618941478774,boot116
C2,0.929604308176449,0.2675285064693438,0.2675285064693438,0.44338640582681466,0.1580850265500668,0.444708691673441,boot117
C2,0.9141064984993087,0.458513789663126,0.458513789663126,0.5355669368886721,0.10464007647913665,0.6668426691988616,boot118
C2,0.9299955693398315,0.33941255670402054,0.33941255670402054,0.32632226526089025,-0.003740083269465791,0.7844824657704498,boot119
C2,0.9377962020166477,0.317117198500391,0.3273168744755498,0.3588431456714951,0.14001373384081592,0.7529215356208113,boot120
C2,0.924639412818981,0.397804897625029,0.4072092687272756,0.3996857718454784,-0.02539180197606568,0.32821255146840456,boot121
C2,0.9355684681441866,0.36341541167417835,0.3792160817469687,0.2937065731177502,0.22957444164583643,,boot122
C2,0.9481478255188485,0.3916101876022345,0.3906930677249458,0.374184909933751,0.34483707386051554,0.4282949826937787,boot123
C2,0.9427409204501924,0.3883219117580252,0.3883219117580252,0.4298290044637524,0.11806461925184615,0.6604239639400145,boot124
C2,0.9366425350324549,0.47997523129325614,0.4790468459329211,0.604378869578162,0.3184361785949456,0.37725264482692744,boot125
C2,0.9256759011088003,0.16063468001684095,0.16063468001684095,0.19351312329514173,0.061999350181938605,,boot126
C2,0.9413698630136986,0.45447183276813274,0.46925140456547043,0.5459204332641595,0.2715746317760793,0.3842688667307789,boot127
C2,0.9425943291239004,0.3837696867654647,0.39483996619139156,0.41236790861577577,0.16051905167593958,0.6245482642793739,boot128
C2,0.8953729926701253,0.316603541976617,0.32145942452227066,0.38652825063402935,0.3428253077231466,,boot129
C2,0.9490785398791693,0.5753864760141594,0.5863811220526466,0.5204132458217238,0.24096599234350943,0.5515647429307706,boot130
C2,0.9323686091319693,0.5092220008754611,0.5138852060116833,0.45326353924079504,0.12310861559626532,0.7946101552122579,boot131
C2,0.9434193400199065,0.6571838987177407,0.6608707649097055,0.7447469707769067,0.0018434330959824423,0.8221711608081692,boot132
C2,0.9226445396145609,0.5617123901060783,0.5607699196528804,0.49102710611621947,0.3374044222449263,0.44013370164352117,boot133
C2,0.9225644304983417,0.41189535108646597,0.41189535108646597,0.4561953087548044,0.08294460159178262,0.5401999101679065,boot134
C2,0.941818261485544,0.3231492088578789,0.3222259254039992,0.5428906708812365,0.17634713969101393,0.6158300637377293,boot135
C2,0.937714436526788,0.5016823504937652,0.5016823504937652,0.28468850573306087,0.3199268224036026,,boot136
C2,0.9299679138066631,0.4394728528869215,0.4394728528869215,0.2805145869490988,-0.11501098064913054,0.5148562044818752,boot137
C2,0.9422624196568374,0.24363193586231494,0.2556289630070502,0.2547061147651475,0.10059045836739519,0.7952641712689223,boot138
C2,0.9073016232113569,-0.008625672826222468,-0.008625672826222468,0.1571789270556094,0.1456780299539795,0.5467682698945291,boot139
C2,0.9230088857341415,0.4832964919583965,0.4832964919583965,0.4484388502382003,0.09232564563727655,0.47387550770969483,boot140
C2,0.9105672719070711,0.37339360911568,0.37339360911568,0.33614974529084235,0.005729825203821176,0.42782694855198117,boot141
C2,0.8897657704596478,-0.029318903230299318,-0.029318903230299318,0.2961209226260231,0.30198470327208293,0.5829760337888534,boot142
C2,0.9375547628562106,0.3320385754083472,0.3320385754083472,0.24114533409544767,0.06399626174071496,0.8319514026292943,boot143
C2,0.9407197841963285,0.7006660706574955,0.7006660706574955,0.7810855273160735,0.17193125216661498,0.5657092813224107,boot144
C2,0.937032567590864,0.5530873605574671,0.5623673498285655,0.5920633154960807,0.4157435193452102,0.7247671620727882,boot145
C2,0.9508666753551414,0.7910403556445462,0.7910403556445462,0.772750405225019,0.30269867944317314,0.7368114888386004,boot146
C2,0.9337159887411004,0.37624326032987765,0.37624326032987765,0.2868389212415899,0.11454930945686868,0.8214023653736438,boot147
C2,0.9447966239317795,0.5227718124381492,0.5227718124381492,0.4196900466052747,0.2402173293069664,0.6442610364554655,boot148
C2,0.9430763844313473,0.29782271070942884,0.29782271070942884,0.435208419364862,0.17518982982907577,,boot149
C2,0.9389706770743708,0.45655914784222634,0.45655914784222634,0.7047495162432744,0.34265088174771546,,boot150
C2,0.9089225139208384,0.22099745813413288,0.23439124347559548,0.2860529869355226,0.17220581153309053,-0.09471319634319979,boot151
C2,0.9389706770743709,0.5315719084410504,0.5426849100112467,0.36950730220902284,0.18151235897987092,,boot152
C2,0.9524177893774151,0.5624130291215931,0.5761081515839696,0.6318016495976337,0.3241178982762427,0.7021032782378328,boot153
C2,0.9165585592995391,0.46487695979552823,0.46487695979552823,0.38992740913461654,0.058821166341474995,,boot154
C2,0.9063449353354743,0.6907822089721276,0.6907822089721276,0.7579415903999734,0.19380278640606913,0.6188257288708642,boot155
C2,0.9406965523291517,0.347568534113993,0.347568534113993,0.5222771855702288,0.37345129729269466,0.40950228886302903,boot156
C2,0.9340415201494843,0.3816979560752042,0.3807669854506304,0.49062151915032337,0.12940491681573996,,boot157
C2,0.9390250599498434,0.40837915538702246,0.4074531255562129,0.24817599465696602,0.2268773085483458,0.4954259594831225,boot158
C2,0.9356271095554829,0.49350764393109037,0.4981546085632099,0.6282696182625557,0.32993448888048416,0.7844076299017707,boot159
C2,0.9219431806768171,0.4951733997265351,0.4998893368667878,0.481025588305777,0.4338662169032498,0.4914006500143329,boot160
C2,0.9254966519098572,0.3767659790603713,0.3767659790603713,0.42750254481912453,0.23489150814237614,0.7579495956647934,boot161
C2,0.9235329514809779,0.38886585931417705,0.38792429549017177,0.5027950820188148,0.21938437099322822,0.7259457083080642,boot162
C2,0.9050019270152424,0.003843373992624255,0.0028825304944681916,0.28440967545419493,0.22868075256114317,0.6802771966944932,boot163
C2,0.9127335484355069,0.4763521724833078,0.4849265115880073,0.4954062593826401,0.1991152080980227,0.4744467637933745,boot164
C2,0.9276794138868845,0.46399087461175476,0.46305351930950883,0.5108586397240533,0.2849560118827747,0.5811602873925009,boot165
C2,0.9262292044907183,0.6712583963238798,0.6703195733919584,0.5116584978972232,0.228133972456927,0.6727825021000348,boot166
C2,0.9415399899194284,-0.016624013935279475,-0.004617781648688744,0.14222767477961332,0.2622899976455207,0.38751613212120284,boot167
C2,0.9354003269474496,0.2993370773278875,0.31049249635874043,0.4294836326878386,0.2881816582970345,0.41739859540441454,boot168
C2,0.9391221583629241,0.4713004497984889,0.48148572474501816,0.4518558339914785,0.32315099603079095,0.5657457265753963,boot169
C2,0.9516409098801876,0.5500796103180049,0.5500796103180049,0.5180982376250975,0.13340801180469886,0.574750954966819,boot170
C2,0.9511400651465798,0.16547647409172125,0.16547647409172125,0.2879839189994044,0.14536331149493745,,boot171
C2,0.9045838892941784,0.6325271982125721,0.6315659106772947,0.7248108015992089,0.24801218410158607,0.3835537265757086,boot172
C2,0.9144563104250403,0.12932369563970705,0.12837278611294448,0.16736007671020914,-0.11220732415798111,0.7207894212860144,boot173
C2,0.9011280690112806,0.4409931484920279,0.4477479669590831,0.4998565665620798,-0.01061471473394378,0.7595997388412076,boot174
C2,0.93324891594826,0.5926001828771807,0.5926001828771807,0.5702379118252117,0.020498748464304994,0.06522329056824316,boot175
C2,0.9475022244820134,0.5561533346554519,0.5561533346554519,0.5139370749291305,0.3909592748568028,0.6268196824582074,boot176
C2,0.9193502677386157,0.4180646262630251,0.4180646262630251,0.6573640616579242,0.2468662159607456,0.722627544038351,boot177
C2,0.9355020000661181,0.4870670227116986,0.48613750549278323,0.47963088496037504,0.20077571928573834,0.4443092306415876,boot178
C2,0.902118857567159,0.6332916588915842,0.6332916588915842,0.5378641486476469,0.18507153501854515,0.6544762251793802,boot179
C2,0.93728983237929,0.32842145121228067,0.332132428062137,0.36182024286098713,0.35625377758620275,0.25605740264008325,boot180
C2,0.9514740147908013,0.40394989260054803,0.41491685801051775,0.3600820309606696,0.3089028590474779,,boot181
C2,0.9480485538390057,0.31919113681129235,0.31919113681129235,0.5145581257216523,0.20087028437262364,0.23664170487733743,boot182
C2,0.919051988451984,0.459831109624168,0.4674003459965823,0.44753110051899486,0.20626169114828938,0.8193698373138467,boot183
C2,0.9459211732355637,0.6802662622177282,0.6793469834850016,0.6775084260195483,0.31347404785979105,0.5570829120323558,boot184
C2,0.9142651620734612,0.34049678445592313,0.3452523261382684,0.3176701843806657,0.11983965039510142,0.466994193206308,boot185
C2,0.9093249331030046,0.5183013581490562,0.5259515626973816,0.5058697757580272,0.640704630922265,0.44084303709725997,boot186
C2,0.92211960827342,0.3875758644987572,0.3875758644987572,0.42529614328209114,0.25555488875708804,0.5663860928089398,boot187
C2,0.9205658648509726,0.5686483508209479,0.5686483508209479,0.585651125430212,0.14168978841053517,0.49969265379448746,boot188
C2,0.9289040670599193,0.4015952685421994,0.4015952685421994,0.5635439432690071,0.19752121599627986,0.6094137991164845,boot189
C2,0.9239366541039303,0.6324544258433817,0.6362190355210209,0.6701005226197736,0.5364568790635827,0.992915802477333,boot190
C2,0.9334530653103584,0.42479022659655363,0.43410580174121494,0.4145430939374263,0.31859266994741525,0.2710832367096428,boot191
C2,0.8948970019600515,0.20016877293170898,0.20502723829412908,0.2574986642082664,0.019433861449680487,,boot192
C2,0.932958260920793,0.34019882522351363,0.34019882522351363,0.398918074508668,0.3569757535907006,,boot193
C2,0.938585953294852,0.39559972799789345,0.4085702108830703,0.38170278204948965,-0.012044019821949916,0.5841799334380148,boot194
C2,0.9461473284580222,0.4080621959277336,0.4080621959277336,0.506401508910318,0.2095454519628902,0.562126793162903,boot195
C2,0.9355606488011283,0.45729380292422334,0.45729380292422334,0.6692104433037415,0.20448096878725433,0.7677330919012367,boot196
C2,0.9476130644142148,0.4991947621081928,0.5001123995385388,0.3009850771534691,0.03395258492279988,0.49001838780473334,boot197
C2,0.9526638766615346,0.5348845798341783,0.5458378476806118,0.501112003974341,0.1880310980304449,0.9273766776647185,boot198
C2,0.934789880136294,0.4083689164233617,0.41208981771195724,0.48929851945031494,0.18418461378547976,0.2995325537319418,boot199
C2,0.9359592888771396,0.3641927264019452,0.3641927264019452,0.5230625126640182,0.10591319084138201,,boot200
C2,0.9365488846239941,0.559872351241411,0.559872351241411,0.574728002352294,0.32960975902272116,0.7715653795714966,boot201
C2,0.9411029629386037,0.3557343052563452,0.3557343052563452,0.5691748884101523,0.048047230839818045,0.6190312979951297,boot202
C2,0.9268614214457377,0.47659673842692546,0.47659673842692546,0.36026210148806964,0.008443643003626633,0.670800527510338,boot203
C2,0.9399913677695926,0.22664407947317453,0.22664407947317453,0.2913995307512244,0.23959516972878447,0.6188770986430766,boot204
C2,0.9415283920947,0.3407964835808349,0.3509557283488272,0.3371022127561104,0.2844588535037863,-0.009235677061811245,boot205
C2,0.9370520617081991,0.3053052954178628,0.3099451935245172,0.4760535457427465,0.25241045700200204,0.5994748353797549,boot206
C2,0.9396500625672322,0.533038399262123,0.533038399262123,0.6302068574609476,0.06292814435733397,0.6061460963831434,boot207
C2,0.9262132900558012,0.6158784253401598,0.6196337815922339,0.5229333581013247,-0.04881963127696389,0.6656368956801423,boot208
C2,0.9109684789634284,0.4180930229888686,0.4180930229888686,0.5068661991029434,0.48013879124064124,0.7750948280067609,boot209
C2,0.9428913271857126,0.26836971659940817,0.2785142763334064,0.38180433907957045,0.44267169748355994,0.4390782288375252,boot210
C2,0.9217305889181586,0.5934017253144401,0.6028357750014742,0.5198161377555748,0.28773851545453777,0.5358540222235327,boot211
C2,0.9265831786916761,0.2196006419594989,0.22335449908701174,0.18581592781188372,0.1313849994629481,0.6259556760127599,boot212
C2,0.9286546075615246,0.7041509708279116,0.7069600837434484,0.883934197422272,0.34926637249841885,0.4728673407820416,boot213
C2,0.9471963380742193,0.6242679833711035,0.6343664360432831,0.5388901562335849,0.13495204934640032,0.3130520328375681,boot214
C2,0.9419805190063817,0.5843377559328979,0.5898765024346316,0.5040259316577603,0.2880148180901487,0.05907996268515872,boot215
C2,0.9335119400293671,0.2580251573534387,0.26827164374653556,0.12295783671716212,-0.003725995052035216,0.6539121316321803,boot216
C2,0.9514246947082767,0.4387013566804732,0.453324735236489,0.3518750465041296,0.11790098960787719,0.7311689278007886,boot217
C2,0.9405958691281302,0.5898203754710286,0.6018386589837611,0.6018386589837611,0.19876391963365378,0.5371248246844318,boot218
C2,0.9431688887592262,0.41488258623634455,0.4139606249335971,0.5227520586577941,0.15488949886156864,0.6020407306940733,boot219
C2,0.9380647714530702,0.600681613911087,0.600681613911087,0.7174808166160206,0.005561866795473027,0.4671968108197343,boot220
C2,0.9163073678384857,0.4488715929419288,0.4526675472162791,0.40711609592407494,0.43084081013876463,0.5371275298205744,boot221
C2,0.9419187124852132,0.3046510467787688,0.3037278617885302,0.43758968537314075,0.20402388284275125,0.7108524424837941,boot222
C2,0.9381970600735714,0.5301565369527182,0.5292296898601436,0.6219143991176119,0.2687856568466579,0.49122895906458164,boot223
C2,0.9230529108787263,0.6679159253650144,0.6669738718736674,0.700887797562159,0.09608945611739278,0.629291732219788,boot224
C2,0.9238327596002807,0.21178310887968213,0.2230782080199319,0.3237928420204918,0.0630643035330609,0.6777059484149829,boot225
C2,0.9205457613355731,0.20025927425866977,0.20025927425866977,0.4109093599175535,0.17380993614903417,0.4827004205008502,boot226
C2,0.9337983708968897,0.4050776713198882,0.4050776713198882,0.32219971098087663,0.16389349460298927,0.5782832962980474,boot227
C2,0.9371885005116017,0.6160887633945935,0.6179444524409626,0.6671202121697482,0.036185936404200515,0.7144402828521642,boot228
C2,0.9430224160946538,0.5855363601325623,0.5873805691408538,0.5560290159998978,0.2793976647561675,,boot229
C2,0.9422740014015416,0.5306312168820303,0.5306312168820303,0.5896927784132476,-0.08859234229682593,0.5453966072648346,boot230
C2,0.8967565098218362,0.42084032868945054,0.42181000686615433,0.29575184389465997,0.05624133424882059,,boot231
C2,0.9096162963074446,0.474160752810775,0.474160752810775,0.5774054328582825,0.054490247802851166,0.678372350824151,boot232
C2,0.9288882318154938,0.3650928315883439,0.36977350891639965,0.40253825021278944,0.09735808842355838,0.8593723574310248,boot233
C2,0.9199141298190167,0.4206441766638154,0.4206441766638154,0.40173882040926184,0.18054615223098588,0.552036402632962,boot234
C2,0.9106000345841259,0.3571462540662825,0.3609660000990769,0.4297214286893773,0.2922105715087766,0.49083736521408866,boot235
C2,0.9416211675766483,0.36569677694604974,0.36569677694604974,0.4561974944731024,0.5236112942636622,,boot236
C2,0.9294856876890853,0.3919886351266029,0.3910531013912173,0.59219285449914,0.27224031699723494,0.6455182774161242,boot237
C2,0.8942729596703423,0.6009253646067144,0.6009253646067144,0.6009253646067144,0.23142433135339485,0.4560420647258075,boot238
C2,0.9284089942648803,0.570400783127502,0.5694641644359955,0.4982811438814961,0.05338726541587458,0.8738652391756312,boot239
C2,0.9336885251933563,0.3296881975632874,0.3296881975632874,0.4190951663940094,0.24307519650852544,0.38929284345043547,boot240
C2,0.9353768611618278,0.31050028567945087,0.3207263429922472,0.21939541143817487,0.43600189815467805,0.6368044781150415,boot241
C2,0.9221476709760923,0.3837921567417117,0.3837921567417117,0.44508574442773446,-0.03394721779533568,0.4658312664137729,boot242
C2,0.9277270254970085,0.4124151664625702,0.42366285282064026,0.46584167666340326,0.18183759612213324,0.30931137484692767,boot243
C2,0.9364513145725988,0.45035884286976147,0.45035884286976147,0.5088590636961429,0.19778646088919416,0.575716458926293,boot244
C2,0.9184912617228754,0.6428311375561457,0.6466180662015427,0.5661458324868559,0.16283793175207226,0.551944850066617,boot245
C2,0.9375430775322258,0.4553993645422173,0.4553993645422173,0.4507618964715226,0.12984910597945096,0.6279131767720593,boot246
C2,0.951253935511888,0.5439045085993867,0.5594446374165121,0.5676717644373431,0.2952624475253813,0.43329535643043576,boot247
C2,0.9447120899288826,0.43445488523343967,0.43445488523343967,0.3534548218848323,0.013806828979876262,0.5716027197668773,boot248
C2,0.9231409503708438,0.14977222005986765,0.16484363843067196,0.15636596559709454,0.1186874196700838,0.4484447863136403,boot249
C2,0.9307614542824884,0.5241150508672282,0.5343918165705072,0.4979560108952454,0.0672661027850988,0.5214256623130679,boot250
C2,0.9301456744364621,0.33842291304140754,0.33842291304140754,0.41040789730712124,-0.10751004143580625,0.58335883352994,boot251
C2,0.9150455995327732,0.4409378735612556,0.44473906212643866,0.45424203353939674,0.13969367977048397,0.8239076215034665,boot252
C2,0.927711155430081,0.44241656490421377,0.44241656490421377,0.43491797905837976,0.1490343936859534,0.794850099658418,boot253
C2,0.9373872486469838,0.3469402765759441,0.34601262877761263,0.4359944652157585,-0.08812654084148311,0.7031570311352022,boot254
C2,0.9361780231559317,0.5071499190881683,0.5220114551786641,0.4895018449807046,0.26657880362326797,0.47742684690717674,boot255
C2,0.9363224946871179,0.5460771803810446,0.5460771803810446,0.42813193904024066,0.4225597229139035,0.5135725863107443,boot256
C2,0.8989654530464615,0.20700123223992406,0.20700123223992406,0.2776138021161598,0.22054336892851722,0.49718987556692035,boot257
C2,0.9066873910648668,0.45747036165188876,0.45747036165188876,0.44404355858453776,0.2666179466231134,0.5840659334297699,boot258
C2,0.9472842986254396,0.5241528228124487,0.5241528228124487,0.5516915000180064,0.15880637188538285,0.6403723549193151,boot259
C2,0.9074293297542658,0.5174675338281866,0.5174675338281866,0.4427222233863375,0.22902729737951222,0.6324603191233392,boot260
C2,0.9488917663188361,0.5654193219652817,0.5645029211193087,0.5278468872803925,0.3308207053962182,0.3610619333133241,boot261
C2,0.9391959412714275,0.43330310945362144,0.43330310945362144,0.3907134875842484,0.18794985303223324,0.5657012817866726,boot262
C2,0.9148831009330957,0.40679941805012626,0.40679941805012626,0.48473762431206635,0.21670623204539435,,boot263
C2,0.9249784847315785,0.11281108459213236,0.11281108459213236,0.17861755060420953,0.2143410607250515,,boot264
C2,0.9294105477812421,0.34149742017187795,0.34149742017187795,0.4144749510579231,0.3293344983575371,0.680188012232754,boot265
C2,0.9474601756412211,0.22302187813126878,0.2340353042118253,0.2982802896817381,0.17437924627547763,0.4396192577155463,boot266
C2,0.9279808826956581,0.4910146129190031,0.49569986685906997,0.446973225882375,0.22114398597115406,,boot267
C2,0.93087979222619,0.30546138014978436,0.30546138014978436,0.506299902266615,0.4651980651822404,0.32881469667499724,boot268
C2,0.9114797940150169,0.3443993443842476,0.34344532957985907,0.5399723792838895,0.28143436729460675,0.5285242016312276,boot269
C2,0.9370949462495735,0.43613046235025404,0.43613046235025404,0.48716700581677325,0.2421915971774815,0.4732479485077226,boot270
C2,0.8970840088598634,0.3809444010367672,0.3935456153204261,0.20452740106554163,0.10371768679626994,,boot271
C2,0.9321168259770504,0.291995493974893,0.291995493974893,0.2994586375908647,0.2621429195110062,0.5727962725258285,boot272
C2,0.9160357880247763,-0.05505765524450398,-0.056006925162512655,0.07594159344069513,0.1547309966354163,,boot273
C2,0.9299876679047991,0.4703194670669556,0.4693844383053911,0.522681077714569,0.31790977893193817,0.24217244924521175,boot274
C2,0.9378662767045267,0.44689786293985173,0.4589511248033747,0.4116652513387846,0.3078217645145867,,boot275
C2,0.9434578604474809,0.5318087340931246,0.5428688810759972,0.5742059641941362,0.12534833247255622,0.3797317130786262,boot276
C2,0.9336846017139051,0.3492474395777355,0.3520414190943574,0.4265475395376076,0.3064064203228666,,boot277
C2,0.9219712525667352,0.44234143507310925,0.441398276362932,0.5319415125399437,-0.03018107872567057,0.35840030986733795,boot278
C2,0.932415805256139,0.37397012170779825,0.37397012170779825,0.33759896273871065,0.19864248360040154,0.6966475833309859,boot279
C2,0.944135360535146,0.24406964535051703,0.24406964535051703,0.2938045919502451,0.11696922626232327,,boot280
C2,0.9433037618823632,0.3724191103882157,0.3714972809070567,0.4277288792577527,0.14841454646659089,0.5724561077997078,boot281
C2,0.9429337418613556,0.38086497368699895,0.3928534595415533,0.34397732490375443,0.25729135026313005,0.7820181542047823,boot282
C2,0.9259864580901237,0.4225810695257515,0.4225810695257515,0.5362084237760091,0.08827249007871252,0.46390010743493604,boot283
C2,0.9111239695505472,0.22332664672397978,0.23000735837811595,0.14220371949518373,0.10498261170785377,,boot284
C2,0.9443430557225131,0.7136315975370334,0.7136315975370334,0.5607763134194237,0.06998193730685748,,boot285
C2,0.9366971568206583,0.42053404412508544,0.4196057129018512,0.3917557762048257,-0.13832135226189346,0.3967425759931061,boot286
C2,0.9403285785849839,0.569643618318076,0.569643618318076,0.5363527575072793,0.07305494455702596,0.4595988284157204,boot287
C2,0.9220594689896817,0.490395607063104,0.490395607063104,0.5432074416698998,0.42815308770509464,0.7469102322961121,boot288
C2,0.9320145051446093,0.5131474530978586,0.5243433975290848,0.4842245966505248,0.20245999513133695,0.5131474530978586,boot289
C2,0.9182651929989587,0.42897525298958766,0.42897525298958766,0.35227106868019115,0.1874991172007469,0.23105951816657697,boot290
C2,0.9431688887592262,0.5236740199605416,0.5236740199605416,0.5107665617220775,0.060849445981330526,0.6376748808951656,boot291
C2,0.946840521564694,0.5491949152542372,0.5491949152542372,0.5574603905674281,0.12490051584377303,0.6125635593220339,boot292
C2,0.9314316897980855,0.4733246356616473,0.4733246356616473,0.5601474978244345,-0.10642802458664258,0.26326932397748426,boot293
C2,0.916242525326941,0.14710363792333034,0.14710363792333034,0.2771242727329836,0.37677512422943316,0.5741787157652571,boot294
C2,0.9404215645052192,0.5825324595196278,0.5825324595196278,0.6611281088198951,0.2847936468762625,0.6389363960762902,boot295
C2,0.9291296684292792,0.32381870414924974,0.334113518443012,0.31726745868958284,-0.08235851435009821,0.7253164616059784,boot296
C2,0.9384226528444265,0.24462881058494873,0.24370218630243,0.287253527580811,0.17513198939604285,0.798923829506797,boot297
C2,0.9258471278086243,0.6799883031245278,0.6856235653051179,0.7006509311200244,0.1709362861445636,0.33623731010853725,boot298
C2,0.9125499540329087,0.5279043939521254,0.5279043939521254,0.5231399138623047,0.3230317500898385,0.3468541505389416,boot299
C2,0.8941252790444754,0.2596659757697439,0.2664736979809357,0.3569191502153409,0.6146400624961728,0.6964497878310408,boot300
C2,0.9349269002624092,0.39621791019674835,0.39621791019674835,0.38505684230388226,0.15625495050012614,0.7942959983756412,boot301
C2,0.9048281283066785,0.24025701406371888,0.25563346296379685,0.5256823467714168,0.6515770221408056,0.3776840261081661,boot302
C2,0.9463848785506793,0.3114827966684026,0.3105639683596462,0.4998425999634543,0.39785265769149947,0.7029036561986077,boot303
C2,0.936876588907272,0.45108256589598894,0.45108256589598894,0.5346163743952461,0.07703673450487054,0.46314856045699276,boot304
C2,0.9121049905025038,0.6397051512108392,0.6444719556162849,0.6034774377294503,0.04671468317336978,0.7703155919200566,boot305
C2,0.9248548479845664,0.4578861880784908,0.4578861880784908,0.3798480903156269,0.03290763158674985,0.2642012707393345,boot306
C2,0.9404099421576441,0.39113377099416263,0.39113377099416263,0.4540110675133188,0.2764751714592308,0.7055202535899434,boot307
C2,0.9277825670320888,0.746051863485314,0.7610478808418027,0.6916913005680425,0.1921364723800118,0.7282440928744837,boot308
C2,0.9371066414330353,0.0900087805993678,0.10021596190445074,0.38230533615401585,0.2755938952372396,0.48344922363165593,boot309
C2,0.8844492690024712,0.09930031041302873,0.10323299597394076,0.32837924433615434,0.3962180702618868,0.39876269570460926,boot310
C2,0.9248907454536011,0.5105185832645633,0.5105185832645633,0.34222608528232235,-0.031025991248122626,,boot311
C2,0.9193542974124911,0.4095502029958956,0.4114418898457612,0.3915791779221728,0.33861194612593687,0.7055991949998571,boot312
C2,0.9278024019002094,0.4311262820410572,0.4311262820410572,0.6204469537199563,0.2418056103621582,0.9672224414486328,boot313
C2,0.9469897642172734,0.4967686034046308,0.4967686034046308,0.4141268764057089,0.2240509043081884,0.18823948927532225,boot314
C2,0.9334962407398548,0.3632906271950558,0.3688797137672874,0.33907125204871874,0.07265812543901116,0.3185779346172028,boot315
C2,0.9358928696009782,0.282455219687337,0.2815260906752075,0.35771466966981824,0.13658196478302148,0.5337844153079414,boot316
C2,0.9364200883747559,0.3129401877414588,0.3129401877414588,0.22286541560222586,0.0362156300353617,0.5447457952517715,boot317
C2,0.9475710244295711,0.5249118973928639,0.5249118973928639,0.4900401279856457,0.09176781422952167,0.4970307759686862,boot318
C2,0.9384382074331304,0.3307993857771568,0.3345058214721389,0.3307993857771568,0.3409920839383578,0.13250507609561182,boot319
C2,0.9202199800289133,0.5603575070135314,0.5603575070135314,0.5036602887659566,0.17292651565510328,0.4299539050441092,boot320
C2,0.9467831092794295,0.6052531700708064,0.6043347282345837,0.6346433088299351,0.07072002138915341,0.9597717188527962,boot321
C2,0.9046749742043018,0.4652163232298573,0.4690610862317569,0.4258075024603859,0.2777841268872495,0.674755906833388,boot322
C2,0.9133328583695492,0.2665821760800485,0.2665821760800485,0.3903524721172139,0.21993029526604005,0.2046970280614658,boot323
C2,0.9041323814133592,0.3818217314202335,0.3818217314202335,0.31257446526845317,0.22505361499328624,0.4799220251352558,boot324
C2,0.9510109821693584,0.31728248789144703,0.3282547929482117,0.3657435018921579,0.061262036566936455,0.5915901143105654,boot325
C2,0.9431072210065645,0.3946252395843841,0.3946252395843841,0.5928598809643901,0.46193281549480475,0.49881367900736395,boot326
C2,0.9497336280940819,0.6729575702875874,0.6729575702875874,0.7004252262176932,0.015565005027059847,0.8991079374454571,boot327
C2,0.942690775360098,0.6032685022898174,0.6088030757053202,0.5617592016735454,0.22046050771753262,0.5303966189856957,boot328
C2,0.9265593225989265,0.5161686444681522,0.5161686444681522,0.5950016738051066,0.1492196626735204,0.38571875068438294,boot329
C2,0.908803373748023,0.08420054473923133,0.09376878845959853,0.32149298900433776,0.07941642287904772,0.5314999014277753,boot330
C2,0.919209210217165,0.5316479064199735,0.5307019137039236,0.3878570135804077,0.0936532788889277,0.546080228548782,boot331
C2,0.9299402568438775,0.2693020124310413,0.280522929615668,0.37029026709268176,0.1430666941039907,0.251535560222049,boot332
C2,0.9430918029438795,0.6408154796812706,0.6574121395866849,0.5891814266422042,0.11709865599931132,0.27015674179368676,boot333
C2,0.9395181357768086,0.49979367029787053,0.49979367029787053,0.545145318158233,0.28784413233821804,0.6580616658921962,boot334
C2,0.9369623828476056,0.5132218475579968,0.5160060528792879,0.5911795965541481,0.35545021268483323,0.563337543341237,boot335
C2,0.9230048832697838,0.6443981169293597,0.656645449561058,0.6189613491558323,0.21668357733004784,0.47199335757545197,boot336
C2,0.9039748874853446,0.13948059649365344,0.15006188312420646,0.2943521553590204,0.23567411131686272,0.5309882018241152,boot337
C2,0.9313095330287307,0.5415469381557351,0.5518176559483439,0.4901933491926912,0.33239777583352015,0.6479889225518624,boot338
C2,0.9345901591129672,0.3935693987037384,0.3982215192557921,0.31169207698759427,0.03721696441642917,0.39449982281414914,boot339
C2,0.9226165027789655,0.19603981141959137,0.2035798041664987,0.2799222307289358,0.29123221984929676,0.8814282879722386,boot340
C2,0.9338022935391654,0.6388094602654941,0.6397406693912455,0.6462591332715057,0.2756379012224289,0.48143511801349914,boot341
C2,0.9404757987562107,0.4567530796214096,0.4567530796214096,0.635201145141515,0.02311503439379603,0.5205505745482867,boot342
C2,0.9479072502913403,0.4329904455130479,0.4329904455130479,0.32932959732878003,0.13485083790342806,0.3430898869107626,boot343
C2,0.9412306275893816,0.5145899547780722,0.5182853943096922,0.527523993138742,0.15705618009384611,,boot344
C2,0.934703735153674,0.5963293858627683,0.5963293858627683,0.662381470724323,0.3088632700568472,0.81030092837203,boot345
C2,0.8984548719995438,0.44714447320063794,0.45295154428116563,0.5081187195461795,0.30003200582726786,,boot346
C2,0.9452190908793117,0.594295159561591,0.594295159561591,0.5777358517100297,0.20147157886066322,0.7295295070160088,boot347
C2,0.9382748615141123,0.4235339990954761,0.43465524196012756,0.38275610859175413,0.10472503697546784,0.43372847172140655,boot348
C2,0.9468902738157967,0.46100562145530444,0.46100562145530444,0.40498701008324556,0.16897417200752196,0.5234525980667799,boot349
C2,0.9260063594654491,0.8376315842590975,0.8376315842590975,0.8770716364327321,0.12583254741112002,0.5681245610725941,boot350
C2,0.9273102804983676,0.30382401269547726,0.30382401269547726,0.11440286897792659,0.3544613481447234,0.25224894881198573,boot351
C2,0.923272982623008,0.5114131160884158,0.5217732344622141,0.53119152389294,0.13844885463167056,0.3277564721892609,boot352
C2,0.9343981997286357,0.15075967104635057,0.1600658235800759,0.3033805725994462,0.1377310574991351,0.7714800450458309,boot353
C2,0.9475098693648378,0.3560821003099376,0.3560821003099376,0.2725679994640502,-0.15142666636891675,0.5910228675247418,boot354
C2,0.895545595902314,0.4359742087897936,0.43500321946064047,0.5107403871345912,0.01456483993729823,0.30294867069580317,boot355
C2,0.936603516033509,0.3258768369746628,0.3258768369746628,0.3722980388229054,0.34537374175092467,0.6526820979862905,boot356
C2,0.9307496190472676,0.25692240951695144,0.270936359126967,0.26439651597562647,0.12145422995346798,0.5222531887999123,boot357
C2,0.9234009829817112,0.5367680813080314,0.5405348748610703,0.624346031416184,0.03860963391864788,0.48685806673026716,boot358
C2,0.9272110077479204,0.5467542096706383,0.5467542096706383,0.5176815158459561,0.43890389386939743,,boot359
C2,0.9376871785660609,0.46923964628892667,0.4683122952093042,0.5684662118085217,0.04544020290149685,0.6445090003375573,boot360
C2,0.9022353034762549,0.5802014827535975,0.5965859100074365,0.5474326282459193,0.29684727024602664,0.261187046222965,boot361
C2,0.9396112639775188,0.657996443069471,0.6616982514692995,0.7625725303646192,0.3461190853839413,0.6774309371685695,boot362
C2,0.915118708025426,0.4390022047539875,0.4390022047539875,0.4608572928694457,0.2888672516130134,0.2489579602717418,boot363
C2,0.9286150001293942,0.3783100076750169,0.3904833495061436,0.34740844764215656,0.4204484986289172,0.1900914147475951,boot364
C2,0.9248189481182475,0.4456806533669525,0.455083198796635,0.399608180761508,0.31592552643733335,,boot365
C2,0.9342728011561927,0.6384877504645537,0.6384877504645537,0.5547211359721195,0.2745683475029786,,boot366
C2,0.924775067247936,0.3516718852208801,0.3516718852208801,0.4823734682307793,0.25764196938642014,0.5835825073080374,boot367
C2,0.9513222458639108,0.5054749505838645,0.5054749505838645,0.5109593080947201,0.3628816553016169,0.44240483920902424,boot368
C2,0.8941505985247709,0.08752537849254631,0.08752537849254631,0.2596586228612207,0.1614356981084743,0.581172355721694,boot369
C2,0.8947368421052632,0.4509462915601023,0.4577493606138106,0.40040920716112527,0.2614322250639386,0.757084398976982,boot370
C2,0.9423743658990547,0.4595238303704627,0.4715194323680852,0.3783228322327103,0.4908969432873216,0.9559572053489946,boot371
C2,0.9081003281727447,0.5113397844721682,0.5161276101694732,0.6482715994150896,0.39355927231846655,0.3649116553799228,boot372
C2,0.9506577398949209,0.3942350574425219,0.3942350574425219,0.47106973221090204,0.14726645997272858,0.6841944848422422,boot373
C2,0.9152405336208058,0.46649651764223893,0.47219708608593236,0.39713960157730327,0.33253315921544524,0.6451143288779638,boot374
C2,0.9228207377451344,0.5550091064218488,0.5568936874283745,0.5634897209512147,0.10176737435239329,0.4098963689193619,boot375
C2,0.9340219154500613,0.580006872936963,0.580006872936963,0.5278714236842023,0.416152603856858,0.5135527301586585,boot376
C2,0.9275484601549835,0.3918698337430606,0.3965572719457287,0.3553078157622487,0.09093630113176285,0.546092876803774,boot377
C2,0.9326792402797572,0.6628869206735746,0.6731425551706341,0.5025260903559167,0.12772926600883225,0.7514583095118159,boot378
C2,0.9245516181824254,0.4937763670003738,0.4937763670003738,0.6019369045337891,0.4965979462403759,0.30755213716023283,boot379
C2,0.9400960423668993,0.5420352755749949,0.5411103007020001,0.5216858283691077,0.20256949718587694,,boot380
C2,0.9256719184430027,0.4565426337692187,0.4593607981752016,0.446209364280615,0.32127074228204283,0.5110271456182202,boot381
C2,0.9465457387447971,0.5962182311816556,0.607242297089483,0.6743053646954318,0.21956264599755884,0.6605252823106479,boot382
C2,0.9358577030976896,0.6429814366468595,0.6559897316079232,0.648556420201601,0.25923673529548236,0.6448397644984402,boot383
C2,0.9100182039747852,0.5188620524085267,0.5188620524085267,0.49115118773109145,-0.14524315279207375,0.6000835523251468,boot384
C2,0.9422701408481547,0.45219193313099193,0.4568061365302877,0.43281227885394935,0.32483991931042683,0.6985903946533895,boot385
C2,0.9216102167943023,0.5849874762216738,0.594422758096217,0.59725334265858,0.16889154555432198,0.8642718197081504,boot386
C2,0.9351773602098781,0.3375318814841742,0.35054963999871536,0.38774323575454717,-0.13482678461489053,,boot387
C2,0.9232569804380538,0.5283751948726831,0.5434447191471269,0.6423384721981639,0.2571237579326961,0.5820603751003889,boot388
C2,0.9272745444248258,0.38073241671899555,0.38073241671899555,0.4529402888553568,0.16223327116351288,0.8477391741723447,boot389
C2,0.9222358585295102,0.4478718480101831,0.45635784091984977,0.351697261700628,0.19517783692233245,0.8203126479344406,boot390
C2,0.9359436615581191,0.4766173166653135,0.4766173166653135,0.6373479127337331,0.3093831704669579,0.5658088613044364,boot391
C2,0.9424631340021091,0.45025403199061026,0.4493313802857115,0.47147502120328244,0.04151932672044562,0.561894888283364,boot392
C2,0.9321168259770506,0.35543221471065245,0.36009667947063473,0.30039153054286116,0.24908241818305565,0.40394264821446857,boot393
C2,0.9378117749685705,0.5118297859035589,0.5266654318717781,0.5201748367606821,0.1919361697138346,,boot394
C2,0.9436966244218216,0.5040308099061636,0.5077165927939601,0.5049522556281127,0.2404973334287179,0.36765684305769514,boot395
C2,0.9461358313817329,0.5992337494619028,0.5992337494619028,0.591881188118812,0.22792940163581576,0.8188915195867414,boot396
C2,0.9343825265209318,0.5351127464483885,0.5351127464483885,0.8226776832354353,0.274536104699608,0.832914622732709,boot397
C2,0.9486439030053255,0.5426510485808311,0.545400969435126,0.5344012860179468,0.17782821524439396,0.29149161055524375,boot398
C2,0.9237288450325518,0.5968248699721608,0.6005903265650451,0.6721340018298465,0.2852333369109853,0.6288312510116771,boot399
C2,0.9116555754179873,0.4921767214204657,0.4921767214204657,0.37771701876454333,0.2384577138665047,0.4177779146941162,boot400
C2,0.9212087822092512,0.4587545232022972,0.4587545232022972,0.39928634426866605,0.05191666414840812,0.5758030023732537,boot401
C2,0.9398789164669947,0.5264322882734089,0.5264322882734089,0.4838736147047326,-0.14340422615532225,0.807402350983699,boot402
C2,0.9231449518239279,0.3362795647588669,0.3362795647588669,0.28729766737102075,0.3617124730179409,0.38016333772725597,boot403
C2,0.9474639984019466,0.3836327939453435,0.3827150121416464,0.33866148556419073,0.08810705315491141,0.47357541070764886,boot404
C2,0.9381309198834801,0.3707649748925482,0.37910718682763056,0.27436608142048574,0.24655870830354462,,boot405
C2,0.9379596952406082,0.48486370043756516,0.48486370043756516,0.4959886801799185,0.27070784039726387,0.30037445304353944,boot406
C2,0.9348838405927604,0.44925367384005715,0.44925367384005715,0.49390000167509385,0.37763352293801905,0.8129352193296273,boot407
C2,0.9328050141224733,0.4866108528643307,0.4894074669612522,0.5211024267263619,0.23211897004447962,,boot408
C2,0.935126495066968,0.7225248963399944,0.7355433629407151,0.6546428919219512,0.1636607229804878,0.6667314680511918,boot409
C2,0.9417448429232381,0.509692199120569,0.5189257534524633,0.3813457939072372,0.19113457467021333,0.7636149432476639,boot410
C2,0.9191326207117761,0.42005576542670575,0.4219479085142134,0.376536474414029,0.19678288110079906,,boot411
C2,0.9234809677527199,0.2834266645166729,0.2928428327730408,0.40866170232636556,0.31355840293705006,0.7936269056300647,boot412
C2,0.9428990391980916,0.37442341500434956,0.3845678917655511,0.27851199835298907,0.041500132204915594,0.5293572419027011,boot413
C2,0.9314159292035398,0.3146215016007436,0.3202230713621812,0.34823092016936896,0.2828792729525973,0.693661055458019,boot414
C2,0.9257913855734302,0.5316250731136674,0.5316250731136674,0.4902973289140182,0.052598947163189705,0.8707004289335152,boot415
C2,0.9321994554143529,0.35540070947458946,0.35540070947458946,0.45148016636667004,0.38618344809049876,0.6389750288453904,boot416
C2,0.9320617325805928,0.5168532443671888,0.5159202962726632,0.3265318330839641,0.29294570168104206,,boot417
C2,0.9113284947933101,0.24426833674575454,0.24331416355534147,0.45991147777911595,0.5076201372997712,0.6952429047489225,boot418
C2,0.9244797755436054,0.23891227375689997,0.23797167425392007,0.28123925139099637,0.27371445536715705,0.37341800268302866,boot419
C2,0.9358928696009781,0.5676978264110623,0.5807056325808738,0.6039338578841087,0.22763660797170251,0.291746509808631,boot420
C2,0.9254249354810002,0.34202853953348356,0.34202853953348356,0.46794014474635937,0.10711882831543167,0.28846912537576774,boot421
C2,0.9421929238619813,0.19473534158747546,0.20027283945252217,0.2316519940211201,0.34793944918710074,,boot422
C2,0.9291454965357967,0.46980988527410583,0.47636101913250967,0.46045112261924315,0.35001772329186376,,boot423
C2,0.9536319586363274,0.5735509562004046,0.582669413373702,0.5115454474219826,0.08936088029831425,0.8243085284660824,boot424
C2,0.9349543000576991,0.3022700635044228,0.3013400017705631,0.26227740894845303,-0.1041669141922934,0.7542800661602674,boot425
C2,0.9273579248928466,0.44258508132781643,0.44258508132781643,0.5710472765437292,0.17722156858253665,0.3760097830772339,boot426
C2,0.9362639298771087,0.5201060365564301,0.5312511659112107,0.5563277069594672,0.2646968221760403,0.23497647722995862,boot427
C2,0.938021965135752,0.6257385685570648,0.6294466489633289,0.6173953876429705,0.31982193504027756,0.4699991914939731,boot428
C2,0.9196121340456386,0.46144217804100535,0.46144217804100535,0.5172312938287499,0.4803537427148171,0.8500748320878359,boot429
C2,0.949158565372998,0.3911931697947357,0.40218688885219894,0.4516586246107838,0.17315107515504694,,boot430
C2,0.9306825477650599,0.6166582202024256,0.6166582202024256,0.6381478248458435,0.04297920928683573,0.4438070524184124,boot431
C2,0.9425750377651773,0.39853821591085803,0.3976156737443978,0.4834120952252075,0.16974775862869884,0.3083973719233646,boot432
C2,0.9389901001698786,0.5204481411310939,0.5352651700600931,0.585272642695465,0.1731740256076772,0.5528603919132795,boot433
C2,0.9285991563365338,0.4588491747103428,0.4588491747103428,0.4625948822589986,0.11237122645967579,0.13671832552593885,boot434
C2,0.9458368193226874,0.41738976600462174,0.4275027339034121,0.4560029161636395,0.33188921922393927,0.4992128699130168,boot435
C2,0.9203366403767272,0.33541601912920976,0.33541601912920976,0.49887227633865566,0.41194756152207174,0.5248393711311793,boot436
C2,0.9347428936911637,0.5497908001727544,0.5488605280912439,0.6214217504490692,0.29117516151281236,0.37862073717480715,boot437
C2,0.9397819565376454,0.5792277903402705,0.5866300624212963,0.5866300624212963,0.10548237715461796,0.5144579096312946,boot438
C2,0.9426213358436043,0.38006870409377036,0.38006870409377036,0.6116154145974994,0.023062421364913245,0.7490674459323823,boot439
C2,0.9252974159670098,0.27723166054921816,0.27723166054921816,0.26783397714077006,-0.07424169892673978,0.5563428577801259,boot440
C2,0.9461894822583108,0.4567519732009601,0.46686117180299336,0.4255053593401298,0.371283294111042,0.4006918718624116,boot441
C2,0.9113162254454473,0.6440755748118373,0.65361743517942,0.7461734807449729,0.27671395065990045,0.5868244126063407,boot442
C2,0.9568147212233129,0.45440627014995244,0.4634943955529515,0.3953334550304586,0.649800966314432,,boot443
C2,0.9266030579589902,0.32000945451613033,0.32000945451613033,0.4072847602932568,-0.01219977392583488,0.7113406642909877,boot444
C2,0.9232209737827716,0.41913749007849016,0.4276144280800776,0.42102125407884294,0.39088103007319863,0.8260305141546872,boot445
C2,0.941992106925242,0.3101659885422645,0.3203202322147792,0.49386548770866523,0.20308487345029225,,boot446
C2,0.9430069955575657,0.509932129329614,0.5090100097467394,0.4730473460146328,0.05348293580672262,0.48687913975775066,boot447
C2,0.9422238120093002,0.5195848493229038,0.5306594819905324,0.5020500142658254,0.08582840317412088,0.3562340174753834,boot448
C2,0.9418105336955569,0.4653386789437699,0.4653386789437699,0.5382786702861465,0.31022578596251327,0.4514893134990149,boot449
C2,0.9319633373750178,0.4627911104753384,0.4627911104753384,0.4599919706942376,0.24819039392427422,0.25285562689277563,boot450
C2,0.9311006196518146,0.6079761355259623,0.6070422244114831,0.6920281358290907,0.29885155663334556,0.2204030230170923,boot451
C2,0.9363459188055362,0.6008556072630445,0.599926927808233,0.5739239030735108,0.29903478444930504,0.374257820289037,boot452
C2,0.9368687887714561,0.6116582013713131,0.6190834906140605,0.5596811766720817,0.23296844999119817,0.20233913186486535,boot453
C2,0.9495280488335337,0.31686221969640643,0.32785166084194656,0.23077826405634222,0.403861962098599,0.5866889760911378,boot454
C2,0.9430339812021984,0.41217565848305504,0.41217565848305504,0.32549889808617094,0.2969140090191134,0.625179186692419,boot455
C2,0.8935933020016874,0.48071669340969736,0.48071669340969736,0.30263743249072045,0.48363602555591023,0.4091102841089116,boot456
C2,0.9394715655419748,0.5377676236671317,0.5423955722356958,0.44058070372728864,0.043502716544501184,0.8130488068561936,boot457
C2,0.9138989453801354,0.5594758046398778,0.5585243151762044,0.5680392098129371,0.2645140709011667,,boot458
C2,0.9480256423287183,0.46137075287691953,0.4604535147996295,0.4448604674856978,0.4595362767223393,0.4255984678626058,boot459
C2,0.8676104548704863,0.2686038151714728,0.2866443699217956,0.6143811145526598,0.5231760877593612,0.40090121667384,boot460
C2,0.931975145757015,0.5672851412195865,0.5672851412195865,0.5029057419693375,0.13995521576141112,,boot461
C2,0.9173478384315367,0.3052277318042614,0.31470685390998376,0.40001895286148537,0.29006113643510556,0.7734963638269481,boot462
C2,0.9277032202204535,0.5952053426226795,0.5980173363673538,0.6401972425374648,0.24370612453842003,0.4499189991478523,boot463
C2,0.9277666986092046,0.6242198988719586,0.6242198988719586,0.6298435015644989,0.26805839501108136,0.6776441244510903,boot464
C2,0.9296991856406848,0.3554211810791064,0.3554211810791064,0.4330526495779639,0.12720337007041704,0.43398796847554055,boot465
C2,0.9170201236943888,0.5888638493826155,0.5888638493826155,0.542399552088335,0.45041920846496347,,boot466
C2,0.9334648407741764,0.5207340815521226,0.5244602646043739,0.5188709900259969,0.1443895932747388,0.45086814932241026,boot467
C2,0.9179299529534761,0.3391373675349114,0.3381900564524116,0.48407596315737345,0.29177181340992375,0.532852379892266,boot468
C2,0.9108538785327721,0.5279327195619883,0.5269780491830335,0.5508448086569028,0.16133929404335623,0.49929260819334514,boot469
C2,0.9363263987785003,0.5767219643753138,0.5804367596369904,0.6770214364405855,0.06686631471018128,0.7076684973494186,boot470
C2,0.874305180604488,0.46347362487796717,0.467451939254602,0.7001833302877444,0.36401576546209435,0.3272163574782214,boot471
C2,0.9273420438982862,0.3441345476379715,0.3488230292134207,0.4566581054487524,0.12377591359185897,0.5879355895613301,boot472
C2,0.939009522554285,0.4917299764743216,0.5000643828552422,0.3565273840727191,0.3046688554803236,0.5315499180720539,boot473
C2,0.9336649838835495,0.3995474658471256,0.4060668883667756,0.4377326548907902,0.21607228922268798,0.09220326134933667,boot474
C2,0.9297703327018313,0.4470482217960155,0.44611297447008247,0.36381120978797077,0.1281288836528329,0.7117232150350792,boot475
C2,0.916416771983877,0.3415950993380303,0.34918610154554214,0.352032727373359,0.317873217439556,0.807492859824066,boot476
C2,0.9148058970451116,0.2870649353053131,0.2870649353053131,0.38877337264858625,0.1416313753658664,0.5328969731358351,boot477
C2,0.9207829351129118,0.3333646943635957,0.346585957029574,0.2729246364619807,0.026442525331956603,0.9217108829996299,boot478
C2,0.9313095330287308,0.5816961077086601,0.5891657206487393,0.4724530184600033,0.2483646302576302,0.6190441724090556,boot479
C2,0.9279293276807317,0.5238404930434366,0.5229033901936272,0.6466009663684638,-0.081527947933415,0.6840850803608385,boot480
C2,0.9325455730845308,0.4746241989956383,0.4746241989956383,0.43639317314333725,0.25642761242396955,0.6350080147662666,boot481
C2,0.9476627437024987,0.5670702028954407,0.5716581495208084,0.6514884208022054,0.4872399316140438,0.41199760695801435,boot482
C2,0.942540311545577,0.5729197928038837,0.577532673583303,0.5028040049567095,0.03413531776770322,0.3662627338858966,boot483
C2,0.9021479713603818,0.38651713825626866,0.3903726708074534,0.32675638371290544,0.1696434322521279,0.7730342765125373,boot484
C2,0.9512007990851052,0.6454084606202409,0.6572927523880358,0.6097555853168565,0.08501839495422436,,boot485
C2,0.9316719812729249,0.42466896275282606,0.42933565465120876,0.433069008169915,0.4928026644692135,,boot486
C2,0.9452766738000611,0.31092806119579275,0.3192072107542607,0.28057117948141064,0.06991281849372856,0.461792564261207,boot487
C2,0.9378468124408997,0.4626694228974678,0.4654510025942462,0.5340633017814458,0.4172369545167546,0.44412555825227873,boot488
C2,0.9185840840056422,0.17228784203955932,0.18175420698678788,0.2622183090382304,0.20826002883902775,0.3625617774788529,boot489
C2,0.9416211675766485,0.5328460613582593,0.5328460613582593,0.48482527246635376,0.10527634487840824,0.7886491098786022,boot490
C2,0.9177966070048209,0.4907784351901942,0.49551567877311115,0.40266570454793926,0.0056846922995003185,0.34676623026951947,boot491
C2,0.9127090727636998,0.18768778895489033,0.1914987085275785,0.15624770248021325,0.13528764483042857,0.3961563554680041,boot492
C2,0.9145213668490781,0.36892665013425013,0.36892665013425013,0.2909576158275272,0.2396121542109047,0.4136162185783474,boot493
C2,0.9306391442161157,0.3438497101575696,0.3438497101575696,0.4559746156437335,0.07755305962793009,0.4821370935905052,boot494
C2,0.9431920123111931,0.3844484377721131,0.3964336408681262,0.483095878639298,0.31253721919603444,0.7209560631601738,boot495
C2,0.9415399899194283,0.5134973193341884,0.518115100982877,0.5236564389613035,0.09143207664403713,0.4516190452417592,boot496
C2,0.9399719813160002,0.3894658179164043,0.3894658179164043,0.4736496407914465,0.09713518024043337,0.5485824941197808,boot497
C2,0.9030082104043878,0.255185700366447,0.255185700366447,0.46896390973003654,0.2985191211833908,0.6721495051161508,boot498
C2,0.9255364902341723,0.3626568778807621,0.3626568778807621,0.3523220963867508,0.1296545314703243,0.6317966382448964,boot499
C2,0.9365683964860521,0.3890242586168479,0.3890242586168479,0.40945035334136026,0.3101052562721413,,boot500
C2,0.9272388059701492,0.46046015221765374,0.4660869565217392,0.4510821450441781,0.05626804304085382,0.7706047716457061,boot501
C2,0.9114470842332614,0.39020605810838643,0.39020605810838643,0.3186523799711518,0.4016546466103441,0.6630640840717081,boot502
C2,0.943195866138143,0.2507663017002591,0.2507663017002591,0.31345787712532386,0.08666188367582482,0.7856593767642075,boot503
C2,0.9182288517100047,0.25095572000330874,0.2566377363052704,0.3267159373627982,0.08523024452942561,0.7630009549914453,boot504
C2,0.937445689835337,0.7031131957077805,0.7058959656116373,0.7151718652911593,0.21705605250081875,0.5018261726621494,boot505
C2,0.9417216559974583,0.3351862749494798,0.34534343479643376,0.4736930001352152,0.33333951861366995,0.5050878578439818,boot506
C2,0.9323253423522,0.5111110011535237,0.5111110011535237,0.40665035858200066,0.29099750430638577,,boot507
C2,0.9275127399495954,0.1612540841211866,0.160316560376296,0.3159455020281389,0.4434487313332632,0.5681393894037156,boot508
C2,0.9303628572377671,0.6290205877756654,0.630889891156871,0.6738838689245984,0.32245483325795626,0.39008911051363143,boot509
C2,0.9184145704262149,0.530214281675807,0.5349483377621981,0.672235964267541,0.20735165658393168,,boot510
C2,0.9327892940132352,0.33839600855084934,0.3393282289600803,0.462381322978571,0.32348048200315355,0.4263956672081384,boot511
C2,0.9070007769421669,0.36719205399545696,0.37965549185953246,0.5292167462284393,0.41800453144130345,,boot512
C2,0.9304891775690587,0.6233280450561218,0.6233280450561218,0.7205186247950074,0.3027860368788358,0.33455988025500993,boot513
C2,0.9204733824794842,0.4704573608574948,0.4789596023187749,0.5375305990520373,0.06234977071605352,0.44400594297795687,boot514
C2,0.9205899880810486,0.6007489603636441,0.6007489603636441,0.4335593912058375,0.05195156103773652,0.5062915766586686,boot515
C2,0.9149440436119108,0.45334205035995545,0.45334205035995545,0.5531343255964236,0.45809406346645387,0.32218648862059723,boot516
C2,0.9319987617376947,0.4142569415026765,0.41798898602071866,0.30789367273847573,0.1483487695921747,,boot517
C2,0.9328403826750429,0.3374453063373731,0.35142784665522,0.16406180639607088,0.0745735483618504,0.22558498379459746,boot518
C2,0.9244678008372672,0.3800071214031678,0.3790665097165262,0.44114688103486555,0.18247866720845185,0.2727773891260363,boot519
C2,0.9318846081549762,0.5328146154420239,0.5328146154420239,0.5720058831277769,-0.021461884685055253,0.5375971241934207,boot520
C2,0.9475977775356792,0.5689443850160456,0.5689443850160456,0.5808738640567047,0.0036706089355873915,0.5955562997990542,boot521
C2,0.9295845399208084,0.46116908550397556,0.46116908550397556,0.6454496328554628,0.25911528739270023,0.5818401038204316,boot522
C2,0.9251858115625973,0.17105847018765005,0.17105847018765005,0.17669776041361654,0.14192213735348988,,boot523
C2,0.9417487073120855,0.47275604186925363,0.47275604186925363,0.6278791181076024,0.29177911959117997,0.5909450523365671,boot524
C2,0.9082525259374788,0.5495502853321733,0.5495502853321733,0.6347593016990085,0.2833917847705981,0.675227287302628,boot525
C2,0.9353025460156507,0.4788034512086404,0.4788034512086404,0.6359253604402136,0.0985498365594483,0.8246575946059495,boot526
C2,0.9167205565170583,0.29310529829807863,0.29310529829807863,0.50748004721512,0.2352430873071958,,boot527
C2,0.9244797755436053,0.6555978535770051,0.6555978535770051,0.680994040157463,0.2850016494029161,0.7139150227617602,boot528
C2,0.9291969346507142,0.7402371459771077,0.7393013215194881,0.7308789014009116,0.3209877889635246,0.7402371459771077,boot529
C2,0.9064522336977234,0.33959438292826044,0.34439091376058045,0.3645363432563247,0.18706470246048243,0.763607708505354,boot530
C2,0.9312898277082841,0.4295118319764311,0.44351765258435816,0.5238176907364736,0.2651768701767531,,boot531
C2,0.9517963779464902,0.37914576434507014,0.37914576434507014,0.36452809632212757,0.22017862459557083,0.2923533604588493,boot532
C2,0.9310414783939801,0.17745438322398166,0.1895959989182541,0.4165508153573465,0.13542571351303867,0.5127497704735049,boot533
C2,0.9469476744186045,0.40037105008508794,0.40037105008508794,0.4288377990590277,0.20202208949247558,0.7144235710233908,boot534
C2,0.9246713345875123,0.520984172878769,0.5200437682345835,0.40625480628813754,0.09592127370692137,,boot535
C2,0.9455990220048899,0.44324330401056744,0.45887636660015174,0.3963441162418145,-0.1940338944942525,0.7108445518675698,boot536
C2,0.9327224783819218,0.18459286340151673,0.18459286340151673,0.48945077417068833,0.2013740328016546,0.3841023218253783,boot537
C2,0.93573264781491,0.55106784519828,0.5557142857142857,0.5092498805542284,0.044605828953655044,0.3289679885332059,boot538
C2,0.8993041840114246,0.35099600282637344,0.35583065851268714,0.4563914967880117,0.21949336815864126,,boot539
C2,0.938076445304341,0.5580336906335311,0.5580336906335311,0.5506179605254443,0.2743820139992113,0.798117952882841,boot540
C2,0.9347154830172033,0.3302562734677965,0.3451410632578944,0.3777015409237335,0.3032775919732441,0.641115648455675,boot541
C2,0.9470471539752784,0.27361935854502656,0.28188303044739316,0.40767448051675104,0.0909003909260323,0.6656846810239739,boot542
C2,0.9436889240425587,0.3418591523467163,0.3529165912366371,0.27459306576636516,0.024879237502321672,0.628431110243829,boot543
C2,0.917990553885788,0.5569821450359945,0.5711908732256883,0.5920303412372391,0.01515597673567332,0.7625350795135639,boot544
C2,0.9367166632422436,0.5532738872941244,0.5532738872941244,0.636821957523103,0.3184109787615515,0.4520878911279171,boot545
C2,0.9319594011896601,0.3424295461532271,0.346161748291137,0.39001512341157757,0.36015750630829885,0.48891848006618804,boot546
C2,0.9298849386290119,0.4339012754249345,0.43857693572046175,0.5479873866358009,0.3329070130415446,0.5816521407635975,boot547
C2,0.9424476971415433,0.5102347500830817,0.5102347500830817,0.4613334087550468,0.29617604842073997,0.699381447672651,boot548
C2,0.9316877343153843,0.4694612671586007,0.48066113834329893,0.5086608163050446,0.15399822878960062,0.5329272038718906,boot549
C2,0.9005819555832074,0.47022734382383347,0.4760206991892195,0.7396183683142843,0.3939481648462506,0.7483084013623632,boot550
C2,0.9266467897553659,0.4964135257204524,0.5086127238950571,0.5414567189805313,0.25336796208794354,0.5658551153297406,boot551
C2,0.9410990938322127,0.562709305387685,0.5617853163804803,0.6745119752594584,0.08777895568445004,0.8703976447868625,boot552
C2,0.9440353299980687,0.537010115649133,0.537010115649133,0.5655646844057766,0.17685410326695292,0.5947091093677325,boot553
C2,0.9447044043479054,0.5007317379740533,0.4998112752204247,0.5126977537712274,0.18777440174027002,0.6324954256973485,boot554
C2,0.9259227687324183,0.49774082761602073,0.5118278321711912,0.43106233938821414,0.1850093264912379,0.33527070841305545,boot555
C2,0.8936313173346365,0.45539644128959955,0.4544233719706048,0.5731378288879792,0.21212911154088188,0.7794285245148915,boot556
C2,0.9294026377036461,0.4706155186179865,0.4706155186179865,0.5173963852798142,-0.06736444799303187,,boot557
C2,0.9394599223441668,0.6007151690715873,0.6007151690715873,0.49889903872047087,0.08052730309588306,0.4341069557697603,boot558
C2,0.9290544785330485,0.27517457783176635,0.27517457783176635,0.24709553927750447,0.35098798192827346,0.5601961742684438,boot559
C2,0.9191608391608392,0.30273359972478764,0.30273359972478764,0.3103019397179072,0.10028050490883587,0.512755034533859,boot560
C2,0.9413930653574716,0.21799331103678926,0.22907771668272772,0.16164758233660223,0.12469956351680742,0.20506150444986113,boot561
C2,0.9405648858310607,0.47242655215045726,0.47242655215045726,0.37720163067981716,0.07118756265280864,0.6822911849061399,boot562
C2,0.9386947923533289,0.34923607718612604,0.34923607718612604,0.47799951148021497,0.374247679531021,0.6026554438196956,boot563
C2,0.9441469013006886,0.47984426749348175,0.494580367838771,0.4153738284828412,0.27169685011627087,0.925611302938482,boot564
C2,0.9247790565659715,0.27174528449991936,0.27174528449991936,0.41561043511752366,0.40902836940299275,0.5999082751243895,boot565
C2,0.9348916698825734,0.4771536327602209,0.4771536327602209,0.43064743073680756,0.11533538101806508,0.7720029535886614,boot566
C2,0.9278103356419819,0.41893869602666367,0.4292481493964473,0.3542703067071115,0.12558788650463742,0.32521639266499397,boot567
C2,0.9376170802432702,0.5842748585748726,0.5972587443209809,0.6900007853646114,0.18919376372900637,0.26060513533260193,boot568
C2,0.8978474176618241,0.5007144961914162,0.5094309961251159,0.44938399658185135,0.25762099804045785,,boot569
C2,0.917384238937557,0.22275053070850248,0.2218026561097429,0.3317561095658548,0.018957491975191705,0.9649363415372576,boot570
C2,0.9417796214068707,0.5502995157094365,0.5502995157094365,0.4256511354732386,0.10802859620470479,0.6980309293227079,boot571
C2,0.9387375444481472,0.41869368130144063,0.41869368130144063,0.5317039227146614,0.1898942581123791,0.2630730209947105,boot572
C2,0.9414046661479623,0.4018047532236954,0.4018047532236954,0.4701577457261172,0.35192554247868496,0.6428876051579128,boot573
C2,0.9241204183233652,0.39614637796439117,0.39520541269606724,0.37262224625629187,-0.01599640956150748,,boot574
C2,0.9180309507364334,0.35993860810860984,0.36941067674304695,0.4366623640475504,0.19133578641562946,0.7492406289839748,boot575
C2,0.9376793903203456,0.49335487206787154,0.49335487206787154,0.38392653578214064,0.33755859667801735,,boot576
C2,0.9444391832334107,0.4391840322376183,0.4391840322376183,0.4428669172039715,0.007365769932706386,0.650949917802927,boot577
C2,0.9004359555166015,0.20183459947522261,0.20183459947522261,0.37083486219371037,0.06373724193954397,0.527280819681682,boot578
C2,0.939731530364728,0.4219521494362725,0.4247281504194058,0.42287748309731693,0.3719841317398718,0.3645814624515161,boot579
C2,0.9262968355766985,0.24689240359061632,0.24689240359061632,0.3182377369476005,0.26097371938475794,,boot580
C2,0.9300627268263327,0.35434730140824455,0.36556674103066916,0.3234938424465768,0.4955252499904211,0.5732510073783117,boot581
C2,0.9282346197229978,0.7925282663262176,0.7925282663262176,0.7906546770441225,0.23326186562083712,0.3682403548859686,boot582
C2,0.92611779353892,0.3126656451387308,0.31642138862388075,0.2760471461585191,0.06290870337626116,0.45350602583185284,boot583
C2,0.9489641965995472,0.6240213436559918,0.6231050127548816,0.587368107611587,0.26023797591527414,,boot584
C2,0.9353533943417228,0.7465209126189519,0.7465209126189519,0.7177013007992912,0.13480141012421923,0.5317683213176095,boot585
C2,0.9449387642167498,0.5024480174534851,0.5125705965596907,0.542938333878308,0.27699057372435715,0.6156368565501494,boot586
C2,0.9309744437230715,0.3418577939609775,0.3418577939609775,0.2008181030098638,-0.006538263818925799,0.6250070994320052,boot587
C2,0.9294026377036462,0.6044087972708136,0.6044087972708136,0.6081512666037598,0.29659069463598753,0.5071045946142121,boot588
C2,0.9385626277350874,0.41969819790165797,0.4308160309586555,0.41321279528507604,0.25385718813477764,0.818478726463863,boot589
C2,0.89868511058752,0.7053783755956933,0.7082811672648114,0.6657068894510795,0.14030159734070718,0.31543669471083124,boot590
C2,0.9248069809633698,0.6224565620313415,0.6224565620313415,0.5942485607308274,0.3384960156061676,0.6036512278309988,boot591
C2,0.9313134740056199,0.5144674142014157,0.5144674142014157,0.46498143788077134,0.13631985929837873,0.4976608562057252,boot592
C2,0.9488765165666201,0.3491543336164187,0.3491543336164187,0.22177256885872265,-0.09072514180584107,0.6375056348240704,boot593
C2,0.9330093334069695,0.3951682356998369,0.4054202418146911,0.42592425404439965,0.2702801612097941,0.8201604891883407,boot594
C2,0.9275365536842338,0.312187391689452,0.3112498920147089,0.3178123897379106,0.06093747885830145,0.7659372342651118,boot595
C2,0.9481745493084012,0.6337119738719686,0.6337119738719686,0.6520538544471342,0.13664701028498313,0.39343333833730043,boot596
C2,0.9310178200583551,0.33250192501353104,0.33250192501353104,0.30728408238610033,0.22696058364687652,,boot597
C2,0.9218790108667749,0.30467074519172566,0.30467074519172566,0.3414576153541941,0.40654207794933056,0.4386126827063543,boot598
C2,0.93730152327449,0.4638663203882637,0.4638663203882637,0.4499503307766157,0.392430907048471,0.7431138452619982,boot599
C2,0.9157437892846453,0.3855264784669276,0.38932476889517326,0.3750811797892523,0.1471837540945167,0.4073666484293398,boot600
C2,0.9063655712711519,0.6667815341213544,0.6715785235754649,0.7205078160073916,0.1774886098020871,0.7799904852383613,boot601
C2,0.9295766324141038,0.46304389288579634,0.46304389288579634,0.5743615156199575,0.3751123253478876,0.9578928208384959,boot602
C2,0.9323922077156582,0.4271387794423425,0.4271387794423425,0.5800880367099063,0.01119140906835832,0.6789454834804047,boot603
C2,0.9384343188286878,0.526316049582182,0.53650878997902,0.6152708748636776,0.11119353160186944,0.5744999132763253,boot604
C2,0.9290900961158267,0.5334812802172546,0.537225008499481,0.6682554983774032,0.42491316003269064,,boot605
C2,0.924679314733526,0.5736418822795406,0.5727014857512134,0.4654962815219222,0.09874163547434715,0.7730059462848892,boot606
C2,0.913548774087126,0.3826453795426647,0.3816935253646978,0.4121528590596363,0.21797460675440347,0.3921639213223329,boot607
C2,0.9297900940957502,0.2777625522203311,0.2777625522203311,0.23287163468977254,0.10006933699520346,,boot608
C2,0.9314316897980855,0.8019445010519822,0.813147451008471,0.7674020720194754,0.26513648230356573,0.6665755224110771,boot609
C2,0.8901611908746586,0.37023094330531153,0.3692540806580679,0.30380428329274906,-0.22663213416050734,0.6925956168956883,boot610
C2,0.9365527870536862,0.5208740966872569,0.5255164683154856,0.5403720575258174,0.30361110448615514,0.5914381454363327,boot611
C2,0.9433846692334616,0.22675060392074622,0.2424203611022612,0.3226126478547202,0.3253778991220464,,boot612
C2,0.9030871020000304,0.21183377262548977,0.21664817654879637,0.43522211466691535,0.20990801105616716,0.5286215507790631,boot613
C2,0.8732810537815845,0.4560511966229213,0.45505545165212896,0.568570378322463,0.24296177287334672,0.5217703646952201,boot614
C2,0.9333627781151659,0.5571252809653376,0.560851871473467,0.5720316429978551,0.4471908609755219,0.13881549642781826,boot615
C2,0.9381075743196449,0.6785167890708772,0.6785167890708772,0.7155942092386847,0.380970492224222,0.6210467878107756,boot616
C2,0.9298454221165279,0.4367252307350161,0.4451417769376181,0.4554286667407984,0.4058645613254753,0.7331746914266652,boot617
C2,0.9393512401685035,0.361026227763083,0.361026227763083,0.42397439055254366,0.06572528761840743,0.29067239876309764,boot618
C2,0.9346802386492716,0.45307287279502517,0.46609755496983074,0.379576451951479,0.2856126734046668,,boot619
C2,0.9134673065386922,0.32746703975216457,0.3379383695116815,0.28653365978314405,0.3112840755783658,0.1608777026689413,boot620
C2,0.9360178872355189,0.36509893143612,0.36416992652152425,0.2991395824998235,0.2368962532219099,0.2341092384781227,boot621
C2,0.9428411963623231,0.5718146776601252,0.5745815228746096,0.6225401732590073,0.23610412496934205,0.6336075541169452,boot622
C2,0.9422006460679283,0.4088485747828445,0.4088485747828445,0.5011394494516582,0.4079256660361563,-0.0055374524801288195,boot623
C2,0.9144766413952233,0.37369913562077306,0.37369913562077306,0.3974713452658604,0.2101463332625721,,boot624
C2,0.9335865053431069,0.488997791332316,0.488997791332316,0.6706255423986048,0.28967297734161956,0.7302367017229253,boot625
C2,0.9175055562818668,0.490934119717001,0.5023071109073562,0.5553810697956807,0.08055868759834958,,boot626
C2,0.917246713070379,0.29198914876457216,0.29198914876457216,0.3431820514700491,0.28440501503042737,,boot627
C2,0.899074204222115,0.13153627254553196,0.13056909407093245,0.21374644288648942,0.02901535423798499,,boot628
C2,0.91967254670981,0.3687512865267865,0.3734788671232839,0.4434470599514433,0.09833367640714308,0.6533516384359218,boot629
C2,0.9459863465588162,0.5248719930648215,0.5395794394554293,0.48626494628947553,0.14247838690901457,0.5230335622659955,boot630
C2,0.8963279482668006,0.3812657310257837,0.3870865818811391,0.522906435172767,0.09701418092259126,0.6428587157006113,boot631
C2,0.8850544199628351,0.02554497796092955,0.02554497796092955,0.19355233301165853,0.11495240082418297,,boot632
C2,0.9428334835059407,0.35600366319714877,0.35600366319714877,0.44362114507209477,0.23426147785511864,0.4473103022036714,boot633
C2,0.9009238611022619,0.6601918701186889,0.666948219666687,0.6003499169792755,0.5125173728552979,,boot634
C2,0.917246713070379,0.3403380013197448,0.3403380013197448,0.17348705916856075,0.13746242393137326,,boot635
C2,0.9459940134787651,0.33183406977797675,0.34102614927321157,0.418239617033184,0.31069228693893663,0.5746299015771609,boot636
C2,0.9405067872641457,0.5824796741234598,0.5917253832365306,0.527005419445035,0.34209123718361917,0.8293401074424498,boot637
C2,0.931699548792356,0.6178517255473488,0.6234515901293489,0.8511794164640213,0.3555914009570089,0.15492958676867055,boot638
C2,0.9557358854984938,0.6123212491902084,0.6114114107813078,0.6377967246394296,0.2583941081278146,0.4030584151430347,boot639
C2,0.9306391442161157,0.48494021622765926,0.48494021622765926,0.6746181813417533,0.2046279525122493,0.8194461842613818,boot640
C2,0.9335001656055643,0.47041280865520085,0.4825224453136516,0.38471384153385735,-0.023287762804712914,0.5272349498987005,boot641
C2,0.9244278832235987,0.2737298201980607,0.2737298201980607,0.2624419925610273,0.2483322080147355,0.6546940029479391,boot642
C2,0.9438929461669655,0.4633907967254326,0.4633907967254326,0.3712653898217681,0.12436929931994711,0.2330772794662713,boot643
C2,0.9252894449924719,0.5478896625079894,0.5478896625079894,0.6719401521324401,0.10149585514727764,0.5384918981425009,boot644
C2,0.932101085586681,0.45432653970467207,0.45432653970467207,0.594262845568534,0.25188535055495165,0.4963074314638307,boot645
C2,0.9263167254512581,0.5594856006866818,0.5716891456681028,0.5848314248788637,0.374554957506688,0.6833985189595712,boot646
C2,0.9331507393950103,0.35410654319678986,0.3531746838725878,0.5032040350691224,0.2432152836167425,0.38858533819226676,boot647
C2,0.9417603003092923,0.3665660903214668,0.3665660903214668,0.40719306254853127,0.11357085418020259,0.7617557292574564,boot648
C2,0.9342571242594411,0.6366369527737017,0.6366369527737017,0.5631072462398969,0.05491459095562631,,boot649
C2,0.9500494541923749,0.4228612822858743,0.4329294080545856,0.35970667519123073,0.14553018156591777,0.4933381626668533,boot650
C2,0.9302483536603372,0.6206851128259558,0.6206851128259558,0.6861187843588126,0.13928024369136657,0.8347466954120158,boot651
C2,0.9091360794395864,0.2486832957516158,0.2525091926093329,0.3443307171945449,0.265899831611343,0.5964913588290426,boot652
C2,0.9411416524474682,0.4712130843601345,0.48230045105096114,0.49523571219025897,-0.05820867512684014,0.599641748528877,boot653
C2,0.9263008136105635,0.5247614483107864,0.5285164497298259,0.3614188865825631,0.3210526213278872,0.6730840043628512,boot654
C2,0.9177359843448903,0.36194931735252234,0.36194931735252234,0.3411040687091834,0.4150099502628398,0.5056072061608435,boot655
C2,0.9262849012982393,0.4355876472822436,0.4459140785755725,0.6346061412991305,-0.008448898330905584,0.5613823557646155,boot656
C2,0.9259983990038244,0.39909919691964607,0.39909919691964607,0.5925449253089334,0.3080106743285739,0.27138745390535934,boot657
C2,0.9379363421472156,0.36898768175401225,0.36806057702598705,0.5664609888233706,0.4079260803310688,0.7583716675245777,boot658
C2,0.9215540339386723,0.4708492692758772,0.48122871208556595,0.40291109815791504,0.2925115700912263,,boot659
C2,0.9333784813341235,0.7015188605588372,0.7043137564176373,0.7052453883705706,-0.10900093849320575,0.8748024038044461,boot660
C2,0.9418105336955569,0.3960918517199946,0.39516856069034434,0.5142731035152377,0.2825270550730032,0.4597989327658679,boot661
C2,0.9416598192276088,0.4921928826162835,0.4921928826162835,0.38322710372562413,0.23824721147279765,0.7553729418013505,boot662
C2,0.9381776079317912,0.47455555061245575,0.47918988216140546,0.5116302030040539,0.3642584597474514,0.528313796580273,boot663
C2,0.9346802386492716,0.4772615682625213,0.48005257158569403,0.5470366513418373,0.33678106766283183,0.43725718729704677,boot664
C2,0.9191044007892254,0.5298163313340529,0.5298163313340529,0.5733369585507786,0.12583137869183755,0.5553610473090875,boot665
C2,0.9434771196080147,0.26820308940401355,0.26820308940401355,0.4129037252680346,0.3013828530416235,,boot666
C2,0.9355176403607045,0.6562281853301626,0.6655232021195417,0.6432151618250319,0.2639784768183657,0.4387247924586923,boot667
C2,0.9565968784316548,0.41905799010615513,0.4290572046206187,0.4299662241219336,0.3808791710509306,0.8101125062326554,boot668
C2,0.9418028057926984,0.5696752396897503,0.5696752396897503,0.5115074275334224,0.25390711655539916,0.5687519410840942,boot669
C2,0.9244598175515687,0.5747187035486802,0.5737780837392714,0.5342720517441085,0.19282706092877158,0.3912978407139949,boot670
C2,0.9380102900866301,0.5441675725770069,0.5441675725770069,0.5664163319327961,0.5775407116106904,,boot671
C2,0.939731530364728,0.46729349882745086,0.4663681651664064,0.3978934742491166,-0.046266683052222854,0.8058687484087584,boot672
C2,0.9406152327685474,0.6933482366896301,0.6933482366896301,0.6092219839712881,0.34574965402922886,0.741581612021034,boot673
C2,0.9199745087151125,0.4773289157717234,0.4773289157717234,0.627616633806781,0.17864389124921928,0.6824385686874938,boot674
C2,0.9195960228607217,0.45861347803877733,0.45861347803877733,0.5891055604498108,0.2694945180227867,,boot675
C2,0.9249784847315784,0.5856775475074871,0.5856775475074871,0.7915577768881289,0.2632258640483089,-0.03478341774924082,boot676
C2,0.9339238811350878,0.6871428639931716,0.6983159186922475,0.6210356236903054,0.2420828518133125,,boot677
C2,0.9326320674452779,0.42329941514563674,0.42329941514563674,0.4913629774928426,0.16223369655361408,0.4969572428912431,boot678
C2,0.9457447814730471,0.42570543717417053,0.42570543717417053,0.4817918986593204,0.25560715234215853,0.6160316261483677,boot679
C2,0.9427486346572689,0.5654142139963475,0.5644918417059784,0.6641080490658569,0.3108394618544358,0.687167356325088,boot680
C2,0.9253133575613735,0.4454425192020855,0.4454425192020855,0.4858518616613463,0.009397521502153701,0.5074661611162998,boot681
C2,0.9313607634612405,0.4761616317413408,0.4761616317413408,0.5779295098978232,0.23341256457908863,0.5144412923323113,boot682
C2,0.9307101663708716,0.4540712145651708,0.4671514553139618,0.6670922781883374,0.3531665002173551,0.40455316030189087,boot683
C2,0.9286823310216333,0.6713579445230572,0.6816577177305239,0.5824053577312993,0.36704646339335906,0.3651737773556378,boot684
C2,0.9362639298771086,0.29348840634255696,0.29255964556299197,0.33435388064341937,0.672422804405099,0.621940561087939,boot685
C2,0.935220396150921,0.28451791429792495,0.28451791429792495,0.3533229001085341,0.17108266742097447,0.3570420885307293,boot686
C2,0.9457792975499736,0.26846965685971197,0.26755024022663076,0.39442973559183714,0.22433765847181408,0.7686323052558879,boot687
C2,0.9381387015099828,0.5468738017471185,0.5570697539830817,0.7331816562406284,0.2150419017039517,0.6636638000863337,boot688
C2,0.9414626662867912,0.4414961833297234,0.4414961833297234,0.4147108500314766,0.4128635856660804,0.5643392636285796,boot689
C2,0.9359944486666887,0.3474565386232959,0.3465275104451586,0.3530307076921187,0.13470908582988741,0.23504412906870015,boot690
C2,0.9202038869679265,0.4403560961251097,0.4488608275953371,0.3902726774671036,-0.04724850816793021,0.8466932663693096,boot691
C2,0.923296985008638,0.3164462981981304,0.3202135160338225,0.2702978797109031,0.16481578031152627,,boot692
C2,0.9216142296314211,0.4170376430067358,0.41986821524433815,0.432134028273948,0.16322966570173145,0.7167583154357828,boot693
C2,0.9090046644003478,0.19514894839934355,0.1941923359071899,0.2994197100440908,0.3482069471439267,0.5500521829883458,boot694
C2,0.9143709120333255,0.3147804497810091,0.3147804497810091,0.41083128188941365,0.16547371076101386,0.8425845272083808,boot695
C2,0.9300903774587985,0.36368602209326883,0.36742572411993485,0.5385170918399045,0.35807646905326984,0.26364899287995325,boot696
C2,0.9341904923024867,0.49705903658094897,0.5110213690691778,0.30810213690691785,0.3779137993480623,0.39094530967040936,boot697
C2,0.9396423030764277,0.3618398180742033,0.37479571948862483,0.3720194548998203,0.22672827475237803,0.6903644610827508,boot698
C2,0.9205336988668956,0.4902637984699604,0.49498695645136653,0.5630004313836153,0.09446315962812338,0.7585391718138309,boot699
C2,0.9376910726460949,0.5443528231193312,0.5462075175762966,0.44141728075775405,-0.006491430599378737,0.7010745047329036,boot700
C2,0.9447236180904521,0.5982886216466236,0.597368177613321,0.4648242368177613,-0.05430619796484736,0.5541073080481036,boot701
C2,0.939355122058339,0.47303497436974645,0.47303497436974645,0.5905994396240671,0.06757642490996378,,boot702
C2,0.9454455474367558,0.5012589511507141,0.500339209955942,0.5380485989415921,0.3393845008708504,0.6668123662096653,boot703
C2,0.9308640153471555,0.42690586143199805,0.43251075239171793,0.6118672631027543,0.2737055085329878,0.76336528603227,boot704
C2,0.9446160121197996,0.30654277894516635,0.31666881668809976,0.12519464845808595,-0.11875080625803743,0.7402822525406221,boot705
C2,0.945468571470158,0.23912688728530113,0.23912688728530113,0.3108649534708914,-0.03770847068729748,0.7017454423026336,boot706
C2,0.9340415201494843,0.5194816085121071,0.5194816085121071,0.41707483980900356,0.24019042114000652,0.4105580454369879,boot707
C2,0.9301970165121762,0.5636954502961393,0.5636954502961393,0.6646558294536566,0.2645535861257171,0.4982581675088595,boot708
C2,0.9160114608036027,0.587613684541686,0.587613684541686,0.5373010427311703,0.15378581081704873,0.7281093635597308,boot709
C2,0.9333784813341235,0.3717211492204196,0.3717211492204196,0.615808720888966,0.1835314947278764,0.38383236460855363,boot710
C2,0.9507147305458601,0.42256537900082924,0.4335411031307209,0.49482222952261595,0.41341894222591946,0.27439310324729166,boot711
C2,0.9328836077224172,0.2982803720225888,0.29734824586001823,0.2535383162192005,0.4418278010584597,,boot712
C2,0.9425673210245932,0.47788075457471013,0.4889513512057845,0.5083248953101646,0.15037560423876012,0.3478012441595863,boot713
C2,0.9306864933675258,0.576479558856737,0.5858228256129239,0.6615032863380385,0.2887069427661778,,boot714
C2,0.9232969850086382,0.38143080586381783,0.38143080586381783,0.41156854854935415,0.15633954018121918,,boot715
C2,0.9400185076133591,0.5716816211546991,0.5707565699877821,0.582782235157703,0.13320736803604638,0.3626200574314597,boot716
C2,0.9464997837016462,0.4161786936048887,0.4161786936048887,0.6302396993663437,0.28020861269203323,0.6063530635303014,boot717
C2,0.9253731343283581,0.33077138849929877,0.33077138849929877,0.39748948106591864,0.19169705469845724,0.7376577840112202,boot718
C2,0.9378896328792425,0.4357609230835099,0.44781388478581985,0.5349660694025218,0.3680789073705392,,boot719
C2,0.9294580057923044,0.4013559256427873,0.4116471032233716,0.3873225016692633,0.29844414983694445,0.31621982020340816,boot720
C2,0.9289911525356078,0.36598841557532263,0.36973254258888094,0.3191868279058441,0.25553666867535313,0.49703286104986266,boot721
C2,0.9269369195906216,0.4446623112449911,0.4446623112449911,0.41651912698897897,0.22326926176436257,,boot722
C2,0.945537637538569,0.5324782863009279,0.5324782863009279,0.5196031636615273,0.24462733014861285,0.8065344681967422,boot723
C2,0.9298177588212486,0.592916560902201,0.606944555245313,0.5657957718388511,0.3778206476411502,,boot724
C2,0.923128945833163,0.5378682375540752,0.5378682375540752,0.6452534898853617,0.29483845596221636,0.4229471780416458,boot725
C2,0.9252695170388171,0.3655809073314868,0.3655809073314868,0.3242298535459202,0.25280530609812324,0.45768098167206706,boot726
C2,0.9441353605351464,0.39880059032744847,0.4098528006829436,0.40156364291632224,-0.0478929115404788,0.6157753996685005,boot727
C2,0.9276952848933799,0.44898550840247675,0.4630455973921159,0.42930138381698196,0.14247556842834339,0.1884051924611646,boot728
C2,0.9267700147393213,0.4344213658718968,0.4334830907836206,0.5554588522595312,-0.01125930105931482,0.6445949856457734,boot729
C2,0.9231369488880218,0.36454151199970597,0.36454151199970597,0.34099231871807123,0.20063912675952805,0.6471318313793231,boot730
C2,0.925393058439632,0.3204278835097598,0.3251262395729528,0.39654125173348564,0.19639128344146572,,boot731
C2,0.9311794644832928,0.4426363861795338,0.4426363861795338,0.42676124152752515,0.31096606877169775,0.29135559596627536,boot732
C2,0.947165739654214,0.4305752096833745,0.4415920593980877,0.4278209972546962,0.030296336715461315,0.9566297835609301,boot733
C2,0.9392075902661864,0.43144603547071286,0.43144603547071286,0.4499630327012155,0.09721423546013917,,boot734
C2,0.9297308077245516,0.3769206954283457,0.3769206954283457,0.5228254807554473,0.5321783516097488,,boot735
C2,0.9454033340975337,0.5932595591624266,0.5932595591624266,0.5932595591624266,0.1333684280287626,0.6475267126361991,boot736
C2,0.8839122380679126,0.6915894152142277,0.7024108712133122,0.6305957541284779,0.4731927577781558,0.8480086428373603,boot737
C2,0.9177157752822417,0.34111158017807164,0.34111158017807164,0.4481827150672997,0.21319473761129476,0.623476165992142,boot738
C2,0.9457409462138712,0.3613453893509452,0.3613453893509452,0.5829337833295146,0.3999624538617332,0.8238307095634781,boot739
C2,0.9266785924600838,0.5808495782084256,0.5836646811722792,0.584603048826897,0.3875458413571564,0.40162135617642364,boot740
C2,0.9492766759725897,0.34625906281447927,0.3572514140149389,0.3664117066819886,0.4076330236837124,0.25007598981045726,boot741
C2,0.9311794644832928,0.12513349313936187,0.1354056455612498,0.28201727558274087,0.263340634815672,0.39968011241527523,boot742
C2,0.9218308784957717,0.23299567600309812,0.23676888533108353,0.4103365144184117,0.19620688505524053,0.33015581619872203,boot743
C2,0.9373093170617225,0.42397029146532805,0.4230425665387081,0.4434525149243474,0.16791821171821528,0.6466242738541217,boot744
C2,0.9362405021473407,0.47460863428553884,0.47367985026541065,0.3789438802123285,0.24427019729373137,0.68172747077414,boot745
C2,0.9157316192564268,0.5165743633980667,0.5165743633980667,0.5194231190785707,0.24689215897701722,0.7112393348991766,boot746
C2,0.9382943100927985,0.5467831071150041,0.5467831071150041,0.6153626832616317,0.49859205360656306,,boot747
C2,0.9140739463931743,0.26921996572899665,0.2730251949265796,0.18360230878337933,0.05422451606555763,0.3633993883691757,boot748
C2,0.9201435337166364,0.2910699006650851,0.3033553185502997,0.5604040619947904,0.1691607539579553,0.5117075471690485,boot749
C2,0.9260501398951249,0.2826403443602142,0.2817013398939011,0.238507134443503,-0.05164524564721521,0.1483627056774546,boot750
C2,0.9042856872790517,0.5413833529361505,0.5413833529361505,0.48561028993384725,0.10673810333199417,0.5490761892123304,boot751
C2,0.9265394417116103,0.5997069837486667,0.5987684751669006,0.572490234877444,0.41388228455893905,,boot752
C2,0.9334687658710005,0.20959691536168804,0.20959691536168804,0.22077541751431143,0.05309788522496097,0.8223352935585848,boot753
C2,0.9121703290515836,0.32888594426429196,0.3279326516722215,0.4928522701004027,0.13727413325813925,0.5052450737973181,boot754
C2,0.9405106607001842,0.41882889789362243,0.42807456892880175,0.4558115820343397,0.11187261952566957,0.7620089654314928,boot755
C2,0.9039458705082771,0.5165757563299301,0.5156137903032451,0.5983428685981687,0.14429490400277378,,boot756
C2,0.9305010185704584,0.24016981863480164,0.23923530572182578,0.26259812854622283,0.03831502943201115,0.6934085814281044,boot757
C2,0.9370247697437196,0.477923424669984,0.47699541802013934,0.427811065578374,0.16611319032218863,0.6802288743361132,boot758
C2,0.936127253571022,0.4189322675389076,0.4180033711585553,0.48581280692427653,0.3139669765590926,0.5313287295615414,boot759
C2,0.91977321947092,0.37911046417995603,0.37816505155107827,0.41692696933506385,0.13046694278512203,0.773347530421955,boot760
C2,0.9411029629386037,0.3224708377518557,0.3335586602533522,0.3853018319270024,0.2374641985737161,0.4841682492320126,boot761
C2,0.9352008347907879,0.5030307556493314,0.5030307556493314,0.6406436056236402,0.013017431754326509,0.8591504957855496,boot762
C2,0.9088608929418587,0.17508777857910157,0.1741310147617294,0.363570250601413,0.27841827085529264,0.4487222303475335,boot763
C2,0.926988570095638,0.4915402288790179,0.49060217500711145,0.5459473534495962,0.31518610096059163,0.6069208551235202,boot764
C2,0.913565066130822,0.26080339364804317,0.26080339364804317,0.1113649527621206,-0.050447371764037546,0.6653342049634386,boot765
C2,0.9372430662261126,0.6290419621510115,0.628114171646364,0.6485255627486093,0.1354574136785364,0.6949150879809847,boot766
C2,0.9280879426538144,0.6202560635223845,0.6230668916048122,0.6165082927458141,0.05996433242512478,0.7814102069149073,boot767
C2,0.9261297315324328,0.19060152494872476,0.19060152494872476,0.24505910350550325,0.05257973102033787,0.5398811667266834,boot768
C2,0.9388813216749419,0.4779045464164211,0.4899447772369898,0.5251392980971138,0.4334483095404748,0.7513711062509435,boot769
C2,0.9424206815511161,0.3598503740648379,0.358927680798005,0.32017456359102253,0.11164588528678306,,boot770
C2,0.918785816618911,0.5460893293729318,0.5460893293729318,0.7164464858497562,0.20537501641928282,0.5981429049630725,boot771
C2,0.9389706770743708,0.43988964548693205,0.43988964548693205,0.38802897149268323,0.28708587389673457,0.6482584249281104,boot772
C2,0.9284803129517815,0.46078099986460336,0.46359064010768014,0.5591184083722931,-0.0065558272338459836,0.770777973350749,boot773
C2,0.9432382563795882,0.470165684937079,0.4692437914372023,0.4480402409400399,-0.017515976497655884,0.5208698274302933,boot774
C2,0.9098541958199792,0.25039845725083476,0.25039845725083476,0.40904786146319577,0.06498891256891895,0.7273023891904019,boot775
C2,0.9228767887009848,0.5106904340821937,0.5097482008089793,0.42683167276611395,0.19881122064823406,0.8206851809697248,boot776
C2,0.9368531881564417,0.462231952386287,0.462231952386287,0.5578341433416837,0.19120438191079342,0.6237346827381222,boot777
C2,0.9385237495238374,0.26591252221152833,0.27981038922606816,0.3882137519394787,0.05651799252579522,0.6133591975750237,boot778
C2,0.9172790752412585,0.26164338256258196,0.26069539929242763,0.32705422820322744,0.45977188602482694,0.5081190328026953,boot779
C2,0.9514588398749565,0.6909298403641111,0.6909298403641111,0.7347984016570707,0.20471995270047738,0.6516309208725016,boot780
C2,0.9168217801798568,0.36515560159355775,0.36515560159355775,0.4220629680756706,0.0379382443214086,0.43628980969619885,boot781
C2,0.9366308296334348,0.43356138157513735,0.4465589390527646,0.5496110019110949,0.2775906918436104,0.32586733390336875,boot782
C2,0.9407081683901175,0.5305900932451733,0.5407581960773978,0.5342875851841641,0.22092514335469757,0.4982370387790042,boot783
C2,0.923556942277691,0.3163572267920094,0.3163572267920094,0.4557050528789659,0.22973560517038774,0.7635884253819036,boot784
C2,0.9374807514628887,0.3367025652745244,0.3367025652745244,0.5185033994172428,0.31907901502599556,0.36638433411415194,boot785
C2,0.9111239695505474,0.06489834178303686,0.06489834178303686,0.23955123216973898,0.11261771074115218,0.2777267273362312,boot786
C2,0.9228167338822086,0.4296863337775668,0.4296863337775668,0.42591715541109687,0.21390087229716595,0.46455123366741324,boot787
C2,0.945330412187293,0.40381556069006563,0.4130140928242357,0.3541434871655474,0.3541434871655474,0.7230046257457667,boot788
C2,0.9282861453803142,0.28570650615030946,0.29788416051081446,0.43652207169194823,0.40467282182601205,0.721291835199142,boot789
C2,0.9395491803278688,0.3692797875871224,0.3692797875871224,0.35076952254516147,0.30079180693186663,0.469235218813712,boot790
C2,0.9247750672479361,0.3244032096288867,0.328164406262265,0.36013457764598145,0.11659709563473027,0.5641794950067593,boot791
C2,0.9418375804667161,0.5105652770609368,0.5105652770609368,0.49117672223583797,0.42747147066765595,0.48933019320487614,boot792
C2,0.8731627653783341,0.3993478260869565,0.39835194622140296,0.34557031334706717,0.37544670931367236,,boot793
C2,0.9506881356791379,0.4106864995530662,0.40977183028902825,0.3091582112448471,0.15823778267857563,0.7662020924129977,boot794
C2,0.9320223766740124,0.42824125769054355,0.4273082702010217,0.645627342749142,0.16980372309298242,0.6027099182311354,boot795
C2,0.9387103389681539,0.7049449686067987,0.7049449686067987,0.739219559721715,0.2584489438124794,0.6771547595947041,boot796
C2,0.9242721762144624,0.6162310540646913,0.6199942971429488,0.6435145663820593,-0.0263427015478036,0.8984742849340155,boot797
C2,0.932588822017105,0.19114626441656818,0.20606499724908078,0.281591082213676,0.15198459073122247,0.7269882435660582,boot798
C2,0.9342100908017695,0.4356156347978076,0.4356156347978076,0.4384080427131782,0.2494551071064369,0.3295041340137263,boot799
C2,0.9028171626957835,0.3216983400508986,0.33036685819598277,0.46521047378617975,0.4902528595386449,0.26101871303531,boot800
C2,0.9349034136014819,0.3506523585079806,0.3506523585079806,0.09859190981922,0.24927011161840532,,boot801
C2,0.942675345144625,0.36252049254810315,0.36252049254810315,0.5211808607879854,0.5571561768423773,0.7896120651938328,boot802
C2,0.9146433266294394,0.26144665119225263,0.2700030870494537,0.26239736628749727,0.3118345512402141,0.5867187751925949,boot803
C2,0.9222398667117903,0.008485956028365311,0.00754307202521361,0.17726219259251982,0.18763391662718856,0.6449326581557637,boot804
C2,0.9322663365461138,0.28915043568986626,0.28915043568986626,0.31433450589511275,0.10353451084379084,0.7182123725199906,boot805
C2,0.9224923221071261,0.43172269299274296,0.43172269299274296,0.4364358228289083,0.16213166636408688,,boot806
C2,0.9270640503517216,0.5083838033060147,0.5083838033060147,0.4915002083622725,0.362997291290457,0.4033303236560633,boot807
C2,0.9431881584561357,0.6877690801756196,0.6914568500425131,0.6591888637071958,0.23048561668083767,0.6094039705041349,boot808
C2,0.9530876328509394,0.3959670562705215,0.3959670562705215,0.3950546897814189,0.24177711961218476,0.6696770030012967,boot809
C2,0.9237128563947723,0.30689002421810346,0.30689002421810346,0.2984176002366221,0.1487381098971176,-0.032006935041151895,boot810
C2,0.9309862739817995,0.4137734379872057,0.4137734379872057,0.3894887666832162,-0.13449971799132646,0.6071167825997374,boot811
C2,0.9267779637667205,0.324640396060521,0.3293317312637076,0.48414579296886945,0.34715880503581714,0.7653231643288232,boot812
C2,0.9164734913631944,0.4250698149619707,0.43076271426949714,0.5246955528436826,0.23910177091610849,0.7903641871949143,boot813
C2,0.9330486166080664,0.6588966509918699,0.6588966509918699,0.7157462913179011,-0.03541453003916698,,boot814
C2,0.9423589264468661,0.5370426727212354,0.5508839787192055,0.3764835231447836,0.23991597063147976,0.510490859352338,boot815
C2,0.9173357043855748,0.3962325451106479,0.3952846203615793,0.5896091939206292,0.046448312704358244,0.6708026024728704,boot816
C2,0.9247311827956989,0.36391304347826087,0.36391304347826087,0.533174924165824,0.36485338725985844,0.5679676440849342,boot817
C2,0.9186688208714081,0.4126954416750342,0.41742818756580297,0.42784022852549414,0.5641433101796339,0.6887404178489761,boot818
C2,0.9351695351195637,0.6936663650949403,0.6936663650949403,0.5913831209120404,-0.05300131744023003,0.5811547964937503,boot819
C2,0.929121754200555,0.6541942261157302,0.6541942261157302,0.5755786109601918,0.17594923391953826,0.6354762225072687,boot820
C2,0.9286902517467006,0.323971921371533,0.323971921371533,0.39606971890219206,0.22659307795349995,0.3661069978504896,boot821
C2,0.9319436561580929,0.46186781761372653,0.46093475131551703,0.5309147236812333,-0.04292104971763924,0.6242213535021882,boot822
C2,0.936857088353119,0.5513346118119438,0.5513346118119438,0.5179203929142502,-0.08817641098002466,0.6822069691612435,boot823
C2,0.9476168860644575,0.35145371843681533,0.3633829569216158,0.3560418870848155,0.4083470096720178,0.5138748885760224,boot824
C2,0.9288367640373021,0.7592479309701681,0.7620564929836211,0.7498860575919907,0.26494101660241376,0.6422245137429535,boot825
C2,0.9364825389369229,0.4002024523821856,0.4002024523821856,0.26370648834464205,0.09471148525054043,0.14763849171407775,boot826
C2,0.9472154611835653,0.26898062704476555,0.26898062704476555,0.39933983878659723,0.11383480461962774,0.5039944172272227,boot827
C2,0.9331546668041023,0.33267237860137644,0.3438546434283135,0.3829925703225931,0.08386698620202768,0.6094334330680679,boot828
C2,0.9436350182439845,0.6892863978480719,0.6892863978480719,0.7464197623755857,0.1935162346899667,0.6856003743301676,boot829
C2,0.9420230068012807,0.5307725993845867,0.5418495927630476,0.5704651589907384,0.282463331150754,0.5316956821661251,boot830
C2,0.9324158052561392,0.4215324065135281,0.4215324065135281,0.44671243964597335,0.22848548583144776,0.6835912698549029,boot831
C2,0.9034979852059253,0.5745784088984863,0.5909399381301015,0.6785222416640415,0.37439028653519457,,boot832
C2,0.9380725540491021,0.5524741847826087,0.5524741847826087,0.6294127038043479,0.13255672554347828,0.6943006114130436,boot833
C2,0.9328914664457331,0.4017429917368137,0.4017429917368137,0.4315707776662291,0.16405282261178472,0.9208018179256674,boot834
C2,0.9308087926034695,0.43907583965853225,0.43814163574436515,0.4306680044310285,0.14667001452423314,0.8538623775487202,boot835
C2,0.9365332746188143,0.3667549997189016,0.38253939211186694,0.4131796832276233,0.1002773163788389,0.46703231609774043,boot836
C2,0.9260461600035577,0.5061255825218393,0.5061255825218393,0.46856524244600706,0.1154980457331841,0.28382748147875553,boot837
C2,0.940018507613359,0.416273025112645,0.41534797394572803,0.5531805978163593,-0.06937883751877416,0.5504054443156086,boot838
C2,0.9304299686288983,0.45327337323008465,0.4523387889553835,0.4205629236155425,0.14579514685338804,0.5140213510856629,boot839
C2,0.9468137299438519,0.598804710798556,0.598804710798556,0.4803295456252221,0.22960303328165493,,boot840
C2,0.943904492232341,0.08291185200329947,0.0819906092032628,0.13081647760520584,0.15845376160630564,0.43482660161730385,boot841
C2,0.9224362311296198,0.5486416723917951,0.5486416723917951,0.6089734026891747,0.19984885661006968,0.8485994555057332,boot842
C2,0.9496041986835617,0.3672010429790754,0.3672010429790754,0.47800235519969414,0.2692197172963795,0.3159210968273841,boot843
C2,0.9413273227417357,0.5136133300172072,0.5126895650351618,0.6032185332756048,0.27343443468541967,0.5533352242451566,boot844
C2,0.9333706297824413,0.6279252183651308,0.6381732560535823,0.4602300561904667,0.09502725856564294,-0.015837876427607155,boot845
C2,0.9380959011527777,0.49591666559108305,0.5079669770914271,0.6284700920948679,0.10196417423368062,0.7332151074440125,boot846
C2,0.9334844659693957,0.5756831783909346,0.5756831783909346,0.647410694145145,0.44713256574053184,0.15835945036643834,boot847
C2,0.9080344997795721,0.5812841770710837,0.5812841770710837,0.6760899983726278,0.1110856087977689,0.8829390630305423,boot848
C2,0.9433230266612215,0.34291356378151566,0.34291356378151566,0.34660080640282226,0.24520163431689027,0.7356049029506706,boot849
C2,0.9385276374731245,0.5429410888348998,0.5429410888348998,0.6235483835936647,0.2798092300821497,0.8607376647229042,boot850
C2,0.9352868993996752,0.24358952007427295,0.25381656099342187,0.2045408183829773,0.2761301048170194,0.3746815900379084,boot851
C2,0.9512425495879882,0.41318954711509537,0.41318954711509537,0.5539665167074066,0.2459026287034528,0.7779298774224473,boot852
C2,0.8861086447655177,0.08439440145112359,0.08439440145112359,0.19528471963690228,-0.2041166918817873,0.2620721549998423,boot853
C2,0.9127376276070097,0.3515463321684658,0.35630983260435295,0.39537053617862683,0.33916123103515944,0.5306539485578196,boot854
C2,0.9348446924171084,0.32369943168822757,0.32742011481108074,0.3385821641796403,0.2185901334676249,0.6380971555693222,boot855
C2,0.9372508608708088,0.2560680496756372,0.2616347464077163,0.513991664928634,0.256995832464317,,boot856
C2,0.9116841856220637,0.6266472061663245,0.6304624098568349,0.7000898772086486,-0.010491810148903453,0.5932641738743589,boot857
C2,0.9460323464054903,0.3593957450734655,0.3593957450734655,0.501867204117934,0.465100375977426,0.7482049526593373,boot858
C2,0.9201113425572269,0.43945532174744145,0.44512571299579545,0.4640270171569758,0.03969273873847858,0.673831493346077,boot859
C2,0.9453035436781901,0.47925714580321005,0.4783372664446627,0.6043607385656603,0.33023668971852665,0.5399691834673402,boot860
C2,0.9360256998623221,0.5155934241155554,0.5146644269549869,0.49329749226190983,0.18022544915030228,0.7023218533898377,boot861
C2,0.9453265739126636,0.5243184605099608,0.5335170299925917,0.4599284741315446,0.1600551089977775,0.7147288488004201,boot862
C2,0.9313410600300169,0.6012834868269968,0.6012834868269968,0.43695756496123367,0.472437025364069,0.6713087376220664,boot863
C2,0.9446813469332761,0.40501349676717807,0.41053640808673053,0.6084407303706927,0.19698383706403663,,boot864
C2,0.9440891949499918,0.5093475995590256,0.5093475995590256,0.4605312835072565,0.1298698219490463,0.7746136188592053,boot865
C2,0.9470012426693408,0.43799584415168447,0.43799584415168447,0.4517692983702909,0.2809784660595712,0.7052008559926493,boot866
C2,0.9291138398548502,0.31633695557067265,0.31633695557067265,0.3986968729973566,-0.043987683171069866,0.8423173373183592,boot867
C2,0.9258909212208817,0.1662323713848612,0.1662323713848612,0.3747272100709582,0.15496238010453162,,boot868
C2,0.9345509893455098,0.44196997592409004,0.44196997592409004,0.537807675966577,0.19911910494264268,0.898827361563518,boot869
C2,0.9287932105154213,0.5055648685574751,0.5055648685574751,0.5252257245569325,0.38385480760845336,0.43909245065454783,boot870
C2,0.9194147389144928,0.6667757784529965,0.678125153405388,0.7348720281673451,0.2704934363653291,0.46721593554011387,boot871
C2,0.9240005792129387,0.3670240499973269,0.37267057384343966,0.3689062246126979,0.15998484230652713,0.7318544978264243,boot872
C2,0.9220113527306814,0.43477725521508287,0.43477725521508287,0.5017386112243473,0.3697021345863612,0.3942231945334158,boot873
C2,0.9427100624961238,0.32007628054359855,0.3302227908778336,0.3329900209689886,0.2462834781127977,0.38556739270093426,boot874
C2,0.9310217631870158,0.5716020119892511,0.5725360022049197,0.5473182663818645,0.26151726038723905,0.39134190036518984,boot875
C2,0.9365293720459147,0.3389016018306637,0.351900567380333,0.32311714366320815,0.2869057396319865,0.412252907432369,boot876
C2,0.9339591755656673,0.4962510921195803,0.5009063556479064,0.5074237245875634,0.3556621335641269,0.6489437358486818,boot877
C2,0.8814611251775458,0.48634663506863585,0.492265661053244,0.5642804771993097,0.11344799803832276,0.5938756071223504,boot878
C2,0.9310848492896029,0.32874228031449193,0.33247798804533846,0.35395830749770585,0.4296063890473474,0.5721546412522828,boot879
C2,0.8851916677886557,0.3772211777732011,0.38606229912726053,0.265233640621782,-0.0019646936342354224,0.39490342048131993,boot880
C2,0.9442892166684272,0.4364911785159216,0.43557031105069816,0.399656479906983,0.18693609544036302,0.3563757090414803,boot881
C2,0.9356427461739332,0.44981865881868643,0.44981865881868643,0.4804881128290514,0.10316089076213678,0.5269569825417255,boot882
C2,0.9451192655875189,0.7250062677310815,0.7250062677310815,0.629320161330025,0.31097984580343335,0.7003086628798353,boot883
C2,0.9369506844893108,0.23666040711165337,0.24501312736265288,0.33967729020731424,0.35731081073720217,0.6515121795779634,boot884
C2,0.9109602940181731,0.3818235429584846,0.3808689841010883,0.4114148675377672,-0.13745647546505446,0.7521923796282147,boot885
C2,0.9462776111262612,0.35562686380152864,0.35562686380152864,0.5247104372885603,0.011027189575241198,0.5715759929833354,boot886
C2,0.9284565411109591,0.3240534714283785,0.3259266128817217,0.2716055107347681,0.20979184277444157,0.4551733731624044,boot887
C2,0.9447774128476444,0.5448718414468133,0.5559165409356,0.6332294373571072,0.2613912212346199,0.8108650208017608,boot888
C2,0.9373833523391867,0.7133641220587298,0.7170747286754203,0.7022323022086587,0.036178414512731426,0.7792273895049846,boot889
C2,0.9248987223434092,0.5095740067971405,0.5086338333528652,0.5020526192429391,0.15512861830540253,0.7337117826412404,boot890
C2,0.9279531229191634,0.5060225627714272,0.5050854839514801,0.34203376928068696,0.354215793939999,,boot891
C2,0.8996092815564946,0.2996469944428601,0.3112462329374225,0.46880255582189406,0.20878629290212186,0.5003259384113681,boot892
C2,0.9246952746702288,0.41000580966288247,0.4147077111498422,0.3225504420054328,0.4241115141237614,0.7805156468353038,boot893
C2,0.8983669373232369,0.5943151081106142,0.5981868677725725,0.5517257518290717,0.29134991456236947,0.5362387131812382,boot894
C2,0.9444161142274351,0.3738219551131561,0.3784256737721851,0.39131608601746637,0.3020039440323034,0.819274220370214,boot895
C2,0.9167003095141972,0.5093884194133115,0.5093884194133115,0.6175267430876459,0.22860821057468916,0.44678202149659163,boot896
C2,0.9473301852524519,0.4828214190450786,0.4828214190450786,0.4470228727660709,-0.046813483595625496,0.7416724459855961,boot897
C2,0.9099321058471722,0.5284675220572509,0.5332457094176238,0.4214361251848963,0.11849904653724976,0.4587059865958055,boot898
C2,0.9434154878226629,0.5493453057054716,0.5613276697560942,0.5207719760462943,0.08664170928911799,0.4673121979742854,boot899
C2,0.9309310638674619,0.4100616525233187,0.4100616525233187,0.47731549986199506,0.23071805962018155,0.36148942944538576,boot900
C2,0.9414201334731136,0.2475446083791718,0.2475446083791718,0.2530866518503473,0.15148252154546332,0.2336894997012331,boot901
C2,0.9473034185395197,0.6756019111455369,0.6756019111455369,0.738939590315431,0.2588583409552193,0.7765750228656578,boot902
C2,0.9516864175022789,0.42487506246876555,0.42487506246876555,0.4943170081625853,0.3910677994336165,0.4321847409628519,boot903
C2,0.9289792780773367,0.629021378492266,0.629021378492266,0.5747308428485883,0.36224891886384963,,boot904
C2,0.9430686750063824,0.6380650173018526,0.6380650173018526,0.641753254396083,0.24342364821920387,0.4748605258821591,boot905
C2,0.9440661106435075,0.23395561256492842,0.23303452747609013,0.3840924820455714,0.1215832317266557,0.5637040743690401,boot906
C2,0.9345470722103552,0.41498828522275527,0.4233624882877884,0.35357746274584523,0.457789767555147,0.3740477369048153,boot907
C2,0.9429414532548867,0.5865088191338389,0.5865088191338389,0.4251266755042448,0.462936206297464,,boot908
C2,0.9433153208339715,0.5411072748796527,0.5512472749199868,0.5475600021780472,0.13550727326628442,,boot909
C2,0.9462661168924668,0.24719583561380187,0.24719583561380187,0.2931430169546573,0.22238435768974,0.5164463182712143,boot910
C2,0.9241443829422312,0.4525925572729073,0.4525925572729073,0.3867266965471204,0.1505505388017987,0.9136535823534158,boot911
C2,0.925141960633046,0.31393536880541023,0.31393536880541023,0.5028605458410015,0.09587247789865823,0.567715457360682,boot912
C2,0.9329582609207929,0.3057129169131848,0.3057129169131848,0.22555648138106932,0.11091413753862499,0.016776928367186972,boot913
C2,0.9175136431380898,0.6454115614217122,0.653941229634334,0.6112928885712251,0.3563505831050863,0.22840555991576011,boot914
C2,0.9532237673830596,0.5546396032752853,0.5555518394648827,0.47436281859070456,0.04926075423826547,0.5172379195017874,boot915
C2,0.9512615259904752,0.46985661621681696,0.48265426724217775,0.40038365350771565,0.2989165632352124,,boot916
C2,0.9223761271730037,0.5684750620053811,0.5684750620053811,0.8428137735204158,0.44214727044862967,0.836214560528645,boot917
C2,0.9046791140675787,0.6468784149035107,0.6507231603115554,0.6151592652871426,0.29989014182748197,0.5046228348058591,boot918
C2,0.9250263364838197,0.4869426575689443,0.49258292001182774,0.5837671628384449,0.366617058787429,0.9127824720066503,boot919
C2,0.9258351835309555,0.3437554277764993,0.3550260975396632,0.42452856107917397,-0.07607702090135642,0.4048048889936372,boot920
C2,0.9051591259407018,0.36986050198380727,0.3688998253552778,0.5581531211755636,0.37946726826910093,0.6292431916867369,boot921
C2,0.9307890688124674,0.13452821428608358,0.14573889880992388,0.31950450892944854,0.06072454117080162,0.6474170312517772,boot922
C2,0.9021521303476517,0.3826598416071083,0.3874792350782307,0.3412130577554568,0.018313695190264632,,boot923
C2,0.934257124259441,0.6357061969947928,0.6403599758893374,0.5258770150835401,0.3453103939752096,0.35368719598538984,boot924
C2,0.9451576621665398,0.4692108826087292,0.46829086127028063,0.5805334645609963,0.09016209116795187,0.828939225942088,boot925
C2,0.9126029987842768,0.4087686307822997,0.4087686307822997,0.5917140319715808,0.13816189152315492,0.49034311266731917,boot926
C2,0.9162101011612035,0.31225038466521254,0.3274358137066819,0.2866249731577331,0.388177529872559,0.9680711013936681,boot927
C2,0.9401503099456909,0.36534398514361677,0.36534398514361677,0.5697516325277668,0.30337424589140827,0.5780759258601531,boot928
C2,0.9233129860045549,0.46430155177282234,0.4633597636353521,0.4021435346997873,0.19589193259380738,,boot929
C2,0.8990825688073394,0.11799467613132207,0.11799467613132207,0.4323247559893523,0.13733806566104703,0.13733806566104703,boot930
C2,0.9495699326173396,0.38644496748930607,0.39560243117388677,0.5366273719164298,0.1474351653217495,0.8122670288223093,boot931
C2,0.9404176904176903,0.5455485190128646,0.5455485190128646,0.6528089058018346,0.29589072217646895,0.4447607417715049,boot932
C2,0.9311755225179705,0.5444263830821935,0.5444263830821935,0.5201466473015125,0.42489537616191775,0.6788987658675038,boot933
C2,0.9430532558190424,0.35223240150418117,0.35223240150418117,0.5218940818098601,0.2397393308667202,0.7643996357250423,boot934
C2,0.9117332281867851,0.3004311294247847,0.30233862865922784,0.31759862253477245,0.2775411386114678,0.6914684724856156,boot935
C2,0.9400727831318691,0.3570491348497637,0.3570491348497637,0.47174885692585367,0.4328989510613715,0.4578738905456814,boot936
C2,0.9339905464310018,0.6945419893731601,0.6945419893731601,0.6181982318281212,-0.05586128600856517,0.53999243141613,boot937
C2,0.9299758155334428,0.11407496275683969,0.11407496275683969,0.19448846109362836,0.3478351323405276,0.6358276612676311,boot938
C2,0.923812777587974,0.2805010290712632,0.2805010290712632,0.48475848983792125,0.049887766915358886,0.6278328402366864,boot939
C2,0.9232369770379727,0.4021766426831659,0.4021766426831659,0.4153627621154008,0.031081567233125225,0.4351419412637532,boot940
C2,0.941188076126312,0.3714084636835019,0.37048456203254787,0.39081039835353554,0.27162708538047153,0.5136893179304155,boot941
C2,0.9381114653182366,0.5051777544553245,0.5190817293485903,0.4541965131800166,0.15201679216637284,0.9584473359757899,boot942
C2,0.923076923076923,0.35137681159420286,0.35137681159420286,0.2543478260869565,-0.008478260869565216,0.8167391304347825,boot943
C2,0.9369389858735405,0.3164792410190695,0.3164792410190695,0.3350410733369034,0.2589375608337841,0.7053496280776914,boot944
C2,0.929481733220051,0.5510317144901041,0.5529027899213098,0.46683332008584366,0.2572728717907956,0.6826231760084658,boot945
C2,0.9336532128388447,0.33063202474856807,0.32970066693237493,0.5448443224729925,0.305485363711353,0.12480194736988204,boot946
C2,0.9379596952406083,0.688821662380709,0.6999466421230623,0.5998218244418826,0.14647889994098523,0.4477804346297207,boot947
C2,0.9424013838557462,0.32848552930254354,0.32848552930254354,0.45858794399821395,0.2168373578261172,0.5628544181869426,boot948
C2,0.9527622792055735,0.5457814728282308,0.5457814728282308,0.6352239215525897,0.1925750681718339,0.6762944337219382,boot949
C2,0.9425480286803742,0.44467806629378587,0.4566714581232863,0.4308395372597469,0.23340985637412415,0.2656997574535484,boot950
C2,0.9391338089781933,0.08148118872825248,0.08148118872825248,0.20833258481655462,0.49629451316299233,,boot951
C2,0.9368609885211802,0.3721957221469147,0.3721957221469147,0.4074661397069715,0.1401535013570676,0.468725285995491,boot952
C2,0.9488155131325514,0.4820655838959998,0.4811491094019009,0.5242234106245472,0.16863130691419007,0.4362418591910568,boot953
C2,0.940712040353827,0.44647031395710285,0.44647031395710285,0.7108398994472299,0.3152098903920747,0.5278148018002189,boot954
C2,0.9423357664233574,0.3995621863738929,0.4050988448455866,0.5462836358737752,0.382029434546863,0.8383212401386476,boot955
C2,0.9288130080098764,0.6394323059178618,0.6506668413073412,0.4877660781598917,0.16664560827727587,,boot956
C2,0.9232449784871926,0.38239414942646993,0.3955801545791069,0.43419631252611485,0.08853460602484771,0.2891502558471091,boot957
C2,0.9374028335924437,0.46659908491165436,0.47030961441393393,0.663257148532471,0.056585574909763244,0.47773067341849307,boot958
C2,0.9498401930728589,0.1766887610994667,0.1766887610994667,0.3085187175674627,0.14098481455605116,0.7561912780733653,boot959
C2,0.9379090955735216,0.6248867393309082,0.6276681343130932,0.5303193099366165,0.35601855771968655,,boot960
C2,0.9368609885211802,0.3898309309269431,0.3898309309269431,0.5587576676619518,0.1085957593296484,0.5745365386756612,boot961
C2,0.9347820493499523,0.44279096262716644,0.44279096262716644,0.6018608252516318,0.20279081901832413,0.07255818295151047,boot962
C2,0.9027590045320822,0.737834741251886,0.7368715105191813,0.5808281318210017,0.1387052255094929,0.5413356717801043,boot963
C2,0.9101821627882489,0.40603434400338007,0.4108112186387139,0.39074834517031154,0.33342584954630494,0.6907360722692796,boot964
C2,0.9186325066979111,0.538607773062792,0.5528065720011782,0.47802623092567637,0.4430025268776565,0.145774335767434,boot965
C2,0.9313607634612407,0.4761616317413407,0.4845644840661878,0.4014696110760323,0.2707585749117427,,boot966
C2,0.9386364884909079,0.4891461608537883,0.4891461608537883,0.5363932332089838,0.32331820101888653,,boot967
C2,0.9346567411083538,0.4614574836475568,0.4642485571373606,0.592637937668334,0.438198537899192,0.4605271258176221,boot968
C2,0.9141878702270912,0.44135157992124546,0.4546682224188691,0.4889110174127589,0.28821019119857183,0.20260320371384752,boot969
C2,0.9321601096580924,0.3544828610289878,0.35355001139470105,0.3964610945718943,0.2621307472345937,0.6531367456864733,boot970
C2,0.9271474635441153,0.3404551986869823,0.3442067711243044,0.532723286099741,0.09097563160506139,0.5561706138330041,boot971
C2,0.9439622187725474,0.28280424410021326,0.2957008545803532,0.3012279733575562,0.2910949222660176,,boot972
C2,0.9329268292682926,0.47349815288434216,0.4846831486217676,0.28987780619494175,-0.056857061665245796,0.6515260017050298,boot973
C2,0.90653063072581,0.5477164502791226,0.5467572270737301,0.701192163141924,0.1937630874892868,0.6845545894418441,boot974
C2,0.9454762459245459,0.43962201663415945,0.4423811506297714,0.4469797072891245,0.25016148226881046,0.8249810646879521,boot975
C2,0.9025179978716877,0.10405669881345968,0.10405669881345968,0.32276846391212033,0.07129810844625942,0.630121120592617,boot976
C2,0.9213091688720646,0.5785717718553275,0.5785717718553275,0.5342114565581001,0.14440698383991046,0.6635170564670395,boot977
C2,0.9418762163129242,0.44130233539621433,0.44130233539621433,0.5327017730619575,0.07016522487471191,0.5530127592099005,boot978
C2,0.9339670184550981,0.22903704226312038,0.2392785360228534,0.2094850996309028,0.1322083739892809,0.3333140696349476,boot979
C2,0.8958948471282979,0.39697981861716375,0.39697981861716375,0.3843618781721195,0.22032865238654328,0.8113397358419332,boot980
C2,0.93898233101701,0.48618778442399113,0.48618778442399113,0.5158220874745962,0.23522228046417856,0.5973164208637605,boot981
C2,0.9080139267789047,0.2355834389425034,0.2355834389425034,0.31028062689988256,0.377316564810351,0.6196035975439013,boot982
C2,0.945840653884348,0.35671051245496616,0.35671051245496616,0.32545237476561345,0.11951640881223094,0.9009698510460485,boot983
C2,0.938407097799887,0.48555917253964564,0.49019237075090183,0.5198448393029412,0.2538992619768376,0.4827792536128919,boot984
C2,0.9070461205417248,0.2195372763004376,0.2195372763004376,0.2569257207358833,0.24158687173672608,0.42661173778906,boot985
C2,0.9196443549739975,0.3470150532176451,0.3498516885300509,0.45102501467252515,0.3574160493631331,,boot986
C2,0.9204331678096863,0.41757276848418207,0.41757276848418207,0.39867807307765796,0.250354714136444,0.1681627891180643,boot987
C2,0.9361624022612971,0.5405973956006861,0.5405973956006861,0.5173758579889728,0.10217476549153862,0.35490225575925777,boot988
C2,0.8981198076082204,0.44537487828627065,0.4502159095719909,0.5634960416578467,0.23333770797172004,0.5823986145016002,boot989
C2,0.9477773703148317,0.2963455068821619,0.2963455068821619,0.25047158940814307,0.32845724911397517,0.7183674706874142,boot990
C2,0.9307732892557103,0.5334507821206136,0.5325165425722411,0.5007523979275812,0.02148750961256412,0.5946937027563969,boot991
C2,0.935849888003525,0.4014021679421609,0.41441057153287914,0.2768931621452869,0.2564513850741584,0.4646868723936535,boot992
C2,0.8953940447331108,0.5108268332119187,0.5098556795366108,0.605999893392086,0.34767301576020326,0.51471144791315,boot993
C2,0.9383720972829211,0.5096708128364357,0.5207909032983216,0.541177735811779,0.01112009046188587,0.21591508980161733,boot994
C2,0.9324354690763614,0.36463649365118245,0.36463649365118245,0.47654539195845064,0.2844351165309735,0.4961294491622226,boot995
C2,0.9197571130900241,0.48122345492407426,0.48122345492407426,0.4084254077155207,0.2713381759591538,0.9870280686458418,boot996
C2,0.9487125537796286,0.45370410762866215,0.4527875336738568,0.56919242593414,0.4518709597190515,0.5004493793237366,boot997
C2,0.94629676762535,0.2527013120658605,0.26372827841055263,0.3271333348925322,0.31243071309960935,0.7415634866805436,boot998
C2,0.9258112941786978,0.12116282632195534,0.12116282632195534,0.1258590599003257,0.041326855489659184,0.45741315053327325,boot999
C2,0.9278896666025421,0.23053715455362395,0.23053715455362395,0.510742883055793,0.08434286142205755,0.34393144602105685,boot1000
C2,0.9522928084915618,0.40451569923596786,0.40451569923596786,0.48121845033262994,0.1561448861610621,0.3953844193435081,boot1001
C2,0.9382320721328052,0.5477461906732999,0.5579411282323631,0.4828693152974437,0.2409712513960372,0.9212516303371577,boot1002
C2,0.93191216470224,0.303256794316524,0.3079222834598552,0.48987636004976964,0.24353853328188543,0.47587989261977626,boot1003
C2,0.9380686627653453,0.39767182624049036,0.40786853973383624,0.3392724671422365,0.11216384842680498,0.5663810858576681,boot1004
C2,0.9331860850358917,0.4705711345510676,0.4705711345510676,0.3130928736815024,0.06895497813223567,0.4342299974273218,boot1005
C2,0.933649289099526,0.4107305230633414,0.4256323107481792,0.4423968218936217,0.4684749503420878,0.5085235047450893,boot1006
C2,0.9380336399281761,0.4227159051148697,0.4227159051148697,0.4319859907533537,0.19745282409970885,0.6563220632046661,boot1007
C2,0.9130108623897256,0.332392826165548,0.33810731601366634,0.44573020815322767,0.4209674188113817,0.6152600736474041,boot1008
C2,0.9269647320188835,0.3874262119988538,0.39680699195039987,0.40243545992132757,0.060975069685049635,0.6084758716022569,boot1009
C2,0.9124071155145237,0.4526964676595562,0.4526964676595562,0.4851000042920297,0.213482123696296,0.6909577664277436,boot1010
C2,0.9520124398799407,0.4347769274217255,0.4347769274217255,0.5160692520867121,-0.04749663913010447,0.5224630304311492,boot1011
C2,0.9265513703323689,0.3172118167315747,0.32941227122125066,0.3735216066839253,0.08915716742455503,0.4420318511259517,boot1012
C2,0.920847235462345,0.3833898443357015,0.3824455343742835,0.5977482055775839,0.3739467447215216,0.6232445745358693,boot1013
C2,0.9170241707648843,0.4380900125017364,0.4380900125017364,0.34705832159228467,0.19154584962197133,,boot1014
C2,0.9094193354156475,0.5383272582032247,0.5383272582032247,0.6167337149930372,0.3126696508569352,0.5077296165291516,boot1015
C2,0.905560192301156,0.5300586356167583,0.5300586356167583,0.41098749283328356,0.19205023029592685,0.08258159902724856,boot1016
C2,0.9183499798450306,0.3872730241395103,0.3910605353780386,0.4601826154811786,0.4298825255729529,,boot1017
C2,0.955453591934862,0.38406524904680833,0.38406524904680833,0.3349194588844206,-0.03185375288302913,0.6152324842550768,boot1018
C2,0.9305483799542401,0.5971233585301258,0.6027301506290001,0.6158126655263738,0.2653881593467226,0.6214194576252483,boot1019
C2,0.9299086471357147,0.6190416399354445,0.6190416399354445,0.7686589547234673,0.18141099418047768,0.5722862290641874,boot1020
C2,0.9227686852053542,0.20071919894326415,0.2101426355133705,0.3326473109247524,0.5154619803848145,0.9500713446898176,boot1021
C2,0.9299797663530697,0.41515629747062693,0.4198314810007015,0.6937972358630746,0.15428105649246268,0.720602451722567,boot1022
C2,0.9484455281720804,0.5730200045510254,0.5730200045510254,0.7105448056432714,0.005500992043689844,0.8205646465170684,boot1023
C2,0.925416966397959,0.41814288670900235,0.41720323977257767,0.2997473727194871,0.06765457942258014,0.5994947454389742,boot1024
C2,0.9074334488231722,0.5193817226346569,0.5280061423832028,0.5318392178270009,0.04503863646462891,0.5902936183449237,boot1025
C2,0.9091114415313094,0.11382351617450351,0.11956251699002471,0.3539050502904731,0.2716460386013362,0.15495302201907202,boot1026
C2,0.9304536529916295,0.5336340370463369,0.5326994765611419,0.5831657427616711,0.39438452475228397,0.47382216599385785,boot1027
C2,0.9255285228056386,0.3006507770519054,0.3006507770519054,0.2921949739473205,0.29877170969533096,0.740352538490317,boot1028
C2,0.939184292020821,0.2527632823128214,0.2638737562606377,0.28887232264322443,0.17221234619115303,0.2231353517853112,boot1029
C2,0.9376287639394983,0.4952363280068049,0.49894596342258624,0.5731386717382124,0.28749674472305153,0.3477783202294979,boot1030
C2,0.9288565599219374,0.3847647955222083,0.3894456324507023,0.4390625038927389,0.21625466609642366,0.21531849871072484,boot1031
C2,0.916404617058588,0.42225509838782416,0.42130621052627854,0.5237860995732111,0.12335542200093741,0.47444393077283614,boot1032
C2,0.9240165593034696,0.6352229468501976,0.634281875817827,0.5966390345230005,0.18068563821516734,0.12233923420818622,boot1033
C2,0.9257197084837744,0.630296898210407,0.630296898210407,0.6152674639758816,0.15311236126422703,0.5016073675772836,boot1034
C2,0.9418491715168289,0.3969988558529828,0.40715464053759404,0.4468545261228923,0.24004581981808265,0.4791683864830188,boot1035
C2,0.933303886925795,0.5888384534661206,0.5888384534661206,0.6969163974567378,0.3083948229387436,0.7192773513858308,boot1036
C2,0.9250901321938844,0.3910312280349432,0.39479114368912543,0.49442890852495225,0.20397542423938142,0.38727131238076107,boot1037
C2,0.9276794138868845,0.45836674279827905,0.46680294051849275,0.6533366456654406,0.2193411407255568,0.7789422561664004,boot1038
C2,0.9473531270658829,0.5305399658191242,0.5296220766049042,0.5718449804590212,0.5075927354636257,0.32309700340541814,boot1039
C2,0.9313922874399876,0.2007280114515406,0.2007280114515406,0.21379867266233857,0.08962739115975767,0.768368155463339,boot1040
C2,0.9274293835494759,0.5719408852225548,0.5747537092482395,0.4988074605547528,0.517559620725984,0.2353396101489529,boot1041
C2,0.9461741539938471,0.6129949730203386,0.6166711047925746,0.5606100952659768,0.4172409561487762,0.7775018698278956,boot1042
C2,0.9474945794881293,0.2477930890353907,0.2468753368537782,0.40289320772791315,0.4111529773624262,0.2835854241182805,boot1043
C2,0.909755767233985,0.2800560522636657,0.2800560522636657,0.31446566960664163,0.1471966964116195,0.5562888137114451,boot1044
C2,0.909624501467379,0.46937667251748044,0.4751124363364314,0.5095270192501367,0.1137593157425258,0.6729962880902368,boot1045
C2,0.9337944482257501,0.6136719696178071,0.6136719696178071,0.6146031865671513,0.25608466106964634,,boot1046
C2,0.9341512931414953,0.5166279800664724,0.5166279800664724,0.5082502290383675,0.39189257587024307,0.4598454453204277,boot1047
C2,0.9039790326423637,0.17218560198024338,0.17218560198024338,0.1635282253443652,0.03078178359423345,0.7885755051294626,boot1048
C2,0.9323843416370106,0.22756057085960835,0.23595419847328247,0.10818453368735481,0.11471291072021242,0.428075008297378,boot1049
C2,0.9497945250157639,0.41473501173500976,0.42572136966176494,0.4953016365312146,0.3103646114308351,0.3533945133106264,boot1050
C2,0.9183903498622794,-0.0028405085621436565,-0.003787344749524875,0.07195955024097263,0.29446605427555905,,boot1051
C2,0.9332292820831845,0.5711816897461605,0.5711816897461605,0.550682510016282,0.10529124133983055,0.7232382744000844,boot1052
C2,0.9424399785422605,0.3985953296400812,0.40966742213008356,0.4032087015109156,0.08119534492668323,0.6264959000592945,boot1053
C2,0.9244478424008046,0.27936770223240515,0.28971465416693865,0.4919505328873667,0.28877402217289017,0.6678487157744365,boot1054
C2,0.9201958402575432,0.5849416461332508,0.5849416461332508,0.6492001791495047,0.29577824756010906,0.7607076335012392,boot1055
C2,0.9167367535744322,0.49798564020741926,0.5065225368966892,0.4723749501396091,0.17642919824491424,0.8233362584762665,boot1056
C2,0.9369155878695392,0.24223796111153287,0.25244722384037144,0.3034935374845642,0.2329568131762251,,boot1057
C2,0.911957950065703,0.14970179175541912,0.14970179175541912,0.32133441924570855,0.42717453953138707,,boot1058
C2,0.8988190233003509,0.24670053112648227,0.24573307806324116,0.2795939352766799,0.11706182065217392,0.4866288908102767,boot1059
C2,0.943946825645548,0.6254958082039294,0.6365502260219663,0.5149516300235589,0.42283148153991684,0.7561095229781443,boot1060
C2,0.9282980352130645,0.37843918062958626,0.37843918062958626,0.532999737074838,0.4786693596577192,,boot1061
C2,0.9387647485333861,0.5576245397874016,0.5613296862311716,0.623390889164321,0.43998614019770055,0.5659611192858843,boot1062
C2,0.9326910328368763,0.500655099383591,0.500655099383591,0.3570780317763787,0.18459908692355867,-0.025172602762303452,boot1063
C2,0.9351930100454875,0.46677181548780233,0.4807191804924179,0.45561392348410984,0.092052609030463,0.5374384648445214,boot1064
C2,0.933064329078599,0.27678785000842326,0.27678785000842326,0.5955132530484258,0.290767034352283,0.7856301601249186,boot1065
C2,0.9147083606403894,0.38976547550175783,0.39451871300787683,0.3536408704552534,0.03422331004405678,0.7994945485292154,boot1066
C2,0.9419805190063816,0.6877276906319257,0.6868045662149701,0.6249552302789446,0.24001234840845734,0.3489410296092187,boot1067
C2,0.9359319407676123,0.5500214131739632,0.5500214131739632,0.4571123906783613,0.11056173676976624,0.25178345096308113,boot1068
C2,0.922832749155327,0.554059604293504,0.554059604293504,0.5531173260549096,0.22991589021703224,0.3542966177114923,boot1069
C2,0.9339983888588486,0.3938187595868645,0.40499092297939965,0.307234493294717,0.21320211807421272,0.6461234495349504,boot1070
C2,0.9347663874318607,0.2204689420721835,0.23256217518162817,0.24744615439325235,0.2139572011670979,0.6437321009027467,boot1071
C2,0.9351460591585521,0.5411849320919109,0.5411849320919109,0.5458342871786112,0.12553258734090714,0.7522656530281029,boot1072
C2,0.9364435081950367,0.4540769278479382,0.4531483451734024,0.5590067700704678,0.14857322792570576,,boot1073
C2,0.9353221036389353,0.6303338872219101,0.6303338872219101,0.5001764473825775,0.08274294389786135,0.5373642873366726,boot1074
C2,0.9356622913009307,0.42471659704838505,0.4358688928133317,0.43679825079374385,-0.09386515602163434,0.3420037367916974,boot1075
C2,0.9435117843276644,0.5115025627327753,0.5115025627327753,0.49859979538456106,0.3105880425962978,0.7305476265004713,boot1076
C2,0.9234889655761636,0.6092208100192762,0.6092208100192762,0.6459435481811802,-0.01977378208717898,0.6760750256473574,boot1077
C2,0.8910785007748674,0.5289145091215289,0.5289145091215289,0.6089347854092879,0.1532095533802215,0.353260244099619,boot1078
C2,0.9465993478948345,0.5429044976854935,0.5465789782112838,0.6926395791114418,0.415216299414286,0.348157029818616,boot1079
C2,0.9366113200623795,0.4716354809862454,0.4809196439977857,0.4753491461908615,0.3620823574500702,,boot1080
C2,0.9429337418613558,0.4306632995443789,0.4297411083247978,0.3919312683219722,0.07193091512732666,0.5809804683361,boot1081
C2,0.9431534724957332,0.37524438365449786,0.38630810012588357,0.4038256512055776,0.28212477002033504,0.5587176818049772,boot1082
C2,0.931242531974214,0.2549188811689707,0.2549188811689707,0.521976756679321,0.1643433080063694,0.4837370523488979,boot1083
C2,0.9529892914432707,0.47082968948620435,0.474479532040361,0.5721128203640505,0.030111201071792132,0.6715710299648187,boot1084
C2,0.9390328284769739,0.3657787570927162,0.37689102313097583,0.3750389787912659,0.1889085226504154,0.7176671816376075,boot1085
C2,0.9169108413562158,0.3613266774510485,0.3613266774510485,0.282612466877723,0.23140081180592081,,boot1086
C2,0.9195517146244528,0.4075709965357569,0.4122991983517169,0.5617103757360548,0.21276908171820252,0.5191565593924141,boot1087
C2,0.9225444013577873,0.20171056942935114,0.20171056942935114,0.1819165415881531,0.31199158168745433,-0.06786523831267888,boot1088
C2,0.9259983990038246,0.47140658083214654,0.47140658083214654,0.5681294450267902,0.09108852259107214,0.44699110055000346,boot1089
C2,0.9024764342981794,0.317002135068732,0.3208562643704795,0.34398104018096454,0.18114407718213255,,boot1090
C2,0.9186123311031423,0.4269199310361148,0.43638600489500873,0.3928420651440968,0.18364183286254163,0.7260478649771621,boot1091
C2,0.9384304301957567,0.32524242765729516,0.32524242765729516,0.45589536868202063,0.1426989568638845,0.6124935745910888,boot1092
C2,0.9550656599528373,0.6291395350211452,0.6400652577711506,0.5080461078752518,0.2713221149584678,0.5353604147502654,boot1093
C2,0.9324040066162954,0.4541789373110617,0.4579093597941094,0.5259895701097306,0.15014950494267132,0.6546891457748774,boot1094
C2,0.9500304339004667,0.4787031998843303,0.4787031998843303,0.46039715017556043,0.24896227603926926,,boot1095
C2,0.9417564360051122,0.6241805890385556,0.6371074059713068,0.49583576377766914,0.180052092991891,0.6131004602390546,boot1096
C2,0.9172750300756937,0.4796816500757588,0.4844215873294717,0.6313596421945757,0.2597485615034741,0.6474754288572,boot1097
C2,0.9373599738923499,0.6892623693316973,0.6892623693316973,0.7143095886748412,0.13544051941107377,0.6614321256170932,boot1098
C2,0.9282346197229978,0.6388939451944214,0.643577918399659,0.7597404538895539,0.41406323134301204,0.8271896680449766,boot1099
C2,0.9502966552930693,0.34405732138276096,0.34405732138276096,0.2845793269947837,0.39621494723067957,0.3815742101505621,boot1100
C2,0.9418337167269142,0.3923890287933493,0.3923890287933493,0.454248005097242,0.23081707576079372,0.5899684456445887,boot1101
C2,0.9084129046838805,0.48436123896006966,0.4881901815605445,0.513078308463631,-0.05073348945629187,0.4278843356030655,boot1102
C2,0.9225083470281605,0.5580248789661498,0.5617953173375426,0.5193778856593725,0.12159663747742115,0.7849340295995927,boot1103
C2,0.911442995372318,0.30052679637564095,0.30052679637564095,0.2261106372731013,0.07155399913705736,0.6993210848995074,boot1104
C2,0.9393434763035863,0.4461950770467159,0.4563779522490269,0.38602354176033304,0.43230933813447375,0.7060062889881868,boot1105
C2,0.9232929846853475,0.48597320635640456,0.49727490882980924,0.4840895892775037,0.6969383191932932,0.7270761924557059,boot1106
C2,0.9487011126065175,0.41337983884723867,0.41337983884723867,0.4399608040946221,0.16773505656107468,0.9495820688375594,boot1107
C2,0.9275960833943915,0.5793376168443136,0.5793376168443136,0.6796436443561933,-0.17342630924951136,0.6730815677899955,boot1108
C2,0.9435926598280877,0.49394932407237574,0.5059294382756236,0.4073238829104292,0.054371287537817475,0.7879228956751516,boot1109
C2,0.9349464716886132,0.5171186538587089,0.5171186538587089,0.5878039374796835,0.13206987202866308,0.8166010397265223,boot1110
C2,0.917699607488712,0.3486979806776654,0.34775043181712817,0.6528611649100854,0.18950977210742678,0.7608817350113187,boot1111
C2,0.9235529438858326,0.4265191790964129,0.4265191790964129,0.46794709053182615,-0.09792051793824932,0.7635917312300019,boot1112
C2,0.9238327596002806,0.41227111861911464,0.41980118471261446,0.35956065596461595,0.49698436217098746,0.6574878868863405,boot1113
C2,0.9174246810736099,0.23885386920937507,0.23790603639505217,0.21231455040833344,0.3061499990263022,0.3706026304002606,boot1114
C2,0.9300034706581697,0.42262581878614924,0.42262581878614924,0.5217371833687418,0.35904494339354276,,boot1115
C2,0.9405222808383693,0.5242230708467395,0.5334686276517967,0.4289938357546511,0.1525516872834427,0.9023663441735762,boot1116
C2,0.9414587998086006,0.6502397270787992,0.6603997228144054,0.5689597611939492,0.35837075867411083,0.7204360612520785,boot1117
C2,0.9285991563365337,0.47664128556645813,0.480386993115114,0.49443339642257345,0.21818746470920383,0.8605763093036837,boot1118
C2,0.9364747330177254,0.49770371809157726,0.49770371809157726,0.45963309786442297,-0.03435641337572455,0.7456270254245085,boot1119
C2,0.9348916698825734,0.2771769640595435,0.28833845254516266,0.4380884230605536,0.11905587717993815,0.4780837568006891,boot1120
C2,0.9428373399481996,0.5054124597532542,0.5054124597532542,0.6022524383556114,0.1964468137362101,0.513713029347742,boot1121
C2,0.9071079466602304,0.32688693801235214,0.3288041634552399,0.3288041634552399,0.42370682287818073,,boot1122
C2,0.9392852436935419,0.5915691507385531,0.594346470695072,0.5702763644052404,0.4721443926082349,0.33050107482576435,boot1123
C2,0.9484989441449024,0.5253151546883513,0.5363165191844425,0.44555526209169066,0.1604365655679956,0.5253151546883513,boot1124
C2,0.9367790789821255,0.3991475171334344,0.3991475171334344,0.34902201498179375,0.35644801530055537,0.6460620277322566,boot1125
C2,0.9282623649233364,0.5264628521423181,0.5358305185505444,0.44777445431321716,0.020608866098097863,,boot1126
C2,0.9030289724508105,0.4747307841191826,0.47376784135220656,0.5267296935358882,0.09340544839667488,0.5334702929047204,boot1127
C2,0.9326399298739276,0.578069217833604,0.578069217833604,0.4494021983803179,0.29649356656626785,,boot1128
C2,0.9454071718134776,0.6659196546855827,0.6659196546855827,0.6695987687998676,0.18119637012853562,0.7459403866712812,boot1129
C2,0.936006168080185,0.4951658190674021,0.4979528687056801,0.447785975216675,0.44685695867058234,0.32980087386290374,boot1130
C2,0.9063408080548866,0.6802316895049253,0.6859882341269699,0.686947658230644,0.2158704233266688,0.480129737638276,boot1131
C2,0.9276595744680851,0.2933984842441164,0.2971479856402074,0.3440167530913442,0.28777423214998005,0.5714545179785114,boot1132
C2,0.9124356862200572,0.4450581697478685,0.4603064153923351,0.44410515439508935,0.41551469381171446,0.5031921062673973,boot1133
C2,0.9256201411004051,0.27243779801905166,0.27243779801905166,0.23767849275455197,0.1578260347144851,0.6266069354438187,boot1134
C2,0.910706499676745,0.562391849871802,0.562391849871802,0.49937340829024185,0.029599571045884312,0.32273080688738376,boot1135
C2,0.9174853386126778,0.4274443378424785,0.4331309587450392,0.5203258125843031,0.12415788970590838,0.5564620614656567,boot1136
C2,0.9379713714021856,0.45426435125069564,0.4570455615644754,0.44406658010016975,0.19839300238295687,0.7592704156618771,boot1137
C2,0.9003691997131397,0.2955309406480311,0.30132566497446306,0.304223027137679,0.10044188832482101,0.49641471729767306,boot1138
C2,0.9343590158448828,0.2745430126753559,0.2745430126753559,0.46346583156721105,0.17310169612751256,0.8003626810196817,boot1139
C2,0.9405648858310607,0.5584063356142391,0.5695005012224691,0.7266678473390595,0.15994088751864796,0.708177571325343,boot1140
C2,0.9349229858908535,0.41854179834206073,0.4222621698828791,0.48178811453597215,0.45016495643901644,0.6817378084005146,boot1141
C2,0.9357717307480443,0.2694822944073055,0.2741285408626038,0.3884262036629438,0.37448746429704854,0.561266571800043,boot1142
C2,0.9293789067695173,0.6034885891341677,0.6165875662626613,0.6830180931285931,0.2853705731564669,0.5211521614693511,boot1143
C2,0.9338258287867026,0.48607891266834957,0.48607891266834957,0.47024875650865233,0.18809950260346098,0.5391564950861579,boot1144
C2,0.9302286091864493,0.4701976482215008,0.4701976482215008,0.7020247193128173,0.24865322947697657,0.16171807781773287,boot1145
C2,0.9397935926656253,0.2590763150224985,0.27110485821997166,0.2748059484345788,-0.12953815751124925,0.3071904878123911,boot1146
C2,0.9329268292682926,0.2861494742824666,0.28521739130434787,0.2684398976982097,-0.03169082125603864,0.8892071611253197,boot1147
C2,0.8872762457668117,0.25383006969797545,0.25579014745626094,0.2263889810819781,0.37437485183253516,,boot1148
C2,0.9242282507015902,0.35187995071290273,0.35187995071290273,0.3490573842633339,0.38763245907410665,,boot1149
C2,0.9407313997477933,0.5287282900104906,0.5287282900104906,0.5462909430003496,-0.06378016085790884,0.6387259587364493,boot1150
C2,0.9431843045729705,0.14935528987748625,0.16687226831990748,0.292256956118291,0.38998325690232516,0.9339315348511948,boot1151
C2,0.9343511787223244,0.06793833230495663,0.06793833230495663,0.30804915058822807,0.04374111805935564,0.5267547408850063,boot1152
C2,0.9448504112461905,0.47580570642749653,0.47488538591216295,0.5494313476541886,0.059820833496687195,0.5665804602440497,boot1153
C2,0.9358303497659047,0.5212761982752002,0.5212761982752002,0.5287097269493564,0.04460117204493692,0.3261460705786012,boot1154
C2,0.9342140104151343,0.5519636487617054,0.5519636487617054,0.46726096404447914,0.11821143911085429,0.5668564284922067,boot1155
C2,0.947498401998954,0.5781815418377101,0.5827702842332475,0.6717918867066728,0.17345446255131303,0.7011598380381119,boot1156
C2,0.9215259403155038,0.3774457904434422,0.380276633871768,0.5274804921447105,0.031139277711583983,0.3047874757830796,boot1157
C2,0.9482394442871762,0.5456336028467649,0.5447165715814761,0.6382537606409215,0.37414875623778154,0.5888620997328111,boot1158
C2,0.9018193117612953,0.3403747488392436,0.3403747488392436,0.39147917288592887,0.26709293322512884,0.28444915271268234,boot1159
C2,0.9402510778502235,0.523449453702066,0.5345473219784349,0.4688849346765856,0.2432282797237515,0.5585927032439008,boot1160
C2,0.940057276408045,0.3811053629988703,0.38018034998188277,0.412555805576447,0.1748274602106468,0.7020848798935498,boot1161
C2,0.9260023792493876,0.3944022169796054,0.41036611623830377,0.4573187611168282,0.4526234966289757,0.5352601516151787,boot1162
C2,0.9162749475526437,0.3843539692797771,0.3843539692797771,0.5134209811860726,0.11198461327163876,0.8237512230490038,boot1163
C2,0.9343119913803564,0.38065675833572615,0.379726057215101,0.37414185049134957,0.20103144205505344,,boot1164
C2,0.9318964182779133,0.5542694756622575,0.5589350436392124,0.487085296794105,0.07184974684510745,0.7891191111864986,boot1165
C2,0.9093454567351116,0.4178829917557859,0.4178829917557859,0.34998895877029207,0.16638819351374542,0.45039562726996596,boot1166
C2,0.9035187287173667,0.6053626829801179,0.6044002621804675,0.5630161677954991,0.2483045663098099,0.050045881581822146,boot1167
C2,0.937118336359135,0.09279139929858952,0.09279139929858952,0.1725920026953765,0.19393402453405215,0.16888034672343294,boot1168
C2,0.9434963780664306,0.4460743835391367,0.4451527422508327,0.45068258998065674,0.3465371244023045,0.6986040965344331,boot1169
C2,0.9295173223896364,0.47617046502619187,0.47617046502619187,0.5556881261798782,0.16745483937070405,0.5107840351754436,boot1170
C2,0.9173963718956396,0.3450217908278815,0.3488132390787374,0.4966797208621151,0.24833986043105755,,boot1171
C2,0.9298059026854559,0.5882480635575834,0.6004058136788053,0.5115607166391067,0.08697467394412602,0.4292621004339123,boot1172
C2,0.9042193981147127,0.4866075655061095,0.49141594065933186,0.4827608653835315,0.20387510649663082,0.7376047485043201,boot1173
C2,0.9384109866037577,0.5430085801057094,0.5420819443034812,0.5439352159079375,0.412352931991537,0.46702444432299917,boot1174
C2,0.9126397190423124,0.3944601494856805,0.4077993815938919,0.4344778458103147,0.29727431555442585,0.8337020067632135,boot1175
C2,0.9540398316646574,0.45208211807417414,0.45117066219096,0.3253897503074197,0.21966086785458866,0.434764456293107,boot1176
C2,0.9295726786169399,0.5116890640769908,0.516366295010053,0.554719588661162,0.5098181717037661,0.8100963976063512,boot1177
C2,0.9299521100029907,0.37496086994500355,0.38992190216226047,0.42545435367824586,0.18794796722929108,0.6021815467445942,boot1178
C2,0.9297900940957502,0.4517148576512455,0.45545576744545874,0.4694841791737583,0.27589209732322445,0.42926939888596616,boot1179
C2,0.9029749894953608,0.5633551959818999,0.5681701976569589,0.651951226802985,0.3177901105538922,0.9109983169211578,boot1180
C2,0.9332960342758706,0.29628513244994503,0.29628513244994503,0.41554455683231284,0.25994827658344233,0.5469162665035149,boot1181
C2,0.92579536735352,0.5748288788317784,0.5748288788317784,0.5814037189491351,0.33062053161566335,0.667021660948486,boot1182
C2,0.9492119089316988,0.6009562008663563,0.6009562008663563,0.5853826407829295,0.102602278196695,0.6769918177442643,boot1183
C2,0.9176753548926824,0.36292080471074367,0.36292080471074367,0.5315889593804887,0.2122565541911399,0.7760630262613554,boot1184
C2,0.9336257460572117,0.17975734673691987,0.17975734673691987,0.4377510516391313,0.2626506309834788,,boot1185
C2,0.9317625549231812,0.3891642712365373,0.3891642712365373,0.46289083581132495,0.13532090966258492,0.6336751562820356,boot1186
C2,0.9161776750552569,0.5239158441303975,0.5239158441303975,0.4954421569493976,0.23158598907213218,0.7869939933526685,boot1187
C2,0.9186405767250257,0.24611035289530123,0.2508432442971339,0.3549668551374537,0.21771300448430492,0.8557067654513549,boot1188
C2,0.9148668483958902,0.5113597544569451,0.5104092716419695,0.615912864104276,0.16253256136085062,0.6035565875095914,boot1189
C2,0.9386209397123508,0.3279556996148604,0.3279556996148604,0.4511706941029294,0.08708428181863523,0.8467556764067299,boot1190
C2,0.9506045430349906,0.5689743113267264,0.5708038107200599,0.5900135543500619,0.4006603671400421,0.8562057160800898,boot1191
C2,0.9273936554113323,0.2972331892768685,0.31036020709982165,0.5625864781265648,0.4303786557668221,0.37412000795416556,boot1192
C2,0.903962451826162,0.3318721915871037,0.33475803673133936,0.27896503060944944,0.036554038493652,,boot1193
C2,0.9396694607974067,0.5644908180357026,0.5672670023866978,0.6746127972918479,0.1674964558433806,0.654254112051216,boot1194
C2,0.9340023100295005,0.36030075677201023,0.36030075677201023,0.5222964458633016,0.2802339219337857,0.5902601545050504,boot1195
C2,0.9256121749124141,0.3945684825709066,0.40584186778721815,0.26398510381529705,0.054488028545506155,0.17004022701270022,boot1196
C2,0.9416057061257582,0.44789355851509277,0.4571284772473627,0.4811392659512646,0.023087296830674883,0.47190434721899466,boot1197
C2,0.912186662462557,0.4461329445888877,0.4461329445888877,0.5061893025143149,0.11343978719247359,0.44471758627943064,boot1198
C2,0.9265871546040448,0.2909226790506249,0.296553440580637,0.3819533237858204,0.43544555832093546,,boot1199
C2,0.9073304627821221,0.2750543794441437,0.2913467991324728,0.2855965333601213,0.32776514902403187,0.600902773210725,boot1200
C2,0.9431033665330654,0.4711549569803996,0.4803752105416599,0.5670455940175065,0.24433671937339707,0.6343534450147063,boot1201
C2,0.9493566712951046,0.4240858128725618,0.4350772378282221,0.4204220045540083,0.30501204251957464,0.8124494946392273,boot1202
C2,0.9131087041315372,0.5123443515977363,0.5275813583367025,0.5094874128341802,0.2666476179319074,0.5067406470574806,boot1203
C2,0.9079069346779115,0.3984319500358403,0.40705187203180804,0.30935942274417405,0.10343906395161238,0.7240734476612867,boot1204
C2,0.9137727468655709,0.5614563139694355,0.5614563139694355,0.5595530722271663,0.24551818475273626,0.5348109295776657,boot1205
C2,0.9423010244862057,0.44387181876754955,0.44387181876754955,0.6072092655905356,0.03506679649307044,,boot1206
C2,0.9277428950941832,0.4161572765076731,0.4152199853443675,0.4527116318765903,0.22869904384655904,0.756393968787595,boot1207
C2,0.9286704497144229,0.5271678640596902,0.5355950590446587,0.5693038389845323,0.31086985944550116,0.391396389301866,boot1208
C2,0.9434347485279909,0.36775889618277763,0.38066271710147165,0.3530116722756989,0.15484585102432746,0.6286004190392341,boot1209
C2,0.9160357880247764,0.27244046646849374,0.27149119655048504,0.5258955345768137,0.6493006239179433,-0.15757880638944238,boot1210
C2,0.92836936866978,0.3418804142607616,0.340943755591554,0.41681310779736686,0.02247980806098158,0.6575343857837112,boot1211
C2,0.9298217108081358,0.43206038938972413,0.4367363676298726,0.44515312846213995,-0.174881586181555,0.5265151498407243,boot1212
C2,0.9331507393950103,0.5367509707403972,0.5404784080372056,0.5497970012792264,0.19103116146142615,0.5544562979002369,boot1213
C2,0.9327932240839624,0.37475102559261236,0.37475102559261236,0.4306840144870321,0.19296881168574814,0.4856847868998781,boot1214
C2,0.9209115281501338,0.22378583633947227,0.22284159230428457,0.3861958103917474,0.10575533194101643,0.49667236250870206,boot1215
C2,0.9374534815080975,0.4164844339588952,0.4164844339588952,0.28569533554418647,0.04637911291301728,0.5444907855988229,boot1216
C2,0.9118394719154703,0.3928990580026448,0.40243544290562155,0.4434418979884219,0.11348298034542409,0.556924878333846,boot1217
C2,0.9461818181818181,0.39518096447548706,0.4071282959596297,0.4319419844266951,0.031246866958526884,0.7830097249607324,boot1218
C2,0.9337669887195638,0.4991469629493595,0.5028719402848024,0.6425585903639143,0.22722361746202183,0.493559496946195,boot1219
C2,0.9340885684860968,0.47477110397392264,0.47477110397392264,0.5538996213029098,0.29137912851732894,0.5995148842337376,boot1220
C2,0.9376015015818666,0.5100897009639206,0.5100897009639206,0.59634123221782,0.35613535485481007,0.7901753185841097,boot1221
C2,0.930331272492387,0.45612550994885415,0.469211077857223,0.4215422233338796,0.3710693185444572,0.4972515805180132,boot1222
C2,0.9146230019025932,0.27381203193856124,0.2728612957165524,0.44114160701212657,0.12644791752718282,0.7891110642673814,boot1223
C2,0.939242535715462,0.48883053878396693,0.48883053878396693,0.5841895264634152,0.2518217927068921,0.2879285938670715,boot1224
C2,0.9290228164704316,0.34351194515873956,0.35661594306670236,0.40996793454912245,0.10202398371199621,0.2152799656308177,boot1225
C2,0.9384770919107412,0.720871873124825,0.7227250141868427,0.6569385064852198,-0.07041936035666672,0.7996303682605708,boot1226
C2,0.9214858040289836,0.03680256747307872,0.03585891189684594,0.18684380409409196,0.04529546765917381,0.6809680742943661,boot1227
C2,0.925687848929024,0.3635369520295358,0.36635506793674144,0.5016246314826153,0.31375023766890164,0.4185812180300214,boot1228
C2,0.9186768903565231,0.4240503070019761,0.44014150168731886,0.4373018790957878,0.29058804520001486,0.35779244653291725,boot1229
C2,0.9408707664981854,0.5295741852196003,0.5452858102610195,0.4482434202993127,0.34473153767349196,0.4722729644803067,boot1230
C2,0.9365371771630714,0.31940049159471173,0.32961387940733333,0.3964651450899475,0.27297600153734086,0.904349066317585,boot1231
C2,0.9519745407203818,0.3407106095941544,0.3407106095941544,0.3142210447731612,0.1452358898806181,0.61656745704036,boot1232
C2,0.9312149408627728,0.5303963905697747,0.5434695410415649,0.49771351439029915,0.2399856908035776,0.42917278298782374,boot1233
C2,0.9085978985425375,0.4679929284300899,0.47086405069039716,0.5522125147324374,0.3273079376750322,0.9723534054907389,boot1234
C2,0.9124846610802352,0.38213864522513,0.3878564304404686,0.22680548020843128,0.02096521245624155,0.6113819216397738,boot1235
C2,0.9230889287744841,0.3645604758549205,0.36361845912144525,0.34854619138584125,0.3268798065159107,0.41542937946258385,boot1236
C2,0.8753056234718826,0.6099732815156668,0.6099732815156668,0.44307505465144525,0.11225892640272042,,boot1237
C2,0.9267302678359801,0.48886228710191715,0.4926155484232371,0.5902003427775545,0.0919549023723376,0.5019987017265368,boot1238
C2,0.9413814643127199,0.3159094539480277,0.3159094539480277,0.25863931902177706,0.15703101512036463,0.40828063931294806,boot1239
C2,0.9163276295321288,0.23344602583628687,0.23344602583628687,0.3292917518910226,0.30746549744291446,0.6990124223083516,boot1240
C2,0.9139111565834298,0.3387257231311023,0.3387257231311023,0.2997151763660034,0.254995769098695,0.22169408283580572,boot1241
C2,0.9409017319070713,0.5859319088601028,0.5979462855401995,0.5286325739242567,0.41126135558792704,,boot1242
C2,0.9101247828147211,0.3076501214855953,0.30669468632570207,0.3582881849599324,0.3391794817620693,0.3114718621251679,boot1243
C2,0.9242082833734866,0.5541758521942407,0.5588802312451256,0.5711116167774263,0.05551167280044176,0.46197002279689675,boot1244
C2,0.9442276795960521,0.5396635032022152,0.5396635032022152,0.581105239796242,0.20905053792986836,0.7662116632495615,boot1245
C2,0.9299481589791305,0.3600013672409079,0.35906629875456786,0.4301315037164094,0.4385471200934696,,boot1246
C2,0.913230981542177,0.3732566810663426,0.372304495655459,0.4713317783873457,0.35611734367043907,,boot1247
C2,0.938018073481234,0.6600410506855708,0.6637491464759392,0.5478711530269275,0.47927138090511245,0.7323489185977542,boot1248
C2,0.9407507584341531,0.24772074449215678,0.24772074449215678,0.3392295269724684,0.30225628152587786,0.6285451725920396,boot1249
C2,0.9219271389404529,0.3188028978255782,0.3178596939858576,0.5027276465711041,0.33012134390222597,0.6462351313802952,boot1250
C2,0.9119947139011635,0.5720856957635013,0.5768530765615306,0.7561065945674277,0.11251018683348861,0.7799434985575735,boot1251
C2,0.882565241532482,0.465047526567009,0.470959147667437,0.6098822435274969,0.0995122885238727,0.23996546173525904,boot1252
C2,0.9489337008559408,0.5140781558464003,0.5140781558464003,0.5241581196865257,0.02932353117127417,0.7541645673112075,boot1253
C2,0.9519101058578027,0.33159872131896023,0.33342571151906475,0.4878063834278919,0.22654678481295354,0.7180071486410544,boot1254
C2,0.9253412542135299,0.7170092739823553,0.7282859598116977,0.7235873407161385,0.2527857073410925,0.7395626456410402,boot1255
C2,0.9336767546683837,0.40885577211394303,0.40792443778110943,0.5448305847076461,0.02048935532233883,0.4768431784107946,boot1256
C2,0.92505823528539,0.7162886295993595,0.715348618274426,0.7144086069494923,0.3901046998474202,0.6091273385569357,boot1257
C2,0.9407430150445194,0.55737626291293,0.5564519241684641,0.48620217958905665,0.2828476558065615,0.5083863094562379,boot1258
C2,0.944389199112675,0.33976412004592227,0.33976412004592227,0.4097426379957599,0.2734686819881813,0.601393544325529,boot1259
C2,0.8903864120196652,0.6709348843192274,0.6709348843192274,0.6933970420184155,0.3603711387391484,,boot1260
C2,0.9419727935861207,0.28986344416740983,0.30094102802094136,0.3055566879599129,0.08677440685266406,0.6646550312118951,boot1261
C2,0.9223360541435026,0.34317398491416706,0.34317398491416706,0.5694425463960354,0.06788056844456052,0.39879833961179306,boot1262
C2,0.943939128913766,0.6208948634179158,0.6208948634179158,0.6199736544217467,0.1335753044445071,0.6310281623757749,boot1263
C2,0.9332724756323801,0.47332278832659525,0.47332278832659525,0.5795408943683903,0.29256566050108446,0.4496102155947669,boot1264
C2,0.9216102167943023,0.16417390461705042,0.1632303764295961,0.29343726629829125,0.3207995837344663,0.6195609568713862,boot1265
C2,0.9255763256045023,0.419949864123904,0.419949864123904,0.5608726373198448,0.10052491154643786,,boot1266
C2,0.9469935903957675,0.28465368733768054,0.28465368733768054,0.23690532688103738,0.13130799125576878,,boot1267
C2,0.9336885251933563,0.45262277970553016,0.4628673282173838,0.5681067811118794,0.3194436490514339,0.5656124223931951,boot1268
C2,0.9356271095554829,0.5093073236802966,0.5130248953859923,0.5325421468408942,0.07249264826106412,,boot1269
C2,0.9265632986880218,0.7789420662967523,0.7780035818795272,0.680401202488127,0.09103298847082526,0.5415055087388266,boot1270
C2,0.9377377993797973,0.3514470863916041,0.3514470863916041,0.44603179038090124,0.27448110177286233,0.7724417492459267,boot1271
C2,0.9398129856446725,0.34419428738545527,0.34419428738545527,0.39970949502827063,0.16006884870345098,0.5560773298888673,boot1272
C2,0.9331428844900768,0.4239995615775934,0.4333182332606174,0.4780478573391328,0.30285682969828104,0.7417662659687129,boot1273
C2,0.9438121166398794,0.2616585625307871,0.2616585625307871,0.24691723506426388,0.366690520729765,0.4532958195955889,boot1274
C2,0.9443545919482449,0.25137941444016004,0.250458610724262,0.3296477302914919,0.1381205573847033,0.5791855372998559,boot1275
C2,0.9419843816742057,0.5169475537095995,0.5169475537095995,0.5594111027643166,0.22431831348470122,0.4190967667574254,boot1276
C2,0.9218228560161019,0.4490158177104591,0.4490158177104591,0.3622312479008746,-0.09338774359944423,,boot1277
C2,0.9025263102086261,0.3882820685057811,0.3940629429748498,0.49330128802719586,0.3641950915513282,0.7126309875534826,boot1278
C2,0.92996001196318,0.7059677090249213,0.7059677090249213,0.6882016342282679,0.2449848208801714,0.5918908076990401,boot1279
C2,0.9129415471640077,0.2485991818908404,0.2571715674732832,0.3695650673319773,0.3590877071756584,0.15716040234478418,boot1280
C2,0.9509198456425887,0.5413522612389957,0.5413522612389957,0.5157477623966108,0.18380372383283472,0.3410885024360564,boot1281
C2,0.9282148008432264,0.37472585724828233,0.37472585724828233,0.4449869554823353,0.3428741593821784,0.4384292529804903,boot1282
C2,0.9121907457386629,0.4137197248610833,0.41276645360564307,0.4137197248610833,0.3136262430398535,0.5891216358620956,boot1283
C2,0.9453726313644286,0.4580664426850083,0.4571466305511028,0.43047207866783904,0.08738215272103571,0.7459676405974734,boot1284
C2,0.936576201030398,0.37323734791330526,0.3880925657407005,0.4103753924817932,0.10305807367755443,0.5747112396973529,boot1285
C2,0.9552766101646034,0.5707429507882554,0.5707429507882554,0.5707429507882554,0.24213337306168417,,boot1286
C2,0.9248867569643076,0.43906667866519195,0.43812649305777185,0.5039394855771796,0.14948951157979767,0.6559220684320086,boot1287
C2,0.9153420340518226,0.31634646571350444,0.3201464232596127,0.4901945234479529,0.09499893865270403,0.9395395032752429,boot1288
C2,0.9445737323412764,0.5367040225462949,0.5367040225462949,0.4906745180397517,0.2697328964083438,0.7981516081434609,boot1289
C2,0.9258351835309554,0.26767840687514294,0.2667391843948793,0.33999853785544476,0.3202748657699079,0.47618579749367534,boot1290
C2,0.9454800831098513,0.5536639747584661,0.5573428051555323,0.4929632732068735,0.3807589460963538,,boot1291
C2,0.9074087339438474,0.45231522163648724,0.4580649914030527,0.48968872511916306,0.0364152085215816,0.3967341138930206,boot1292
C2,0.9275762408919842,0.3590470126106349,0.35810955304768277,0.39748285469166883,0.4931037301127779,0.16874272133136886,boot1293
C2,0.8941590380938935,0.5202848391445734,0.5241748192503272,0.6019744213654034,0.2363162914245445,,boot1294
C2,0.9304576002834397,0.5485846775320067,0.5485846775320067,0.4373724515928094,0.07943730424228376,0.18971497366098358,boot1295
C2,0.9307456739106371,0.5596260931613001,0.5596260931613001,0.4746077718296168,0.03923922523000769,0.5129127297922433,boot1296
C2,0.9062541279660024,0.442336815741853,0.4490534268268702,0.49702922029127955,0.25906928470780977,-0.011514190431458213,boot1297
C2,0.9140454616993052,0.11511177038036793,0.11511177038036793,0.3158438658370426,0.057080216717537824,,boot1298
C2,0.926050139895125,0.4488441348976157,0.4488441348976157,0.5756097378498712,0.3136274917485432,0.7277284613925779,boot1299
C2,0.922003332936555,0.24992836183657519,0.24992836183657519,0.5969986907266117,0.2386108511119001,0.6479274889876497,boot1300
C2,0.9332764021452259,0.3792156778685902,0.3922599518001879,0.3298337836989703,0.23945560003004343,,boot1301
C2,0.9432806432204781,0.47383196607656963,0.4839723388914379,0.47383196607656963,0.5374397591880157,,boot1302
C2,0.9240525127717714,0.571207890959859,0.571207890959859,0.4902789311204061,-0.0047051720836891195,0.6239058182971771,boot1303
C2,0.9212810624897636,0.6776952783547459,0.6805268742253089,0.5993544592691694,0.151018446430027,0.47476424096439723,boot1304
C2,0.9376638134863174,0.5286032870034352,0.5323127837543364,0.5731172480142508,0.09366479296025783,0.7372624792416334,boot1305
C2,0.9479378056262455,0.32564968961225926,0.3375748895135533,0.34674812020685636,0.4660001192197964,0.6344668450122982,boot1306
C2,0.9418221253382115,0.5050339773470867,0.5087270960114164,0.520729731670488,0.2280500775223591,0.687843351231407,boot1307
C2,0.8982831769589879,0.5082158397710679,0.5130559906260304,0.5895303741344387,0.43948569763059964,,boot1308
C2,0.9286110392251099,0.3989127492150094,0.3989127492150094,0.4663346223217717,0.1236067673623973,-0.08334092647919213,boot1309
C2,0.9286625286965394,0.4316633360668136,0.4307269730818531,0.35488157130004855,-0.08801812058629171,0.8071448930359943,boot1310
C2,0.9250941191743477,0.5282658726769087,0.544245445337954,0.4925468279051604,-0.15415587743596623,0.5677448168983147,boot1311
C2,0.9372313740446816,0.7069851842375313,0.7106963925537388,0.770075725613059,0.2588567800554741,0.8442998919372092,boot1312
C2,0.9267580909774351,0.4090932018545925,0.4090932018545925,0.3518576850813583,0.17921284760143844,0.5779848906936444,boot1313
C2,0.9281236245547717,0.3363494956754608,0.3363494956754608,0.2932517887086887,0.028107200195720963,0.7757587254018986,boot1314
C2,0.9430840937438456,0.4619441434788661,0.47300867386159345,0.4564118782875024,0.10787917123159146,0.5744335357032606,boot1315
C2,0.9197691929207233,0.7828050836467385,0.7818596668790492,0.6201933996041792,0.29024294768061437,0.520924638996803,boot1316
C2,0.920179746476984,0.21734883946937913,0.21734883946937913,0.34492315828836256,-0.012284934404790995,0.5688869624372446,boot1317
C2,0.8917993919810329,0.23109116060725265,0.23109116060725265,0.3558998886989334,0.18721309213752113,0.7254507320328942,boot1318
C2,0.9363381108806959,0.5117066465787137,0.5117066465787137,0.5757860633009119,0.29346515484369057,0.5414246369426317,boot1319
C2,0.9244079233056086,0.41107393221073923,0.41107393221073923,0.43459074755460303,0.0959486066029643,0.5696024533407791,boot1320
C2,0.9222719310968057,0.4110831328583646,0.4205116450798867,0.5477965600704353,0.31114090331023003,0.6458530871742654,boot1321
C2,0.9421774791118378,0.5842156014253003,0.5842156014253003,0.6294392419779697,0.04983829775192134,0.49653711463951267,boot1322
C2,0.9350482315112539,0.29851982536929605,0.29851982536929605,0.34966808205250877,0.34873811374917774,0.7197954667783028,boot1323
C2,0.924020554251938,0.47053348185272825,0.47053348185272825,0.4931190889816592,0.2484416784182405,0.2644398168012333,boot1324
C2,0.9165342555379007,0.5417383323431084,0.5417383323431084,0.30739618157472354,0.03510388493291596,0.06451524798481852,boot1325
C2,0.9425017241819714,0.5674075653917852,0.5674075653917852,0.7104127241490643,0.30261736820895196,0.7500851230301159,boot1326
C2,0.9468443488278281,0.43347650869628634,0.43347650869628634,0.44449709790042924,0.31041326258335755,0.625418437335108,boot1327
C2,0.9153176756807336,0.6298597246050864,0.6289097099375072,0.5766589032206447,0.37525579369382983,0.11450166181512371,boot1328
C2,0.9460668436556716,0.29780044858788407,0.29780044858788407,0.36030177730385976,0.25919668673389906,0.5762990162487757,boot1329
C2,0.9428411963623231,0.21950305368243517,0.21950305368243517,0.3329437074762987,0.22688130758772712,0.7350585453147093,boot1330
C2,0.8925278110036418,0.14906367803963783,0.14808940563415,0.34196961432622786,0.30592153532317823,,boot1331
C2,0.9352164839363922,0.4769879104826377,0.4769879104826377,0.34960517415491577,0.1320317413031863,0.3774992040077016,boot1332
C2,0.9411648647957411,0.4878321024895597,0.4878321024895597,0.6532145766290128,0.32060177947704027,0.704030420638342,boot1333
C2,0.9415361240060922,0.46270362103517604,0.46270362103517604,0.4922575449336305,0.2179601887511009,0.7914910244054809,boot1334
C2,0.9234289790035216,0.2862676308601621,0.2862676308601621,0.365367897282049,0.09699199335064702,0.7542775405229928,boot1335
C2,0.9228527675770505,0.6463888499750642,0.6463888499750642,0.694443997713735,0.07726513950139248,0.6077562802243677,boot1336
C2,0.9425017241819714,0.4456225269662312,0.4446999130387649,0.6024668946355052,0.11071367129595806,0.6971864009396177,boot1337
C2,0.9078246187938585,0.5325679110926926,0.5325679110926926,0.6159013791953262,0.3917630856778979,-0.044061373939323495,boot1338
C2,0.9340768067913062,0.5129454358560657,0.5129454358560657,0.6646879150657549,0.29231373295608826,0.5948677559201924,boot1339
C2,0.9282504742990914,0.5882969862569492,0.6032854445055338,0.6445037046891416,0.25855090478808596,,boot1340
C2,0.9085321301324977,0.4498417156851789,0.4536701558186699,0.5168394180212693,0.26894791937773466,0.8326857290342673,boot1341
C2,0.9566945433468576,0.49172934650901995,0.5026364669491462,0.5417203151929315,0.3508457074907241,0.6398843991540668,boot1342
C2,0.8946145836114596,0.38393993029152473,0.387827929585616,0.4432319195264184,0.3547799355858393,0.2731319504099201,boot1343
C2,0.9035062827046846,0.29065508528180184,0.29065508528180184,0.2858429149956793,0.10105557600857351,0.7316089462050204,boot1344
C2,0.9420500427122654,0.5566029428514239,0.5704487872009617,0.5972174196100684,0.12738176801574874,0.8492117867716583,boot1345
C2,0.9070172659591318,0.17448495800999256,0.17352624944949813,0.44388206350893716,0.35376345882245747,,boot1346
C2,0.928242547069679,0.5639455576800554,0.5639455576800554,0.5039912126775246,0.23794380672879412,,boot1347
C2,0.9392464184010366,0.4443895618557574,0.4443895618557574,0.5647450681916917,0.3360696061534165,,boot1348
C2,0.9301575230451748,0.33093973797981263,0.33093973797981263,0.5048233291217481,0.2598905286960111,0.5422176497974331,boot1349
C2,0.9295647709349872,0.4583725307201204,0.4583725307201204,0.5042097837921324,-0.03835361991739782,0.6445279054411488,boot1350
C2,0.9298888901197504,0.3076571400749793,0.3076571400749793,0.42267789457109617,-0.0037405123413371344,0.5470499299205559,boot1351
C2,0.9202964155182242,0.5395237129668059,0.5395237129668059,0.45070544848540534,0.003779500616229814,0.38361931254732606,boot1352
C2,0.9203165283221316,0.7568284581396068,0.7568284581396068,0.7577733126441507,0.25889013424500906,0.5782509567808233,boot1353
C2,0.9276833816825527,0.38525138145691507,0.39087548921541015,0.44805391809344375,0.5146058599023026,0.6411482844684426,boot1354
C2,0.9288367640373021,0.5364353445695514,0.5401800939208223,0.8453771660493979,0.18442890555009014,0.6459692630942243,boot1355
C2,0.9293077076544523,0.3602494695117019,0.3602494695117019,0.33966378553960463,0.27322816908419983,0.5445849123527545,boot1356
C2,0.9378507053506961,0.4626675024102105,0.47193939624608644,0.5034638352880648,0.03152443904197827,,boot1357
C2,0.9557735131122851,0.5076698450497278,0.5194972787157609,0.5276855020230146,0.06277637868894484,0.8006262789314704,boot1358
C2,0.9339944676593489,0.20482385544050183,0.2187891183114451,0.2094789430641496,0.1368595761352444,0.6293678467171783,boot1359
C2,0.9330604010043515,0.5945838105426842,0.5936518609963788,0.6737995219786217,0.020502890018713242,0.6234742464781436,boot1360
C2,0.9371378273307416,0.46116366284609733,0.46116366284609733,0.5326115542729574,0.013918420407829897,,boot1361
C2,0.9409946172707773,0.6154450027166947,0.614520911121024,0.7836296731287644,0.521187659958282,0.6625736740959011,boot1362
C2,0.9228287453816933,0.6944620748157554,0.6944620748157554,0.7387493441730696,0.426853894018368,0.5078901741189853,boot1363
C2,0.9241883153041451,0.23616493083813656,0.2352240346993392,0.3838856246293216,0.19946998142503963,,boot1364
C2,0.9309586696374555,0.23631553921257845,0.2475241813886691,0.3848300480457799,0.3923024761631737,,boot1365
C2,0.9434732678320785,0.3050707389069869,0.3050707389069869,0.2921674448142442,0.2875591254954075,0.5981598475849984,boot1366
C2,0.9269607589031155,0.5262640109315658,0.5262640109315658,0.42682731724396156,-0.14634079448364395,0.5967499044696895,boot1367
C2,0.9300153224168805,0.3683903774421892,0.3721303812740896,0.4188804291728446,0.3711953803161145,0.5441705575415079,boot1368
C2,0.9494671210034076,0.4423533903481979,0.44143754481952663,0.5321062521579771,0.13005006507131284,0.6868841465034129,boot1369
C2,0.9053741671325185,0.6492631536177708,0.6569467412345492,0.5474556176954576,0.38802117464730684,0.3351965097819556,boot1370
C2,0.9272070364557111,0.2025718955655201,0.21288805691376422,0.17443691007030898,0.21945288686264677,,boot1371
C2,0.9421504497138183,0.6460705425113437,0.6562230796079503,0.5196253077626949,-0.011075495014480177,0.40240965219277974,boot1372
C2,0.9363537266157476,0.3120336948937866,0.32596377055868775,0.2990322909398788,0.28695955869696443,0.8571639892469196,boot1373
C2,0.9278301694827464,0.5192104614396684,0.5220220704366341,0.4554806575084456,-0.07029022492414283,0.6879070012576113,boot1374
C2,0.9240125643253357,0.3463156372052655,0.3463156372052655,0.21832942345549347,0.03293762853854427,0.16468814269272133,boot1375
C2,0.9198899763702637,0.575683213204347,0.5747379205718276,0.627674307992917,0.3554300298273144,0.131395675920204,boot1376
C2,0.9413930653574716,0.4147415112521965,0.42767331783912477,0.4110467093702171,0.08867524516750751,,boot1377
C2,0.9280443282152195,0.35980290307945745,0.35980290307945745,0.5368933944388778,0.18552337190034524,0.46380842975086306,boot1378
C2,0.9048653755314123,0.461274478651257,0.461274478651257,0.3603706864462945,0.056698321334217,0.7313122463616804,boot1379
C2,0.9472116366172726,0.4140298723989798,0.4140298723989798,0.34885000335169025,-0.0321309213613399,0.4305543462419546,boot1380
C2,0.9145538921370702,0.381274034446569,0.3850772667103751,0.39268373123798744,0.11504777598013677,0.4078966602932122,boot1381
C2,0.9189027870522009,0.3671675710443346,0.38041588546346017,0.4078588224745058,0.3293152441325476,0.4258386777576046,boot1382
C2,0.9117822663317149,0.5750800881404661,0.5817559763941696,0.7324403112634791,0.36622015563173954,0.6570981438288244,boot1383
C2,0.8845265588914548,0.36767396980361006,0.36767396980361006,0.4286252696106255,0.11600408672948122,0.3686570552843683,boot1384
C2,0.9317389284950715,0.5674289610587089,0.5776949455515472,0.5963603719021627,0.3957070386330469,0.4125059223486008,boot1385
C2,0.9264638876232177,0.33225913181163413,0.336013472284082,0.3998372603156953,0.30597874850449924,0.4368220905120531,boot1386
C2,0.9057874705491451,0.2496026539036481,0.2496026539036481,0.46080489951442727,0.29280311323312563,0.5875262468808948,boot1387
C2,0.9329661185445923,0.18827283265876493,0.18827283265876493,0.26190428701541063,-0.04100992394547355,0.5294008363870222,boot1388
C2,0.9345744915515948,0.6420033987915408,0.6420033987915408,0.7657518800078812,0.2167924520556942,0.5908292148298961,boot1389
C2,0.8987604404958237,0.4257070943633191,0.4411873523401671,0.3686236430736922,-0.07062867701936884,0.7643377376068685,boot1390
C2,0.8916934373565856,0.5295249390230258,0.5295249390230258,0.5422023316699859,0.3666692027120767,0.38324733155810153,boot1391
C2,0.9284050318372419,0.42241683273451924,0.42241683273451924,0.3624729806391551,0.18357804704205274,,boot1392
C2,0.9123785433078253,0.4021976672190588,0.41649379283111077,0.3983853670558451,0.23826876020086427,,boot1393
C2,0.9223400615805679,0.32337408076377244,0.32620242549348466,0.2800061282415172,0.3073467939620694,0.47799025932137784,boot1394
C2,0.9197410062288224,0.2789064936685173,0.2845791681160125,0.2921427340460062,0.45192306431712287,,boot1395
C2,0.9380414229805196,0.29664027914788155,0.29571327827554444,0.4968724675727016,0.11680210991447834,0.4023183785943143,boot1396
C2,0.9388346954916952,0.37419190994224877,0.37419190994224877,0.38160165073318436,-0.12133450545157075,0.7604246486697679,boot1397
C2,0.9326281361875156,0.5659555684371892,0.5659555684371892,0.7039480299342303,0.41584214748432685,0.2480134780960335,boot1398
C2,0.9162101011612034,0.4308865490516916,0.44417379946297714,0.4242429238460488,0.07402896657716286,0.46885012165536477,boot1399
C2,0.9381464830224351,0.366124338880404,0.3818815889081682,0.3809546918477115,0.4727175008329267,0.7674707660581633,boot1400
C2,0.9281593040802437,0.48623587119379835,0.4890464831660168,0.5686804890455407,0.4422029502957087,0.659193533364134,boot1401
C2,0.923708859161102,0.590248091589709,0.5949550141701692,0.5620065561069478,0.32007073547129355,0.7954699160977737,boot1402
C2,0.9212850777769092,0.7371555788370875,0.7418748847195272,0.7173344941308405,0.4322884188314802,0.3058110211820952,boot1403
C2,0.9340062311713055,0.3919534413198099,0.3919534413198099,0.401263499308404,-0.19737322935819404,0.5167082183669702,boot1404
C2,0.9379441266257919,0.35507816383367863,0.35878655196771186,0.390307851106994,0.1372103609592283,0.7490944030747059,boot1405
C2,0.9366386332614152,0.5161844106153016,0.5263966921202805,0.6229491718037183,0.4716217276844842,0.3964222002387298,boot1406
C2,0.9395841032752873,0.6339530137181602,0.63672945027459,0.704289406481051,0.11568485651791245,0.6413568445353065,boot1407
C2,0.9156626506024096,0.38461098398169336,0.3836613272311213,0.5669450800915332,0.43969107551487413,0.5944851258581235,boot1408
C2,0.9358381651470475,0.4701667621461699,0.4831753286877636,0.4199908626285944,-0.05575099946397272,0.4590165622533753,boot1409
C2,0.9282346197229978,0.3400564547002565,0.34848760646968435,0.44123027593339065,0.47682847229319714,0.29509031192997465,boot1410
C2,0.9365137614678898,0.3472638680659671,0.3472638680659671,0.4503288128662941,0.45125732588251327,,boot1411
C2,0.9203929501436123,0.4544372808374451,0.4544372808374451,0.3996402698424933,0.10675969383499229,0.2815432633878558,boot1412
C2,0.9075858325417288,0.7147485437903057,0.7195390836280424,0.7818161015186187,0.35354184002496364,0.668759361348034,boot1413
C2,0.9196846284319026,0.49260742677990166,0.49544393787460356,0.6164684112485526,0.30350668713310636,0.4973349452710715,boot1414
C2,0.9369038884812912,0.4733444554152055,0.4733444554152055,0.48355384563004317,0.30535358006196583,0.6357665724694426,boot1415
C2,0.9357287393637143,0.4627874084057037,0.4618581164209534,0.5129691755822259,0.2759997194708715,0.5668681106977496,boot1416
C2,0.9423241860312337,0.521375079944942,0.5379852594830109,0.49830538614206843,0.2325425135329653,0.33497195401772384,boot1417
C2,0.9139884878282767,0.603185220785481,0.6098449945165508,0.5860600883341581,0.22167532561990072,0.5765461258612009,boot1418
C2,0.9344922292937425,0.5508687954363274,0.5499382738224146,0.4038463804381183,0.29311430838250524,0.7667498098640771,boot1419
C2,0.9354941797464728,0.4787053694742244,0.4870710943776574,0.37924619562229817,-0.12827444851930672,0.5493492686587701,boot1420
C2,0.9488269518157944,0.4234061117951637,0.4362366000313807,0.52146770045768,0.22819939791557523,0.5507945307118903,boot1421
C2,0.9420500427122653,0.5196806912526561,0.5196806912526561,0.46614342643444284,0.07292144690756631,0.8649037437011347,boot1422
C2,0.9493680982039923,0.4689618201271002,0.4726255843468432,0.337982249271289,0.07052746123005217,0.46621399696229293,boot1423
C2,0.9144888396117931,0.08557881318534152,0.08557881318534152,0.24247330402513434,0.16545237215832695,,boot1424
C2,0.9518001692745067,0.5856179924539076,0.584704391841655,0.55820997408633,0.3179330130638999,0.7884373283739816,boot1425
C2,0.9441699820749353,0.40983777189012466,0.40983777189012466,0.41444269067540696,0.2707692245745992,,boot1426
C2,0.9141390486539146,0.38049582004915067,0.38049582004915067,0.5060594406653705,0.4099842461029599,0.756235442347687,boot1427
C2,0.9497222091350248,0.5621781172881394,0.5713341126837117,0.4953393509004615,0.29940104943521434,0.660147268020763,boot1428
C2,0.9440584156503805,0.4946267243615797,0.5102852985033801,0.5259438726451806,0.18513961191187622,0.5047587429239212,boot1429
C2,0.9269567857579247,0.701688355489915,0.7007502694531638,0.799249303312042,0.332082457009933,,boot1430
C2,0.9336728311023129,0.2244525174239968,0.2300405469034324,0.3092042978621035,0.3585652249304514,0.6245399397386172,boot1431
C2,0.9417641645852504,0.4570515621586191,0.4570515621586191,0.5909353530939723,0.22067742092103024,,boot1432
C2,0.9375937120798308,0.5073116081995911,0.5212232610752656,0.5369898010010298,0.3227503467156449,,boot1433
C2,0.9105713673494705,0.4383296566247348,0.44692435577423933,0.508997182965106,0.014324498582507674,0.5615203444343008,boot1434
C2,0.9397392885496965,0.5959099580312858,0.5959099580312858,0.6653094096653641,0.11751640476703927,0.6495788672949729,boot1435
C2,0.9246833047621167,0.2614291067977833,0.26707146162075707,0.47865976748227224,0.11848945128244853,0.6874268959323007,boot1436
C2,0.9480294609830733,0.5723542547818162,0.581526598608448,0.543002754536595,0.27975648671226594,,boot1437
C2,0.9429722977039373,0.39007093617930133,0.4057475459075475,0.30062204537695564,0.2821789751084308,,boot1438
C2,0.9295805861820599,0.5462959258241901,0.549102240511643,0.4995240143666395,0.01870876458302021,0.43123702363861577,boot1439
C2,0.924914675767918,0.37042194769773784,0.37042194769773784,0.6167431413444568,0.1955527033531205,0.5011038023423713,boot1440
C2,0.9169229849273649,0.2854537782750822,0.29114388681212705,0.539611959596418,0.03698570549079138,0.7131602699762851,boot1441
C2,0.9552427131964598,0.6672558665378033,0.6672558665378033,0.6599734014187003,0.4469612966849405,0.6223309176518379,boot1442
C2,0.9405687588423026,0.5140275565442484,0.5232726564820945,0.42527459714092486,0.026810789819753964,0.538644180671211,boot1443
C2,0.9316089644570116,0.37522740841705887,0.37522740841705887,0.43029809771209976,0.2184159541532133,,boot1444
C2,0.9291454965357967,0.6757026636810844,0.6794461687430295,0.7075224567076175,0.21805916985830012,0.6897408076633785,boot1445
C2,0.9389318287498946,0.3389605718116446,0.3482217896207058,0.36118749455339166,0.3797099301715144,0.5880873308753942,boot1446
C2,0.9407817308606056,0.31518654051581496,0.31426223981048995,0.3946764011737624,0.2708201066602164,0.37156888354063816,boot1447
C2,0.926889237787718,0.5600781772174414,0.571336030025832,0.5356861627992613,0.14541393210838088,0.5854083460363205,boot1448
C2,0.9279888137963178,0.2408199943222763,0.24363112266066866,0.2904832616338741,0.11994147577140611,0.6643633306400542,boot1449
C2,0.9276516384950119,0.5474318870178466,0.5474318870178466,0.6149234895268961,-0.02812150104543733,0.9608179523857754,boot1450
C2,0.9268614214457376,0.5525895254595653,0.5525895254595653,0.4737821907590499,0.23829836921346276,0.29458932257097364,boot1451
C2,0.9225644304983417,0.2441210433212693,0.2441210433212693,0.3204677788773419,-0.10745096115299112,0.6607291558618137,boot1452
C2,0.9190963376835541,0.47873109918918255,0.47873109918918255,0.3084314986871018,0.021760504508599208,0.5565771878538281,boot1453
C2,0.9320814094461786,0.36197621895312365,0.36197621895312365,0.6689096623437878,0.3162627273843014,0.4963179084614995,boot1454
C2,0.9245635910224437,0.6103937377231816,0.6150963088920814,0.5473792840599256,0.2087941598991469,0.6132152804245214,boot1455
C2,0.9326006165723146,0.3561802417248575,0.3561802417248575,0.5715667229773238,-0.05035008652655054,0.510960137343513,boot1456
C2,0.8785697701416297,0.5027934552808163,0.5136807151392592,0.3968901093850538,0.28504825811195883,0.5374347366485891,boot1457
C2,0.9378000952974379,0.3699685289849407,0.3699685289849407,0.28651698109360074,0.17524825057181406,0.359768895353777,boot1458
C2,0.928210836979315,0.3147710642921413,0.3241392507294074,0.3831588252841838,0.16394326265215692,0.7297817234630299,boot1459
C2,0.9243879626467923,0.5154997234775905,0.5277287315162925,0.4759906205833227,0.17214680546788153,0.8945989726773514,boot1460
C2,0.9424168220683816,0.4115228823116032,0.4161363675393117,0.47611167549952305,0.25005089934180375,,boot1461
C2,0.941137783623808,0.41947376416613497,0.41854981314374257,0.26424999240421715,0.33816607419560657,,boot1462
C2,0.9411803391291957,0.40744397744683997,0.40744397744683997,0.46657416918515676,0.1746188474772171,0.6430408351541964,boot1463
C2,0.9414781319171007,0.22074446544321993,0.22074446544321993,0.29093935822014344,0.025861276286234976,0.745358927249701,boot1464
C2,0.9542625169147496,0.6998347678117832,0.6998347678117832,0.6059767195245259,0.20502971713235837,0.393657056894128,boot1465
C2,0.9421079721545879,0.4338097800395762,0.4439627748915664,0.3728918109276358,0.16337091716384042,0.9626885118750597,boot1466
C2,0.9124030338626204,0.24112151301014323,0.24112151301014323,0.2954453321468158,0.2592294527223674,0.7891249516695596,boot1467
C2,0.935063885142708,0.28642544238102674,0.28549548964602345,0.5496020663869702,0.4965947604917801,0.7207133696275835,boot1468
C2,0.9349347289192049,0.5738601022454903,0.5729300210424992,0.6110633503651333,0.11719023157687485,0.5813007518694189,boot1469
C2,0.9332921079075519,0.6028216577482337,0.6149339939935614,0.5888458851574709,0.28510576085156036,0.47890314077680385,boot1470
C2,0.9215901521607268,0.430258220751127,0.44346790296717037,0.5246130937228655,0.3906291741029969,0.5859437611544954,boot1471
C2,0.9123785433078253,0.35073161501567224,0.352637765097279,0.4822559706465493,0.22397263458881236,,boot1472
C2,0.9416250328687876,0.44419047387783356,0.4432670009591686,0.49036411981108025,0.24472032344620767,0.7101506744533346,boot1473
C2,0.9382320721328052,0.5950136284471379,0.5950136284471379,0.7553521918760395,0.1093638756335861,0.3837003772229208,boot1474
C2,0.9469706329077128,0.27547798860074507,0.27547798860074507,0.2708866887907327,0.30578056734682707,0.5674846565175349,boot1475
C2,0.9286942120653134,0.1956931873523954,0.20037484255221347,0.3782777401453002,0.16104893887374164,0.628883021899396,boot1476
C2,0.924822937110675,0.4447384805475099,0.4447384805475099,0.3469524298563027,0.1071885555653618,,boot1477
C2,0.9334530653103585,0.4313111291978165,0.4313111291978165,0.6241435346923047,0.3288398026065426,0.19469552052342043,boot1478
C2,0.9289357361441685,0.43434464319816674,0.43434464319816674,0.45025813228085815,0.07488700744795979,0.7132987459418169,boot1479
C2,0.9237808048247894,0.5902021220366853,0.5892608108372648,0.4885405124992659,0.31628056300530505,0.5892608108372648,boot1480
C2,0.9463963701937059,0.3234236374544527,0.3234236374544527,0.26461933973546126,-0.027564514555777214,0.5839569010100375,boot1481
C2,0.9238327596002808,0.5195745604514869,0.5318109178534239,0.4216837012359893,0.29461383590817997,0.4866305212924251,boot1482
C2,0.9386714715770507,0.48542241637269284,0.48542241637269284,0.4761586298006949,0.06669926331838527,0.5863976900074706,boot1483
C2,0.9454455474367558,0.308113300248604,0.30995278263814796,0.3016751118852003,0.05150550690722933,0.6824479665207885,boot1484
C2,0.9433538488463671,0.5254149061024973,0.5272584671765411,0.44153287723350215,0.2599421114401829,0.5963220711806984,boot1485
C2,0.9139152269235093,0.3568021922771084,0.35585071976436944,0.3120829841783774,0.06755454840446586,,boot1486
C2,0.9366854526241633,0.64891163330622,0.64891163330622,0.620133005791924,0.3035681031346695,0.5662891220554995,boot1487
C2,0.9366347314617418,0.47069529925433823,0.47069529925433823,0.42149046520999917,0.42613243068588014,0.492048340443391,boot1488
C2,0.9269766511896562,0.31143788983617765,0.3170662854356266,0.36678377989742605,0.37991670296280705,0.7148062411300221,boot1489
C2,0.9479607209627356,0.5448767313964892,0.5448767313964892,0.6118396967027917,0.36600305694814667,0.5898244752322265,boot1490
C2,0.9253611795069565,0.47642971736969975,0.47642971736969975,0.629601401652266,0.29506692555046493,0.579797111670818,boot1491
C2,0.9555175918517397,0.6142812301358487,0.6142812301358487,0.7025557180220372,0.21750105778143378,0.6443127569424901,boot1492
C2,0.9492881046216095,0.6109841650561824,0.6210603656792978,0.5725113990406506,0.17953957473914806,0.6457928581178538,boot1493
C2,0.9421929238619813,0.6303518403044822,0.6303518403044822,0.5943581041816787,0.27595197694149365,0.3802415200665398,boot1494
C2,0.9437774716263202,0.7002387586965587,0.6993173919088002,0.6311362496146615,0.3206356421400033,0.4680543281813841,boot1495
C2,0.9293433083956776,0.5604705607840086,0.5604705607840086,0.67649451660574,0.32748697207746746,0.6184825386948744,boot1496
C2,0.9410333146972737,0.6311286053345732,0.6311286053345732,0.6865718210301431,0.23655772030109914,0.6228121229802377,boot1497
C2,0.9350286638247831,0.43988421290062407,0.4389542251355064,0.5617126101310294,0.2864362316562203,0.44649120111369056,boot1498
C2,0.9377105426180412,0.09644210926349002,0.10757004494773888,0.3013815914484063,0.36073058176440015,0.6973506362129277,boot1499
C2,0.9370481629419338,0.5567900894194626,0.5567900894194626,0.6356686854205531,0.22735595317961393,,boot1500
C2,0.9449387642167498,0.6358820147625608,0.6349617802983603,0.5779072435179279,0.2815917460453598,0.3791365992506151,boot1501
C2,0.9508742714404661,0.6639198964440722,0.6630054062285845,0.7023284854945557,0.20118784740729462,0.6630054062285845,boot1502
C2,0.9256121749124141,0.09394487680259679,0.10991550585903824,0.15219070042020683,0.1503118028841549,0.570847664020058,boot1503
C2,0.9172426676629926,0.3697281501815284,0.3697281501815284,0.3792083591605419,0.3962727353227664,0.11660657044186665,boot1504
C2,0.9355332801957031,0.42942259665069665,0.42942259665069665,0.38294828965386796,0.1542946992294711,0.4842622789069544,boot1505
C2,0.9326753093694754,0.48574619024400295,0.4987988709799263,0.3943774250925398,0.2974146539113953,0.4363324703151504,boot1506
C2,0.9321365008125048,0.4095313616643447,0.41419572797031673,0.3908738964404565,0.22668820247024088,0.5513280973658945,boot1507
C2,0.9341865725161361,0.41514842791194456,0.41514842791194456,0.5761813382903445,0.2578388218197503,,boot1508
C2,0.9432536701697066,0.5568145748214821,0.5605020885620218,0.6001428612728227,0.4111577820701673,0.39179833493233435,boot1509
C2,0.9438583064560214,0.3307423486218201,0.3307423486218201,0.43576916684713357,0.19807689402142434,0.3031037122467377,boot1510
C2,0.9384459845565504,0.30485180951243085,0.30485180951243085,0.29002618959693266,0.22701730495606554,0.25852174727649907,boot1511
C2,0.9282385834109972,0.3709690937663698,0.3700323031255457,0.3868945346603806,0.19485245329142656,0.4431019731098306,boot1512
C2,0.9363576304778684,0.21823694220622514,0.2303096241155057,0.3194617366763466,0.10772546934434946,0.18851957135261152,boot1513
C2,0.9261814597707113,0.3633432040560877,0.3633432040560877,0.2929278544328149,0.13050311463513228,0.5989999074619742,boot1514
C2,0.909452167172177,0.6128868834091205,0.6128868834091205,0.6989396439501826,0.3929742731375172,0.6358342862200704,boot1515
C2,0.9252894449924718,0.5243952515942679,0.5243952515942679,0.40598342058911063,-0.05356725688328544,0.6555109760143284,boot1516
C2,0.9246473934387907,0.5012486534416931,0.5012486534416931,0.6216235645871654,0.11661319517217623,,boot1517
C2,0.9312858865569924,0.38095993273053896,0.38095993273053896,0.3417434690671011,-0.14846232672587178,0.2381517357016714,boot1518
C2,0.9146270669088593,0.3878986545791843,0.39265231456177235,0.4544498943354169,0.13025028352291237,0.4183220784677478,boot1519
C2,0.9473187139707298,0.32769835328966956,0.331370043522607,0.2873097607273573,0.49659610400479326,0.6939494540251826,boot1520
C2,0.933217501417223,0.5879611680456495,0.5916883386830228,0.6205739111226665,0.3522176252317837,0.6578456174964001,boot1521
C2,0.9406036146692403,0.4908966149329028,0.4899721391985659,0.42063645912329717,0.4104672260455911,0.2921343320504657,boot1522
C2,0.9356935620110911,0.2564942303163514,0.2555649033949153,0.42377307617484133,0.2936673071737935,,boot1523
C2,0.933217501417223,0.18729032452801198,0.18729032452801198,0.22549382356108902,0.33358177204491685,0.4734536068334558,boot1524
C2,0.9282068730860836,0.17518583450210382,0.1742490118577075,0.23139519316588036,0.30540418207318626,,boot1525
C2,0.9029916002013831,0.5209735976544856,0.5354183369609872,0.5537150067492224,0.441046040158511,,boot1526
C2,0.926097896293222,0.3060996704605514,0.3060996704605514,0.3586812089445725,0.14366027478670054,0.3295735715694894,boot1527
C2,0.9251100668004405,0.5226170141480672,0.5216770554895275,0.6062733347580994,0.2942070601229227,0.6532712676850839,boot1528
C2,0.9226765799256506,0.32514101531023365,0.3345653925656027,0.25917037452264996,0.4551974214343271,,boot1529
C2,0.9340572033898304,0.49526805636025195,0.49526805636025195,0.44872030670233354,0.10612886922005399,0.7577973644309117,boot1530
C2,0.9537943906339688,0.4066139314352029,0.4066139314352029,0.4831959274902635,0.2680369861927122,0.6883262740663187,boot1531
C2,0.9435310415223651,0.4027424464879067,0.4027424464879067,0.4681765739493286,0.4322338842169982,0.8128577524080862,boot1532
C2,0.9143993796567884,0.45075917833428986,0.4498082096036267,0.4612198343715834,0.36327005511328836,1.0042229795801898,boot1533
C2,0.9421079721545879,0.6036416939274104,0.6036416939274104,0.6590216658473562,0.0,0.6350236780153797,boot1534
C2,0.918188469636111,0.5265566676753993,0.5426564219028845,0.5672795754272737,0.3163128183517686,0.7711517907379557,boot1535
C2,0.9497869132867538,0.4495287477289407,0.459599656537532,0.4303024672761753,0.05310115553620889,0.6958082449572197,boot1536
C2,0.9472651780168045,0.674711210350509,0.6848089291448703,0.6636955171202968,-0.01009771879436136,0.7710985261148676,boot1537
C2,0.9539152375348784,0.5578838581284536,0.5578838581284536,0.42388234318583484,0.2424789318009292,0.5177745611388263,boot1538
C2,0.9480600092199019,0.41090776280274993,0.4145765821134887,0.35495826831398264,0.36321311176314497,0.44759595591013823,boot1539
C2,0.9267103932802736,0.49356444868261334,0.4991944614052287,0.5395428859173055,0.34624578244084475,0.697790280351868,boot1540
C2,0.9451730200155058,0.20792144397774998,0.20792144397774998,0.29992208290595795,0.17204119479574892,0.5704039613548892,boot1541
C2,0.9170767799289261,0.42384199521880506,0.43806488096440255,0.4712516143707967,0.24937459673947587,0.7414864435371489,boot1542
C2,0.9420384560624702,0.33691968974860903,0.33691968974860903,0.5279946918800119,0.31107379574049654,0.33507355446231524,boot1543
C2,0.9190277964280918,0.5913621579040987,0.5913621579040987,0.8922472238457042,0.2393834015195792,0.5535149797982364,boot1544
C2,0.9080180414410546,0.28825322679645654,0.28825322679645654,0.43573162190162035,0.038306076650691905,0.5847736334050064,boot1545
C2,0.9371105397703309,0.4361232051387203,0.4361232051387203,0.54469004556687,0.25425054937874336,,boot1546
C2,0.9240884638374177,0.7198633218966197,0.7198633218966197,0.5429557342932674,0.19478654592496766,-0.1307986950897126,boot1547
C2,0.9349816984432651,0.3710837573792186,0.3710837573792186,0.5505804119511215,0.0009300344796471647,0.7272869630840828,boot1548
C2,0.9031410739225384,0.19160182529325573,0.19063900205057602,0.25225968958207534,0.31965731656965274,0.6431659261100241,boot1549
C2,0.9115206784779318,0.34247595300278866,0.34247595300278866,0.32053459668227574,0.15168155021571977,0.5552117121103705,boot1550
C2,0.9361506862892657,0.46908093025412745,0.46908093025412745,0.3687626322987893,0.10589153673063473,0.3511140428436836,boot1551
C2,0.9389201736978156,0.7668383534293157,0.7686906199834928,0.7520202209958989,0.17596532264682363,0.5714242319636326,boot1552
C2,0.9447543586233011,0.19144612942665323,0.19052571534287127,0.33503072649664317,0.2687609124643401,0.6737431093284143,boot1553
C2,0.9266905179884891,0.12386293640384256,0.13512320334964645,0.12010951408857462,0.015952044839888817,0.3190408967977763,boot1554
C2,0.9278420694349898,0.528575712143928,0.5276385211649494,0.5557542505343073,0.12933235509904623,0.35988133592778077,boot1555
C2,0.941899396466426,0.5770024515446619,0.5770024515446619,0.5742328397772475,0.25942030221448,,boot1556
C2,0.92211960827342,0.35739964147208997,0.35739964147208997,0.2187776169433374,0.10467377362375194,0.4535863523695917,boot1557
C2,0.9223520837129395,0.5996012672672525,0.5996012672672525,0.6646523481500204,0.12256000746028747,0.7080197354051991,boot1558
C2,0.9398983063247612,0.4126255833708428,0.4126255833708428,0.5541765121953696,0.21278897797151086,0.47183642941508935,boot1559
C2,0.9390522492970945,0.30650699912807533,0.30650699912807533,0.318545038368755,0.30743300214658914,,boot1560
C2,0.9127090727636998,0.3706119284439205,0.382997417055157,0.40491020459811367,0.06764382241521429,0.47350675690650007,boot1561
C2,0.9473798912510489,0.5268535245385978,0.5286892511049344,0.3900918953465228,0.10004709786534349,0.7362864327708172,boot1562
C2,0.9475901339298684,0.3771581104012178,0.3771581104012178,0.5019598208989443,0.05138893961671095,0.3808287489452686,boot1563
C2,0.9514209006635934,0.4222517396397106,0.4222517396397106,0.4313913876838601,0.24402860277879376,0.738483561967286,boot1564
C2,0.9263127475352986,0.4393295059599972,0.4393295059599972,0.44871688856598,0.2590917599251266,0.791356353684354,boot1565
C2,0.943349996171558,0.536478463534866,0.536478463534866,0.613908344869795,0.0765080970333228,0.7300531668721886,boot1566
C2,0.9088650012236675,0.41236334130047536,0.41714713876335785,0.6295477461153428,0.41619037927078134,,boot1567
C2,0.9256042086062883,0.4030269901457913,0.41711884294809176,0.42181612721552514,0.006576197974406852,0.3804800256621107,boot1568
C2,0.9409288251545849,0.5156791654508316,0.5156791654508316,0.37890404629899815,0.2005418976753234,-0.24212892714716466,boot1569
C2,0.925652004671078,0.19633634402311045,0.19821516071232675,0.13151716824514575,0.15594178520495852,0.2968530368961861,boot1570
C2,0.9217386127709607,0.3915096538405106,0.4056606051841435,0.44811345921504225,-0.08490570806179748,0.70943436069413,boot1571
C2,0.9199221807285494,0.44049094564001967,0.44049094564001967,0.47262977000002115,0.4055163426600181,0.7231235481000324,boot1572
C2,0.9382631920248836,0.3141790184260305,0.3141790184260305,0.3123254548954935,0.18628313481897388,0.5301191697335973,boot1573
C2,0.8888420261570726,0.18587936488407134,0.18587936488407134,0.3805635417889671,0.35512741817325216,0.7855848947468912,boot1574
C2,0.9267700147393214,0.41002621357671465,0.41847068937120074,0.3143221545725387,0.32276663036702474,0.46444616869673616,boot1575
C2,0.9242082833734868,0.6604948187442391,0.6689627010358318,0.6887210930495485,0.2935532527752174,0.7461145174703442,boot1576
C2,0.9258312020460358,0.3043093922651934,0.3043093922651934,0.35690607734806623,-0.015027624309392265,0.23011049723756907,boot1577
C2,0.9404874196591133,0.40866875840430295,0.40866875840430295,0.3790818799677924,0.022190158827382966,0.7156326221831008,boot1578
C2,0.9134836010257795,0.6549223969575494,0.6539704748689484,0.6634896957549593,0.25130743139068756,0.16373059923938735,boot1579
C2,0.929687326877479,0.4714067373997608,0.4714067373997608,0.5518451886227359,-0.10101572944280587,1.0082866327717106,boot1580
C2,0.9145457609978088,0.4944245901376625,0.506785204891104,0.4953754066571579,0.3099661853555345,0.497277039696149,boot1581
C2,0.9309547260433151,0.4306004943131249,0.43433672419870517,0.5137316092672857,0.021483321842086494,0.6659829771046814,boot1582
C2,0.9235889283432629,0.5413663856894666,0.5413663856894666,0.5696115884210909,0.22313710157983233,,boot1583
C2,0.904173819661345,0.14906714368940086,0.15964610227381,0.37218699746966544,-0.11252165039780582,0.03943066381461571,boot1584
C2,0.9274928943628611,0.543775406962462,0.543775406962462,0.6103410171251081,0.12281823846910776,0.845664512207139,boot1585
C2,0.9361038198204813,0.5146214770570713,0.5248395930275185,0.4449525045312944,0.2266563906171938,,boot1586
C2,0.9456182031849752,0.41288839543661093,0.41288839543661093,0.6179532332592486,0.24184776837378327,0.2611588069131348,boot1587
C2,0.9415941097411324,0.36663078892799844,0.36663078892799844,0.2807449869876865,0.13298446752048307,,boot1588
C2,0.9340964094717563,0.3397843104089384,0.3435079740846528,0.4179812475989406,0.3323369830575096,0.5753060378978737,boot1589
C2,0.9351108432760958,0.40822874975696577,0.40729884372107295,0.37754185057250134,0.2622335021217867,0.4426352730850016,boot1590
C2,0.9362092635690215,0.45419054035348044,0.4532617253425325,0.40867860481703755,0.3770988944448119,0.2730716132186569,boot1591
C2,0.9378312405163504,0.5090375365241451,0.5081103278965966,0.37551949415715624,0.1659703443311876,0.5275817090751158,boot1592
C2,0.9026218930340347,0.15606708224623086,0.15606708224623086,0.2475879020819835,-0.02890131152707979,0.3680900617231231,boot1593
C2,0.9320420549898841,0.6260213879253528,0.6372170014202919,0.5168641563496951,-0.0046648389562246855,,boot1594
C2,0.9318964182779133,0.631717904079711,0.6401159264382301,0.5999920418364167,0.3069943728836409,0.4161686635443886,boot1595
C2,0.9413466596528143,0.5662563018574535,0.5662563018574535,0.564408809844868,0.08221339456005441,0.8443038497515701,boot1596
C2,0.9345666575981059,0.5061634442176876,0.5191897093262309,0.645730570380653,0.12095817600790328,0.8560117071328539,boot1597
C2,0.9451538226344218,0.40481103338896823,0.4038910083130842,0.5014136663567902,0.4572524627143574,0.6237770014493647,boot1598
C2,0.9350795383139862,0.3915035475825078,0.3915035475825078,0.35802580954694896,-0.17110843884841198,,boot1599
C2,0.940859154003026,0.5314291707453503,0.5489894389960662,0.6811535631988229,0.40018927118736813,0.6377150048944205,boot1600
C2,0.9188180868527087,0.4684657265325432,0.4713049127539526,0.4580553770540423,0.10126430856360026,0.4523770046112235,boot1601
C2,0.9400417692304879,0.3561358863550319,0.360761027736266,0.39591210223364587,0.38296170636619015,0.276583454597804,boot1602
C2,0.9342884775917419,0.39090430853406893,0.3927657576223263,0.38252778763691025,0.36763619493085054,0.18521418428161834,boot1603
C2,0.9278817340347604,0.6522570378367586,0.6653771506668081,0.4779469673803834,0.1846187305371285,,boot1604
C2,0.9311834064195382,0.38006803067838146,0.39407545195645444,0.42862709110903463,0.04202226383421909,0.5126716187774728,boot1605
C2,0.9357209223752004,0.5222664583938398,0.5269129571339984,0.741581198929331,0.16355675565358685,0.8335818739844738,boot1606
C2,0.9280284675393853,0.5603276388479228,0.5762566854372452,0.5875007183238254,0.16866049329870586,0.7964523294661111,boot1607
C2,0.931975145757015,0.4842450465344826,0.49824056811062367,0.5290307155781341,0.2612497360879675,0.5682181759913292,boot1608
C2,0.9236129166450002,0.3304602889412179,0.3304602889412179,0.4029544264012572,0.21842389468479365,0.381300333393713,boot1609
C2,0.9387453171862468,0.3557014212109381,0.3557014212109381,0.41961652033477853,0.15839828913299586,0.7864336109585585,boot1610
C2,0.9203487072498323,0.4289489468348727,0.4280041253660734,0.6103546688443342,0.24565358188781258,0.43461787564766835,boot1611
C2,0.9107433481298838,-0.004773931202335244,-0.005728717442802293,0.0372366633782149,-0.003819144961868195,0.7695577098164412,boot1612
C2,0.9338258287867026,0.6630041873943773,0.6648665587072828,0.6378621746701523,0.3119471949116803,0.526119895895819,boot1613
C2,0.9080262706723288,0.18195221508516057,0.18195221508516057,0.21451208515303144,0.13311240998335433,0.4166653975032601,boot1614
C2,0.9297308077245516,0.32828576698597856,0.32735047990054844,0.3741148341720553,0.1290696177893591,0.5593016770872227,boot1615
C2,0.9311163895486936,0.3726242236024844,0.3726242236024844,0.44920363797692986,-0.2082586512866016,0.5883540372670807,boot1616
C2,0.9254687633250401,0.3335559928190617,0.3335559928190617,0.32979761543518493,0.08832186852110366,0.11838888759211767,boot1617
C2,0.9250622225024758,0.6420249676520232,0.6420249676520232,0.6147647567268276,0.20962162194202225,0.8977069459848934,boot1618
C2,0.937406729757378,0.498136515256285,0.498136515256285,0.6790240766621986,0.21892033072715691,0.7847737279456557,boot1619
C2,0.9255325065346752,0.22172899369327478,0.22078946405898123,0.4199697465292112,-0.18508733795582683,0.7412888814576009,boot1620
C2,0.9326831711610845,0.580839396684277,0.5901626614785672,0.5034562988916687,-0.1323903600789203,0.7645077131317932,boot1621
C2,0.9512235724987514,0.30807003393647947,0.32178234998706456,0.24042260808692606,0.23219521845657498,0.670075177671927,boot1622
C2,0.9331703761513145,0.48735217096294614,0.48735217096294614,0.43703282635109314,-0.03354622974123529,0.6457649225187794,boot1623
C2,0.9359084984119408,0.27873404895888587,0.2889542974207117,0.44039979735503976,0.08640755517725462,0.8176198769460653,boot1624
C2,0.9278817340347606,0.4629525527174692,0.4620154018010372,0.3917290830686279,-0.0234287729108031,0.4039120449822455,boot1625
C2,0.9324472670207985,0.32173401178868855,0.33478988473083815,0.33945269649589166,0.23220802589966213,0.42338330826685394,boot1626
C2,0.9293156191348809,0.45568830669583477,0.45755971657959593,0.48937368460353514,0.19930515262056014,0.6654308882930519,boot1627
C2,0.9312661803645053,0.24277372172287717,0.24183997663932763,0.26331611356096674,-0.004668725417747638,0.6009208559861392,boot1628
C2,0.9555364138641907,0.4595643121613382,0.46957462391138727,0.507795814229756,0.025480793545579153,,boot1629
C2,0.9516067765706906,0.37556616151448463,0.37556616151448463,0.44958285028011297,0.42582440697262736,0.7246325208783122,boot1630
C2,0.9415631848064279,0.4700785914257767,0.4737727257395352,0.37864876716025236,0.21333625661955682,0.7388268627517118,boot1631
C2,0.9453112205347686,0.4718942786581808,0.4746538943228486,0.5298462076162029,0.4792532537639614,0.6843846848375955,boot1632
C2,0.9413737301416251,0.5422233128726708,0.5422233128726708,0.6262817821595755,0.2632600411732729,0.7029504959047744,boot1633
C2,0.929774285038998,0.594814770810394,0.6041672043137021,0.47136264856672727,-0.08697763158076516,0.6471883984289193,boot1634
C2,0.9460860078188926,0.3648900717813301,0.3648900717813301,0.4595592843593579,0.17003693521296237,0.6148903224728209,boot1635
C2,0.9258590718206651,0.5503701728485142,0.5503701728485142,0.37286170413116054,0.15778530552653647,,boot1636
C2,0.9105304115398062,0.5519955064457516,0.5644106302931473,0.5195251825371778,0.49660495389583187,0.6646866305990364,boot1637
C2,0.9562473888176565,0.5519765001493468,0.5556139070696061,0.39193059565793825,0.18823580812341814,0.38738383700761403,boot1638
C2,0.9358577030976896,0.562144175103107,0.5658608308062679,0.5036068477783207,0.053891507695835054,0.7674894027027542,boot1639
C2,0.9433923740493082,0.45810621850637295,0.45810621850637295,0.4885237340208805,0.1530093204669173,0.7484552302357641,boot1640
C2,0.9270481606539898,0.3986472689084385,0.3986472689084385,0.5262143949591388,0.5290283756808454,0.5483764691824236,boot1641
C2,0.9295173223896365,0.39478180008065406,0.39478180008065406,0.5042355219039635,0.047710596692211754,0.5285585711980322,boot1642
C2,0.9501331352908144,0.4090959863797846,0.42007842896716124,0.35875979118764106,0.09060515134585831,0.4090959863797846,boot1643
C2,0.9148952900165124,0.5598169742837286,0.5617178808177988,0.6833758989983036,0.16062660212894753,,boot1644
C2,0.9342610435268678,0.42535360657623067,0.4300073659479619,0.5016752602726222,0.25130300607348416,0.5063290196443534,boot1645
C2,0.9436427194091981,0.507745595793486,0.5188035761011481,0.5538205137420782,0.17600618656362219,0.6220113923059947,boot1646
C2,0.8982789886064256,0.28557023194809233,0.28557023194809233,0.3339719661765826,0.23620046303503228,,boot1647
C2,0.9126152391458512,0.20866929943765816,0.22296171720736074,0.313480363082144,0.0257263519854647,0.5821778171525531,boot1648
C2,0.9414046661479623,0.432286493123424,0.44706551852935306,0.2493960537250523,0.03694756351482257,0.7287906903298751,boot1649
C2,0.9354433448678671,0.5149848284000876,0.5140552528975605,0.3820555315386932,0.1887038270130285,0.4545624207358175,boot1650
C2,0.9359241267638213,0.3214679017387006,0.33633346944916076,0.20718884996453826,0.154230264996024,0.6392194115497861,boot1651
C2,0.9252575599118844,0.5535473961350333,0.5667047196424875,0.6024174548770057,0.4125760728408822,0.7076760429366387,boot1652
C2,0.9422392554065151,0.34699946946921656,0.35991966248136825,0.3626882752696865,0.23071773235985146,0.5906373948412198,boot1653
C2,0.9388696655132642,0.40381583164191853,0.40381583164191853,0.5140316205533596,0.18153188761884412,0.627025958765089,boot1654
C2,0.921602191030469,0.3425037147102526,0.3425037147102526,0.43685735512630014,0.2547548291233283,0.3415601783060921,boot1655
C2,0.9388774363161689,0.6297992953650703,0.6297992953650703,0.6316516462337912,0.18523508687207949,,boot1656
C2,0.9249066991148471,0.6364919323617243,0.6364919323617243,0.5462360601213616,-0.02068363738841645,0.4625613452318587,boot1657
C2,0.9504563233376793,0.1802337925687362,0.1802337925687362,0.3083187212977873,0.2781272738116538,0.6074885191149281,boot1658
C2,0.9099526066350712,0.6842210144927535,0.6832653985507245,0.7587590579710143,0.18730072463768116,0.6909103260869566,boot1659
C2,0.9316680429397193,0.5264050713398009,0.5254717290147303,0.4321374965076734,0.21466873476623086,0.6132059075713638,boot1660
C2,0.9262093113733626,0.3774149245735576,0.3764760814776034,0.495709154663777,-0.06102480123701801,,boot1661
C2,0.9368453876772382,0.19770326431724808,0.1967750799777305,0.31651085977550053,0.38612468523932025,0.5457723916363469,boot1662
C2,0.941520660070346,0.6086361166180404,0.6077125413272695,0.576310981441058,0.4276153596269389,,boot1663
C2,0.9288723961028401,0.2883346389452501,0.28739848752010316,0.3838220843102355,0.4231404441664059,0.5552585166086252,boot1664
C2,0.9249465811965811,0.5574940049467036,0.5574940049467036,0.5180087634496352,-0.07991060779168602,0.36006779746136175,boot1665
C2,0.9276833816825527,0.5633481271425935,0.5633481271425935,0.6205265560206272,-0.09560983189441688,0.7423822241213546,boot1666
C2,0.9449041930774356,0.3487816223123652,0.3478613541796149,0.4895826466231617,0.20798059800156868,0.5237464378347435,boot1667
C2,0.9133002598629811,0.34180863267279965,0.3437128590386649,0.3722762545266426,0.26659169122112514,0.6112566634427224,boot1668
C2,0.923732842117773,0.33512418664425464,0.33512418664425464,0.36242362881471357,0.020709921646555062,,boot1669
C2,0.9260700389105059,0.5868651808549507,0.5868651808549507,0.6694957983193277,0.24225794665692363,0.43662769455608325,boot1670
C2,0.9341356126697364,0.6525446724476994,0.6637151946579313,0.5575952336607304,0.1712813405568855,0.6879179927800998,boot1671
C2,0.9357990870933506,0.8009894727718745,0.8121401382861001,0.8307245808098095,0.3345199654267689,0.18305675885853742,boot1672
C2,0.9358889623265035,0.3428500368459838,0.348424834193073,0.3177634487840825,0.2155588307541145,0.43390506018177355,boot1673
C2,0.930556273110391,0.5055414661128057,0.5167549551947904,0.46255642463186475,0.12521729474882806,0.5831014322631993,boot1674
C2,0.9230969324241466,0.30144274105047236,0.30521077531360324,0.3909335547998313,0.14601132769632252,0.7950552295206206,boot1675
C2,0.9196524099057957,0.29122534130471794,0.29122534130471794,0.42549157008806193,0.22125561644579217,0.32431913008934504,boot1676
C2,0.9400805363236375,0.29322187117183957,0.3033967626005153,0.34132135792557977,0.09804895376723971,0.9046403470222684,boot1677
C2,0.9328403826750428,0.258210911202907,0.2619395886209996,0.4110866853447004,0.5462512417505543,0.17804434671391783,boot1678
C2,0.9332724756323801,0.5348174812981606,0.5348174812981606,0.49475275708941346,0.0372695108918579,0.43605327743473726,boot1679
C2,0.9501635614741181,0.6497737120017345,0.6534344089707584,0.6580102801820383,0.16473136360607354,0.8561784401405083,boot1680
C2,0.9338925063458778,0.5055977104806142,0.5046665913084583,0.46276622856144617,0.2821291091632156,0.9097034311962431,boot1681
C2,0.9383993201066728,0.6254869426721323,0.6254869426721323,0.5504285095514765,0.17513634394819702,0.859002067936395,boot1682
C2,0.9338415183744945,0.3361523741466093,0.34173939421552807,0.3277718440432313,0.14153784174594078,0.6033390660625655,boot1683
C2,0.9152689556562847,0.1871628517141771,0.19951369979683853,0.17481200363151567,-0.14440991604342598,0.6726461878864841,boot1684
C2,0.9081291255990596,0.474937248094065,0.474937248094065,0.6195249990259276,0.16469598119390966,0.09575347743831956,boot1685
C2,0.9420693532312883,0.5722831688913312,0.5713601315221517,0.5713601315221517,0.08676551270287926,0.5768983557372293,boot1686
C2,0.934586242265824,0.5582568058886367,0.5582568058886367,0.5926826422517693,0.3721712039257578,0.6882011384662675,boot1687
C2,0.9513070665547287,0.5009126452263355,0.5127956094379091,0.5228504253092406,0.18829927904493632,0.529248944500088,boot1688
C2,0.9282782186785795,0.5826588993839893,0.5873426525944715,0.518959855721431,0.2107688944717003,0.8917866112758163,boot1689
C2,0.950650140673713,0.4509499697439714,0.4619264395957515,0.34758821197304074,0.24514116002309194,0.5405911402001766,boot1690
C2,0.9358616106017265,0.644837072098245,0.6559869926532579,0.5500627473806355,0.3484350173441526,0.18954864943521899,boot1691
C2,0.9192656376444613,0.51175064458424,0.51175064458424,0.3679685780836773,0.252564551024015,0.2686454400405253,boot1692
C2,0.9406229780265174,0.5491272818086242,0.5491272818086242,0.6101414242318046,0.1543842694647142,0.725698512154495,boot1693
C2,0.9288842729312276,0.5354717684887014,0.5354717684887014,0.6159797616530867,0.19658928563396383,0.4577721936905158,boot1694
C2,0.9279610544305763,0.2829953847721747,0.2820583139616708,0.33828256259190415,0.22864527776294907,,boot1695
C2,0.9338650518903846,0.593140349729329,0.605245254825846,0.5111994536913684,0.04841962038606768,0.17039981789712283,boot1696
C2,0.9088567846291128,0.40279938788280295,0.40279938788280295,0.36931250290442263,0.37409634361561983,,boot1697
C2,0.9273499844543476,0.678886319021982,0.678886319021982,0.7201446036034285,0.1415909311772366,0.5673014129948883,boot1698
C2,0.946388709126208,0.5503759292503662,0.5531324030195667,0.4777887866614198,0.28575444740711836,0.747654808983132,boot1699
C2,0.9412267594158845,0.49334320496277206,0.49334320496277206,0.5413841163074615,0.34182956149105925,0.4767136587280719,boot1700
C2,0.9258909212208817,0.33809973840988716,0.34655223187013434,0.38505803541126044,0.2789322841881569,0.6904781015909143,boot1701
C2,0.9432613768961494,0.5817005398645968,0.5817005398645968,0.6683564047572625,-0.009218709031134656,0.8287619418990056,boot1702
C2,0.9492500081579968,0.3151229204233204,0.3151229204233204,0.421385300566068,0.23542613531625972,0.46535594062513597,boot1703
C2,0.9030248201043981,0.41021550500225434,0.4150302409764593,0.36206814526020575,0.18488586140946678,0.6827295611422497,boot1704
C2,0.932502320647129,0.318917495177326,0.3179849878814859,0.39818061532373744,0.2210042291141119,0.5324616659247168,boot1705
C2,0.9340924889933463,0.3732988502559267,0.3732988502559267,0.36026597269088184,0.27369042886594125,,boot1706
C2,0.927449231486656,0.3459699510484827,0.3459699510484827,0.30846643331964985,0.11813608084582335,,boot1707
C2,0.949116648777233,0.34540126061308374,0.3554792814797785,0.27577129826137453,0.23179447993397928,0.5332189222196677,boot1708
C2,0.9249784847315784,0.49730886457698353,0.4963687722053824,0.6496038287763622,0.05922581941086949,0.7135301100452373,boot1709
C2,0.935916312645265,0.17281366747166169,0.17188456173256672,0.2889518848585311,0.3567766038124629,0.4283177457227744,boot1710
C2,0.9300232234434939,0.5338810113708975,0.5338810113708975,0.5292060462975973,0.35623233858548503,0.7084112277888592,boot1711
C2,0.9284288059635266,0.5900571841779358,0.5900571841779358,0.708068621013523,0.28004301280825844,0.4224060159749985,boot1712
C2,0.9333667039632528,0.3875637827005927,0.38663213899217785,0.4294877495792626,0.4583687045401241,0.4453256926223156,boot1713
C2,0.9032240972792539,0.3311807509162647,0.33021801617522917,0.4245660207967232,0.2609011148206621,0.48291646588334053,boot1714
C2,0.944669817848117,0.6461885106049198,0.6452680141510665,0.6636779432281298,0.08192418439293143,0.5900382269198768,boot1715
C2,0.9523571963083062,0.6354941125560846,0.6382333113171021,0.5076648370419296,0.09313275787459858,0.6776424898255938,boot1716
C2,0.9439853076216712,0.3804407037726273,0.3804407037726273,0.4209719167653527,0.18607511419387582,0.6586322111317882,boot1717
C2,0.9440083954612037,0.5545271243205577,0.5545271243205577,0.5186026096220498,0.24041790605924512,0.759020515681295,boot1718
C2,0.930137775218181,0.3795604131635839,0.3795604131635839,0.5656011082856361,0.027111458083113143,0.888133971688189,boot1719
C2,0.9253571945073811,0.48488913776995984,0.4886479682953084,0.45669790882984584,0.30164614965921915,,boot1720
C2,0.9460591777952343,0.3603046968074225,0.3731727216934018,0.4319979783150218,0.23254359258234156,0.6388055211254047,boot1721
C2,0.9081250117740143,0.5390945200759781,0.5467548329722621,0.3523743932290586,0.13884317124514536,0.46632154756128136,boot1722
C2,0.9360569492222347,0.33535677902833766,0.33535677902833766,0.33164091444076604,0.1402738881808282,0.4496196150961646,boot1723
C2,0.942976153133503,0.38361429314275447,0.38361429314275447,0.5901758356042377,0.33842895572930504,0.4118293981717408,boot1724
C2,0.9251100668004406,0.3449648276840659,0.35436441426946275,0.3731635874402565,0.11561491500038175,0.4784389571967017,boot1725
C2,0.9293195748312515,0.27228897907032457,0.27228897907032457,0.18901159371891946,0.1852687898829012,,boot1726
C2,0.9153663913289195,0.1662437188922282,0.1662437188922282,0.2792894477389434,0.18239310872747322,0.671624624324602,boot1727
C2,0.938807494992475,0.8206525690497082,0.8299150133956417,0.6770846816877388,0.17042897596517642,0.7419217921092732,boot1728
C2,0.9289080257978675,0.6365585519817181,0.6365585519817181,0.6721309416512845,0.10110047590297873,0.3061097742617968,boot1729
C2,0.9225083470281605,0.5240909336236136,0.5240909336236136,0.6013849202371682,0.15081753485571617,,boot1730
C2,0.9335354880970341,0.3642068291298418,0.363275353863525,0.34557732380350714,0.4443137020330807,,boot1731
C2,0.9383293157389565,0.43833688335973503,0.4485307643681009,0.3808804631307634,0.06950373414794951,0.40042856784483133,boot1732
C2,0.9275802094512082,0.2474882657609996,0.2474882657609996,0.2634250101471246,0.19780312149837467,,boot1733
C2,0.9359905421381524,0.5183998870286978,0.5304773037515886,0.3957676556885757,-0.27499348845966765,0.6220636054648495,boot1734
C2,0.9389240587436244,0.5177063597370939,0.5177063597370939,0.5482686314210369,0.3639688718724113,0.656625776482289,boot1735
C2,0.9281632683253382,0.23515353064878336,0.24452219720849583,0.38317846229224056,0.0580857326702174,0.5040342609125317,boot1736
C2,0.8974071185344417,0.37402441654485424,0.37402441654485424,0.33235848413182656,0.03294515586146385,,boot1737
C2,0.9310611928737411,0.5669080517977284,0.5659741011357882,0.442692613759676,0.14382840193879767,0.5015315054619114,boot1738
C2,0.9348799259046904,0.4818103053959646,0.4818103053959646,0.5683129277933096,0.21486135240630855,0.5822649636638491,boot1739
C2,0.943014705882353,0.21946266632765482,0.22960589880498344,0.18073396050512755,0.41126197135350445,0.5440461056021696,boot1740
C2,0.9189511812081037,0.35484687673293736,0.35484687673293736,0.44568767717656915,0.23751084282657936,0.7500728098631246,boot1741
C2,0.9134184201448775,0.6568731117824773,0.6597290818337054,0.7444561933534742,0.3722280966767371,0.1075748719295941,boot1742
C2,0.9295845399208084,0.4396540977421267,0.44433126899470254,0.5911944463255832,0.16463642809066875,0.24882551063703345,boot1743
C2,0.920155604906622,0.2901210624764073,0.2957911809612882,0.4564445380329144,0.4554995182854342,0.7805863114186072,boot1744
C2,0.9414974633194902,0.2835446001074787,0.28262100206152596,0.2613782470046139,0.2262815212584113,0.18749040332839792,boot1745
C2,0.9217426246525801,0.31792332308742094,0.31792332308742094,0.30377243333575527,0.15848996521865494,0.183018174121542,boot1746
C2,0.9167650972593933,0.48753658169936487,0.4903821259505285,0.5672118207319459,0.20203364183261616,0.6554236925180178,boot1747
C2,0.9394094655326375,0.5341005693936676,0.5341005693936676,0.5007771369878233,0.30916740065422,0.40265814157061586,boot1748
C2,0.9432536701697065,0.3742826446647712,0.3742826446647712,0.4480329194755635,0.06453149045944331,0.7854404267349384,boot1749
C2,0.9498439985650042,0.2773910887131152,0.2773910887131152,0.35886899925921184,0.22795505310087688,0.5685144095407412,boot1750
C2,0.9056800416883792,0.41669385100315204,0.4272552158903288,0.49638414969730327,0.17570270675939362,0.019202481613048484,boot1751
C2,0.9398440129355126,0.2414831808421628,0.2414831808421628,0.3173514598806968,0.04533592284009954,0.7466548924889863,boot1752
C2,0.9308916245799008,0.45398270270493796,0.45304858191747926,0.5249758825518007,0.203638331666001,,boot1753
C2,0.9341787328569379,0.23084680300259938,0.23084680300259938,0.40025856972224894,0.21409179310724943,,boot1754
C2,0.9402704540966701,0.4550032228413895,0.4670256657213449,0.6279414396530559,0.27836579283589075,0.8942847896089912,boot1755
C2,0.938927943760984,0.4815853187117252,0.4815853187117252,0.5390051067119693,0.21763951903318346,0.49732945413114693,boot1756
C2,0.9172426676629928,0.5337357655184626,0.5327877446205613,0.6655106703267509,0.26260178871867523,0.6655106703267509,boot1757
C2,0.9252735026886704,0.6822894484621417,0.6926271673782348,0.5328624204931602,0.06108652086782261,0.723640324126514,boot1758
C2,0.9181076964429711,-0.14206915279551594,-0.14301628048081938,0.0814529809360958,0.27561415642330095,,boot1759
C2,0.936615222033861,0.6888820255379338,0.6888820255379338,0.7315889974715523,0.21353485966809269,0.43635384366958063,boot1760
C2,0.9202280263795222,0.4195557464607239,0.4195557464607239,0.4668030152063008,0.15497104148549257,0.632718885572528,boot1761
C2,0.9302838918767279,0.34117682475134553,0.34585047988492557,0.5038200233999321,0.45147508590383534,0.8478010412314257,boot1762
C2,0.9286308434536682,0.5234447681211347,0.5234447681211347,0.6320665804682754,0.39422226722539844,0.5196991883850264,boot1763
C2,0.9231769623780771,0.20910777253755894,0.20910777253755894,0.2213528222807493,0.17708225782459944,0.700793616071819,boot1764
C2,0.9322269957185912,0.369381950606914,0.36844916790336124,0.3824409084566534,0.34886073112875216,0.2518513299592595,boot1765
C2,0.9165099506858738,0.6110135515505551,0.6110135515505551,0.5038015463871813,0.12334124487821767,0.3757164074751861,boot1766
C2,0.9445967944585869,0.4704100508213588,0.4740923212778861,0.46672778036483153,-0.09758016709797265,0.7447391998326404,boot1767
C2,0.927778599970401,0.5782863919770853,0.5820354123464668,0.567039330868941,0.0328039282320875,0.7436719389727087,boot1768
C2,0.8977635782747602,0.3070431688070556,0.3196348444994585,0.29832585486616126,0.09976481510134613,0.34675537676001866,boot1769
C2,0.9311834064195381,0.32030303322527,0.32310451748088453,0.36606060940030855,0.041088435749014225,0.7574992687584398,boot1770
C2,0.9203929501436123,0.4260939992883321,0.4260939992883321,0.42892832744324344,0.2484761015805573,0.340119378589356,boot1771
C2,0.9165909626190235,0.3937084042223804,0.3937084042223804,0.4079388284713821,0.2514041617323634,0.3348893173265067,boot1772
C2,0.9090539487503813,0.3950595399495073,0.3998423430965959,0.5901979083507168,0.27166321875462496,0.8227082308995574,boot1773
C2,0.9188866547040367,0.6662126497425873,0.6662126497425873,0.562116923220308,0.057725811980536675,0.4542358975517641,boot1774
C2,0.9431380557824717,0.4010662778858969,0.40014428644248107,0.43610195273569946,0.0,0.1124829560967343,boot1775
C2,0.9346645737371658,0.286547810286256,0.3023637608540039,0.07442800267175481,0.05396030193702224,0.631707672676519,boot1776
C2,0.9412847790507364,0.5441221662587529,0.5431983595248671,0.5007032497661189,0.022171361613259877,0.6522075541233947,boot1777
C2,0.8984004379029314,0.44039623893837865,0.44039623893837865,0.31747245356436965,0.29133905037461977,0.6830046417224478,boot1778
C2,0.9193341487425793,0.34524041642740944,0.34524041642740944,0.17971418937317202,0.142825487343942,0.5117125076362424,boot1779
C2,0.9139355781662826,0.2787752384110565,0.2787752384110565,0.1769699465681109,0.06279578749191032,,boot1780
C2,0.9455644941220133,0.5609715528724681,0.5609715528724681,0.6069528276980803,0.3430203101990666,0.6235060866353007,boot1781
C2,0.9124560929478519,0.48316797775231424,0.48316797775231424,0.36976168711616947,0.415505400986211,-0.11150030255822634,boot1782
C2,0.9419843816742056,0.6471075627686237,0.6572618897164909,0.6701855785592309,0.24185760548556268,0.3784794589659569,boot1783
C2,0.9458368193226874,0.5203581664286694,0.5203581664286694,0.6729720456285971,0.38980894446246606,0.8375376141634591,boot1784
C2,0.93898233101701,0.33245983734897677,0.33245983734897677,0.5547171102285156,0.1426150834310374,0.7297447126211524,boot1785
C2,0.9425325942981414,0.3229042984063481,0.32659463324527777,0.3385882214717993,0.22234267404551397,0.4898919498679167,boot1786
C2,0.9451883774172766,0.26495753501858293,0.26495753501858293,0.3560366876812208,0.30819713274731003,0.4673556520466671,boot1787
C2,0.9515043633048235,0.3783482387296952,0.39114262361427427,0.3317401223644429,0.12702996421117785,0.5351958131308406,boot1788
C2,0.9527660635495375,0.46455128135361123,0.46455128135361123,0.46637663019979436,0.2801910478891133,0.7675591898200139,boot1789
C2,0.9203647959943969,0.37319795625000884,0.3722531512974771,0.3694187364398821,0.29383434023734867,-0.17667852612342191,boot1790
C2,0.9523723452327156,0.4720477443950259,0.4830043651546783,0.4638302788252866,0.43552567519618446,0.48391741688464934,boot1791
C2,0.9215821260982334,0.4831011569086043,0.4831011569086043,0.4123343858770705,0.35100318431640776,0.4831011569086043,boot1792
C2,0.914862785185518,0.5931039107051911,0.6083117032873755,0.5503319940677974,0.17488961469512046,0.613064138469308,boot1793
C2,0.9363537266157476,0.21080847839550465,0.21080847839550465,0.3501092350445165,0.13837208493801845,0.6845798888969136,boot1794
C2,0.9268018101424265,0.5591927679614409,0.5742046543496676,0.7036821744481221,0.2889788129733621,0.732767704325311,boot1795
C2,0.9270918561903244,0.5196239479595703,0.5196239479595703,0.5590178212705846,0.46428493545124055,0.6134188844143664,boot1796
C2,0.9261615648842232,0.3445731791110358,0.35677876856183544,0.3868232964407269,0.016900046931876415,0.44034011172500215,boot1797
C2,0.9466567802154664,0.45652650683504553,0.4556079424349749,0.4409109120338467,0.0725665876055706,0.9571441048734755,boot1798
C2,0.921385450241553,0.08493825200376269,0.08493825200376269,0.29822764036876676,0.05285046791345235,0.8257885611476928,boot1799
C2,0.9284129566632154,0.48984948500737685,0.48984948500737685,0.5226309993004135,0.23977336168621122,0.7146370115881997,boot1800
C2,0.9445698885570689,0.4998824531287719,0.5146119545100984,0.45569394898479193,0.15373917066759646,0.7125396293216748,boot1801
C2,0.9178612636901005,0.4187428332488434,0.43295356288398523,0.4282166530056046,0.4196902152245196,0.39695304780829277,boot1802
C2,0.9223841414212778,0.4949366740271491,0.498707620114975,0.6231488410132298,0.37143818965085096,0.47608194358801953,boot1803
C2,0.9310454213481074,0.501540001198868,0.5034079341642269,0.2418973190139792,-0.20173676025876253,0.23255765418718463,boot1804
C2,0.9075570064498617,0.18587884945520794,0.2002509254440127,0.2864833813768411,0.491524998817122,0.5614691019626384,boot1805
C2,0.9455338007721108,0.3697014502346229,0.380737314420731,0.383496280467258,0.2455479781409062,0.633642535352376,boot1806
C2,0.9284684271632143,0.5151073052925088,0.5207266577138817,0.7220867861464079,0.36994070107371096,0.5151073052925088,boot1807
C2,0.9462239692230492,0.38964945315922556,0.38964945315922556,0.3014269354627971,0.16357925156212771,,boot1808
C2,0.9349543000576991,0.45573024959128366,0.45573024959128366,0.5310652500339244,0.11997796366790937,0.7254481524106147,boot1809
C2,0.9365683964860518,0.43266182461921526,0.43266182461921526,0.549647639859604,0.18847714677618174,0.12069965064484546,boot1810
C2,0.9179905538857878,0.2671240899662423,0.27659657542603816,0.27186033269614024,0.07388538658640745,0.5607711392199131,boot1811
C2,0.9357951791301283,0.25925405586903283,0.25925405586903283,0.3345213624116553,0.2527494738221395,0.6272275545218536,boot1812
C2,0.9239766081871345,0.16281232801320858,0.16187121629058887,0.4291469455145845,0.09599339570720969,0.807473858007705,boot1813
C2,0.943669672603209,0.633972762857636,0.633972762857636,0.6127789059597791,0.2073312087833839,0.8624978285388769,boot1814
C2,0.9355841064856644,0.49631863438893453,0.49631863438893453,0.4368347531138562,-0.08179033675323266,0.6701230999895539,boot1815
C2,0.9174165928881219,0.5516435613274938,0.5516435613274938,0.5620698142048175,0.33079656856236306,0.5592262906928201,boot1816
C2,0.9189995710315758,0.10692156194906563,0.10692156194906563,0.19491895364165948,0.10881397897471282,0.43430970738602764,boot1817
C2,0.9072150953641485,0.49937824070158543,0.5099217352269548,0.49650274219466656,0.3153463362587747,0.4725402546370089,boot1818
C2,0.9458866664484237,0.5203307441593109,0.5230886809658091,0.5037831233203223,0.27487436838097873,0.6471958372582243,boot1819
C2,0.9232009690448145,0.568909055465747,0.5679671530560355,0.49920827714709587,-0.06122365663124762,0.6608882273862453,boot1820
C2,0.930118026662138,0.3552611315302728,0.3543262338157195,0.4263133578363274,0.15706281604496272,0.7731604099356201,boot1821
C2,0.915370450768747,0.48732942618707653,0.48732942618707653,0.6440728088788263,0.06364731297180143,0.656422287515146,boot1822
C2,0.933217501417223,0.3074915775833032,0.3112187482206765,0.3494222472537537,0.3866939536274874,,boot1823
C2,0.8914729868262007,0.417481986042541,0.417481986042541,0.5052702541355987,0.33944796995982307,0.28677500910398845,boot1824
C2,0.946139663768369,0.603826654460976,0.603826654460976,0.5983122557900995,0.20219461793213805,0.7389294218974501,boot1825
C2,0.9437620731129496,0.48556821959762375,0.48556821959762375,0.4505557104046263,0.2358737461422992,,boot1826
C2,0.9441584418139489,0.4162897463541619,0.41997372641039343,0.4356306416493774,0.16762109255853422,0.6373285497280532,boot1827
C2,0.9369233873186479,0.6023414867485014,0.6023414867485014,0.5076745658727739,0.1819089852121823,0.5522237051084106,boot1828
C2,0.9376949666975803,0.7205458042422772,0.7298192380163092,0.5851536711414118,0.19103273574505678,,boot1829
C2,0.939009522554285,0.20002575314209692,0.20002575314209692,0.2648489138825913,0.1722443985390279,0.508398789236163,boot1830
C2,0.9234089819936622,0.62622400349273,0.6290490741851783,0.5527721654890714,0.12901156162181054,0.45954483263827395,boot1831
C2,0.9486934850194263,0.7259411633461471,0.7296075328579964,0.8075178849847924,0.37305309783065893,0.6920272453615417,boot1832
C2,0.9431303472571716,0.6832012435617837,0.6933432323326062,0.648165282353487,0.11432787341654678,0.7532731659783768,boot1833
C2,0.9328993250532998,0.467919450049441,0.467919450049441,0.576044263208276,0.42038181667788427,0.8398315228975026,boot1834
C2,0.9366932554504559,0.49387426776090676,0.4985159432097874,0.5783527609305354,0.11511355113224142,0.3945424131548597,boot1835
C2,0.9286902517467006,0.37827935327774376,0.3913880437378636,0.31929024620720453,0.3305262666015929,0.5177932731747333,boot1836
C2,0.9426020454703012,0.2988950976593859,0.2988950976593859,0.26014943685168773,0.35240101020335,,boot1837
C2,0.9238567370355928,0.43673249833542177,0.4357912645028023,0.532738349262605,0.4837941899663939,,boot1838
C2,0.9433885216554307,0.4940562088924543,0.5032736754762687,0.3309070503589385,0.06267877276993822,0.6811707805438875,boot1839
C2,0.9173235700676207,0.2976523084877696,0.2995481830641248,0.2094941406872518,0.11754422373402365,0.4995629508696005,boot1840
C2,0.9226365292390051,0.3722790611302456,0.38735871930260996,0.33363743706356186,0.3411772661497441,,boot1841
C2,0.9454378725355341,0.45159659258634505,0.45159659258634505,0.6714165225825497,0.12600556656686204,,boot1842
C2,0.9146351968300456,0.4962776908776728,0.49532696733193016,0.5228979501584675,0.31944311136953657,,boot1843
C2,0.8967019077386957,0.5314159979118679,0.542083107359004,0.4615949178942502,0.3859554145418311,0.33068039286121714,boot1844
C2,0.9430686750063825,0.2839942562557378,0.2839942562557378,0.46748405169369833,0.10327063863845012,0.4306016807513947,boot1845
C2,0.9044927892339388,0.3480211367547304,0.3470597523990543,0.30956576252768836,-0.07979490152111221,0.46338725943585646,boot1846
C2,0.9183257563881485,0.3105841138836522,0.31247791945611353,0.25566375228227467,0.2916460581590393,0.12783187614113733,boot1847
C2,0.9347703029545604,0.3674466976367582,0.37767939048233873,0.38698183852377566,0.2288402218193481,0.7278320992098526,boot1848
C2,0.9433885216554309,0.39727280976240253,0.40925551632136137,0.4636385691658665,0.21568871806125794,0.6820925272022688,boot1849
C2,0.9325337773128433,0.44012859651195707,0.44012859651195707,0.4205466038705352,0.17623793377279637,0.8308359735003258,boot1850
C2,0.9272626318711826,0.4913949492319708,0.4913949492319708,0.5485993230929446,0.23725748502994012,0.5101504816454048,boot1851
C2,0.9456450556647019,0.7227640611827051,0.7273617969408648,0.7917300975551006,0.28414006985426954,0.6271311574129833,boot1852
C2,0.9502434218152312,0.5463131055313427,0.5463131055313427,0.5216054776429905,0.22328374832436784,0.7961346764024592,boot1853
C2,0.9038836860977049,0.36268614203209054,0.3684583352739806,0.39924336589739406,0.3674963030669989,0.8129172148995133,boot1854
C2,0.9464461644169282,0.5025665397525022,0.5145105342987226,0.45846563681261177,0.18191622462704835,0.5512612867486313,boot1855
C2,0.927909497508444,0.3448612185339638,0.3448612185339638,0.31955890086978705,-0.01124547451741186,-0.11901460530927553,boot1856
C2,0.9310335923984611,0.4735270228882453,0.4866027197727332,0.43616788893256514,0.14383266572936837,0.5977461432908816,boot1857
C2,0.9442469107017953,0.4678216316391944,0.48071435377098315,0.5359688771929353,0.3038998788207365,0.6750260944715148,boot1858
C2,0.9350795383139862,0.3496563750380592,0.3496563750380592,0.38034430157065474,0.27247159012274297,,boot1859
C2,0.9334844659693955,0.5207231338519944,0.5207231338519944,0.4862566652428284,0.20866186401224823,,boot1860
C2,0.9352986344047701,0.4788054536629587,0.47787573433545777,0.5001889981954791,0.0994799680425953,0.5708476670855469,boot1861
C2,0.9366815511680725,0.22744493899255022,0.23022997906184672,0.21816147209489506,0.15689059057037136,0.4270394772921351,boot1862
C2,0.920167675826735,0.43375837390071914,0.44509846210727383,0.43848341065345037,0.441318432705089,0.7371057334260587,boot1863
C2,0.9252575599118843,0.25186876428555,0.250928955463589,0.4285528228142194,0.31671557300085956,0.24904933781966698,boot1864
C2,0.9271514352773932,0.4070438657466079,0.41829853484559243,0.46800665669944086,0.16506848011844008,0.37984508209072854,boot1865
C2,0.9174085045817754,0.2786677610205818,0.28814625629339063,0.22843173607469455,0.41136669483990634,,boot1866
C2,0.9327499917138974,0.5397783600559893,0.5397783600559893,0.6078333173687479,0.24052299981769476,0.9192371140842948,boot1867
C2,0.9375469726687807,0.342243721724169,0.35151861933187006,0.4785847165573746,0.2921592746425833,0.7865113171330496,boot1868
C2,0.9160114608036029,0.514517959647163,0.5259095011891666,0.5391996329881709,0.3075716216340974,0.5458446988876728,boot1869
C2,0.9373443876896224,0.5593972001895432,0.5686741023485737,0.5853725262348288,0.003710760863612227,0.5992878794733746,boot1870
C2,0.9293472638874519,0.4051464439196253,0.41637452088737475,0.3742692322583143,0.02807019241937358,0.6886553873552985,boot1871
C2,0.9325062528317316,0.5054168230989144,0.5054168230989144,0.48863176255319407,0.4056389631882431,0.8196704566493466,boot1872
C2,0.9214898177920686,0.3066867264245167,0.31046133228820305,0.3227288013451837,0.3283907101407133,0.5256138665183254,boot1873
C2,0.9249106874561783,0.16922903070881715,0.16922903070881715,0.14290451482077893,0.13632338584876935,0.5919602278368133,boot1874
C2,0.91130395582103,0.47996203852068525,0.47996203852068525,0.5286261815913711,0.047709944186946844,0.458414258753649,boot1875
C2,0.9375352871734333,0.34039298482807206,0.34781299539653143,0.4785906816656273,0.10388014795843073,0.6600606969885082,boot1876
C2,0.9376482361954755,0.6640109495416104,0.6640109495416104,0.7020339229092165,0.4618400179772653,0.7326377795221679,boot1877
C2,0.925727673077208,0.5974148708577541,0.6021115286475164,0.6331094700599471,0.23107556325630113,0.5729922503509907,boot1878
C2,0.9067781265089329,0.4420812032164102,0.4593425083311507,0.49770096414168524,0.3634463688048145,0.280557205442234,boot1879
C2,0.9375508677767758,0.4080937992830809,0.4080937992830809,0.48322015778746624,0.22445158960569453,0.6993243742260069,boot1880
C2,0.9200992703776298,0.5179025290769541,0.5292434603706101,0.6313118420135134,0.29675436885066353,0.5453097797032893,boot1881
C2,0.9385626277350874,0.6188927068395309,0.6225986511918634,0.5160527510623034,0.16028209323838152,0.6263045955441959,boot1882
C2,0.9234809677527199,0.3549895432650687,0.3549895432650687,0.5583787776026147,0.13088473876351342,,boot1883
C2,0.9137523895198469,0.4919989512996394,0.5005637299489561,0.4986604458046635,0.12371346937901959,,boot1884
C2,0.9192817586843429,0.3859345683127768,0.3849886502531866,0.30553153324761495,0.22323666206327283,0.4701212756162993,boot1885
C2,0.9482050891194754,0.3338114747141507,0.3338114747141507,0.40625956950101305,0.14306206059177884,0.7510758181068391,boot1886
C2,0.9284842748227082,0.21353174732342645,0.21915100383193764,0.2753435689170499,0.3502669890305329,0.8129191082312901,boot1887
C2,0.9306154680679122,0.16258524924393952,0.16165085125977896,0.2868601811372956,-0.1037181762418235,0.40272553117320653,boot1888
C2,0.9341512931414953,0.4579837228697377,0.47101578002456773,0.4784626698273276,0.24667822471642378,,boot1889
C2,0.9194107096913721,0.3130549643620523,0.3130549643620523,0.3073802520171209,0.12768102776095788,0.43033235282396914,boot1890
C2,0.8856032086013895,0.18655916069372805,0.18655916069372805,0.44676009534550665,0.06480476108308449,0.47523491460928624,boot1891
C2,0.904952275870408,0.4833307965628696,0.4881352776420234,0.4477776365771317,0.2863470723175649,0.46507376846208526,boot1892
C2,0.9237887981936881,0.22308882390077378,0.22308882390077378,0.3426343118138466,0.1393128520561794,,boot1893
C2,0.90625,0.25907046476761614,0.2581109445277361,0.28593703148425786,0.24371814092953523,,boot1894
C2,0.9108620650776827,0.2988091429850752,0.2978544811864009,0.32458501154928304,0.3255396733479574,0.38854735206046526,boot1895
C2,0.931908228139685,0.3909696417363791,0.3909696417363791,0.5775899957871566,0.5458645355985245,0.3275187213591147,boot1896
C2,0.9331271743332044,0.2618590828860632,0.2618590828860632,0.4025733943301754,0.10809841144051009,0.09225640286733186,boot1897
C2,0.9285516221462241,0.2668953249833375,0.2668953249833375,0.381145253572696,0.137661799201932,0.4504443905859135,boot1898
C2,0.9540436067810312,0.2670555170484246,0.2670555170484246,0.37004962430600813,0.08111925261880473,0.551428627352549,boot1899
C2,0.9467142062739197,0.5483496828739939,0.5602902957338965,0.3609739118416744,0.21860506620437273,0.54467564814787,boot1900
C2,0.9026302037972478,0.7090389810883829,0.715782558354169,0.7177092947158223,0.16088248619804338,0.8304233718725355,boot1901
C2,0.9361624022612973,0.3158129115193011,0.3158129115193011,0.5368819495828119,0.021363814602776254,0.8424773845529592,boot1902
C2,0.9374651688029801,0.16046973009224555,0.16046973009224555,0.2625025064514768,0.3023880463009945,0.22261696660195915,boot1903
C2,0.9434000787527891,0.45441553570852466,0.45441553570852466,0.5456673369968491,0.2719119331318758,0.6424495504844658,boot1904
C2,0.9424978652907217,0.7777667252697233,0.7777667252697233,0.7482429587114421,0.19005924721893597,0.5784813010013246,boot1905
C2,0.9350286638247831,0.16553782219093252,0.16460783442581492,0.17576768760722608,0.25388665987710435,0.5803123654333814,boot1906
C2,0.9176430164071574,0.7628238732102012,0.7751427680570738,0.765666695097941,0.12982219954012117,0.6244732080068602,boot1907
C2,0.9226885945509901,0.5004279159421925,0.5089097450259584,0.33644588698938366,0.2129881525479011,,boot1908
C2,0.9270600779714104,0.35455701306129334,0.358308939125434,0.4061459964432276,0.22042565626826438,0.7025481555103406,boot1909
C2,0.9352516928322377,0.5699465527259784,0.5745953826829602,0.49649503940566464,0.19432109220184257,0.3774849925069286,boot1910
C2,0.9292404553499182,0.575505086564782,0.575505086564782,0.6859272007349354,0.0973211853703046,0.6916922687386968,boot1911
C2,0.9270203525504557,0.5234161148343703,0.5234161148343703,0.6350406984639224,0.25983201399483974,0.7504173689381652,boot1912
C2,0.9380025065779348,0.542318009393984,0.5413909700616866,0.4727900594716784,0.26049805237557183,0.5642261048871356,boot1913
C2,0.9417796214068707,0.41087799411191145,0.41087799411191145,0.34901546466135397,0.0313929253928202,0.5992355464688326,boot1914
C2,0.9379480188222876,0.38381657914478623,0.3893791382628266,0.36527471541798495,0.5321514889591963,0.3699101813496852,boot1915
C2,0.9098295903396909,0.5820487957460116,0.5810930505970036,0.6881365072859252,0.35649294058006953,0.9060464012598016,boot1916
C2,0.9462124738189434,0.5063666438985137,0.5063666438985137,0.5679393574034146,0.035840833234196075,0.7085457031683378,boot1917
C2,0.9470165468828345,0.5426653263555303,0.5591932043155972,0.5270556638376893,0.3544311606992127,0.5670322139092889,boot1918
C2,0.9241923089773143,0.3942337785629635,0.3942337785629635,0.3537754194264302,0.2324003420168305,0.40270180721944726,boot1919
C2,0.9155165703679309,0.6354217381352162,0.6354217381352162,0.6183251891270938,0.15576855762955968,0.4777535639491984,boot1920
C2,0.9206784307007023,0.4901867283700911,0.4901867283700911,0.4080166987589197,0.19267455219171212,0.6479154058995811,boot1921
C2,0.9400689064934494,0.574425976936365,0.574425976936365,0.6872761688626716,0.08695014787764621,0.5078258636683806,boot1922
C2,0.9179137915583833,0.5447134628526799,0.5485027738986116,0.5039783691089142,-0.023683194037073037,0.7281851286216412,boot1923
C2,0.9407159122892307,0.39840147678975607,0.39840147678975607,0.5120984179617746,0.37529234240519943,0.5361319177217135,boot1924
C2,0.9108170375576442,0.2959597880537494,0.3007333330223583,0.4019324863568662,0.20812656063134638,0.43581841002790783,boot1925
C2,0.9254528263408665,0.17664677897839412,0.17664677897839412,0.406851357966195,0.34483706321846086,0.23396302109372413,boot1926
C2,0.9288486416558861,0.6384715998546688,0.6384715998546688,0.7086847523313552,0.20127770376650114,0.49710911953494,boot1927
C2,0.9377300118763103,0.5137290311001858,0.5137290311001858,0.4692182125211083,0.0018546174407948943,0.4460354945111721,boot1928
C2,0.9002440107319184,0.32454968826277925,0.32744745333655406,0.30329941105509733,0.1323312717023832,0.6467642598922481,boot1929
C2,0.9456066945606695,0.49933435936898807,0.5094497883801461,0.6041669873028088,0.38070796460176987,0.5545094267025779,boot1930
C2,0.9375041245957896,0.3821432462707123,0.3821432462707123,0.5676496764992135,0.43872270749040515,0.7754168783551348,boot1931
C2,0.9523193220804667,0.48759677066357077,0.4903360783639279,0.5524270529053564,0.45655128339285656,0.5697760016742849,boot1932
C2,0.9302325581395348,0.24304347826086958,0.24584782608695654,0.3505434782608696,0.010282608695652175,,boot1933
C2,0.90290854164064,-0.035633634592731056,-0.03659670579794,0.3312964945918779,0.13771918234487948,,boot1934
C2,0.9327617827076474,0.5024816205627228,0.5024816205627228,0.6870667056673965,0.3197610312671873,0.4829044145667726,boot1935
C2,0.9307022754862205,0.4811700785007396,0.4811700785007396,0.45874661853177306,0.09810263736422847,0.49389065393967013,boot1936
C2,0.9410487928760134,0.4915884268214818,0.4915884268214818,0.337274014642558,0.04527788141776806,0.46663939012189526,boot1937
C2,0.9237608208830507,0.6918786988299034,0.6918786988299034,0.5346763278032451,0.01882663126067765,,boot1938
C2,0.9352712523238127,0.5717941264279317,0.5717941264279317,0.7121858550305621,0.336568250027498,0.4751004855360537,boot1939
C2,0.9444314936767876,0.2909502812383879,0.2909502812383879,0.40788283097660083,0.20808469480973313,0.7365829904769314,boot1940
C2,0.930153573538098,0.37768424249535815,0.38235855242723127,0.4160135839367187,0.17481919145205935,0.5665263637430371,boot1941
C2,0.9441007367247447,0.3444731887749452,0.3444731887749452,0.3371047783198661,0.31315744434085924,0.6097359651577907,boot1942
C2,0.9156504787526613,0.16144379366010578,0.16049412428563456,0.3922134516566099,0.32288758732021156,0.5874066841194286,boot1943
C2,0.9437851707146399,0.415533031469992,0.4192184685562003,0.5740068261769512,0.45975827650449225,0.7978971291641088,boot1944
C2,0.9167489010496098,0.7483913596582664,0.7483913596582664,0.6791485595884903,0.1489194467254092,0.6807193554073134,boot1945
C2,0.9142814326389929,0.4355998660233889,0.4355998660233889,0.4394042316655146,0.10081568951633017,0.6077474113295753,boot1946
C2,0.9547076030774447,0.3670598008008833,0.36614898243661315,0.3488434335154797,0.42626299447844507,0.6202509189004973,boot1947
C2,0.9514057242102977,0.6004844550418181,0.6004844550418181,0.5748930323003099,-0.025591422741508232,0.5758070116839352,boot1948
C2,0.9353103691511874,0.4462596781928302,0.4462596781928302,0.3021549904430621,-0.12551053449173347,0.5355116138313961,boot1949
C2,0.9077587571515796,0.28737763548099887,0.28737763548099887,0.39370736060896855,0.4243609750602751,,boot1950
C2,0.9375119154115766,0.41831352391005094,0.4173859994667914,0.3867776928392267,-0.009275244432595366,0.5806303014804698,boot1951
C2,0.9383487623227375,0.4800291753928613,0.4930029368899656,0.5476780746277625,0.2085068812034629,0.7719388090777093,boot1952
C2,0.9297940462869614,0.7126402866293183,0.7126402866293183,0.7416322143005898,0.10755069942568453,,boot1953
C2,0.9313883470443558,0.4546742099720491,0.4546742099720491,0.5078906986135415,0.4126611926235024,0.5471028481388518,boot1954
C2,0.9406152327685473,0.6351069848077011,0.6351069848077011,0.6628409142752864,0.04899660872606719,0.7340246665754216,boot1955
C2,0.9381892793023852,0.3586927995816198,0.3735224760501105,0.1640532959326788,0.16034587681555612,0.5839185109468229,boot1956
C2,0.9261376900473195,0.31172001234412844,0.3135978437437918,0.3107810966442967,0.11454771537946887,0.8675581066445021,boot1957
C2,0.9050722584301502,0.5937551387111704,0.6091274400370259,0.5197759385804904,0.24019220821649287,0.33626909150309,boot1958
C2,0.9165909626190235,0.40414404867164827,0.4079388284713821,0.5511917659113325,0.005692169699600681,0.2514041617323634,boot1959
C2,0.9278381028135925,0.4807810276049423,0.49296456241754316,0.4967133423598819,0.18181582720342845,0.6832151444912338,boot1960
C2,0.9383332051127059,0.4253610898643067,0.4364816412333081,0.4754035710248134,0.09545139925059606,0.45038233044456005,boot1961
C2,0.9463082611904753,0.4962074586568456,0.4962074586568456,0.5412336910164484,0.12129515656056228,0.6910148313147184,boot1962
C2,0.9120518971517384,0.5215187594022502,0.5215187594022502,0.5224721757814135,0.20021743962426433,0.5100777628522924,boot1963
C2,0.9155814997754826,0.4644233106595305,0.46727253342431285,0.5223575068767724,0.2393347122417212,,boot1964
C2,0.9403673247017268,0.6140061326896568,0.6269520451258845,0.5104388331998352,0.0638048541499794,0.16737215363980104,boot1965
C2,0.9414587998086005,0.46735980383788694,0.46735980383788694,0.42302527699160514,0.18195628726494806,0.781396035665716,boot1966
C2,0.9200268316315123,0.47635661754346403,0.4876984417706895,0.5273948265659781,0.11152793823438246,,boot1967
C2,0.9242482172884968,0.25214382229976956,0.25120298714193456,0.3706890521869747,0.28319138250832326,,boot1968
C2,0.9271792365869639,0.7287179730212511,0.7287179730212511,0.6921413952248178,0.16412566959938088,0.7380965827126444,boot1969
C2,0.9321483053657889,0.4580349707030646,0.46922930807258956,0.4729607538624313,0.17351222922763748,,boot1970
C2,0.9508324916099181,0.39416260172292034,0.39324807132449124,0.40879508809778514,0.4142822704883594,0.6081627149553179,boot1971
C2,0.9087294115875011,0.13396631481544208,0.13970772830753242,0.33778649378465037,0.2727171408742928,0.654133294935094,boot1972
C2,0.9195235165818466,0.4397362533913678,0.4444646002020276,0.5134984636376618,0.3536803414373582,0.7281654088416198,boot1973
C2,0.9299600119631799,0.3637370050472774,0.3637370050472774,0.344100817114134,0.3656071181837673,0.17111535198882205,boot1974
C2,0.9454608969040653,0.42399380717917406,0.42399380717917406,0.45158559506502055,0.25476417481264907,0.6907144234090233,boot1975
C2,0.907313983213809,0.2856017206576485,0.2856017206576485,0.3795244341625128,0.3335214724458446,,boot1976
C2,0.9371027430671443,0.5883072607616788,0.5883072607616788,0.6161451437630201,0.07701814297037751,0.4723160815894235,boot1977
C2,0.9446544453427141,0.3267815587973233,0.3378276959961061,0.3470328103284251,0.2512996212723078,0.7437732380513726,boot1978
C2,0.9483882907499537,0.6950006038785975,0.6950006038785975,0.7976919859820313,0.3355807665165787,0.5813065736926528,boot1979
C2,0.9332214283347873,0.436077129588946,0.43514534085050816,0.4891890876799075,-0.09317887384379189,0.8895857600727336,boot1980
C2,0.933225355223441,0.49757309259538735,0.4966413077777931,0.644795093775296,0.2879215086366567,,boot1981
C2,0.9386442627093502,0.3881639089076031,0.3927959364601998,0.3464756609342329,0.34462284991319414,0.43355777892305064,boot1982
C2,0.9506577398949209,0.5625395831256403,0.561624884616493,0.41435842464376427,0.17013392270141314,0.260689075107004,boot1983
C2,0.9506881356791379,0.5039827644849432,0.5030680952209051,0.33568361990194945,0.12073634285301722,,boot1984
C2,0.9337473739205939,0.6714412690733274,0.6835476997223611,0.6043902685556026,0.27379158544737625,0.39485589193771264,boot1985
C2,0.9251020930465454,0.4399044438424536,0.4436643108838421,0.42392500891655255,0.15133464841588684,,boot1986
C2,0.939184292020821,0.4434930850836683,0.45645530468945406,0.43053086547788255,0.08980966441151529,0.5170868750004937,boot1987
C2,0.9228367528991972,0.4325038350810094,0.4325038350810094,0.4362729316830226,0.1583020572845525,0.6360350515897197,boot1988
C2,0.9160398424554802,0.7802964189632295,0.7802964189632295,0.7859920132622312,0.22877303767656726,0.9037009621082657,boot1989
C2,0.9314750290360047,0.6226683291770573,0.6226683291770573,0.6488073295023311,0.07094871516860024,0.43969532690014085,boot1990
C2,0.9181844312629022,0.6203167882163988,0.623157933811283,0.8371909019592313,0.12027516351676741,0.6316813705959359,boot1991
C2,0.9406500855375706,0.3993537870124814,0.3993537870124814,0.5694489185177977,-0.002773290187586677,0.042523782876329054,boot1992
C2,0.9278381028135926,0.5454474816102853,0.5445102866247006,0.49483895238871245,0.34863653463750194,0.24179630628084817,boot1993
C2,0.9420925249236138,0.47442953841011554,0.48642872907029355,0.45320020108826214,0.21875447588170702,0.6341110756571,boot1994
C2,0.9306825477650601,0.4466100443284233,0.45875634260513776,0.3419650130213451,0.05886283011023152,0.5802193253722823,boot1995
C2,0.9488765165666201,0.3674826450923462,0.3674826450923462,0.43163173525809234,0.09988929754380482,,boot1996
C2,0.9256798837450696,0.4894170071277435,0.4941139073880865,0.4039334223895004,0.2658445547354154,,boot1997
C2,0.9365449821656612,0.32125479389325456,0.33518202484238413,0.580301289547064,0.3732497894366716,0.4317441594230155,boot1998
C2,0.9328678899285264,0.44649595470838577,0.44649595470838577,0.45581737338705774,0.20600335279864979,0.687920698485989,boot1999
